facility_id,drug,district,state,current_days_of_cover,current_stock,trend_slope_56d,is_structural_decline,trust_score,risk_probability,risk_level
FAC0001,Isoniazid,Sarguja,Chhattisgarh,41.87918812034106,573.9925767389448,0.00015848733191212955,False,0.9468394003058159,0.001592941750087969,low
FAC0001,Rifampicin,Sarguja,Chhattisgarh,45.38890150124421,611.4054932775665,0.00012344726921473153,False,0.9715143984890526,0.002922715424401609,low
FAC0001,Ethambutol,Sarguja,Chhattisgarh,2.822455695185778,47.392350751214565,-0.0016793082828344564,False,0.9355479151105577,0.005035502155672994,low
FAC0001,Pyrazinamide,Sarguja,Chhattisgarh,66.231285324231,1790.7253989336866,-0.001181405285753108,False,0.9698470966819951,0.0018087529930174407,low
FAC0001,Amoxicillin,Sarguja,Chhattisgarh,39.025092393214216,778.4258738605826,-0.0008412290482166192,False,0.9476537200252813,0.0036459774750912765,low
FAC0001,Ciprofloxacin,Sarguja,Chhattisgarh,18.269162781908854,412.0623219823133,-0.0005601811122952358,False,0.9563774212261902,0.001920697221855157,low
FAC0001,Metronidazole,Sarguja,Chhattisgarh,0.0,0.0,-0.0008752450826971605,False,0.9654001912901566,0.9989776970258107,critical
FAC0001,Azithromycin,Sarguja,Chhattisgarh,44.77988167952627,1138.4565476178109,-0.00022743567413089142,False,0.940744842974541,0.0016822714461229363,low
FAC0001,Doxycycline,Sarguja,Chhattisgarh,27.342160476929266,406.66673898117307,-0.0007249224880890027,False,0.9439951607186625,0.9989499124544557,critical
FAC0001,Paracetamol,Sarguja,Chhattisgarh,22.636267760544204,575.584748170721,-0.00046782540822454775,False,0.9515584833883229,0.001644491923867851,low
FAC0001,Ibuprofen,Sarguja,Chhattisgarh,29.736804100437382,325.31534964475225,-0.00021557004594319697,False,0.9610596582285408,0.0017173851221956348,low
FAC0001,Diclofenac,Sarguja,Chhattisgarh,31.389484540065897,394.8992965991365,-0.0010624927365872833,False,0.9586583733551013,0.0018109485906974423,low
FAC0001,Oral rehydration salts,Sarguja,Chhattisgarh,0.0,0.0,-0.0011064018358311984,False,0.9470040302610653,0.9990014574584685,critical
FAC0001,Ringer lactate,Sarguja,Chhattisgarh,0.0,0.0,-0.0015411583252651737,False,0.9337280153923582,0.9989274045379775,critical
FAC0001,Metformin,Sarguja,Chhattisgarh,0.0,0.0,-0.001087390173377218,False,0.9516648878765246,0.998960121349353,critical
FAC0001,Amlodipine,Sarguja,Chhattisgarh,65.7833713634096,1556.7885790952853,-0.0002874588761317193,False,0.9456258070932075,0.0031131399009445494,low
FAC0001,Atenolol,Sarguja,Chhattisgarh,43.22454429231024,779.0799232201459,-0.0005186139037444121,False,0.9564887537648377,0.004441695817928003,low
FAC0001,Oxytocin,Sarguja,Chhattisgarh,53.49781086989421,1445.2307935273511,0.0011814575098131651,False,0.9737374353596728,0.0018136807318770939,low
FAC0001,Snake Venom Antiserum,Sarguja,Chhattisgarh,65.86946439632949,679.2005405523129,-0.003723026861449576,False,0.9476231767852845,0.009261227061991797,low
FAC0001,Insulin (Soluble),Sarguja,Chhattisgarh,25.331579788266236,464.0660230901118,0.00011040939204713901,False,0.9277524544916392,0.9989812160769865,critical
FAC0002,Isoniazid,Sarguja,Chhattisgarh,46.56770974735738,1214.988163950668,-0.0010929809015789286,False,0.9555962221048797,0.0029924379440743397,low
FAC0002,Rifampicin,Sarguja,Chhattisgarh,0.0,0.0,-0.0015962704012402417,False,0.9470991615990019,0.9989441581691184,critical
FAC0002,Ethambutol,Sarguja,Chhattisgarh,32.67630520964275,465.64333485198244,-0.0007743585156177995,False,0.9675197220410565,0.0019430885979453622,low
FAC0002,Pyrazinamide,Sarguja,Chhattisgarh,12.328332238690782,207.60995280418206,-0.0013688376323782152,False,0.9468883362924564,0.002460968683400031,low
FAC0002,Amoxicillin,Sarguja,Chhattisgarh,18.017599907239155,440.73272016328184,0.0008233542101487186,False,0.9657797274742965,0.0022432093690816085,low
FAC0002,Ciprofloxacin,Sarguja,Chhattisgarh,0.0,0.0,-0.0005122402643427488,False,0.9499961504196472,0.9989838247992484,critical
FAC0002,Metronidazole,Sarguja,Chhattisgarh,0.0,0.0,-0.0001578860559662535,False,0.9698876895547541,0.9989732667328307,critical
FAC0002,Azithromycin,Sarguja,Chhattisgarh,24.334601000089922,359.37702508210873,-0.0007255011291453764,False,0.9564694387725844,0.001628767418528461,low
FAC0002,Doxycycline,Sarguja,Chhattisgarh,32.49815188589034,517.3227519248887,0.0008041838395697779,False,0.9608589284208806,0.0017911765503069049,low
FAC0002,Paracetamol,Sarguja,Chhattisgarh,0.0,0.0,-0.0012991539608375239,False,0.9519537088770027,0.9989004526839723,critical
FAC0002,Ibuprofen,Sarguja,Chhattisgarh,57.27692660156488,1439.0171537945637,0.0007225856561044435,False,0.9683451021582101,0.0024509538564478654,low
FAC0002,Diclofenac,Sarguja,Chhattisgarh,31.312211516003646,339.92029019396006,0.00034224285453896295,False,0.9640735155633549,0.3913022047534889,medium
FAC0002,Oral rehydration salts,Sarguja,Chhattisgarh,0.0,0.0,-0.0014671342729720305,False,0.9308383720241306,0.9988944493072186,critical
FAC0002,Ringer lactate,Sarguja,Chhattisgarh,1.6906100015776542,29.808465653606774,-0.0015866510368235075,False,0.9567309673926172,0.0061129587856364525,low
FAC0002,Metformin,Sarguja,Chhattisgarh,26.284751962660668,390.30131432538167,0.00031396623241985956,False,0.9468301252007434,0.9989684061382977,critical
FAC0002,Amlodipine,Sarguja,Chhattisgarh,4.599254439417257,79.00502834263477,0.00032453907678883516,False,0.9628855683247495,0.002911949732768544,low
FAC0002,Atenolol,Sarguja,Chhattisgarh,0.0,0.0,0.001244735316649118,False,0.973049757217902,0.999003874847152,critical
FAC0002,Oxytocin,Sarguja,Chhattisgarh,16.038662831175646,378.83762045505307,-2.3524518484588468e-05,False,0.9635787610375051,0.0019499901928736597,low
FAC0002,Snake Venom Antiserum,Sarguja,Chhattisgarh,41.52831593907585,397.76440096824905,-0.00397254020508279,False,0.9413832255599527,0.013422205899330983,low
FAC0002,Insulin (Soluble),Sarguja,Chhattisgarh,0.0,0.0,-0.001060543371219709,False,0.9632860417479046,0.9989776970258107,critical
FAC0003,Isoniazid,Sarguja,Chhattisgarh,55.261409939878995,1553.5416061770084,-0.0016546903037395122,False,0.9641226426568259,0.0022371172239277204,low
FAC0003,Rifampicin,Sarguja,Chhattisgarh,51.479903544879875,1222.3133250147807,-0.0008590262572527364,False,0.9512029018920987,0.0029924379440743397,low
FAC0003,Ethambutol,Sarguja,Chhattisgarh,0.0,0.0,-0.0006209750486655483,False,0.9574822769493649,0.9990235911906975,critical
FAC0003,Pyrazinamide,Sarguja,Chhattisgarh,0.0,0.0,-0.00019924496129368274,False,0.9504433492020523,0.9989740083261341,critical
FAC0003,Amoxicillin,Sarguja,Chhattisgarh,26.961072264220903,504.1943719259938,0.00010180383706287132,False,0.9443014138387196,0.0016822714461229363,low
FAC0003,Ciprofloxacin,Sarguja,Chhattisgarh,45.50616695952903,607.2190998520007,5.9147210733193456e-05,False,0.9731586187853482,0.0017173851221956348,low
FAC0003,Metronidazole,Sarguja,Chhattisgarh,49.49746629388768,877.6406292571901,-0.00017550105772128023,False,0.9356495642647602,0.003104200816455014,low
FAC0003,Azithromycin,Sarguja,Chhattisgarh,49.447522580742095,1032.2500960670588,-0.00030978012960310527,False,0.944986190660787,0.0016822714461229363,low
FAC0003,Doxycycline,Sarguja,Chhattisgarh,0.0,0.0,-0.0008683183478235221,False,0.961513244559419,0.9990081731990669,critical
FAC0003,Paracetamol,Sarguja,Chhattisgarh,20.895517405121986,203.78149823483903,0.00017258081142773038,False,0.9619179563090412,0.0017173851221956348,low
FAC0003,Ibuprofen,Sarguja,Chhattisgarh,27.45281573844086,543.1649129977301,0.00022048087283922598,False,0.9601915991301057,0.999003874847152,critical
FAC0003,Diclofenac,Sarguja,Chhattisgarh,0.0,0.0,-0.0006363495246859944,False,0.9711137906132072,0.9989732667328307,critical
FAC0003,Oral rehydration salts,Sarguja,Chhattisgarh,48.46201532223165,619.3496515966084,-0.0021425387639086115,False,0.9417696258375239,0.0033148445879180423,low
FAC0003,Ringer lactate,Sarguja,Chhattisgarh,31.306491928982673,402.5349921605544,-0.0010715905311388311,False,0.9575066785278377,0.001646749650735319,low
FAC0003,Metformin,Sarguja,Chhattisgarh,39.69873843745285,346.9328393538582,-0.0009579298865953674,False,0.9429492017105897,0.0016797369276809178,low
FAC0003,Amlodipine,Sarguja,Chhattisgarh,37.689113468870886,872.811321546012,0.0005216225182731457,False,0.9745111668472647,0.016021465100519442,low
FAC0003,Atenolol,Sarguja,Chhattisgarh,56.55109538955276,820.2878724045406,0.0014337077374491738,False,0.9612434448892799,0.0025217077172003106,low
FAC0003,Oxytocin,Sarguja,Chhattisgarh,0.0,0.0,0.00042579173313349653,False,0.932462779211382,0.9990377028143306,critical
FAC0003,Snake Venom Antiserum,Sarguja,Chhattisgarh,0.0,0.0,-0.0022158000692875483,False,0.9330551195566089,0.9988146612039029,critical
FAC0003,Insulin (Soluble),Sarguja,Chhattisgarh,0.0,0.0,-0.00022998490308650198,False,0.9336043907720857,0.9989499124544557,critical
FAC0004,Isoniazid,Sarguja,Chhattisgarh,38.43885416177959,841.2266836038659,-0.0010325801077197333,False,0.9548335759553139,0.001646749650735319,low
FAC0004,Rifampicin,Sarguja,Chhattisgarh,0.0,0.0,-0.001956070689204077,False,0.9685982198569161,0.9988970226866852,critical
FAC0004,Ethambutol,Sarguja,Chhattisgarh,25.399600681005786,274.0184203123974,-0.0008792017816017371,False,0.9627186389606173,0.5173712801359317,high
FAC0004,Pyrazinamide,Sarguja,Chhattisgarh,0.0,0.0,-0.001866727323587682,False,0.9675022001591136,0.9988202453479682,critical
FAC0004,Amoxicillin,Sarguja,Chhattisgarh,43.45770805498721,571.2750590384607,0.00024886826707635877,False,0.9615909987054123,0.003947372621778622,low
FAC0004,Ciprofloxacin,Sarguja,Chhattisgarh,15.216109997246804,269.00418590583575,0.0002279365389752719,False,0.9697973282935015,0.0019839726125138995,low
FAC0004,Metronidazole,Sarguja,Chhattisgarh,0.0,0.0,0.0006035838162261179,False,0.9472983709775731,0.9989946571037118,critical
FAC0004,Azithromycin,Sarguja,Chhattisgarh,0.0,0.0,0.0005744721600251015,False,0.9515797405904375,0.9989556149693484,critical
FAC0004,Doxycycline,Sarguja,Chhattisgarh,26.224739132014875,637.3459577952221,0.000921879111370642,False,0.9757801189683089,0.0018136807318770939,low
FAC0004,Paracetamol,Sarguja,Chhattisgarh,50.39206836249802,873.189238380118,5.952930352691839e-05,False,0.9487275182009708,0.0031145987908786253,low
FAC0004,Ibuprofen,Sarguja,Chhattisgarh,28.99323428695339,562.3821424709593,-0.0004067727904877378,False,0.9589940426937792,0.4558735157520283,medium
FAC0004,Diclofenac,Sarguja,Chhattisgarh,25.406424203802597,347.7470569500768,0.00022145237167012268,False,0.954766098539195,0.9989556149693484,critical
FAC0004,Oral rehydration salts,Sarguja,Chhattisgarh,55.05983574691523,933.4262800275676,-0.0018227366958234335,False,0.9269640748298547,0.0026292104554612667,low
FAC0004,Ringer lactate,Sarguja,Chhattisgarh,65.73285181461038,1806.664892457134,-0.0024557174511992703,False,0.9521486097344345,0.002651568419542743,low
FAC0004,Metformin,Sarguja,Chhattisgarh,32.19185009903738,647.1530310552624,9.164570749222695e-05,False,0.9354747936952228,0.9989782761571487,critical
FAC0004,Amlodipine,Sarguja,Chhattisgarh,0.0,0.0,-0.0001327505719470521,False,0.9516949098030643,0.12117946204358347,low
FAC0004,Atenolol,Sarguja,Chhattisgarh,0.0,0.0,-0.0006193250769301563,False,0.9670436875463033,0.9989732667328307,critical
FAC0004,Oxytocin,Sarguja,Chhattisgarh,52.438694912331286,1014.7418008056827,-0.0001720542624817102,False,0.9587110912415957,0.002813884658407893,low
FAC0004,Snake Venom Antiserum,Sarguja,Chhattisgarh,35.04795616169653,790.1770678816192,-0.0029887891395255165,False,0.9495304860680553,0.001984758852197143,low
FAC0004,Insulin (Soluble),Sarguja,Chhattisgarh,0.0,0.0,-0.000184996131769837,False,0.9697557311945352,0.9989732667328307,critical
FAC0005,Isoniazid,Sarguja,Chhattisgarh,0.0,0.0,-0.0011252421005815473,False,0.9417366187360456,0.9989273985014115,critical
FAC0005,Rifampicin,Sarguja,Chhattisgarh,0.0,0.0,-0.001038062307636685,False,0.9583365615045157,0.9989957018718503,critical
FAC0005,Ethambutol,Sarguja,Chhattisgarh,0.0,0.0,-0.0009520849468117303,False,0.9643756648607751,0.9989776970258107,critical
FAC0005,Pyrazinamide,Sarguja,Chhattisgarh,0.0,0.0,-0.0009948679623455233,False,0.9640470965534685,0.9990442373604305,critical
FAC0005,Amoxicillin,Sarguja,Chhattisgarh,27.56962409869497,700.0453474448126,0.00021130880389791227,False,0.9401918301782455,0.0016613950793456216,low
FAC0005,Ciprofloxacin,Sarguja,Chhattisgarh,0.0,0.0,0.00032114158134922407,False,0.9492255352733641,0.998986748769554,critical
FAC0005,Metronidazole,Sarguja,Chhattisgarh,40.18594990802035,745.6237899526054,0.00015615485010636866,False,0.9531959002322781,0.001649234477620837,low
FAC0005,Azithromycin,Sarguja,Chhattisgarh,39.62564446139326,379.52884766514745,9.424555873266704e-05,False,0.9626338121759763,0.002922715424401609,low
FAC0005,Doxycycline,Sarguja,Chhattisgarh,0.0,0.0,-0.0004188096007981734,False,0.9641657553554384,0.9989732667328307,critical
FAC0005,Paracetamol,Sarguja,Chhattisgarh,0.0,0.0,0.000338079360295394,False,0.9675571845261022,0.9990010002486744,critical
FAC0005,Ibuprofen,Sarguja,Chhattisgarh,40.83514732768919,726.7532970208687,-0.0003687635647528002,False,0.9399869733557149,0.005049176333102997,low
FAC0005,Diclofenac,Sarguja,Chhattisgarh,60.30965392385563,959.663692207607,0.00017116363654686174,False,0.9504270935300378,0.002687471124465227,low
FAC0005,Oral rehydration salts,Sarguja,Chhattisgarh,64.81875001723874,744.610075323565,-0.003118943090031668,False,0.9637689338804502,0.00227291023984133,low
FAC0005,Ringer lactate,Sarguja,Chhattisgarh,0.0,0.0,-0.002298467368657618,False,0.9636179701819074,0.9988202453479682,critical
FAC0005,Metformin,Sarguja,Chhattisgarh,44.10453231487991,925.6293831564736,0.0003337622262502625,False,0.944239450707345,0.020226189151568385,low
FAC0005,Amlodipine,Sarguja,Chhattisgarh,28.97231627957342,518.5581568748777,-0.000649250166192843,False,0.9473613611271572,0.0017089479805690007,low
FAC0005,Atenolol,Sarguja,Chhattisgarh,0.0,0.0,-0.001061816743611811,False,0.9553001064189202,0.998960121349353,critical
FAC0005,Oxytocin,Sarguja,Chhattisgarh,0.0,0.0,-0.00039384980343489423,False,0.9388906971002509,0.9989499124544557,critical
FAC0005,Snake Venom Antiserum,Sarguja,Chhattisgarh,0.0,0.0,-0.0018739735574316262,False,0.9172785673391874,0.9988146612039029,critical
FAC0005,Insulin (Soluble),Sarguja,Chhattisgarh,11.086170892805738,222.4214710545369,0.00018911850172795538,False,0.9586944838625917,0.0023965999997160917,low
FAC0006,Isoniazid,Sarguja,Chhattisgarh,0.0,0.0,-0.0002517187356995251,False,0.9553706660014709,0.9989556149693484,critical
FAC0006,Rifampicin,Sarguja,Chhattisgarh,54.05896695748833,1334.0029796043227,-0.0009215671324405053,False,0.9613207867482296,0.00280791712231004,low
FAC0006,Ethambutol,Sarguja,Chhattisgarh,0.0,0.0,-0.0018170760170684167,False,0.9462518991836926,0.9988944493072186,critical
FAC0006,Pyrazinamide,Sarguja,Chhattisgarh,32.23293810269486,631.7945051383389,-0.0010314196808639655,False,0.9511001127564395,0.4377040638632827,medium
FAC0006,Amoxicillin,Sarguja,Chhattisgarh,38.619533898464816,898.4341294748771,0.0004827735014713601,False,0.9319297739777471,0.007073543186581018,low
FAC0006,Ciprofloxacin,Sarguja,Chhattisgarh,0.0,0.0,0.0006252922669976592,False,0.964489731594647,0.9989732667328307,critical
FAC0006,Metronidazole,Sarguja,Chhattisgarh,0.0,0.0,0.0006043388223113732,False,0.9590124001928843,0.9990010002486744,critical
FAC0006,Azithromycin,Sarguja,Chhattisgarh,43.19738039795612,909.0490683242192,0.0005323792911334384,False,0.9718911097124868,0.003077523734915946,low
FAC0006,Doxycycline,Sarguja,Chhattisgarh,36.06502506710525,550.786747899344,-0.00020396045308616575,False,0.9575568527116471,0.9990027245105887,critical
FAC0006,Paracetamol,Sarguja,Chhattisgarh,22.719860266161653,252.24143313176234,-1.2216057451024721e-05,False,0.9614748380872699,0.0017173851221956348,low
FAC0006,Ibuprofen,Sarguja,Chhattisgarh,0.0,0.0,-0.0009076243264706957,False,0.92889041210504,0.9989856121038498,critical
FAC0006,Diclofenac,Sarguja,Chhattisgarh,31.246397573220808,759.3609153208976,-7.662505418876558e-05,False,0.9525774306411603,0.001649234477620837,low
FAC0006,Oral rehydration salts,Sarguja,Chhattisgarh,37.74141110444767,488.44565551515666,-0.0023896762907039066,False,0.962230135103412,0.0016851956318194093,low
FAC0006,Ringer lactate,Sarguja,Chhattisgarh,0.0,0.0,-0.001974165595440652,False,0.9573611636714684,0.9987999659764794,critical
FAC0006,Metformin,Sarguja,Chhattisgarh,29.32350353863963,566.6152037747111,0.0005171156712845112,False,0.9702807649825612,0.9989913495266076,critical
FAC0006,Amlodipine,Sarguja,Chhattisgarh,0.0,0.0,-0.00041671634209710187,False,0.9719858609966703,0.999003874847152,critical
FAC0006,Atenolol,Sarguja,Chhattisgarh,43.45631633204631,1018.7604472049876,0.0013033046410130024,False,0.9578449628150277,0.0033871139231526222,low
FAC0006,Oxytocin,Sarguja,Chhattisgarh,0.0,0.0,-1.0919343289188719e-05,False,0.9462592661784225,0.39631993335817495,medium
FAC0006,Snake Venom Antiserum,Sarguja,Chhattisgarh,20.857377685613706,558.0459149033745,-0.0035755974813144777,False,0.9485483988928318,0.0037084947246396167,low
FAC0006,Insulin (Soluble),Sarguja,Chhattisgarh,0.0,0.0,-0.00022798234972085178,False,0.952629879442561,0.35894232062645587,medium
FAC0007,Isoniazid,Sarguja,Chhattisgarh,1.4026323362883786,34.61012803860789,-0.0007121467395815143,False,0.9593670625934936,0.0058246808671276575,low
FAC0007,Rifampicin,Sarguja,Chhattisgarh,45.18490417715355,698.1684517368903,-0.00024947268021955526,False,0.9424562194996617,0.0030745616711779756,low
FAC0007,Ethambutol,Sarguja,Chhattisgarh,0.0,0.0,-0.00045387243255513664,False,0.9436571486587834,0.9989499124544557,critical
FAC0007,Pyrazinamide,Sarguja,Chhattisgarh,0.0,0.0,0.0006082045494947481,False,0.9678400841894539,0.9989732667328307,critical
FAC0007,Amoxicillin,Sarguja,Chhattisgarh,42.11537078324365,455.1692982475197,0.00020537333047010968,False,0.9700057808643381,0.002765447167500951,low
FAC0007,Ciprofloxacin,Sarguja,Chhattisgarh,40.548246933267166,791.0066182843947,0.0005239831418099652,False,0.9131356473841934,0.005592871723932611,low
FAC0007,Metronidazole,Sarguja,Chhattisgarh,37.02066963433442,832.1170187622927,-0.00017926735292409874,False,0.9354472662222748,0.0016822714461229363,low
FAC0007,Azithromycin,Sarguja,Chhattisgarh,0.0,0.0,-0.00041778791965597597,False,0.9431727915710066,0.9989812160769865,critical
FAC0007,Doxycycline,Sarguja,Chhattisgarh,40.010094929928535,610.4713141226352,-0.0003609907204504599,False,0.9656670287469904,0.0028841409047521516,low
FAC0007,Paracetamol,Sarguja,Chhattisgarh,0.0,0.0,-5.963897971954504e-05,False,0.9517421915343951,0.998986748769554,critical
FAC0007,Ibuprofen,Sarguja,Chhattisgarh,17.389743146110717,386.79673484981635,0.0005542072021065875,False,0.9681721066514575,0.0018136807318770939,low
FAC0007,Diclofenac,Sarguja,Chhattisgarh,0.0,0.0,-0.00034046413691497335,False,0.9230753772310132,0.23920588920525934,low
FAC0007,Oral rehydration salts,Sarguja,Chhattisgarh,26.052761218527753,575.9893232208501,-0.0023515907498905253,False,0.957011314754542,0.0016183202854970582,low
FAC0007,Ringer lactate,Sarguja,Chhattisgarh,19.85988997676897,268.52729419395644,-0.0010453866917068965,False,0.9590894514855973,0.0018109485906974423,low
FAC0007,Metformin,Sarguja,Chhattisgarh,31.278240691825996,425.7758344940713,-0.00032242962022139047,False,0.9467569401209606,0.9989499124544557,critical
FAC0007,Amlodipine,Sarguja,Chhattisgarh,0.0,0.0,-0.00022261742755773492,False,0.9667804418684076,0.9989913495266076,critical
FAC0007,Atenolol,Sarguja,Chhattisgarh,40.65863084673152,774.4201711100352,0.00034306184781708577,False,0.9547497001905407,0.20764679626672033,low
FAC0007,Oxytocin,Sarguja,Chhattisgarh,39.25545805528264,886.7466836558854,-0.0006891845688047951,False,0.9407940349085044,0.003413849469376124,low
FAC0007,Snake Venom Antiserum,Sarguja,Chhattisgarh,0.0,0.0,-0.0031449218524522878,False,0.9597818125062519,0.9989589416180245,critical
FAC0007,Insulin (Soluble),Sarguja,Chhattisgarh,44.872472280567294,607.3603561815046,0.00022794413944239567,False,0.9749975783067392,0.002765447167500951,low
FAC0008,Isoniazid,Sarguja,Chhattisgarh,0.0,0.0,-0.0010470339993288037,False,0.9731603077437445,0.9989957018718503,critical
FAC0008,Rifampicin,Sarguja,Chhattisgarh,0.0,0.0,-0.0014364141060951388,False,0.9742026079701207,0.9989190357686994,critical
FAC0008,Ethambutol,Sarguja,Chhattisgarh,37.601074431497786,410.7810775360182,-7.40917074361345e-05,False,0.9562641494328609,0.0015616563216611747,low
FAC0008,Pyrazinamide,Sarguja,Chhattisgarh,72.0047998239018,1347.835817263365,-0.0003926753153271395,False,0.9677592685196375,0.0017173851221956348,low
FAC0008,Amoxicillin,Sarguja,Chhattisgarh,52.78815344403081,1396.1546669621218,-0.0002572519964841999,False,0.9771931669226233,0.0020766091748969555,low
FAC0008,Ciprofloxacin,Sarguja,Chhattisgarh,0.0,0.0,-1.4855086097926929e-05,False,0.9499083142111993,0.9989556149693484,critical
FAC0008,Metronidazole,Sarguja,Chhattisgarh,35.729086755292734,503.74013023368747,0.000262898896801223,False,0.9602696909468613,0.0017173851221956348,low
FAC0008,Azithromycin,Sarguja,Chhattisgarh,48.1328754002305,1108.912591025919,2.1850390094951187e-05,False,0.951873832045278,0.0062062129428946565,low
FAC0008,Doxycycline,Sarguja,Chhattisgarh,14.91870280247452,233.0762496286684,0.0005198438864474151,False,0.9473420122221097,0.0027217113113821288,low
FAC0008,Paracetamol,Sarguja,Chhattisgarh,22.255258547088307,279.2837110307351,-4.823936508076781e-05,False,0.9369537655020121,0.0016613950793456216,low
FAC0008,Ibuprofen,Sarguja,Chhattisgarh,60.468499972622055,1146.4841951667886,0.0005788402634414919,False,0.9639371926057358,0.0026629822448786073,low
FAC0008,Diclofenac,Sarguja,Chhattisgarh,28.386453877139324,760.3220546154292,0.0006153516415185808,False,0.9227902566663913,0.0017296643226455356,low
FAC0008,Oral rehydration salts,Sarguja,Chhattisgarh,25.36417141135748,590.3776790392005,-0.0024419593617431463,False,0.9484883945934741,0.0017441223075981309,low
FAC0008,Ringer lactate,Sarguja,Chhattisgarh,0.0,0.0,-0.002278025847705664,False,0.9427482099177472,0.9988293780512879,critical
FAC0008,Metformin,Sarguja,Chhattisgarh,27.49123567037372,553.416456012392,-0.0003633047804429632,False,0.9425123907966507,0.0016822714461229363,low
FAC0008,Amlodipine,Sarguja,Chhattisgarh,41.07404600751313,996.8261304363258,-0.0003262543994204491,False,0.9512465693708867,0.010547221284541589,low
FAC0008,Atenolol,Sarguja,Chhattisgarh,23.557778253721068,625.5672470153528,-0.00048156055729769363,False,0.971772382796732,0.0017976120831995686,low
FAC0008,Oxytocin,Sarguja,Chhattisgarh,53.874128929109524,714.8523411390019,2.567895348824162e-05,False,0.9571169757737122,0.002687471124465227,low
FAC0008,Snake Venom Antiserum,Sarguja,Chhattisgarh,0.0,0.0,-0.0029827623814927314,False,0.9366036417827719,0.9989394948559918,critical
FAC0008,Insulin (Soluble),Sarguja,Chhattisgarh,33.14622637631986,488.26145808524393,0.000198136397897192,False,0.974177803242662,0.0017173851221956348,low
FAC0009,Isoniazid,Sarguja,Chhattisgarh,34.42190888892718,762.4212556858785,-0.0008322013105913048,False,0.9659537492063157,0.0019069822529657718,low
FAC0009,Rifampicin,Sarguja,Chhattisgarh,8.197841820857455,136.7844952762423,-0.0018590177877325002,False,0.9519013871905982,0.0028154965986564298,low
FAC0009,Ethambutol,Sarguja,Chhattisgarh,0.0,0.0,-0.0009294838781473127,False,0.9536443423838713,0.998960121349353,critical
FAC0009,Pyrazinamide,Sarguja,Chhattisgarh,47.33618279509506,698.1481595683422,-0.0009409671838791165,False,0.9577442047979814,0.002087418045696006,low
FAC0009,Amoxicillin,Sarguja,Chhattisgarh,0.0,0.0,-0.0003618190978945744,False,0.9341902014898791,0.9989499124544557,critical
FAC0009,Ciprofloxacin,Sarguja,Chhattisgarh,0.0,0.0,-0.0004209706189339628,False,0.9494929812214434,0.6676767087991111,high
FAC0009,Metronidazole,Sarguja,Chhattisgarh,40.67817039581008,385.58750061724817,5.531345768112412e-05,False,0.959352998381759,0.5767959946877872,high
FAC0009,Azithromycin,Sarguja,Chhattisgarh,0.0,0.0,9.044323829651929e-05,False,0.9628033534094251,0.999003874847152,critical
FAC0009,Doxycycline,Sarguja,Chhattisgarh,66.80519636529765,1341.9651238927042,-0.00022644628372937872,False,0.9711047613047707,0.0018136807318770939,low
FAC0009,Paracetamol,Sarguja,Chhattisgarh,0.0,0.0,0.0005264639820284038,False,0.9528585718898579,0.9989556149693484,critical
FAC0009,Ibuprofen,Sarguja,Chhattisgarh,0.0,0.0,-6.781937389015051e-05,False,0.9596407167222073,0.9989913495266076,critical
FAC0009,Diclofenac,Sarguja,Chhattisgarh,54.663838868298186,1341.5915320605764,0.0007263064587919589,False,0.9441528198321578,0.003200713900722209,low
FAC0009,Oral rehydration salts,Sarguja,Chhattisgarh,0.0,0.0,-0.0012163294961044747,False,0.933818898695929,0.013673520645884325,low
FAC0009,Ringer lactate,Sarguja,Chhattisgarh,23.5125820892335,226.63559497783143,-0.001658175401443814,False,0.9717741997529075,0.001712718567906267,low
FAC0009,Metformin,Sarguja,Chhattisgarh,30.494392406221895,612.770638649075,-0.00012863083357181964,False,0.9783848184094184,0.0013215091791820642,low
FAC0009,Amlodipine,Sarguja,Chhattisgarh,38.59929133313947,907.3864829264148,-0.0002223350659932876,False,0.9738999999939013,0.0018136807318770939,low
FAC0009,Atenolol,Sarguja,Chhattisgarh,26.910434777851748,401.06694093019263,-0.00017634096043978728,False,0.9474691181588659,0.00170403400720825,low
FAC0009,Oxytocin,Sarguja,Chhattisgarh,58.47143764383474,1041.337833382733,-0.000140667986811151,False,0.9732924489844506,0.0026553323022300668,low
FAC0009,Snake Venom Antiserum,Sarguja,Chhattisgarh,51.736037392463956,1001.318440895229,-0.002747112767170449,False,0.9486689413220263,0.009487279041106092,low
FAC0009,Insulin (Soluble),Sarguja,Chhattisgarh,0.0,0.0,0.00018756705972056904,False,0.9499758057755383,0.9989556149693484,critical
FAC0010,Isoniazid,Sarguja,Chhattisgarh,82.24539222280087,1014.4352620803653,-0.0009393589558850098,False,0.9435986570855521,0.0016797369276809178,low
FAC0010,Rifampicin,Sarguja,Chhattisgarh,31.916661099951625,302.01071453260306,-0.0015904830995556573,False,0.9563081077818114,0.5177006802076917,high
FAC0010,Ethambutol,Sarguja,Chhattisgarh,0.0,0.0,-0.0019583082689846295,False,0.9598037848884124,0.9988554099812701,critical
FAC0010,Pyrazinamide,Sarguja,Chhattisgarh,0.0,0.0,-9.505331621299329e-05,False,0.9431732535996704,0.9989812160769865,critical
FAC0010,Amoxicillin,Sarguja,Chhattisgarh,58.80530029812817,1482.0314614877088,0.0009473588551867733,False,0.9555562300218454,0.003569357125378265,low
FAC0010,Ciprofloxacin,Sarguja,Chhattisgarh,51.70485880867554,872.834537497356,-0.0002948569011691888,False,0.9482821507246466,0.0031232473057223884,low
FAC0010,Metronidazole,Sarguja,Chhattisgarh,29.60214323643891,484.06880036234105,0.0004957677035833494,False,0.9615532697678575,0.0017911765503069049,low
FAC0010,Azithromycin,Sarguja,Chhattisgarh,0.0,0.0,0.0006983661987861446,False,0.9598333250888083,0.9989732667328307,critical
FAC0010,Doxycycline,Sarguja,Chhattisgarh,0.0,0.0,0.000545295210668738,False,0.9632846017797483,0.999003874847152,critical
FAC0010,Paracetamol,Sarguja,Chhattisgarh,0.0,0.0,0.0005572774912333223,False,0.9634435835964301,0.999003874847152,critical
FAC0010,Ibuprofen,Sarguja,Chhattisgarh,0.0,0.0,-0.0013638819584902335,False,0.9467898601624871,0.9989274045379775,critical
FAC0010,Diclofenac,Sarguja,Chhattisgarh,13.494571131532417,352.32316727822064,-0.0007485097197377031,False,0.9280866396457759,0.002605923917871463,low
FAC0010,Oral rehydration salts,Sarguja,Chhattisgarh,0.0,0.0,-0.0013611906536314274,False,0.9550241380804243,0.9989332291518929,critical
FAC0010,Ringer lactate,Sarguja,Chhattisgarh,60.87817698331044,888.0103422241091,-0.003109068208252599,False,0.9382418325032594,0.0025605457440542084,low
FAC0010,Metformin,Sarguja,Chhattisgarh,0.0,0.0,-0.0003513614220685498,False,0.9748176275969045,0.2202408543534917,low
FAC0010,Amlodipine,Sarguja,Chhattisgarh,0.0,0.0,-0.0004914298720796108,False,0.9514542362728309,0.9989556149693484,critical
FAC0010,Atenolol,Sarguja,Chhattisgarh,0.0,0.0,-0.0006242558675641507,False,0.9706592972027674,0.999003874847152,critical
FAC0010,Oxytocin,Sarguja,Chhattisgarh,0.0,0.0,0.0009182188636286747,False,0.9674025037833827,0.9989732667328307,critical
FAC0010,Snake Venom Antiserum,Sarguja,Chhattisgarh,41.85052449897266,540.628965530055,-0.0026159594110841916,False,0.9491517946035997,0.004788970119340504,low
FAC0010,Insulin (Soluble),Sarguja,Chhattisgarh,27.7385492029314,701.4158970089113,0.00016804085328623515,False,0.9666419305211933,0.0018136807318770939,low
FAC0011,Isoniazid,Sarguja,Chhattisgarh,0.0,0.0,-0.0008253126646345168,False,0.9387350527224291,0.9290729041272018,critical
FAC0011,Rifampicin,Sarguja,Chhattisgarh,32.30818715149852,673.2299158517349,-0.0008526171807507157,False,0.9588576412692172,0.0019430885979453622,low
FAC0011,Ethambutol,Sarguja,Chhattisgarh,0.0,0.0,-0.0012985388422176091,False,0.9533061991447096,0.9989332291518929,critical
FAC0011,Pyrazinamide,Sarguja,Chhattisgarh,0.0,0.0,-0.000397241207338786,False,0.9213630005665012,0.9989499124544557,critical
FAC0011,Amoxicillin,Sarguja,Chhattisgarh,25.62054853255245,292.1914665614259,0.00040849588755169407,False,0.940436353054038,0.001592941750087969,low
FAC0011,Ciprofloxacin,Sarguja,Chhattisgarh,0.0,0.0,-5.8827430785526464e-05,False,0.9670021016084716,0.9989599467559961,critical
FAC0011,Metronidazole,Sarguja,Chhattisgarh,17.58616287741762,211.2432903671725,0.0002584721933994182,False,0.9241582726875437,0.0018551559718524215,low
FAC0011,Azithromycin,Sarguja,Chhattisgarh,0.0,0.0,-0.000856555972335682,False,0.9430323707993873,0.9990016057485673,critical
FAC0011,Doxycycline,Sarguja,Chhattisgarh,4.044843359502049,69.17968267181068,0.0003639326904812927,False,0.9420781534580562,0.0037395872092587743,low
FAC0011,Paracetamol,Sarguja,Chhattisgarh,54.68860702018338,1005.2808635589024,-0.0013792138622544805,False,0.960766043591285,0.0022632620441508816,low
FAC0011,Ibuprofen,Sarguja,Chhattisgarh,57.187311320286064,1505.597524310169,0.0004073166050619963,False,0.9700377699567213,0.0025418186334670557,low
FAC0011,Diclofenac,Sarguja,Chhattisgarh,16.21639575505359,358.91341097011065,-0.0001804741546181648,False,0.9398460481748774,0.002605923917871463,low
FAC0011,Oral rehydration salts,Sarguja,Chhattisgarh,0.0,0.0,-0.002073578414196502,False,0.9341245072304369,0.4646006462090597,medium
FAC0011,Ringer lactate,Sarguja,Chhattisgarh,0.0,0.0,-0.0016628420546781365,False,0.958318283882106,0.6999773123395281,high
FAC0011,Metformin,Sarguja,Chhattisgarh,49.2625044839607,645.1634078969844,0.00043252765964769886,False,0.9737973598136811,0.002765447167500951,low
FAC0011,Amlodipine,Sarguja,Chhattisgarh,33.72648978027771,603.1991386535755,0.00039354279032260725,False,0.9410181092267376,0.001592941750087969,low
FAC0011,Atenolol,Sarguja,Chhattisgarh,0.0,0.0,0.0005151737411319633,False,0.9554652161353999,0.998986748769554,critical
FAC0011,Oxytocin,Sarguja,Chhattisgarh,55.88058524976033,1087.0434383792747,6.376358505412707e-05,False,0.9660934543670509,0.0029203368187203176,low
FAC0011,Snake Venom Antiserum,Sarguja,Chhattisgarh,69.00290820700305,661.404228156273,-0.0031657667615136494,False,0.8906176638001055,0.006932167808149205,low
FAC0011,Insulin (Soluble),Sarguja,Chhattisgarh,27.803568949938466,696.0943176890723,0.0007459877766527199,False,0.9676001633987693,0.0017911765503069049,low
FAC0012,Isoniazid,Sarguja,Chhattisgarh,0.0,0.0,0.00023503813441982225,False,0.954252929482312,0.998986748769554,critical
FAC0012,Rifampicin,Sarguja,Chhattisgarh,39.315676548428065,1013.9963929984251,-0.00017723530581486278,False,0.9694213919687478,0.004168183924397347,low
FAC0012,Ethambutol,Sarguja,Chhattisgarh,0.0,0.0,-0.0007197564246372857,False,0.9533415589150822,0.9989556149693484,critical
FAC0012,Pyrazinamide,Sarguja,Chhattisgarh,7.152382600504394,113.79184565664953,-0.0012630860759533266,False,0.9620360370201817,0.00251486112801317,low
FAC0012,Amoxicillin,Sarguja,Chhattisgarh,0.0,0.0,-0.000366166409432906,False,0.9748320427245349,0.9989732667328307,critical
FAC0012,Ciprofloxacin,Sarguja,Chhattisgarh,65.83880597089319,835.1556915326403,-0.00031158603135192755,False,0.9500506366805039,0.0022494517811022675,low
FAC0012,Metronidazole,Sarguja,Chhattisgarh,0.0,0.0,-0.00029822474810311747,False,0.9457682776446961,0.45072766654262403,medium
FAC0012,Azithromycin,Sarguja,Chhattisgarh,20.06797007780922,381.3763524927603,-4.378504496853371e-05,False,0.9740391149185783,0.0017911765503069049,low
FAC0012,Doxycycline,Sarguja,Chhattisgarh,17.941451651892347,410.13149824944304,0.00014222078341122164,False,0.9566825124851102,0.002065033002863494,low
FAC0012,Paracetamol,Sarguja,Chhattisgarh,42.37577364433697,441.7920569690793,0.0008329533265612852,False,0.9516096473531499,0.0015616563216611747,low
FAC0012,Ibuprofen,Sarguja,Chhattisgarh,26.27982740829396,376.59044949361896,0.00030625800956051965,False,0.9740674923278709,0.9989732667328307,critical
FAC0012,Diclofenac,Sarguja,Chhattisgarh,81.25681369690963,1716.2860626312513,-0.00028369136312820267,False,0.9649789863172746,0.0018136807318770939,low
FAC0012,Oral rehydration salts,Sarguja,Chhattisgarh,0.0,0.0,-0.002378620185207541,False,0.9618986319651368,0.9988202453479682,critical
FAC0012,Ringer lactate,Sarguja,Chhattisgarh,0.0,0.0,-0.0019805796475116473,False,0.9552430000118812,0.9987999659764794,critical
FAC0012,Metformin,Sarguja,Chhattisgarh,0.0,0.0,-0.0007947386434992079,False,0.9315351825068205,0.9989728573828895,critical
FAC0012,Amlodipine,Sarguja,Chhattisgarh,18.81305201350807,178.31127715759115,0.0013126368819609447,False,0.9523226252264654,0.0018187300286896786,low
FAC0012,Atenolol,Sarguja,Chhattisgarh,42.3966767321109,792.2258981567975,-0.00041344414690481384,False,0.9323602830501575,0.9989812160769865,critical
FAC0012,Oxytocin,Sarguja,Chhattisgarh,23.26217320907523,546.5898965628418,-0.0005248467724610367,False,0.9534454203786371,0.001649234477620837,low
FAC0012,Snake Venom Antiserum,Sarguja,Chhattisgarh,23.533529885937075,389.4071399019532,-0.0033249603888381783,False,0.9486822162112194,0.002563460968547545,low
FAC0012,Insulin (Soluble),Sarguja,Chhattisgarh,37.58395030819314,612.2923649630859,-0.0007603154815561883,False,0.9483414599357604,0.9990014574584685,critical
FAC0013,Isoniazid,Sarguja,Chhattisgarh,0.0,0.0,-0.0009879457265624014,False,0.9532619835465441,0.9989784354224556,critical
FAC0013,Rifampicin,Sarguja,Chhattisgarh,0.0,0.0,0.00042820481526680617,False,0.913451227342988,0.33347472410312495,medium
FAC0013,Ethambutol,Sarguja,Chhattisgarh,0.0,0.0,-0.0006703496783827115,False,0.9573710509602649,0.998986748769554,critical
FAC0013,Pyrazinamide,Sarguja,Chhattisgarh,0.0,0.0,-0.0006910108640862204,False,0.9605227744776763,0.9989732667328307,critical
FAC0013,Amoxicillin,Sarguja,Chhattisgarh,35.31580336316648,786.7492932488848,6.0680369416436624e-05,False,0.9574239965507709,0.998986748769554,critical
FAC0013,Ciprofloxacin,Sarguja,Chhattisgarh,0.0,0.0,0.001026175643883209,False,0.9713753238273727,0.9989732667328307,critical
FAC0013,Metronidazole,Sarguja,Chhattisgarh,18.58979279066391,200.0192940426208,-0.00028870706713862997,False,0.9668593602095461,0.0017173851221956348,low
FAC0013,Azithromycin,Sarguja,Chhattisgarh,24.56613414140623,279.75341853511765,0.0006655503992229582,False,0.9555327616435425,0.0015616563216611747,low
FAC0013,Doxycycline,Sarguja,Chhattisgarh,47.100681035130954,1024.4479388350192,-0.0006281864153191372,False,0.9334198213844584,0.0031131399009445494,low
FAC0013,Paracetamol,Sarguja,Chhattisgarh,0.0,0.0,-0.00023949116272584735,False,0.9627404896397105,0.9990400951522176,critical
FAC0013,Ibuprofen,Sarguja,Chhattisgarh,32.80391840844182,725.1894929029611,0.0010048370111097975,False,0.9347785997861346,0.999009150133478,critical
FAC0013,Diclofenac,Sarguja,Chhattisgarh,34.13752657746165,387.5061634367824,0.000476608975423342,False,0.9528834395015916,0.032971407367185616,low
FAC0013,Oral rehydration salts,Sarguja,Chhattisgarh,21.611975228096597,398.81332876917696,-0.0012211580902120411,False,0.9492232398718934,0.0016243412683483592,low
FAC0013,Ringer lactate,Sarguja,Chhattisgarh,0.0,0.0,-0.0016736914547148608,False,0.9610525297876362,0.9989512588739833,critical
FAC0013,Metformin,Sarguja,Chhattisgarh,6.833855465994963,118.69147953584167,0.00011721456495676868,False,0.9729526446942179,0.0025217077172003106,low
FAC0013,Amlodipine,Sarguja,Chhattisgarh,46.43292528907349,970.2852506868664,0.0012989464133249722,False,0.9715261961724868,0.0018136807318770939,low
FAC0013,Atenolol,Sarguja,Chhattisgarh,28.81237998424929,497.9577372353028,8.080441514117131e-05,False,0.9420714661003063,0.9989499124544557,critical
FAC0013,Oxytocin,Sarguja,Chhattisgarh,42.62880646181106,838.0242632291091,0.0004618159304765663,False,0.9728259714168375,0.0017911765503069049,low
FAC0013,Snake Venom Antiserum,Sarguja,Chhattisgarh,21.95390074734564,254.07430588140286,-0.0034908076601344266,False,0.9567791216950478,0.003259052187139676,low
FAC0013,Insulin (Soluble),Sarguja,Chhattisgarh,42.96895050988969,938.5704044530562,-0.0014009338791646495,False,0.9672426126837322,0.0018087529930174407,low
FAC0014,Isoniazid,Sarguja,Chhattisgarh,33.3753600029007,705.9226414523295,-0.0011725366727830895,False,0.9578297535214553,0.0020590255720606475,low
FAC0014,Rifampicin,Sarguja,Chhattisgarh,20.783586206249243,451.8776456699003,-0.000877135259806444,False,0.9494050712504882,0.002025314700308853,low
FAC0014,Ethambutol,Sarguja,Chhattisgarh,0.0,0.0,-0.0005652108353336082,False,0.9714064381780588,0.9989913495266076,critical
FAC0014,Pyrazinamide,Sarguja,Chhattisgarh,35.28190460831305,756.7760433057937,-0.0019321398505868902,False,0.9444911563129644,0.0016737262642986062,low
FAC0014,Amoxicillin,Sarguja,Chhattisgarh,34.93113081930532,346.2249171776131,0.0008068854054355805,False,0.9546114393435523,0.0015616563216611747,low
FAC0014,Ciprofloxacin,Sarguja,Chhattisgarh,18.58838269643981,288.47196674079083,-0.0003823842104654871,False,0.9626059586332945,0.001842710660040445,low
FAC0014,Metronidazole,Sarguja,Chhattisgarh,4.2022821484034605,43.9464001584929,-0.0005487371748753974,False,0.9666001442998278,0.002765447167500951,low
FAC0014,Azithromycin,Sarguja,Chhattisgarh,35.40321763972398,619.7885457126714,0.0002075359904689101,False,0.9383854770397767,0.0016822714461229363,low
FAC0014,Doxycycline,Sarguja,Chhattisgarh,54.00470733038008,1113.5757048099626,0.0005054509230700029,False,0.9616980313421419,0.0029203368187203176,low
FAC0014,Paracetamol,Sarguja,Chhattisgarh,31.124968229474067,834.8804216223629,-0.0004937363116364144,False,0.950810192568299,0.9989514462343629,critical
FAC0014,Ibuprofen,Sarguja,Chhattisgarh,0.0,0.0,-0.00019170828288243575,False,0.9589821431358403,0.9989896733060454,critical
FAC0014,Diclofenac,Sarguja,Chhattisgarh,1.2821641730383047,23.30049780112524,-0.000865609079076514,False,0.9638087824970645,0.00606476726801692,low
FAC0014,Oral rehydration salts,Sarguja,Chhattisgarh,44.283893241847636,925.9265337425135,-0.0026188833818263577,False,0.9532209275555079,0.005056620380479117,low
FAC0014,Ringer lactate,Sarguja,Chhattisgarh,50.945607927386796,1027.9680557182755,-0.0022765537542939656,False,0.9649026893434993,0.0034770274436609063,low
FAC0014,Metformin,Sarguja,Chhattisgarh,28.281474273400097,610.0807834573271,-0.0006446029089810485,False,0.9608623053908325,0.9989913495266076,critical
FAC0014,Amlodipine,Sarguja,Chhattisgarh,43.99668985634452,715.998841778499,-0.00035392157398214587,False,0.9562332813508845,0.0015616563216611747,low
FAC0014,Atenolol,Sarguja,Chhattisgarh,0.0,0.0,0.0014602817000589736,False,0.9683319471708035,0.9989913495266076,critical
FAC0014,Oxytocin,Sarguja,Chhattisgarh,0.0,0.0,8.084088850024669e-05,False,0.9567457004665099,0.9990429290392238,critical
FAC0014,Snake Venom Antiserum,Sarguja,Chhattisgarh,0.0,0.0,-0.0019245116300651247,False,0.9481304938656205,0.8413183757733089,critical
FAC0014,Insulin (Soluble),Sarguja,Chhattisgarh,22.202563824779183,592.2353379815831,-0.0011285374950378406,False,0.956424310897635,0.001644752800153925,low
FAC0015,Isoniazid,Sarguja,Chhattisgarh,0.0,0.0,-0.0008980911150441571,False,0.9719754636773978,0.9990081731990669,critical
FAC0015,Rifampicin,Sarguja,Chhattisgarh,16.752092941938503,429.3378962637458,0.0009034607923309606,False,0.9360553490188632,0.002679268055863499,low
FAC0015,Ethambutol,Sarguja,Chhattisgarh,29.659489989238125,776.978262738641,8.772949510295734e-05,False,0.9404952414874272,0.45144189017878333,medium
FAC0015,Pyrazinamide,Sarguja,Chhattisgarh,0.0,0.0,0.00028814905889561557,False,0.942812507251064,0.9990182594724442,critical
FAC0015,Amoxicillin,Sarguja,Chhattisgarh,78.26141855248284,1754.5794294581644,-0.00040449335368644414,False,0.9544824957240109,0.001920697221855157,low
FAC0015,Ciprofloxacin,Sarguja,Chhattisgarh,27.72943677310386,714.3109746014746,-0.0002853331208074448,False,0.9597434428595563,0.999003874847152,critical
FAC0015,Metronidazole,Sarguja,Chhattisgarh,39.26043053388036,823.2922702625948,0.0002859338995445932,False,0.9671886609967293,0.0018084661515767406,low
FAC0015,Azithromycin,Sarguja,Chhattisgarh,0.0,0.0,-0.0002243121349702201,False,0.9517213231348902,0.998986748769554,critical
FAC0015,Doxycycline,Sarguja,Chhattisgarh,52.18412805336564,544.228351300482,0.0012459687145046842,False,0.9621385868673468,0.0017173851221956348,low
FAC0015,Paracetamol,Sarguja,Chhattisgarh,0.0,0.0,0.0001962641250302452,False,0.9651109729038261,0.999003874847152,critical
FAC0015,Ibuprofen,Sarguja,Chhattisgarh,21.741327111972005,498.1800245980003,-0.0009649866620383209,False,0.9549336380913156,0.0017390915541400371,low
FAC0015,Diclofenac,Sarguja,Chhattisgarh,22.53770422826238,248.5171718576503,0.0004034784326313666,False,0.9511072148467624,0.0015616563216611747,low
FAC0015,Oral rehydration salts,Sarguja,Chhattisgarh,17.425721045109597,332.805134760156,-0.002863126066608889,False,0.9708437382621997,0.0021555156263332836,low
FAC0015,Ringer lactate,Sarguja,Chhattisgarh,7.506372877806961,157.18887887335833,-0.0025998489949416352,False,0.9509843194802234,0.0040200205106855616,low
FAC0015,Metformin,Sarguja,Chhattisgarh,54.82297684681753,668.0367581146265,-0.0018330886479345802,False,0.937724576315569,0.002460968683400031,low
FAC0015,Amlodipine,Sarguja,Chhattisgarh,57.911222786619874,1107.5924418507302,0.0015937306663654919,False,0.9550823360437972,0.0028380058523052977,low
FAC0015,Atenolol,Sarguja,Chhattisgarh,29.54997585748031,345.00329622788934,-0.0006309665624587679,False,0.9513836904752369,0.0015616563216611747,low
FAC0015,Oxytocin,Sarguja,Chhattisgarh,49.06922005136542,530.0461718304402,0.0004661837502118065,False,0.9575266030752092,0.002947185346579827,low
FAC0015,Snake Venom Antiserum,Sarguja,Chhattisgarh,28.24378778234017,478.28632704343374,-0.0036129418936456815,False,0.9404038683847245,0.003466822599961661,low
FAC0015,Insulin (Soluble),Sarguja,Chhattisgarh,34.50004979527294,920.8243931243588,-0.0005935636802818987,False,0.9399566884029283,0.04062499727668132,low
FAC0016,Isoniazid,Sarguja,Chhattisgarh,10.491284350014169,166.26978200420774,-0.0018130383855820228,False,0.9588185260914046,0.0023604528787557655,low
FAC0016,Rifampicin,Sarguja,Chhattisgarh,0.0,0.0,-0.0013219501782333516,False,0.9474597238531592,0.01263114920084539,low
FAC0016,Ethambutol,Sarguja,Chhattisgarh,35.04292218523004,758.2062919415625,-0.00022048382088869211,False,0.9713264092624363,0.0016691611122206737,low
FAC0016,Pyrazinamide,Sarguja,Chhattisgarh,15.534691436440454,206.99704577056352,0.00019254545405008325,False,0.9549858205274596,0.0024032682396423204,low
FAC0016,Amoxicillin,Sarguja,Chhattisgarh,0.0,0.0,0.00023280395986724798,False,0.9635596753161892,0.9989732667328307,critical
FAC0016,Ciprofloxacin,Sarguja,Chhattisgarh,0.0,0.0,-0.0004596141327368481,False,0.9568958959824505,0.998986748769554,critical
FAC0016,Metronidazole,Sarguja,Chhattisgarh,6.414142544165435,124.18809151852099,0.0001086198340010154,False,0.9516165670581898,0.003073655293654061,low
FAC0016,Azithromycin,Sarguja,Chhattisgarh,0.0,0.0,-0.00022756088231178111,False,0.974430459271987,0.4728185077956513,medium
FAC0016,Doxycycline,Sarguja,Chhattisgarh,0.0,0.0,-0.00012113447125934778,False,0.960461158975771,0.9990010002486744,critical
FAC0016,Paracetamol,Sarguja,Chhattisgarh,24.377987805287972,379.152647150082,0.00042990893917104676,False,0.9318016106702225,0.9989684061382977,critical
FAC0016,Ibuprofen,Sarguja,Chhattisgarh,0.5454062702263948,10.556811290668836,0.00039416047848214497,False,0.9375049318032425,0.02396266839886612,low
FAC0016,Diclofenac,Sarguja,Chhattisgarh,22.31678494671572,385.98997640128283,-0.0005893050654044736,False,0.9675811545312112,0.0017173851221956348,low
FAC0016,Oral rehydration salts,Sarguja,Chhattisgarh,0.0,0.0,-0.0019466248665195108,False,0.9585908764330442,0.9988202453479682,critical
FAC0016,Ringer lactate,Sarguja,Chhattisgarh,0.0,0.0,-0.0014975571988756927,False,0.9514313096601095,0.9989332291518929,critical
FAC0016,Metformin,Sarguja,Chhattisgarh,31.15038375075063,612.1362308218052,-8.732607950754829e-05,False,0.9576159347306472,0.001644491923867851,low
FAC0016,Amlodipine,Sarguja,Chhattisgarh,0.0,0.0,0.0004896409130519786,False,0.9507802233753497,0.9989740083261341,critical
FAC0016,Atenolol,Sarguja,Chhattisgarh,23.692096862525737,405.1304172691512,-0.00017144735349197685,False,0.9432987157537411,0.001592941750087969,low
FAC0016,Oxytocin,Sarguja,Chhattisgarh,0.0,0.0,-0.00041165380527043014,False,0.9615359286976461,0.574293150807849,high
FAC0016,Snake Venom Antiserum,Sarguja,Chhattisgarh,29.89048574796274,291.76879426906197,-0.0027853711406292166,False,0.9189390471618333,0.0019170357826061087,low
FAC0016,Insulin (Soluble),Sarguja,Chhattisgarh,16.690184550055452,323.5009288675731,-0.00036030734812261296,False,0.9717146681662938,0.0022367626024868033,low
FAC0017,Isoniazid,Sarguja,Chhattisgarh,34.718586286825904,890.311074521713,-1.651577798354308e-05,False,0.9419743812177231,0.0016822714461229363,low
FAC0017,Rifampicin,Sarguja,Chhattisgarh,21.057043775847443,416.85307565366963,-0.0011652278504686343,False,0.9599560988747886,0.9989380726611945,critical
FAC0017,Ethambutol,Sarguja,Chhattisgarh,29.21922603396274,290.7284549268919,-0.0005761038543309264,False,0.9647420848359443,0.9989732667328307,critical
FAC0017,Pyrazinamide,Sarguja,Chhattisgarh,0.0,0.0,-0.0009748931974329991,False,0.9744440722074788,0.8783495587781474,critical
FAC0017,Amoxicillin,Sarguja,Chhattisgarh,50.51163257666635,896.9256272332818,-7.739861018035758e-05,False,0.9408954054388731,0.0016613950793456216,low
FAC0017,Ciprofloxacin,Sarguja,Chhattisgarh,0.0,0.0,-0.00036994004164958474,False,0.9612027553906451,0.876166628606104,critical
FAC0017,Metronidazole,Sarguja,Chhattisgarh,22.500535101112977,409.9948711497148,0.00010419765999224532,False,0.9707680410707262,0.0017911765503069049,low
FAC0017,Azithromycin,Sarguja,Chhattisgarh,27.990615888642562,559.4127262140914,0.00040329690452853696,False,0.9545951290756618,0.40812072448169984,medium
FAC0017,Doxycycline,Sarguja,Chhattisgarh,75.95706594844461,1995.0130551040495,0.0009392195593488332,False,0.9708340655636862,0.0018136807318770939,low
FAC0017,Paracetamol,Sarguja,Chhattisgarh,25.794983579590802,669.4846115047916,-0.0010505986505910927,False,0.962692954955006,0.0019124803530110117,low
FAC0017,Ibuprofen,Sarguja,Chhattisgarh,0.0,0.0,-0.00019384769717721516,False,0.9595656350702766,0.9990010002486744,critical
FAC0017,Diclofenac,Sarguja,Chhattisgarh,0.0,0.0,8.193336198949376e-05,False,0.947582224258777,0.9989971300312774,critical
FAC0017,Oral rehydration salts,Sarguja,Chhattisgarh,57.922202646092764,1364.572307537837,-0.0015593321032296625,False,0.9647832568541077,0.0029124110874559476,low
FAC0017,Ringer lactate,Sarguja,Chhattisgarh,44.453805051131184,873.473591845133,-0.001700407217572351,False,0.9499906581653599,0.0028221736869974215,low
FAC0017,Metformin,Sarguja,Chhattisgarh,0.0,0.0,-0.0004613595998713663,False,0.9706430280708426,0.9989732667328307,critical
FAC0017,Amlodipine,Sarguja,Chhattisgarh,0.0,0.0,0.0007433035799795039,False,0.9611363452554131,0.999003874847152,critical
FAC0017,Atenolol,Sarguja,Chhattisgarh,23.036915059117494,321.42639433324985,-0.00019248435751529095,False,0.9485163288307293,0.0016830609298224778,low
FAC0017,Oxytocin,Sarguja,Chhattisgarh,56.40190343298113,526.9768889072018,-0.001085997218502234,False,0.9181650430971819,0.003408715054614735,low
FAC0017,Snake Venom Antiserum,Sarguja,Chhattisgarh,35.22960570349382,384.2759366743228,-0.003471554206940822,False,0.9471228498935376,0.003376854888310251,low
FAC0017,Insulin (Soluble),Sarguja,Chhattisgarh,34.14847630469772,883.8350191088813,0.0004957187899045123,False,0.9575931907385298,0.998986748769554,critical
FAC0018,Isoniazid,Sarguja,Chhattisgarh,46.5273037969379,768.3431828916279,-0.0006831059654295246,False,0.9640960097386668,0.005516602067925385,low
FAC0018,Rifampicin,Sarguja,Chhattisgarh,37.23898393736871,944.4732587966049,-0.00042639276568017307,False,0.9460328039149879,0.9989782761571487,critical
FAC0018,Ethambutol,Sarguja,Chhattisgarh,32.064998013251774,835.8012521751034,-0.0016520580318229972,False,0.9693763925571137,0.9988919404063723,critical
FAC0018,Pyrazinamide,Sarguja,Chhattisgarh,30.402025787722256,498.4035706229627,-0.0018792898147232619,False,0.9671695009777502,0.0018044692565360736,low
FAC0018,Amoxicillin,Sarguja,Chhattisgarh,0.0,0.0,-0.00032220625928316147,False,0.967213175202899,0.999003874847152,critical
FAC0018,Ciprofloxacin,Sarguja,Chhattisgarh,0.0,0.0,-0.00048692783156076237,False,0.9792612635780047,0.9988530781430751,critical
FAC0018,Metronidazole,Sarguja,Chhattisgarh,37.31109335145676,430.3205384786361,0.000269074321731576,False,0.9394522606457227,0.001592941750087969,low
FAC0018,Azithromycin,Sarguja,Chhattisgarh,22.68349289022018,453.14962038194716,0.0007775528601012892,False,0.9506705021647439,0.001628767418528461,low
FAC0018,Doxycycline,Sarguja,Chhattisgarh,27.83494049052199,378.82019582427364,-9.750560012623517e-05,False,0.961613073860471,0.0017173851221956348,low
FAC0018,Paracetamol,Sarguja,Chhattisgarh,51.451155863631676,1215.7604414752884,-0.0009814061795509785,False,0.9682632565712344,0.00280791712231004,low
FAC0018,Ibuprofen,Sarguja,Chhattisgarh,18.372792221536187,230.4846654542455,-0.0004887147802155161,False,0.9606628542434177,0.0017173851221956348,low
FAC0018,Diclofenac,Sarguja,Chhattisgarh,27.711326638951604,461.53424987613914,0.0001462846858575025,False,0.9469905718429158,0.001687741127521803,low
FAC0018,Oral rehydration salts,Sarguja,Chhattisgarh,0.0,0.0,-0.002173528545946359,False,0.9707494179226368,0.9988521074380773,critical
FAC0018,Ringer lactate,Sarguja,Chhattisgarh,0.0,0.0,-0.0009171394882111407,False,0.9673029920726628,0.9989776970258107,critical
FAC0018,Metformin,Sarguja,Chhattisgarh,45.3619016866462,1118.9614302569498,-0.0003778117925818853,False,0.9559035763516371,0.003112222186103269,low
FAC0018,Amlodipine,Sarguja,Chhattisgarh,47.16580543081648,812.1247814542885,-0.0013682514374769067,False,0.9635415946338199,0.002876313125037164,low
FAC0018,Atenolol,Sarguja,Chhattisgarh,53.36330516775051,768.9863073872034,-0.0005198610057336551,False,0.9558717633727358,0.002947185346579827,low
FAC0018,Oxytocin,Sarguja,Chhattisgarh,0.0,0.0,0.00022822463476767388,False,0.9596032129398018,0.9989913495266076,critical
FAC0018,Snake Venom Antiserum,Sarguja,Chhattisgarh,0.0,0.0,-0.003416251857615226,False,0.9296341249133463,0.9989711087123583,critical
FAC0018,Insulin (Soluble),Sarguja,Chhattisgarh,28.01404625215382,539.5907007811379,0.00010828396786311055,False,0.9434582093042625,0.0016822714461229363,low
FAC0019,Isoniazid,Sarguja,Chhattisgarh,0.0,0.0,-0.001256713201955017,False,0.9621208104349854,0.9237257453216844,critical
FAC0019,Rifampicin,Sarguja,Chhattisgarh,53.87870236036318,1288.8532833843706,0.0007213936617080166,False,0.9296409065864539,0.003200713900722209,low
FAC0019,Ethambutol,Sarguja,Chhattisgarh,52.55172079214215,1140.8595999860395,-0.0014008927641292429,False,0.9672110492589496,0.00303986700074038,low
FAC0019,Pyrazinamide,Sarguja,Chhattisgarh,0.0,0.0,-0.0009821699027749088,False,0.9629383640757889,0.00581594173256834,low
FAC0019,Amoxicillin,Sarguja,Chhattisgarh,45.35114836908715,446.32171614507195,0.0004375039872518412,False,0.9641990545934317,0.003947372621778622,low
FAC0019,Ciprofloxacin,Sarguja,Chhattisgarh,42.13182662815371,999.2101066633593,-0.0016813678063965617,False,0.9472958717242075,0.0017043043129117486,low
FAC0019,Metronidazole,Sarguja,Chhattisgarh,34.49099813809654,772.5486546181845,-0.001017978182446438,False,0.9617134404345767,0.0019124803530110117,low
FAC0019,Azithromycin,Sarguja,Chhattisgarh,67.68383815303342,1385.2778806524443,0.00023006984305240735,False,0.9578332827705341,0.002064633739390581,low
FAC0019,Doxycycline,Sarguja,Chhattisgarh,0.0,0.0,0.0005730656201439388,False,0.9596598916227539,0.999003874847152,critical
FAC0019,Paracetamol,Sarguja,Chhattisgarh,0.0,0.0,2.744019829134622e-07,False,0.9642760409834855,0.9989732667328307,critical
FAC0019,Ibuprofen,Sarguja,Chhattisgarh,0.0,0.0,-0.0001985467388665033,False,0.935695164687109,0.6084762154434499,high
FAC0019,Diclofenac,Sarguja,Chhattisgarh,0.0,0.0,0.0005022138695827075,False,0.938574756651211,0.9990377028143306,critical
FAC0019,Oral rehydration salts,Sarguja,Chhattisgarh,25.520551148735546,327.19916346614957,-0.001553595738068335,False,0.9569765819497537,0.0015574122603513052,low
FAC0019,Ringer lactate,Sarguja,Chhattisgarh,49.17635678988162,665.2887426724807,-0.001326705453747592,False,0.9578260977663178,0.004565151342446043,low
FAC0019,Metformin,Sarguja,Chhattisgarh,43.590111373480255,1111.340398895692,-0.00043670786980353854,False,0.9460795639710744,0.9989812160769865,critical
FAC0019,Amlodipine,Sarguja,Chhattisgarh,46.304881561419876,733.2598489229786,-0.0005130844274312467,False,0.9600198942387577,0.002765447167500951,low
FAC0019,Atenolol,Sarguja,Chhattisgarh,0.0,0.0,0.002072616533222979,False,0.9505723326150856,0.9989838247992484,critical
FAC0019,Oxytocin,Sarguja,Chhattisgarh,35.774615072038415,394.07252847499984,0.0005442800473352962,False,0.932456593274865,0.0017082008341236436,low
FAC0019,Snake Venom Antiserum,Sarguja,Chhattisgarh,0.0,0.0,-0.004031015785072025,False,0.9372937557167056,0.9989711087123583,critical
FAC0019,Insulin (Soluble),Sarguja,Chhattisgarh,0.0,0.0,0.0006914136792260346,False,0.9599680010966388,0.999003874847152,critical
FAC0020,Isoniazid,Sarguja,Chhattisgarh,0.0,0.0,-0.0009896171143256598,False,0.9585341462049028,0.9990053109923387,critical
FAC0020,Rifampicin,Sarguja,Chhattisgarh,22.821395292460544,363.0475766393174,-0.0014159402522704123,False,0.959015793855235,0.00178630984549575,low
FAC0020,Ethambutol,Sarguja,Chhattisgarh,0.0,0.0,-0.0015388711679446135,False,0.9402595527185319,0.9988944493072186,critical
FAC0020,Pyrazinamide,Sarguja,Chhattisgarh,0.0,0.0,0.00030399473217236606,False,0.960779933233808,0.9990010002486744,critical
FAC0020,Amoxicillin,Sarguja,Chhattisgarh,0.0,0.0,0.0003866906532305818,False,0.9618315387223346,0.9989913495266076,critical
FAC0020,Ciprofloxacin,Sarguja,Chhattisgarh,0.0,0.0,-9.346645727654565e-05,False,0.9666509236266851,0.9990010002486744,critical
FAC0020,Metronidazole,Sarguja,Chhattisgarh,29.01135273120396,297.2688295216608,0.0006197832561039292,False,0.9578852482888418,0.9990405583161248,critical
FAC0020,Azithromycin,Sarguja,Chhattisgarh,38.570071828382645,618.8660273778552,-0.0003101865342543751,False,0.9690636576314289,0.0041562280119983724,low
FAC0020,Doxycycline,Sarguja,Chhattisgarh,0.0,0.0,0.00013682676462329913,False,0.9495621047753665,0.6124538845837776,high
FAC0020,Paracetamol,Sarguja,Chhattisgarh,0.0,0.0,0.001042859865926926,False,0.9625028997015965,0.999003874847152,critical
FAC0020,Ibuprofen,Sarguja,Chhattisgarh,54.486269131860816,1291.1005928300906,-0.00030738368419762504,False,0.9519951731451606,0.003112222186103269,low
FAC0020,Diclofenac,Sarguja,Chhattisgarh,55.19608203694856,565.8148778210233,-0.0012123584494080606,False,0.9576654123689037,0.004565151342446043,low
FAC0020,Oral rehydration salts,Sarguja,Chhattisgarh,0.0,0.0,-0.0018775522951560283,False,0.9511446168864883,0.31305122618437803,medium
FAC0020,Ringer lactate,Sarguja,Chhattisgarh,0.0,0.0,-0.0023901329412831422,False,0.9302297128731623,0.5006709642898675,high
FAC0020,Metformin,Sarguja,Chhattisgarh,20.440507739999124,397.3057408113554,-0.00029989873064008586,False,0.9490763388550698,0.001649234477620837,low
FAC0020,Amlodipine,Sarguja,Chhattisgarh,0.0,0.0,-0.0007212878082022432,False,0.97019808102561,0.9989732667328307,critical
FAC0020,Atenolol,Sarguja,Chhattisgarh,0.0,0.0,-9.61273610246178e-05,False,0.9631181840424246,0.9989732667328307,critical
FAC0020,Oxytocin,Sarguja,Chhattisgarh,0.0,0.0,-0.0005785762564149235,False,0.9635444543326714,0.9989913495266076,critical
FAC0020,Snake Venom Antiserum,Sarguja,Chhattisgarh,51.96027633135533,542.9452054643799,-0.003219738071954035,False,0.9529568152584444,0.005449789700727276,low
FAC0020,Insulin (Soluble),Sarguja,Chhattisgarh,0.0,0.0,8.955045782433731e-05,False,0.9713476844208965,0.9989732667328307,critical
FAC0021,Isoniazid,Sarguja,Chhattisgarh,29.021822737203554,437.7044515783027,-0.0011689545327480612,False,0.9573890581620588,0.001644752800153925,low
FAC0021,Rifampicin,Sarguja,Chhattisgarh,0.0,0.0,-0.0017718375851536931,False,0.9584682693085416,0.9989190357686994,critical
FAC0021,Ethambutol,Sarguja,Chhattisgarh,0.0,0.0,-0.0014020058508114517,False,0.9415895141024717,0.9989243095005943,critical
FAC0021,Pyrazinamide,Sarguja,Chhattisgarh,42.990257101018024,548.386264616977,-2.6416215522879226e-05,False,0.9576103048026691,0.9989556149693484,critical
FAC0021,Amoxicillin,Sarguja,Chhattisgarh,24.08308130412455,336.79824045197705,-2.047954118360667e-05,False,0.9235292049886601,0.0016613950793456216,low
FAC0021,Ciprofloxacin,Sarguja,Chhattisgarh,30.388402133089215,326.3097604025972,0.0006856842993015856,False,0.9513929210776062,0.9989556149693484,critical
FAC0021,Metronidazole,Sarguja,Chhattisgarh,61.14486563074769,954.9580076627221,-0.00017307874877504702,False,0.9652463859759501,0.0022367626024868033,low
FAC0021,Azithromycin,Sarguja,Chhattisgarh,37.05757822856256,636.3232527945386,0.00027921276315390957,False,0.9749664765882575,0.9989913495266076,critical
FAC0021,Doxycycline,Sarguja,Chhattisgarh,35.781905322948596,444.14544402028224,0.00026963009174708007,False,0.9769410238087195,0.0016919997111323893,low
FAC0021,Paracetamol,Sarguja,Chhattisgarh,25.273542818007023,620.7124621003715,0.00017144891604142258,False,0.9589284698501097,0.0016691611122206737,low
FAC0021,Ibuprofen,Sarguja,Chhattisgarh,36.20530064616424,715.2328574185603,-0.0008917327862814091,False,0.9742795126582979,0.001760101959664505,low
FAC0021,Diclofenac,Sarguja,Chhattisgarh,49.13679132114507,937.1895609671436,-0.0005925863775434799,False,0.9676579097433732,0.0026629822448786073,low
FAC0021,Oral rehydration salts,Sarguja,Chhattisgarh,7.724316430055053,85.36431743894352,-0.0018537345712087326,False,0.9540420687853212,0.002673833656173275,low
FAC0021,Ringer lactate,Sarguja,Chhattisgarh,0.0,0.0,-0.0019481320218855747,False,0.9504705537039355,0.3242900808546651,medium
FAC0021,Metformin,Sarguja,Chhattisgarh,55.03848912971853,584.8252831887421,-0.0009900799583963567,False,0.9328100190991042,0.0031084563414022983,low
FAC0021,Amlodipine,Sarguja,Chhattisgarh,32.46990867583932,610.7623042795201,0.0005376040487772057,False,0.9639932514358812,0.0017911765503069049,low
FAC0021,Atenolol,Sarguja,Chhattisgarh,16.09700512222403,251.37236062963373,0.00014447365728762428,False,0.9553695134496356,0.0018187300286896786,low
FAC0021,Oxytocin,Sarguja,Chhattisgarh,36.04780164361446,882.8410778743742,0.00028018417582438646,False,0.947457657525071,0.0017089479805690007,low
FAC0021,Snake Venom Antiserum,Sarguja,Chhattisgarh,55.43327348308598,1196.9434630055016,-0.0032418775627711576,False,0.9369841064695331,0.005886837163294759,low
FAC0021,Insulin (Soluble),Sarguja,Chhattisgarh,43.47244751799149,1136.9530672183776,0.00035866127531733965,False,0.9675494164529215,0.0026629822448786073,low
FAC0022,Isoniazid,Sarguja,Chhattisgarh,43.17606936752995,1111.8186851595874,-0.0003568335858658005,False,0.9728002893003611,0.0018136807318770939,low
FAC0022,Rifampicin,Sarguja,Chhattisgarh,0.0,0.0,-0.0010837601099992164,False,0.9411512981428067,0.7228375917003785,high
FAC0022,Ethambutol,Sarguja,Chhattisgarh,24.026063764127898,658.9658397018505,-0.0009779336000985165,False,0.9498560170377177,0.9989466310151544,critical
FAC0022,Pyrazinamide,Sarguja,Chhattisgarh,65.94290342925768,1519.8023276705173,-0.00010523819141357549,False,0.9621846475166989,0.0020691948469200167,low
FAC0022,Amoxicillin,Sarguja,Chhattisgarh,10.808027449084351,253.89981108753474,-0.0010265133452489394,False,0.9511602262058048,0.0029924379440743397,low
FAC0022,Ciprofloxacin,Sarguja,Chhattisgarh,0.0,0.0,-0.0004833028340215854,False,0.9634190882108824,0.999003874847152,critical
FAC0022,Metronidazole,Sarguja,Chhattisgarh,0.0,0.0,0.0008972985536114117,False,0.9720526892194439,0.7416944203835366,high
FAC0022,Azithromycin,Sarguja,Chhattisgarh,43.72290530216076,1051.2269444343226,0.0006574813126008003,False,0.9531601548959532,0.001649234477620837,low
FAC0022,Doxycycline,Sarguja,Chhattisgarh,49.19252742382424,484.337121372525,0.0005811971215758111,False,0.9635335199200868,0.0025217077172003106,low
FAC0022,Paracetamol,Sarguja,Chhattisgarh,55.936360134829414,1291.3449965067089,0.0009078928577137607,False,0.9583409055984666,0.0026629822448786073,low
FAC0022,Ibuprofen,Sarguja,Chhattisgarh,51.91640348868431,544.3500807363694,0.0004120618935654087,False,0.9506753998278281,0.002687471124465227,low
FAC0022,Diclofenac,Sarguja,Chhattisgarh,26.10152984347042,265.7013984347354,0.001523214382773123,False,0.9512160752178107,0.0015616563216611747,low
FAC0022,Oral rehydration salts,Sarguja,Chhattisgarh,0.0,0.0,-0.0030460006961520922,False,0.954938424018014,0.9989452538840637,critical
FAC0022,Ringer lactate,Sarguja,Chhattisgarh,0.0,0.0,-0.002763866260276435,False,0.9701683005850731,0.998993992054011,critical
FAC0022,Metformin,Sarguja,Chhattisgarh,0.0,0.0,-0.0003849144248431267,False,0.9299386890139413,0.9989499124544557,critical
FAC0022,Amlodipine,Sarguja,Chhattisgarh,0.0,0.0,-0.00036135686730986224,False,0.9376112319274256,0.52449587156972,high
FAC0022,Atenolol,Sarguja,Chhattisgarh,34.42655346466031,723.5922597101606,-0.0010855207122881308,False,0.9639875436273679,0.0019124803530110117,low
FAC0022,Oxytocin,Sarguja,Chhattisgarh,0.0,0.0,0.0002894735080898303,False,0.9526518841178138,0.9989556149693484,critical
FAC0022,Snake Venom Antiserum,Sarguja,Chhattisgarh,69.70681533062128,1398.9335129615692,-0.0037234327608441,False,0.9315520381940883,0.003510305414353266,low
FAC0022,Insulin (Soluble),Sarguja,Chhattisgarh,0.0,0.0,-0.000592924343736678,False,0.9656667410738753,0.9990010002486744,critical
FAC0023,Isoniazid,Sarguja,Chhattisgarh,0.0,0.0,-0.00031090874797246124,False,0.9508458035112092,0.035792014219188324,low
FAC0023,Rifampicin,Sarguja,Chhattisgarh,48.561930620211044,749.7826121516055,-0.0005453477665377602,False,0.9572316051606833,0.008095542356090517,low
FAC0023,Ethambutol,Sarguja,Chhattisgarh,0.0,0.0,-0.0009220243890107508,False,0.9518101890506869,0.9989784354224556,critical
FAC0023,Pyrazinamide,Sarguja,Chhattisgarh,0.0,0.0,-0.000166266768538723,False,0.9355150324572803,0.9989684061382977,critical
FAC0023,Amoxicillin,Sarguja,Chhattisgarh,6.293808253827066,93.94805320235376,0.0017363116317642307,False,0.9596644653317332,0.0028841409047521516,low
FAC0023,Ciprofloxacin,Sarguja,Chhattisgarh,43.189206995373695,1099.238256033462,-0.0008030410543670596,False,0.953007849165844,0.004669558375501397,low
FAC0023,Metronidazole,Sarguja,Chhattisgarh,28.491586587163006,739.5823146963012,-0.0005879171286281122,False,0.9626838378389535,0.0018136807318770939,low
FAC0023,Azithromycin,Sarguja,Chhattisgarh,0.0,0.0,0.0009454185364901195,False,0.9404232661608783,0.9989342320240783,critical
FAC0023,Doxycycline,Sarguja,Chhattisgarh,39.37418693376653,750.5669399934333,0.00035954534669806247,False,0.9648381443238272,0.001842710660040445,low
FAC0023,Paracetamol,Sarguja,Chhattisgarh,0.0,0.0,0.00014582956706811763,False,0.9646774843045325,0.5900530511080984,high
FAC0023,Ibuprofen,Sarguja,Chhattisgarh,47.86167768058766,647.8477738838111,-0.0010453730621536798,False,0.9584443575703988,0.002658974118090319,low
FAC0023,Diclofenac,Sarguja,Chhattisgarh,0.0,0.0,0.0006436866000633202,False,0.9407560166839266,0.999009150133478,critical
FAC0023,Oral rehydration salts,Sarguja,Chhattisgarh,0.0,0.0,-0.0014636323469992077,False,0.9675541569735647,0.9989190357686994,critical
FAC0023,Ringer lactate,Sarguja,Chhattisgarh,0.0,0.0,-0.0011679225683903088,False,0.9552554591562894,0.6040698743536759,high
FAC0023,Metformin,Sarguja,Chhattisgarh,0.0,0.0,0.0002333293868859258,False,0.9321515437677201,0.9989499124544557,critical
FAC0023,Amlodipine,Sarguja,Chhattisgarh,0.0,0.0,-0.00011199595207694829,False,0.96454069457437,0.9989599467559961,critical
FAC0023,Atenolol,Sarguja,Chhattisgarh,40.09561474918041,1031.6842434137789,-0.00024229989851027158,False,0.9795927369939128,0.0019342273312461745,low
FAC0023,Oxytocin,Sarguja,Chhattisgarh,0.0,0.0,0.0011272527411855268,False,0.9755318341950772,0.9989732667328307,critical
FAC0023,Snake Venom Antiserum,Sarguja,Chhattisgarh,12.735398442959513,224.99432473115442,-0.002187664222964131,False,0.9449807323015549,0.0031784822028231973,low
FAC0023,Insulin (Soluble),Sarguja,Chhattisgarh,39.80497087528425,730.5726915818927,0.00024209787604680444,False,0.9605893745228805,0.002922715424401609,low
FAC0024,Isoniazid,Sarguja,Chhattisgarh,0.0,0.0,-0.0006116824702969843,False,0.9656950029978162,0.9989732667328307,critical
FAC0024,Rifampicin,Sarguja,Chhattisgarh,25.771674084824372,326.5805076077326,-0.001505513265794979,False,0.9527105517784251,0.0015574122603513052,low
FAC0024,Ethambutol,Sarguja,Chhattisgarh,12.723751399686934,189.85887541295517,-0.0006245734234179413,False,0.9552302992101092,0.0024032682396423204,low
FAC0024,Pyrazinamide,Sarguja,Chhattisgarh,0.8509614605366306,17.811884231882786,-0.0003190848911471685,False,0.9699274272511187,0.0058246808671276575,low
FAC0024,Amoxicillin,Sarguja,Chhattisgarh,43.748416685365505,1139.2310974209188,0.0011187553901663195,False,0.9344787563202188,0.0017143387548891153,low
FAC0024,Ciprofloxacin,Sarguja,Chhattisgarh,0.0,0.0,0.0005921077227600911,False,0.9607875714937617,0.9989732667328307,critical
FAC0024,Metronidazole,Sarguja,Chhattisgarh,45.487533481131564,554.3328107429089,-0.000776505602358381,False,0.9692085276213165,0.0018109485906974423,low
FAC0024,Azithromycin,Sarguja,Chhattisgarh,0.0,0.0,-0.0007092655599357932,False,0.9754051831664156,0.9989732667328307,critical
FAC0024,Doxycycline,Sarguja,Chhattisgarh,30.50851952282797,553.7243826350369,-0.00033586740468647715,False,0.9627204952052972,0.9989732667328307,critical
FAC0024,Paracetamol,Sarguja,Chhattisgarh,0.0,0.0,-0.00045239977769613517,False,0.9501023261370769,0.998986748769554,critical
FAC0024,Ibuprofen,Sarguja,Chhattisgarh,43.25536494226702,1038.065990201712,-0.001344829836918777,False,0.9660605303631461,0.0029124110874559476,low
FAC0024,Diclofenac,Sarguja,Chhattisgarh,23.535442492647025,557.6505833357589,0.00041577365584250295,False,0.9458558539448174,0.0015482066788042321,low
FAC0024,Oral rehydration salts,Sarguja,Chhattisgarh,0.0,0.0,-0.002358584286033707,False,0.9267147791251871,0.9988260004851388,critical
FAC0024,Ringer lactate,Sarguja,Chhattisgarh,50.41573586395175,1185.2934256124042,-0.0019716125457213234,False,0.9447308617656269,0.0030973491013335627,low
FAC0024,Metformin,Sarguja,Chhattisgarh,2.513421917349152,44.81231028053857,0.000539442164646134,False,0.9618301536429548,0.005444913336768859,low
FAC0024,Amlodipine,Sarguja,Chhattisgarh,44.988911417234995,1045.5764198387399,0.0006864783216161959,False,0.959239249211657,0.0029203368187203176,low
FAC0024,Atenolol,Sarguja,Chhattisgarh,0.0,0.0,-0.0012338188357223989,False,0.9578450255926461,0.6340579521919665,high
FAC0024,Oxytocin,Sarguja,Chhattisgarh,63.820474054965395,721.1781975117303,0.00032723528087351286,False,0.9651319685006228,0.0018464707528872905,low
FAC0024,Snake Venom Antiserum,Sarguja,Chhattisgarh,48.564646517405784,812.5611665863104,-0.0027572442323082055,False,0.9410037804146865,0.005477088250007335,low
FAC0024,Insulin (Soluble),Sarguja,Chhattisgarh,22.084343310319,582.9089104707657,0.0009323883405968043,False,0.9355123971033646,0.002014339047106449,low
FAC0025,Isoniazid,Sarguja,Chhattisgarh,7.12806374413125,73.60108126385154,-0.0014664426841416338,False,0.9751446351370869,0.00251486112801317,low
FAC0025,Rifampicin,Sarguja,Chhattisgarh,0.0,0.0,-0.0009077499807337898,False,0.949898912759358,0.9989911209470986,critical
FAC0025,Ethambutol,Sarguja,Chhattisgarh,47.79860546771059,514.1939884991094,-0.0013730207160746067,False,0.9543841942617488,0.002939186963783805,low
FAC0025,Pyrazinamide,Sarguja,Chhattisgarh,38.052757707803245,998.1581579408085,-0.0008702952475690552,False,0.9435699007069035,0.0017739253142222495,low
FAC0025,Amoxicillin,Sarguja,Chhattisgarh,0.0,0.0,-0.0006060813443345791,False,0.9462233229993084,0.9989499124544557,critical
FAC0025,Ciprofloxacin,Sarguja,Chhattisgarh,0.0,0.0,0.00022186226708764375,False,0.9475088977584195,0.9989971300312774,critical
FAC0025,Metronidazole,Sarguja,Chhattisgarh,31.157081748040724,526.7468292530565,-0.0007057846074801082,False,0.955152830505678,0.998986748769554,critical
FAC0025,Azithromycin,Sarguja,Chhattisgarh,56.924166755016174,931.9462709773197,-1.8282865226156863e-05,False,0.9609707026549777,0.0028841409047521516,low
FAC0025,Doxycycline,Sarguja,Chhattisgarh,62.64885037061106,1044.224040717414,0.001005173725133647,False,0.9653987546771068,0.0022153874174068587,low
FAC0025,Paracetamol,Sarguja,Chhattisgarh,28.520589587528853,411.8965409571893,-0.0003073505940485045,False,0.9507648862521243,0.9989740083261341,critical
FAC0025,Ibuprofen,Sarguja,Chhattisgarh,0.0,0.0,-0.0002924721899250982,False,0.944697557545999,0.9989812160769865,critical
FAC0025,Diclofenac,Sarguja,Chhattisgarh,38.61503520672007,917.8419930176663,-0.00045198547235780854,False,0.9466418458331807,0.0016822714461229363,low
FAC0025,Oral rehydration salts,Sarguja,Chhattisgarh,13.433475551383133,156.99521622584106,-0.001566294319469314,False,0.9553374210891962,0.0022433427208198805,low
FAC0025,Ringer lactate,Sarguja,Chhattisgarh,14.035152525610647,269.74108197919907,-0.0020645391415574,False,0.9460167787913933,0.002934651944945081,low
FAC0025,Metformin,Sarguja,Chhattisgarh,0.0,0.0,0.0003240543126762188,False,0.9534331455136564,0.998986748769554,critical
FAC0025,Amlodipine,Sarguja,Chhattisgarh,0.0,0.0,-3.5111319614017845e-05,False,0.9391151094227244,0.9989782761571487,critical
FAC0025,Atenolol,Sarguja,Chhattisgarh,23.244299523932156,229.78558947813474,0.00029482072314008216,False,0.9651867972020785,0.0017173851221956348,low
FAC0025,Oxytocin,Sarguja,Chhattisgarh,25.309052050692294,503.1902662459261,0.0002506391981867624,False,0.9624984736289974,0.0018136807318770939,low
FAC0025,Snake Venom Antiserum,Sarguja,Chhattisgarh,19.271451930822955,342.10782061538595,-0.004700863435423352,False,0.9071633640498111,0.004035244857287524,low
FAC0025,Insulin (Soluble),Sarguja,Chhattisgarh,60.495418870124226,743.7904423438023,-5.4158376625547514e-05,False,0.966882470300737,0.0021241568855766934,low
FAC0026,Isoniazid,Sarguja,Chhattisgarh,69.61678614456376,1858.1075369820878,-0.0006882178416878604,False,0.9423122783143492,0.0019485248577306615,low
FAC0026,Rifampicin,Sarguja,Chhattisgarh,51.366787559767886,960.9639157954919,-0.0004843955266043243,False,0.9566004978043487,0.0043867264844667095,low
FAC0026,Ethambutol,Sarguja,Chhattisgarh,54.656565859777494,1295.3042761431157,0.00010509069742022106,False,0.9531175565466454,0.003112222186103269,low
FAC0026,Pyrazinamide,Sarguja,Chhattisgarh,0.0,0.0,-0.0011482610282212695,False,0.9683856512423377,0.9989190357686994,critical
FAC0026,Amoxicillin,Sarguja,Chhattisgarh,41.013486970958354,879.8867416992637,0.0004310561735072787,False,0.9456793933261576,0.007073543186581018,low
FAC0026,Ciprofloxacin,Sarguja,Chhattisgarh,43.489523165245146,578.3713793084669,0.00011518470817751687,False,0.9321355887856235,0.00323286962284315,low
FAC0026,Metronidazole,Sarguja,Chhattisgarh,24.166196200655346,359.0645727598135,0.0005519584522853423,False,0.9590077622654509,0.0017173851221956348,low
FAC0026,Azithromycin,Sarguja,Chhattisgarh,40.942048128963435,421.75543600267855,-0.0005782579083955919,False,0.9683217799542847,0.0017173851221956348,low
FAC0026,Doxycycline,Sarguja,Chhattisgarh,63.54334978547063,1037.3725188937233,0.00036192187918898585,False,0.9430599050009539,0.0022588900737082114,low
FAC0026,Paracetamol,Sarguja,Chhattisgarh,0.0,0.0,-0.00041537114668453127,False,0.9404329723425452,0.9989812160769865,critical
FAC0026,Ibuprofen,Sarguja,Chhattisgarh,3.74009647613773,39.145686103095755,0.0002543076784283884,False,0.9683519236572712,0.002765447167500951,low
FAC0026,Diclofenac,Sarguja,Chhattisgarh,0.0,0.0,0.0009701066871406993,False,0.9522701725947345,0.9989556149693484,critical
FAC0026,Oral rehydration salts,Sarguja,Chhattisgarh,26.76566037937316,433.66520261522163,-0.002113802241371309,False,0.9526554697528007,0.0015323812247304413,low
FAC0026,Ringer lactate,Sarguja,Chhattisgarh,35.35237103516684,703.7740516929065,-0.003154041075274626,False,0.9522738273511603,0.0021082140798244333,low
FAC0026,Metformin,Sarguja,Chhattisgarh,36.035233059355406,856.7673275935983,0.0005905796582723752,False,0.9620069240730362,0.0018136807318770939,low
FAC0026,Amlodipine,Sarguja,Chhattisgarh,16.973405928097232,412.4230052838079,-0.0002819096263514102,False,0.9642307714722469,0.0018199567667571163,low
FAC0026,Atenolol,Sarguja,Chhattisgarh,0.0,0.0,0.0009836156791280307,False,0.970688499416912,0.9989732667328307,critical
FAC0026,Oxytocin,Sarguja,Chhattisgarh,10.919856155454816,244.5555152321512,-0.0011040324173627026,False,0.9633820511679894,0.002527073552005435,low
FAC0026,Snake Venom Antiserum,Sarguja,Chhattisgarh,45.08039402663449,435.0455134449633,-0.003532817913562754,False,0.9376099225397977,0.06956643628832887,low
FAC0026,Insulin (Soluble),Sarguja,Chhattisgarh,39.528642961678116,858.9096595664142,-0.00026909655071472293,False,0.9607030693404768,0.0018136807318770939,low
FAC0027,Isoniazid,Sarguja,Chhattisgarh,30.4740376319066,606.6297266293953,-0.00022268299494660737,False,0.9589311490643568,0.0018084661515767406,low
FAC0027,Rifampicin,Sarguja,Chhattisgarh,0.0,0.0,-0.0006846417063484502,False,0.9534402514705077,0.9989556149693484,critical
FAC0027,Ethambutol,Sarguja,Chhattisgarh,0.0,0.0,0.0004968908246203203,False,0.9605689305385143,0.9989732667328307,critical
FAC0027,Pyrazinamide,Sarguja,Chhattisgarh,0.0,0.0,-0.00013511823756684276,False,0.9586294650010805,0.9989732667328307,critical
FAC0027,Amoxicillin,Sarguja,Chhattisgarh,0.0,0.0,0.0006895694780869543,False,0.9646286256395351,0.9989732667328307,critical
FAC0027,Ciprofloxacin,Sarguja,Chhattisgarh,59.94330897291322,1424.5695742156192,-0.0001533470191164525,False,0.9440823881019933,0.0031131399009445494,low
FAC0027,Metronidazole,Sarguja,Chhattisgarh,50.70283223861015,1128.1569575119104,-6.025708229504306e-05,False,0.9628358398603585,0.0026629822448786073,low
FAC0027,Azithromycin,Sarguja,Chhattisgarh,0.0,0.0,-2.0954718870257507e-05,False,0.9641692853369509,0.9989732667328307,critical
FAC0027,Doxycycline,Sarguja,Chhattisgarh,52.08818590710967,1251.8564429399967,-0.0005970172674147618,False,0.9540019528604358,0.0028380058523052977,low
FAC0027,Paracetamol,Sarguja,Chhattisgarh,60.93342950453537,1015.8139305924656,-0.0008371841122715958,False,0.9622381755981904,0.0018109485906974423,low
FAC0027,Ibuprofen,Sarguja,Chhattisgarh,41.61490325871926,383.3438039151742,0.000716123313132981,False,0.9423351897704928,0.0016378221630543237,low
FAC0027,Diclofenac,Sarguja,Chhattisgarh,20.75075577065964,332.64695742633114,0.0009930061008285786,False,0.9515125821862682,0.0019151755448466824,low
FAC0027,Oral rehydration salts,Sarguja,Chhattisgarh,30.13535610177851,637.7561215984763,-0.0020858089555924495,False,0.9498833199342791,0.4537930902805595,medium
FAC0027,Ringer lactate,Sarguja,Chhattisgarh,31.796653262774687,432.44892508286034,-0.001726386640181466,False,0.9610895239516876,0.001712718567906267,low
FAC0027,Metformin,Sarguja,Chhattisgarh,28.28053397736689,598.922986224222,-0.0003106904249597058,False,0.9672986591937206,0.0018136807318770939,low
FAC0027,Amlodipine,Sarguja,Chhattisgarh,38.971295213376806,1077.208514250889,0.00013264483523548414,False,0.9685112307767328,0.0017976120831995686,low
FAC0027,Atenolol,Sarguja,Chhattisgarh,66.7448503874988,636.5817200575991,0.0007621991572980001,False,0.9494095754693751,0.002687471124465227,low
FAC0027,Oxytocin,Sarguja,Chhattisgarh,0.0,0.0,-0.0013663031378441692,False,0.9519947271430189,0.9989332291518929,critical
FAC0027,Snake Venom Antiserum,Sarguja,Chhattisgarh,53.25236083260006,773.5987309759616,-0.003266335193096459,False,0.9421874221719932,0.007297345630013017,low
FAC0027,Insulin (Soluble),Sarguja,Chhattisgarh,72.59041494495267,1378.1849120585161,-0.0005971814532310212,False,0.9453760768339489,0.0019905152393704943,low
FAC0028,Isoniazid,Sarguja,Chhattisgarh,62.78960041701783,1603.2190336786084,-0.0014683324793674523,False,0.9626058278879439,0.0023900922716523516,low
FAC0028,Rifampicin,Sarguja,Chhattisgarh,31.82036752563016,658.4563587514656,-0.0004068338710626027,False,0.9770346895262568,0.0013215091791820642,low
FAC0028,Ethambutol,Sarguja,Chhattisgarh,72.16338637601228,829.2162289527697,-0.0007053745422005023,False,0.9322043981533161,0.002467668915951495,low
FAC0028,Pyrazinamide,Sarguja,Chhattisgarh,0.0,0.0,-0.0012690464107459045,False,0.9544164457420541,0.9989332291518929,critical
FAC0028,Amoxicillin,Sarguja,Chhattisgarh,30.80369310200861,318.9806377071747,0.0010360472409067618,False,0.9644386336812725,0.3913022047534889,medium
FAC0028,Ciprofloxacin,Sarguja,Chhattisgarh,30.637362889850383,370.8821069877152,-0.00016498830526549775,False,0.9516523988504144,0.46305867072187357,medium
FAC0028,Metronidazole,Sarguja,Chhattisgarh,0.0,0.0,-0.0008523423998248623,False,0.9516363471590878,0.9989911209470986,critical
FAC0028,Azithromycin,Sarguja,Chhattisgarh,17.15186257481443,183.36048952863783,-0.0012930776763456435,False,0.962531662062262,0.001712718567906267,low
FAC0028,Doxycycline,Sarguja,Chhattisgarh,73.08065828066471,973.3672333019712,0.0004742946704103715,False,0.9621078367950248,0.0017173851221956348,low
FAC0028,Paracetamol,Sarguja,Chhattisgarh,12.433728504589975,260.90502162486143,0.0002159251785547126,False,0.9673072681243413,0.0022153874174068587,low
FAC0028,Ibuprofen,Sarguja,Chhattisgarh,22.863224222541778,603.6496010504377,-0.00023081171435945577,False,0.9488255703754964,0.0013619718472704199,low
FAC0028,Diclofenac,Sarguja,Chhattisgarh,32.40203751364707,534.841612134864,0.00030744476817379945,False,0.9657510270902894,0.32851044205409635,medium
FAC0028,Oral rehydration salts,Sarguja,Chhattisgarh,21.68715225947335,485.6535599889045,-0.0007926013128700325,False,0.95546678836123,0.0017175112839127198,low
FAC0028,Ringer lactate,Sarguja,Chhattisgarh,29.568153428039142,503.372182452891,-0.0011428894638430063,False,0.9329596757131673,0.0016777001439077285,low
FAC0028,Metformin,Sarguja,Chhattisgarh,29.615810143861534,354.84016595762967,-0.0001384465306955696,False,0.9430732458501043,0.001592941750087969,low
FAC0028,Amlodipine,Sarguja,Chhattisgarh,32.903156325015985,815.7936906955266,-0.0002015479988585711,False,0.9713564471958744,0.0018136807318770939,low
FAC0028,Atenolol,Sarguja,Chhattisgarh,75.926518722944,1319.9638516287123,-0.0002493083373163507,False,0.9420833077912167,0.0019348555701465507,low
FAC0028,Oxytocin,Sarguja,Chhattisgarh,37.86120454605835,693.922730812421,9.922556135578522e-05,False,0.9462745204789097,0.37551341474448463,medium
FAC0028,Snake Venom Antiserum,Sarguja,Chhattisgarh,51.93330260068332,733.0023541414013,-0.0034333874758551595,False,0.9538449331403186,0.009923986355410726,low
FAC0028,Insulin (Soluble),Sarguja,Chhattisgarh,0.0,0.0,0.00013639477005621795,False,0.9525567431880333,0.998986748769554,critical
FAC0029,Isoniazid,Sarguja,Chhattisgarh,40.59328130378895,1002.589327183526,-0.0003641456652962065,False,0.9774508948268191,0.0013381204122428375,low
FAC0029,Rifampicin,Sarguja,Chhattisgarh,37.17563655117759,451.7659500746942,0.00042240573410662997,False,0.9387838215363328,0.001592941750087969,low
FAC0029,Ethambutol,Sarguja,Chhattisgarh,0.0,0.0,-0.0016470326544412374,False,0.9605103962472352,0.7482700966581906,high
FAC0029,Pyrazinamide,Sarguja,Chhattisgarh,40.10690652652554,756.9842587678521,-0.0008825797728018892,False,0.9452994595856535,0.007575399117362265,low
FAC0029,Amoxicillin,Sarguja,Chhattisgarh,0.0,0.0,0.0003454471586282323,False,0.9503326471863398,0.998986748769554,critical
FAC0029,Ciprofloxacin,Sarguja,Chhattisgarh,26.799280796292223,596.3554662037512,0.00013909854144108255,False,0.9692508863448805,0.0018136807318770939,low
FAC0029,Metronidazole,Sarguja,Chhattisgarh,28.88704526846821,555.0936519476223,0.0003172115026023086,False,0.9714342161813815,0.0018136807318770939,low
FAC0029,Azithromycin,Sarguja,Chhattisgarh,30.63119851722922,434.81760719345255,-5.945080471385132e-05,False,0.9380209407000777,0.0016613950793456216,low
FAC0029,Doxycycline,Sarguja,Chhattisgarh,30.362841801496472,689.4721019142714,0.0007244152146254956,False,0.9464494296620694,0.999009150133478,critical
FAC0029,Paracetamol,Sarguja,Chhattisgarh,0.0,0.0,-0.0002690800426469753,False,0.9450054943109241,0.5498185431269735,high
FAC0029,Ibuprofen,Sarguja,Chhattisgarh,0.0,0.0,0.00043540815932595274,False,0.9647473661183288,0.999003874847152,critical
FAC0029,Diclofenac,Sarguja,Chhattisgarh,53.13504263276969,1082.1794369783445,-0.0002934509804295899,False,0.9626045864754087,0.0026553323022300668,low
FAC0029,Oral rehydration salts,Sarguja,Chhattisgarh,0.0,0.0,-0.0018487742639512594,False,0.9713420449363255,0.9989190357686994,critical
FAC0029,Ringer lactate,Sarguja,Chhattisgarh,56.7908365626778,1339.5755342234454,-0.002214270340027932,False,0.9404487711594374,0.006671868807605722,low
FAC0029,Metformin,Sarguja,Chhattisgarh,71.5302970041788,692.9318836290591,-0.0002699011651198998,False,0.9443316473313639,0.002467668915951495,low
FAC0029,Amlodipine,Sarguja,Chhattisgarh,40.77302042085918,956.4154360046928,-0.00027042958484397564,False,0.964762547509278,0.9990010002486744,critical
FAC0029,Atenolol,Sarguja,Chhattisgarh,46.81255858662028,415.60216176325883,0.00035798728349112216,False,0.9434495261398506,0.00323286962284315,low
FAC0029,Oxytocin,Sarguja,Chhattisgarh,27.93353313311806,357.60964980925837,0.00017270835183524544,False,0.9627548164842477,0.9989732667328307,critical
FAC0029,Snake Venom Antiserum,Sarguja,Chhattisgarh,33.069709870321354,673.4282636641477,-0.003791684042036486,False,0.95496901651194,0.9989452538840637,critical
FAC0029,Insulin (Soluble),Sarguja,Chhattisgarh,37.74959168485959,444.1894518826983,2.6477771698409873e-05,False,0.9359585011523828,0.00323286962284315,low
FAC0030,Isoniazid,Sarguja,Chhattisgarh,0.0,0.0,-0.000655819668238716,False,0.9337733608487304,0.9989782761571487,critical
FAC0030,Rifampicin,Sarguja,Chhattisgarh,7.544808275649029,199.4885239243737,-6.101542179529884e-05,False,0.9352309126849707,0.0030373052982203027,low
FAC0030,Ethambutol,Sarguja,Chhattisgarh,0.0,0.0,-0.0007037969156711466,False,0.9561440114856486,0.998986748769554,critical
FAC0030,Pyrazinamide,Sarguja,Chhattisgarh,0.0,0.0,-0.0011519033430575111,False,0.9559117107945534,0.9989301509037755,critical
FAC0030,Amoxicillin,Sarguja,Chhattisgarh,23.19396095225051,475.6730947300021,0.000845741639537431,False,0.9457391371575825,0.0017082008341236436,low
FAC0030,Ciprofloxacin,Sarguja,Chhattisgarh,0.0,0.0,-7.127255523291245e-05,False,0.96134301269225,0.999003874847152,critical
FAC0030,Metronidazole,Sarguja,Chhattisgarh,57.28693280548035,1506.3184149443518,-0.0002845015335880637,False,0.9418244643172187,0.003915114564912342,low
FAC0030,Azithromycin,Sarguja,Chhattisgarh,0.0,0.0,0.0010172451286641585,False,0.9725621240583773,0.999003874847152,critical
FAC0030,Doxycycline,Sarguja,Chhattisgarh,15.10481710329767,211.86936792726064,-0.001950931742191777,False,0.9567560328486902,0.0018094929550406657,low
FAC0030,Paracetamol,Sarguja,Chhattisgarh,21.454017500521584,217.95716151541671,-0.0005378880951157202,False,0.964797204698147,0.0017173851221956348,low
FAC0030,Ibuprofen,Sarguja,Chhattisgarh,22.979389317242873,505.3537359681864,-0.000335001091928625,False,0.957952264945287,0.002090566417134799,low
FAC0030,Diclofenac,Sarguja,Chhattisgarh,27.011726396845912,471.51180469837067,-0.0004977234702191718,False,0.9623313430234832,0.9989913495266076,critical
FAC0030,Oral rehydration salts,Sarguja,Chhattisgarh,63.38932764084188,1253.9282086821859,-0.001584820472840091,False,0.9701849280558228,0.0020635743158669514,low
FAC0030,Ringer lactate,Sarguja,Chhattisgarh,0.0,0.0,-0.0016713607469081985,False,0.960958317555628,0.4505543323093362,medium
FAC0030,Metformin,Sarguja,Chhattisgarh,23.821008959787783,543.3807140589995,0.0007430104931328378,False,0.963492047398266,0.0018136807318770939,low
FAC0030,Amlodipine,Sarguja,Chhattisgarh,33.87861071919004,725.6855465840737,0.00040538313835668987,False,0.9558224547655689,0.001644491923867851,low
FAC0030,Atenolol,Sarguja,Chhattisgarh,0.0,0.0,-0.0006231146621706414,False,0.9621239151974936,0.9989732667328307,critical
FAC0030,Oxytocin,Sarguja,Chhattisgarh,52.2093707586069,1127.0489827527779,9.182108185608525e-05,False,0.9623390533179883,0.0058246808671276575,low
FAC0030,Snake Venom Antiserum,Sarguja,Chhattisgarh,35.83584705153529,927.8297789882436,-0.003083787505734608,False,0.926424743099298,0.5014220038838054,high
FAC0030,Insulin (Soluble),Sarguja,Chhattisgarh,0.0,0.0,0.0009599663335613955,False,0.9626782405199829,0.9990195808295564,critical
FAC0031,Isoniazid,Ernakulam,Kerala,30.639043127091867,349.57092270483355,-0.002566483021834467,False,0.9168858467414802,0.0017751689535411065,low
FAC0031,Rifampicin,Ernakulam,Kerala,64.06207872877805,1467.3675072345,-0.003277362083172418,False,0.9388137703444015,0.01603845746302034,low
FAC0031,Ethambutol,Ernakulam,Kerala,53.66131687773282,1164.4425001132768,-0.0028396182735940093,False,0.917233277883369,0.0036313997107779183,low
FAC0031,Pyrazinamide,Ernakulam,Kerala,31.566591301692988,619.9069866912679,-0.0021097443027630622,False,0.9395177679660479,0.0015678223027817976,low
FAC0031,Amoxicillin,Ernakulam,Kerala,0.0,0.0,0.00024744890807640877,False,0.9447618302512282,0.9989812160769865,critical
FAC0031,Ciprofloxacin,Ernakulam,Kerala,0.0,0.0,-0.0006719585194522765,False,0.9576001950593637,0.9989740083261341,critical
FAC0031,Metronidazole,Ernakulam,Kerala,21.45313208285145,211.54025600965778,0.00016547783308685338,False,0.9404212871501947,0.001592941750087969,low
FAC0031,Azithromycin,Ernakulam,Kerala,34.28181483893809,854.0818752542502,0.0005180484633202494,False,0.968725509968425,0.0018136807318770939,low
FAC0031,Doxycycline,Ernakulam,Kerala,0.0,0.0,-0.00044938701645687816,False,0.9604420485823943,0.9989732667328307,critical
FAC0031,Paracetamol,Ernakulam,Kerala,31.376792694462157,697.8246384131251,-5.8803551552452974e-05,False,0.9662320529161617,0.999003874847152,critical
FAC0031,Ibuprofen,Ernakulam,Kerala,9.639173004505865,202.4536750636842,-0.00030509564419382265,False,0.9490659104949085,0.0028380058523052977,low
FAC0031,Diclofenac,Ernakulam,Kerala,0.0,0.0,9.668786599440221e-05,False,0.9475635789428536,0.9989971300312774,critical
FAC0031,Oral rehydration salts,Ernakulam,Kerala,0.0,0.0,-0.0066240699952128555,False,0.8753913231348412,0.4452608489710565,medium
FAC0031,Ringer lactate,Ernakulam,Kerala,41.1865478072852,492.2921289110939,-0.007216681225287579,False,0.8782104404844708,0.9988736093547389,critical
FAC0031,Metformin,Ernakulam,Kerala,65.29600708388077,1446.223495886047,0.00019319589228945408,False,0.9680636226312633,0.0018136807318770939,low
FAC0031,Amlodipine,Ernakulam,Kerala,18.618717609286442,328.17158939232837,0.0004750458355196416,False,0.9709943891319792,0.0018084661515767406,low
FAC0031,Atenolol,Ernakulam,Kerala,0.0,0.0,0.00019902667548431008,False,0.9343714295428961,0.9989499124544557,critical
FAC0031,Oxytocin,Ernakulam,Kerala,28.195431761380217,650.5809744848523,0.0004267594565322604,False,0.9692131852750901,0.999003874847152,critical
FAC0031,Snake Venom Antiserum,Ernakulam,Kerala,0.0,0.0,-0.009996047437689745,False,0.8296276171371868,0.998951385216079,critical
FAC0031,Insulin (Soluble),Ernakulam,Kerala,57.00617951078908,1031.158073003447,-0.0004208205222790778,False,0.9657068316445627,0.002629967680940968,low
FAC0032,Isoniazid,Ernakulam,Kerala,0.0,0.0,-0.0025986898044516853,False,0.944806023858743,0.998929226377033,critical
FAC0032,Rifampicin,Ernakulam,Kerala,28.938462447283165,369.6708959911438,-0.003008854930306,False,0.949696366347645,0.001984758852197143,low
FAC0032,Ethambutol,Ernakulam,Kerala,0.0,0.0,-0.0020758406345542124,False,0.9406940542091445,0.9988293780512879,critical
FAC0032,Pyrazinamide,Ernakulam,Kerala,29.26931617573108,703.9970315939795,-0.0029694289948027125,False,0.9456108892696513,0.0036313997107779183,low
FAC0032,Amoxicillin,Ernakulam,Kerala,0.0,0.0,0.0011259749638213889,False,0.9487440141466881,0.999062239818546,critical
FAC0032,Ciprofloxacin,Ernakulam,Kerala,39.4457317534738,614.6266189026964,-1.5739638323151623e-05,False,0.9564858546821321,0.001644491923867851,low
FAC0032,Metronidazole,Ernakulam,Kerala,48.350694395026956,488.79492366887104,-0.00047200406525970046,False,0.9650225664170153,0.0017173851221956348,low
FAC0032,Azithromycin,Ernakulam,Kerala,0.0,0.0,0.0002511955469556265,False,0.9285219575514244,0.9989812160769865,critical
FAC0032,Doxycycline,Ernakulam,Kerala,0.0,0.0,0.00043515336415074734,False,0.9572032920168076,0.998986748769554,critical
FAC0032,Paracetamol,Ernakulam,Kerala,34.33245783497147,694.3669561578688,-0.0006569686771170741,False,0.9715743624990203,0.999003874847152,critical
FAC0032,Ibuprofen,Ernakulam,Kerala,24.24559672081467,481.07745540052434,-0.0006945414534121436,False,0.959209088156849,0.0018136807318770939,low
FAC0032,Diclofenac,Ernakulam,Kerala,0.0,0.0,0.001053550486061834,False,0.9425312497308136,0.998978703948104,critical
FAC0032,Oral rehydration salts,Ernakulam,Kerala,81.5758617412176,1545.5850242231888,-0.006510032722417681,False,0.8769419242425365,0.04998641142428558,low
FAC0032,Ringer lactate,Ernakulam,Kerala,0.0,0.0,-0.007390596378278015,False,0.8708408753053987,0.9987869551306596,critical
FAC0032,Metformin,Ernakulam,Kerala,0.0,0.0,-0.00013489731629503965,False,0.9540436718320924,0.998986748769554,critical
FAC0032,Amlodipine,Ernakulam,Kerala,47.68131917458759,1138.5978837480386,0.00022261120252220948,False,0.966040356725022,0.0026629822448786073,low
FAC0032,Atenolol,Ernakulam,Kerala,0.0,0.0,0.0009257425112314142,False,0.9330100407808344,0.999009150133478,critical
FAC0032,Oxytocin,Ernakulam,Kerala,0.0,0.0,0.0004535157917719142,False,0.9457366533733215,0.9989684061382977,critical
FAC0032,Snake Venom Antiserum,Ernakulam,Kerala,0.0,0.0,-0.009836073042914159,False,0.7947868584570298,0.9988366667139374,critical
FAC0032,Insulin (Soluble),Ernakulam,Kerala,33.80969186843868,629.6939382362619,-0.0002698736957213483,False,0.9607221129658666,0.0018084661515767406,low
FAC0033,Isoniazid,Ernakulam,Kerala,0.0,0.0,-0.0028685259647780047,False,0.9449354892790449,0.9989564405195207,critical
FAC0033,Rifampicin,Ernakulam,Kerala,23.332230873985992,367.7956607890475,-0.0027859251236462064,False,0.9175121342090945,0.0020245033145362516,low
FAC0033,Ethambutol,Ernakulam,Kerala,14.400294216291599,218.05863156932074,-0.0021939991696173235,False,0.9394137622770815,0.004074063170833191,low
FAC0033,Pyrazinamide,Ernakulam,Kerala,0.0,0.0,-0.0025416674860356306,False,0.9177475493871794,0.9988558374277142,critical
FAC0033,Amoxicillin,Ernakulam,Kerala,54.389265511398285,1301.2113995888692,-0.0004856175057445401,False,0.960180271388613,0.0058246808671276575,low
FAC0033,Ciprofloxacin,Ernakulam,Kerala,0.0,0.0,0.00029695460760932244,False,0.9605680847554618,0.999003874847152,critical
FAC0033,Metronidazole,Ernakulam,Kerala,45.002811754692125,637.6886131274158,0.00030142545850775257,False,0.9383600987121199,0.001592941750087969,low
FAC0033,Azithromycin,Ernakulam,Kerala,45.52528033732304,764.1377909221926,-0.0005903277140335191,False,0.9641306358324867,0.018292264071369975,low
FAC0033,Doxycycline,Ernakulam,Kerala,0.0,0.0,0.0008813534112214531,False,0.973535447661444,0.9989732667328307,critical
FAC0033,Paracetamol,Ernakulam,Kerala,13.664756248826222,208.55023913151388,-0.00023669577617560096,False,0.949354849252098,0.0024032682396423204,low
FAC0033,Ibuprofen,Ernakulam,Kerala,0.0,0.0,-1.5899374333595854e-05,False,0.9519072000569897,0.998986748769554,critical
FAC0033,Diclofenac,Ernakulam,Kerala,61.30268090232683,1135.9659852182067,-0.0008137053202428889,False,0.9586980641427794,0.002365351965866895,low
FAC0033,Oral rehydration salts,Ernakulam,Kerala,0.0,0.0,-0.007096405453413017,False,0.8904742547394073,0.9988551801854977,critical
FAC0033,Ringer lactate,Ernakulam,Kerala,0.0,0.0,-0.007305202302681774,False,0.8506800895879711,0.9988524991943956,critical
FAC0033,Metformin,Ernakulam,Kerala,0.0,0.0,-0.0008761376919297997,False,0.9587755883658584,0.9990081731990669,critical
FAC0033,Amlodipine,Ernakulam,Kerala,53.11241212860818,1040.3312877018388,0.0002914896220848905,False,0.91468217096436,0.0030745616711779756,low
FAC0033,Atenolol,Ernakulam,Kerala,62.67972504854793,1308.6205610212223,0.0005700703216833621,False,0.9426848684197251,0.0026752440421102153,low
FAC0033,Oxytocin,Ernakulam,Kerala,4.084777600428918,97.62750020751974,-0.00014616552582569068,False,0.9523182749753449,0.003073655293654061,low
FAC0033,Snake Venom Antiserum,Ernakulam,Kerala,44.55067989434098,1123.8896919606875,-0.009415271295673898,False,0.83168865602691,0.2281927588196416,low
FAC0033,Insulin (Soluble),Ernakulam,Kerala,19.534966171050183,501.2588387651292,-7.870256515191665e-05,False,0.9419926312307043,0.00200183639295191,low
FAC0034,Isoniazid,Ernakulam,Kerala,74.02666277125552,1620.0648617299425,-0.0028872365004967153,False,0.947208088309512,0.003861076684134522,low
FAC0034,Rifampicin,Ernakulam,Kerala,16.117317140896414,414.48519246440526,-0.0029614306360597827,False,0.9389067154721986,0.011500304746392865,low
FAC0034,Ethambutol,Ernakulam,Kerala,0.0,0.0,-0.0034884089829033535,False,0.9298588352299701,0.6073131667044506,high
FAC0034,Pyrazinamide,Ernakulam,Kerala,41.39717896937033,539.3905888198477,-0.0019794309330288242,False,0.9469253811068268,0.0016737262642986062,low
FAC0034,Amoxicillin,Ernakulam,Kerala,39.45857197622397,840.077339415678,0.00035923274884008843,False,0.9494583076627986,0.001649234477620837,low
FAC0034,Ciprofloxacin,Ernakulam,Kerala,0.0,0.0,-0.0003443101187007567,False,0.953750945857488,0.9989556149693484,critical
FAC0034,Metronidazole,Ernakulam,Kerala,62.79230341863846,665.5556271134586,0.0002791356156668905,False,0.969951423039789,0.0019839726125138995,low
FAC0034,Azithromycin,Ernakulam,Kerala,0.0,0.0,4.733592498131676e-05,False,0.9578114754641069,0.999069162259205,critical
FAC0034,Doxycycline,Ernakulam,Kerala,22.739852247454508,594.0207587893805,0.0004942505205748302,False,0.9728176745241078,0.0018136807318770939,low
FAC0034,Paracetamol,Ernakulam,Kerala,22.299139688539917,253.7891255860398,0.0008279152963467823,False,0.962797443039408,0.0017173851221956348,low
FAC0034,Ibuprofen,Ernakulam,Kerala,56.76281491483923,673.6399807247299,0.00025868175014430754,False,0.9481572450495118,0.003284053803384392,low
FAC0034,Diclofenac,Ernakulam,Kerala,37.890310021691654,793.898801090492,-0.0005377314395636168,False,0.9713362938122436,0.0018136807318770939,low
FAC0034,Oral rehydration salts,Ernakulam,Kerala,46.31409802135566,593.5941405175623,-0.007541248045073992,False,0.8690918598506012,0.011036911417050543,low
FAC0034,Ringer lactate,Ernakulam,Kerala,42.43068491417265,1168.3438284266106,-0.007078978134013925,False,0.873924142072902,0.10350510346351426,low
FAC0034,Metformin,Ernakulam,Kerala,15.275337453128262,231.186698337004,5.536334044574267e-07,False,0.9640641727648108,0.002096460343817394,low
FAC0034,Amlodipine,Ernakulam,Kerala,23.0197489023778,336.8246714986112,0.00010175086392163983,False,0.959583086003234,0.0018136807318770939,low
FAC0034,Atenolol,Ernakulam,Kerala,4.767936046166032,96.57280852690258,-0.0006458401236760055,False,0.9459907842725028,0.005001059576541661,low
FAC0034,Oxytocin,Ernakulam,Kerala,0.0,0.0,-0.0009116576690230498,False,0.9551888103989497,0.9990070278213549,critical
FAC0034,Snake Venom Antiserum,Ernakulam,Kerala,7.528580962281945,82.36292040424568,-0.010359667014649037,False,0.8460406734103072,0.09535962757316069,low
FAC0034,Insulin (Soluble),Ernakulam,Kerala,29.434280951525725,733.4348727131785,0.000478731884650284,False,0.9550738095809641,0.0016402778210791661,low
FAC0035,Isoniazid,Ernakulam,Kerala,0.0,0.0,-0.0026942543088633174,False,0.9202863261224233,0.9989564405195207,critical
FAC0035,Rifampicin,Ernakulam,Kerala,0.0,0.0,-0.002430599612992705,False,0.9294945074216019,0.9987455454986073,critical
FAC0035,Ethambutol,Ernakulam,Kerala,40.23385113524871,861.083688971964,-0.002408572763138185,False,0.9373229756045058,0.02950275686503708,low
FAC0035,Pyrazinamide,Ernakulam,Kerala,9.420832244912168,98.3974088996869,-0.003908711724535255,False,0.9390589130462966,0.012893245285023634,low
FAC0035,Amoxicillin,Ernakulam,Kerala,0.0,0.0,-5.43327634976454e-05,False,0.9479086933832034,0.9989845199873362,critical
FAC0035,Ciprofloxacin,Ernakulam,Kerala,28.86702805348651,702.0219943556762,0.00021415662474182253,False,0.9544222674999961,0.001649234477620837,low
FAC0035,Metronidazole,Ernakulam,Kerala,25.444442509711095,253.57894835689314,0.0003160786271623672,False,0.9670145788841299,0.9989732667328307,critical
FAC0035,Azithromycin,Ernakulam,Kerala,47.3435827230944,549.1418262167267,-0.00018516660143951303,False,0.9732032007506545,0.0025217077172003106,low
FAC0035,Doxycycline,Ernakulam,Kerala,15.654730450749932,246.7028459630524,-7.658802235489434e-05,False,0.9568594269522144,0.0022494517811022675,low
FAC0035,Paracetamol,Ernakulam,Kerala,0.0,0.0,-0.0002078477934677575,False,0.9434462831197776,0.9989499124544557,critical
FAC0035,Ibuprofen,Ernakulam,Kerala,0.0,0.0,0.00011135517513399282,False,0.9512848936677228,0.6699460589135406,high
FAC0035,Diclofenac,Ernakulam,Kerala,29.325945699883835,656.0144214838961,0.001536523344641059,False,0.9522629185529867,0.001649234477620837,low
FAC0035,Oral rehydration salts,Ernakulam,Kerala,0.0,0.0,-0.007060971839808471,False,0.8874101563983008,0.9988381812653104,critical
FAC0035,Ringer lactate,Ernakulam,Kerala,53.36031569503444,877.8310342023403,-0.006425128137008262,False,0.8873872336443455,0.009989604532894708,low
FAC0035,Metformin,Ernakulam,Kerala,30.02741045750719,684.6057943819108,-9.376183858880296e-05,False,0.9588486133353331,0.0018136807318770939,low
FAC0035,Amlodipine,Ernakulam,Kerala,48.9887967794057,445.16410791829827,-0.0007316741060785336,False,0.9608396342796651,0.0025217077172003106,low
FAC0035,Atenolol,Ernakulam,Kerala,0.0,0.0,0.0009952425648984593,False,0.9757255691482432,0.9989732667328307,critical
FAC0035,Oxytocin,Ernakulam,Kerala,0.0,0.0,-0.0012122824462198333,False,0.943429070873221,0.9988944493072186,critical
FAC0035,Snake Venom Antiserum,Ernakulam,Kerala,93.52441252903276,1968.230482717664,-0.010348289595118671,False,0.820961876195248,0.014955860393597227,low
FAC0035,Insulin (Soluble),Ernakulam,Kerala,42.54041864568702,946.9670148642052,-0.0005844793477897715,False,0.9519117586571917,0.001649234477620837,low
FAC0036,Isoniazid,Ernakulam,Kerala,64.13215877825927,1558.0059285929017,-0.002315077764127043,False,0.9521090116014178,0.008300471783759429,low
FAC0036,Rifampicin,Ernakulam,Kerala,25.969856884102434,681.9515782163162,-0.002852377154185249,False,0.959702641148698,0.0021707404334040366,low
FAC0036,Ethambutol,Ernakulam,Kerala,49.553665068124694,965.1786279160725,-0.002543413848015955,False,0.9551261439694487,0.004045177475911843,low
FAC0036,Pyrazinamide,Ernakulam,Kerala,0.0,0.0,-0.0019493430053990938,False,0.9365683219133842,0.5192669983224883,high
FAC0036,Amoxicillin,Ernakulam,Kerala,44.69146606496931,1079.573553091707,-1.257797955609272e-05,False,0.951383901719277,0.003112222186103269,low
FAC0036,Ciprofloxacin,Ernakulam,Kerala,41.78660302955753,608.9550119977282,4.006699352009734e-05,False,0.9366923241018983,0.00323286962284315,low
FAC0036,Metronidazole,Ernakulam,Kerala,0.0,0.0,-0.00030860933502371856,False,0.9686518823822641,0.9989732667328307,critical
FAC0036,Azithromycin,Ernakulam,Kerala,0.0,0.0,-0.0006056781566179814,False,0.962762871465803,0.999003874847152,critical
FAC0036,Doxycycline,Ernakulam,Kerala,0.0,0.0,-0.0003610149996689359,False,0.9473066095515472,0.24990207693763467,low
FAC0036,Paracetamol,Ernakulam,Kerala,61.69945386624566,1086.0922734743874,-0.00021509845262565646,False,0.970101431834825,0.0028841409047521516,low
FAC0036,Ibuprofen,Ernakulam,Kerala,42.00695032288973,1111.7566657341054,-0.0011384326933760504,False,0.945619290538227,0.007054425490983337,low
FAC0036,Diclofenac,Ernakulam,Kerala,0.0,0.0,-0.00011525464755546828,False,0.9680049911235014,0.999003874847152,critical
FAC0036,Oral rehydration salts,Ernakulam,Kerala,10.997525344734372,203.05889323832565,-0.007720488883977101,False,0.8952888413452251,0.07437531994011569,low
FAC0036,Ringer lactate,Ernakulam,Kerala,0.0,0.0,-0.00668147726749997,False,0.8745442016955727,0.9988524991943956,critical
FAC0036,Metformin,Ernakulam,Kerala,45.79054257017064,603.0367130781628,-0.00033687791445476985,False,0.9554818083892653,0.011216912785642722,low
FAC0036,Amlodipine,Ernakulam,Kerala,41.64669029104687,760.2346983587042,-0.0005667137158598682,False,0.9552523832217401,0.003073655293654061,low
FAC0036,Atenolol,Ernakulam,Kerala,0.0,0.0,0.0001187369196382774,False,0.9254828598021707,0.9989782761571487,critical
FAC0036,Oxytocin,Ernakulam,Kerala,23.995582601585816,458.3695396818533,0.0004606520474818287,False,0.9752094294625983,0.0017173851221956348,low
FAC0036,Snake Venom Antiserum,Ernakulam,Kerala,0.0,0.0,-0.010573570888437979,False,0.8369738187632201,0.9987745621752245,critical
FAC0036,Insulin (Soluble),Ernakulam,Kerala,19.86389802769649,318.1360175083447,-9.095907076349693e-07,False,0.9524696692815324,0.001649234477620837,low
FAC0037,Isoniazid,Ernakulam,Kerala,0.0,0.0,-0.0032471893361956422,False,0.9430740896223393,0.9989711087123583,critical
FAC0037,Rifampicin,Ernakulam,Kerala,31.4737150169703,374.8064324275993,-0.002753234729811989,False,0.9627053281314196,0.9989630805845467,critical
FAC0037,Ethambutol,Ernakulam,Kerala,38.88718203919373,779.6913568433855,-0.0018222858729875634,False,0.9508102303848301,0.001562136306159278,low
FAC0037,Pyrazinamide,Ernakulam,Kerala,46.17075135984524,1230.1381530136846,-0.002155724114854464,False,0.9354308196499116,0.9986902402855341,critical
FAC0037,Amoxicillin,Ernakulam,Kerala,39.86079823381072,634.2671961703587,-4.738183774384209e-05,False,0.9540299602171463,0.006129540829464101,low
FAC0037,Ciprofloxacin,Ernakulam,Kerala,40.21115775171716,479.0951223409114,-0.0001929936693726861,False,0.9417232202084389,0.001592941750087969,low
FAC0037,Metronidazole,Ernakulam,Kerala,44.80740720943828,987.460361290479,-0.0001461369889733822,False,0.9610956895166092,0.999003874847152,critical
FAC0037,Azithromycin,Ernakulam,Kerala,37.20676807585444,416.33911777615384,-0.000360370280619273,False,0.9558891900305312,0.0015616563216611747,low
FAC0037,Doxycycline,Ernakulam,Kerala,61.59097994540754,651.1738332199703,-0.0008583610663169566,False,0.9606018123085965,0.0022398316349015175,low
FAC0037,Paracetamol,Ernakulam,Kerala,5.297973826127926,81.02401628134687,0.0002300888139297094,False,0.968292450557128,0.002765447167500951,low
FAC0037,Ibuprofen,Ernakulam,Kerala,0.0,0.0,0.00037133517700045215,False,0.9677792366964478,0.999003874847152,critical
FAC0037,Diclofenac,Ernakulam,Kerala,38.841608666182346,1068.1929524013808,-0.0002523991455026066,False,0.9695351806443149,0.0029203368187203176,low
FAC0037,Oral rehydration salts,Ernakulam,Kerala,0.0,0.0,-0.007448754483569422,False,0.8791713530995579,0.9988736093547389,critical
FAC0037,Ringer lactate,Ernakulam,Kerala,0.0,0.0,-0.006611075827570049,False,0.8805968335087824,0.9990284914869898,critical
FAC0037,Metformin,Ernakulam,Kerala,19.090570549466545,430.29989941940505,-0.0004233008692706374,False,0.9556642636093056,0.0023755099422294403,low
FAC0037,Amlodipine,Ernakulam,Kerala,0.0,0.0,-0.0005873676444364208,False,0.9510564770575931,0.998986748769554,critical
FAC0037,Atenolol,Ernakulam,Kerala,46.66392545973668,717.6826354730825,0.0007115753465370074,False,0.9581903852902943,0.002765447167500951,low
FAC0037,Oxytocin,Ernakulam,Kerala,0.0,0.0,-1.1066231736712338e-05,False,0.9635005762514124,0.007598750283403023,low
FAC0037,Snake Venom Antiserum,Ernakulam,Kerala,0.0,0.0,-0.009532198202248751,False,0.8435939162776068,0.9988231599129342,critical
FAC0037,Insulin (Soluble),Ernakulam,Kerala,58.38423294524801,1059.427042454986,-4.793899284920789e-05,False,0.9594407718450444,0.0023897134591217254,low
FAC0038,Isoniazid,Ernakulam,Kerala,48.73232470915145,670.3472775467943,-0.003530057418784165,False,0.9607444921820703,0.003783968864556001,low
FAC0038,Rifampicin,Ernakulam,Kerala,0.0,0.0,-0.0027617369080174437,False,0.9434439368614146,0.583354429532776,high
FAC0038,Ethambutol,Ernakulam,Kerala,9.444969642907044,147.61870730922004,-0.001633478418363682,False,0.9362224302625155,0.0031046925355954122,low
FAC0038,Pyrazinamide,Ernakulam,Kerala,78.4186723414347,1288.5717112207863,-0.0029594926703479484,False,0.9517562455299329,0.001984758852197143,low
FAC0038,Amoxicillin,Ernakulam,Kerala,37.81105200076862,675.9357878040951,7.492496180971484e-05,False,0.9316668718125293,0.1842571670468567,low
FAC0038,Ciprofloxacin,Ernakulam,Kerala,21.288572244538134,530.6020924418476,0.00013094402253778392,False,0.9378652107992568,0.0016774340505829163,low
FAC0038,Metronidazole,Ernakulam,Kerala,30.895569692421514,300.8758720055364,-0.00012364906912427635,False,0.9546626597427224,0.0015616563216611747,low
FAC0038,Azithromycin,Ernakulam,Kerala,27.40738053967076,708.2849571165634,-0.0004946494078598495,False,0.962994433802283,0.0018136807318770939,low
FAC0038,Doxycycline,Ernakulam,Kerala,41.246063473261714,1174.384338251176,0.0003127136124962503,False,0.929148162743079,0.0031131399009445494,low
FAC0038,Paracetamol,Ernakulam,Kerala,0.0,0.0,-0.0016198195005852005,False,0.953917924854395,0.9988728920451184,critical
FAC0038,Ibuprofen,Ernakulam,Kerala,49.16264033561126,1002.752767814028,0.00028706365195571045,False,0.9569931836669673,0.001649234477620837,low
FAC0038,Diclofenac,Ernakulam,Kerala,39.758728106814864,732.3999901898106,-0.0005665652339001233,False,0.9573233957619476,0.0015616563216611747,low
FAC0038,Oral rehydration salts,Ernakulam,Kerala,70.90483850974461,795.826243844446,-0.007542293621902102,False,0.8737682854665263,0.08208433986417597,low
FAC0038,Ringer lactate,Ernakulam,Kerala,8.82188358907092,98.53880711400018,-0.006687004229398144,False,0.8798521611262575,0.06171251747981623,low
FAC0038,Metformin,Ernakulam,Kerala,42.40881445547606,428.3244323913602,0.001407627969628154,False,0.9687706520582668,0.0017173851221956348,low
FAC0038,Amlodipine,Ernakulam,Kerala,0.0,0.0,-2.8303914014588604e-05,False,0.9418930153340115,0.9989457209815109,critical
FAC0038,Atenolol,Ernakulam,Kerala,0.0,0.0,-0.0009371434870053829,False,0.9563444288646059,0.998960121349353,critical
FAC0038,Oxytocin,Ernakulam,Kerala,54.24500914604605,1374.9015595506262,0.00040852124269287455,False,0.9745773417019294,0.005482465289686091,low
FAC0038,Snake Venom Antiserum,Ernakulam,Kerala,35.45052283449588,685.5209939331304,-0.009797956881401865,False,0.8137824839659317,0.011884236474306026,low
FAC0038,Insulin (Soluble),Ernakulam,Kerala,37.58494837216921,924.914464343259,-0.00022654556880308038,False,0.9628322713544404,0.0029203368187203176,low
FAC0039,Isoniazid,Ernakulam,Kerala,0.0,0.0,-0.0020690580253387024,False,0.9411429159893189,0.9987455454986073,critical
FAC0039,Rifampicin,Ernakulam,Kerala,0.0,0.0,-0.003131538393056839,False,0.9276209590521608,0.9989711087123583,critical
FAC0039,Ethambutol,Ernakulam,Kerala,37.40278315560631,357.68647453628324,-0.0023071614295989236,False,0.9138091920421045,0.431487194050643,medium
FAC0039,Pyrazinamide,Ernakulam,Kerala,47.755871114458635,746.4418602143775,-0.0026907239158202472,False,0.9354059226720308,0.18744693328515988,low
FAC0039,Amoxicillin,Ernakulam,Kerala,0.0,0.0,-0.0008379720531732481,False,0.9541086157802307,0.8342894377343297,critical
FAC0039,Ciprofloxacin,Ernakulam,Kerala,27.371425375742092,515.7411407488985,-0.00012531228774955404,False,0.9663730247025647,0.999003874847152,critical
FAC0039,Metronidazole,Ernakulam,Kerala,39.66711917391945,796.743038419389,-0.0005859421253334244,False,0.9545000563755135,0.001649234477620837,low
FAC0039,Azithromycin,Ernakulam,Kerala,37.14118386088778,470.56267321306905,-5.395455296248244e-05,False,0.9483849381265591,0.9989663148822459,critical
FAC0039,Doxycycline,Ernakulam,Kerala,61.681072699784444,1075.5447781717394,0.0005699845370307393,False,0.9600081515226804,0.002813884658407893,low
FAC0039,Paracetamol,Ernakulam,Kerala,0.0,0.0,-0.0004730306285838724,False,0.9617667895971194,0.999003874847152,critical
FAC0039,Ibuprofen,Ernakulam,Kerala,25.569167358977882,402.73997428823014,-0.0007248676895319563,False,0.964503802318198,0.0017173851221956348,low
FAC0039,Diclofenac,Ernakulam,Kerala,27.973422371642602,578.2366647861116,0.00027605880814059034,False,0.9433768637639022,0.0016822714461229363,low
FAC0039,Oral rehydration salts,Ernakulam,Kerala,55.42221450564618,1215.618229273618,-0.007173470879261724,False,0.8839013696084193,0.060644862150503846,low
FAC0039,Ringer lactate,Ernakulam,Kerala,35.60598810512985,500.35833855157557,-0.008730482342172732,False,0.880948235062625,0.011036911417050543,low
FAC0039,Metformin,Ernakulam,Kerala,29.152390745406485,410.3903970696016,0.0004286977521890675,False,0.9682860371992432,0.0017173851221956348,low
FAC0039,Amlodipine,Ernakulam,Kerala,0.0,0.0,0.0005735108680549038,False,0.9748151600691664,0.9989732667328307,critical
FAC0039,Atenolol,Ernakulam,Kerala,48.79773905079464,1186.250848800504,0.0001072414755333473,False,0.9422875646745345,0.0016822714461229363,low
FAC0039,Oxytocin,Ernakulam,Kerala,57.39245257942854,741.4502757218869,0.0012085954601471277,False,0.9717388513533434,0.001842710660040445,low
FAC0039,Snake Venom Antiserum,Ernakulam,Kerala,30.803542346704777,776.5344920602118,-0.009824855371428253,False,0.830123096470111,0.009884167841825177,low
FAC0039,Insulin (Soluble),Ernakulam,Kerala,63.758537332548705,1415.9676749872408,-0.00016220549093629897,False,0.9501363225459138,0.002218774443983821,low
FAC0040,Isoniazid,Ernakulam,Kerala,41.47202198286215,907.4237615993391,-0.002680521979512926,False,0.9405197816834363,0.32460538186031596,medium
FAC0040,Rifampicin,Ernakulam,Kerala,48.56443832241228,706.0408729414427,-0.0021859232940148556,False,0.9524022285927377,0.0016183202854970582,low
FAC0040,Ethambutol,Ernakulam,Kerala,32.24261384054536,590.1926382131683,-0.00204624317410888,False,0.9068874061698806,0.4315482653469955,medium
FAC0040,Pyrazinamide,Ernakulam,Kerala,0.0,0.0,-0.0030960475613569646,False,0.9442100505136619,0.4995387887688624,medium
FAC0040,Amoxicillin,Ernakulam,Kerala,48.39870267308958,1041.7118407059295,-0.000400703086658472,False,0.9680732436872016,0.010978915159911224,low
FAC0040,Ciprofloxacin,Ernakulam,Kerala,53.68994191010009,662.661857048079,0.0008284027889015077,False,0.9463366178803062,0.0016378221630543237,low
FAC0040,Metronidazole,Ernakulam,Kerala,26.818013214558928,536.9026952670465,0.0007410722712327173,False,0.9347128155502227,0.999009150133478,critical
FAC0040,Azithromycin,Ernakulam,Kerala,23.994580009687738,379.65395617556976,0.0008393541786368703,False,0.9561229072497327,0.9990027245105887,critical
FAC0040,Doxycycline,Ernakulam,Kerala,45.433180224874725,855.8754148986839,-0.0003877369026731834,False,0.9689920446355211,0.0058246808671276575,low
FAC0040,Paracetamol,Ernakulam,Kerala,0.0,0.0,0.0006940923883877073,False,0.9568553318010689,0.9989420662358445,critical
FAC0040,Ibuprofen,Ernakulam,Kerala,65.88211783743245,1695.2637415776799,-0.0005704406444985912,False,0.9442418250036491,0.002605923917871463,low
FAC0040,Diclofenac,Ernakulam,Kerala,55.22406116365068,995.6062654179801,0.0013624220438378006,False,0.9477381752800829,0.0030789966822304515,low
FAC0040,Oral rehydration salts,Ernakulam,Kerala,21.886531343528546,211.63192939872215,-0.007893506070022337,False,0.8549540081347635,0.013534668334306164,low
FAC0040,Ringer lactate,Ernakulam,Kerala,0.0,0.0,-0.007512274676301857,False,0.871450429127616,0.998983487795465,critical
FAC0040,Metformin,Ernakulam,Kerala,28.774135959156556,531.8247507283229,-0.00047333983282794856,False,0.962139600931309,0.0017911765503069049,low
FAC0040,Amlodipine,Ernakulam,Kerala,55.85574298995212,870.6790035215328,0.0014617221004701887,False,0.9729391132567755,0.0022694252252603545,low
FAC0040,Atenolol,Ernakulam,Kerala,0.0,0.0,0.0007332377856225452,False,0.9473403483020022,0.9990246281687748,critical
FAC0040,Oxytocin,Ernakulam,Kerala,0.0,0.0,-0.001223898276291927,False,0.9433017656796088,0.9988944493072186,critical
FAC0040,Snake Venom Antiserum,Ernakulam,Kerala,0.0,0.0,-0.01003914295282216,False,0.8247740687208365,0.39165552766245054,medium
FAC0040,Insulin (Soluble),Ernakulam,Kerala,29.192501443160833,785.0326816194768,0.0015186338572483525,False,0.9600423747694518,0.0018136807318770939,low
FAC0041,Isoniazid,Ernakulam,Kerala,0.0,0.0,-0.0022843548274656517,False,0.9384846703860104,0.9988146612039029,critical
FAC0041,Rifampicin,Ernakulam,Kerala,0.0,0.0,-0.002721889346279859,False,0.9514063382946212,0.5733696764812125,high
FAC0041,Ethambutol,Ernakulam,Kerala,0.0,0.0,-0.0017321644664451887,False,0.9275392461617055,0.9989139187218273,critical
FAC0041,Pyrazinamide,Ernakulam,Kerala,31.282178829920912,764.9704412011517,-0.002618960093735842,False,0.961106683640276,0.505377021959611,high
FAC0041,Amoxicillin,Ernakulam,Kerala,0.0,0.0,-0.00011486994120272891,False,0.9635245981417294,0.9989732667328307,critical
FAC0041,Ciprofloxacin,Ernakulam,Kerala,0.0,0.0,-0.0013397512586929947,False,0.9714434726320795,0.9989190357686994,critical
FAC0041,Metronidazole,Ernakulam,Kerala,35.259231392275375,442.43123000766235,-1.5095479916554276e-05,False,0.9597135917537092,0.0017173851221956348,low
FAC0041,Azithromycin,Ernakulam,Kerala,0.0,0.0,-8.252668470842494e-06,False,0.9535939941748404,0.9989514462343629,critical
FAC0041,Doxycycline,Ernakulam,Kerala,63.08863053232555,646.456394388084,0.0005132480346517825,False,0.951092804167539,0.0022494517811022675,low
FAC0041,Paracetamol,Ernakulam,Kerala,0.0,0.0,-0.000686749109661563,False,0.936943256101549,0.9989684061382977,critical
FAC0041,Ibuprofen,Ernakulam,Kerala,0.0,0.0,0.00029593049984108906,False,0.9750203847254071,0.9989913495266076,critical
FAC0041,Diclofenac,Ernakulam,Kerala,32.79424761341844,677.0099202821629,0.0004442772364599084,False,0.9640488674381374,0.0017173851221956348,low
FAC0041,Oral rehydration salts,Ernakulam,Kerala,0.0,0.0,-0.00662123030435681,False,0.8695267839381942,0.29939743138841607,medium
FAC0041,Ringer lactate,Ernakulam,Kerala,0.0,0.0,-0.00714759975364037,False,0.8580668179060564,0.9988524991943956,critical
FAC0041,Metformin,Ernakulam,Kerala,30.361104997585006,788.1427100048161,0.0007297906528259228,False,0.9543772020995758,0.998986748769554,critical
FAC0041,Amlodipine,Ernakulam,Kerala,19.149865839206104,353.1506977643836,-0.0007614841113858748,False,0.9697356805093003,0.0019124803530110117,low
FAC0041,Atenolol,Ernakulam,Kerala,51.23493928390403,780.3612169622189,-0.0005127737976295175,False,0.9522616429817219,0.001628767418528461,low
FAC0041,Oxytocin,Ernakulam,Kerala,0.0,0.0,0.0004061268300199244,False,0.9397382722519971,0.9989812160769865,critical
FAC0041,Snake Venom Antiserum,Ernakulam,Kerala,24.00383275879749,560.9132150754942,-0.00926118192797906,False,0.8432407158269626,0.012188357748288187,low
FAC0041,Insulin (Soluble),Ernakulam,Kerala,0.0,0.0,-0.0005768415071172051,False,0.9275239128323729,0.5491044745096205,high
FAC0042,Isoniazid,Ernakulam,Kerala,39.80705373452112,485.88028130389444,-0.0019613796947537147,False,0.9506845895717879,0.0016408568329069006,low
FAC0042,Rifampicin,Ernakulam,Kerala,34.7111505790724,747.5744028039286,-0.0016850181888553764,False,0.9451046337994267,0.001587935219672067,low
FAC0042,Ethambutol,Ernakulam,Kerala,28.897591367809834,414.18148073142584,-0.0020716384262412157,False,0.9304272386918233,0.0016507390141418173,low
FAC0042,Pyrazinamide,Ernakulam,Kerala,63.08408684633535,1066.063899358808,-0.0036293196908789246,False,0.9358670338508062,0.011028147631576841,low
FAC0042,Amoxicillin,Ernakulam,Kerala,0.0,0.0,0.00022489964943615446,False,0.9594662941515752,0.999003874847152,critical
FAC0042,Ciprofloxacin,Ernakulam,Kerala,0.0,0.0,-7.056872959531791e-05,False,0.9575553337892042,0.9989514462343629,critical
FAC0042,Metronidazole,Ernakulam,Kerala,0.0,0.0,-0.0008719364890281558,False,0.93122639448004,0.9989544434142866,critical
FAC0042,Azithromycin,Ernakulam,Kerala,0.0,0.0,-6.306686954328721e-05,False,0.948933654557331,0.9989627745201658,critical
FAC0042,Doxycycline,Ernakulam,Kerala,41.536566492343404,794.3889353889207,0.0006371493279260782,False,0.943544444386032,0.0017082008341236436,low
FAC0042,Paracetamol,Ernakulam,Kerala,16.35756404126916,183.00173525882425,-0.00014433901865835012,False,0.9544837849861998,0.0021010160495993275,low
FAC0042,Ibuprofen,Ernakulam,Kerala,0.0,0.0,-0.0008687740462596723,False,0.9595560477658218,0.3343783307625909,medium
FAC0042,Diclofenac,Ernakulam,Kerala,30.108786513709187,449.3943445935759,-0.001453973741938019,False,0.9322492272114625,0.0016728758711856868,low
FAC0042,Oral rehydration salts,Ernakulam,Kerala,36.09186482015094,747.2505725909842,-0.006371461777172517,False,0.8919038207308145,0.009040292220764736,low
FAC0042,Ringer lactate,Ernakulam,Kerala,6.455877921854668,162.91167569303488,-0.0066823339674059856,False,0.8643648859504817,0.054523466113869004,low
FAC0042,Metformin,Ernakulam,Kerala,26.43130231999286,367.17827120502574,-0.0008317223618027994,False,0.952773012515208,0.9990070278213549,critical
FAC0042,Amlodipine,Ernakulam,Kerala,24.755308902743604,517.4639624595072,-0.00030647941947859733,False,0.9507106647594354,0.001649234477620837,low
FAC0042,Atenolol,Ernakulam,Kerala,0.0,0.0,0.00021372738930236645,False,0.9636053543561773,0.999003874847152,critical
FAC0042,Oxytocin,Ernakulam,Kerala,21.310483973505836,418.4564262623986,1.3790294364613817e-05,False,0.9369326099072346,0.0016822714461229363,low
FAC0042,Snake Venom Antiserum,Ernakulam,Kerala,62.388434738414574,833.9298483993203,-0.009970931682304647,False,0.8301946158747296,0.2752298953616053,medium
FAC0042,Insulin (Soluble),Ernakulam,Kerala,54.68822514564822,917.9872988604691,-0.0005997333646800214,False,0.9442953049391851,0.0034040498744595834,low
FAC0043,Isoniazid,Ernakulam,Kerala,0.6151361676563651,8.054178524329856,-0.0025030638268666,False,0.9521910419027724,0.017617229286437216,low
FAC0043,Rifampicin,Ernakulam,Kerala,26.925760439332038,360.39390550718986,-0.0032627764785930426,False,0.9435266119275074,0.0022330884867899276,low
FAC0043,Ethambutol,Ernakulam,Kerala,38.850996580089124,508.9611106373468,-0.0026518425451667856,False,0.9551431681528679,0.001984758852197143,low
FAC0043,Pyrazinamide,Ernakulam,Kerala,39.46162803019664,592.3203769754101,-0.002067187053772794,False,0.9521293517853848,0.0016183202854970582,low
FAC0043,Amoxicillin,Ernakulam,Kerala,53.0623829792153,568.0253869488675,-1.9146003479673217e-05,False,0.9727562961039427,0.0025217077172003106,low
FAC0043,Ciprofloxacin,Ernakulam,Kerala,27.159468504440984,534.1900078529706,0.00015518368222533605,False,0.9575118648192348,0.001649234477620837,low
FAC0043,Metronidazole,Ernakulam,Kerala,0.0,0.0,-0.0006990893122161555,False,0.9459004704589882,0.4522991114243569,medium
FAC0043,Azithromycin,Ernakulam,Kerala,33.46978236453892,813.3790140837899,0.00031907714717956115,False,0.9541643398682788,0.001649234477620837,low
FAC0043,Doxycycline,Ernakulam,Kerala,50.52250755496958,1055.387237332564,1.0523443380183331e-05,False,0.9638867890626863,0.002629967680940968,low
FAC0043,Paracetamol,Ernakulam,Kerala,34.94806961560336,710.6300939518565,-0.0013369837256135364,False,0.9528295420656849,0.001644752800153925,low
FAC0043,Ibuprofen,Ernakulam,Kerala,13.06315736834977,207.73177316732935,0.0006992839946475876,False,0.9505089446074747,0.002530632672550002,low
FAC0043,Diclofenac,Ernakulam,Kerala,0.0,0.0,0.0004859268214556759,False,0.9510192227690573,0.998986748769554,critical
FAC0043,Oral rehydration salts,Ernakulam,Kerala,32.395868017582124,794.6401308179364,-0.006788469288282347,False,0.8911127318768697,0.0066267246903901214,low
FAC0043,Ringer lactate,Ernakulam,Kerala,0.0,0.0,-0.007833628552605129,False,0.8768169271820201,0.9988736093547389,critical
FAC0043,Metformin,Ernakulam,Kerala,0.0,0.0,-2.5621903132079278e-05,False,0.9485644692946746,0.9990236767510522,critical
FAC0043,Amlodipine,Ernakulam,Kerala,10.825410987108016,250.856587917527,0.00024026671738293712,False,0.9638967861683604,0.0026629822448786073,low
FAC0043,Atenolol,Ernakulam,Kerala,0.0,0.0,0.00044195000780361044,False,0.9456927538445341,0.9989684061382977,critical
FAC0043,Oxytocin,Ernakulam,Kerala,32.57289194323241,824.053981236838,3.7277311266272505e-05,False,0.9476003886110059,0.9989971300312774,critical
FAC0043,Snake Venom Antiserum,Ernakulam,Kerala,91.6750635315832,1945.6071509216258,-0.009861730403656082,False,0.8483276969863267,0.012682142227883993,low
FAC0043,Insulin (Soluble),Ernakulam,Kerala,27.969319250257758,331.98771713277245,0.00032458215118338083,False,0.9554662808631823,0.0015616563216611747,low
FAC0044,Isoniazid,Ernakulam,Kerala,61.025162477782345,726.7821965360552,-0.0023363595414237367,False,0.950972846121046,0.0034214410517676977,low
FAC0044,Rifampicin,Ernakulam,Kerala,0.0,0.0,-0.0034088565836546633,False,0.9450317564840787,0.9989564405195207,critical
FAC0044,Ethambutol,Ernakulam,Kerala,0.0,0.0,-0.0019262054173824774,False,0.922087480325632,0.9987455454986073,critical
FAC0044,Pyrazinamide,Ernakulam,Kerala,29.64382121105918,314.30039719533687,-0.003156629761034908,False,0.9389459485184857,0.0021504253855516783,low
FAC0044,Amoxicillin,Ernakulam,Kerala,12.17888970207514,302.1986828999237,0.0007662523616920003,False,0.9625156596052401,0.00223983880444163,low
FAC0044,Ciprofloxacin,Ernakulam,Kerala,37.504368261111075,472.4823388755156,0.0011931982500179446,False,0.9732521775646431,0.0017173851221956348,low
FAC0044,Metronidazole,Ernakulam,Kerala,0.0,0.0,-0.0004357969603874322,False,0.9579808514351765,0.9990574570908592,critical
FAC0044,Azithromycin,Ernakulam,Kerala,41.95392304515579,514.4474154204489,0.0003186519568768759,False,0.9654994510499998,0.018446217473672293,low
FAC0044,Doxycycline,Ernakulam,Kerala,0.0,0.0,0.00017010953792119906,False,0.9501920376937194,0.998986748769554,critical
FAC0044,Paracetamol,Ernakulam,Kerala,44.19273152972484,532.5930795628498,0.00073817838056705,False,0.9603968381314343,0.002765447167500951,low
FAC0044,Ibuprofen,Ernakulam,Kerala,74.40987159298945,923.5295515071847,-0.00013234170817420096,False,0.9450628555661974,0.001592941750087969,low
FAC0044,Diclofenac,Ernakulam,Kerala,0.0,0.0,-0.000778864510552326,False,0.9674730132426721,0.9990512707002721,critical
FAC0044,Oral rehydration salts,Ernakulam,Kerala,0.0,0.0,-0.007455679086669517,False,0.8759118834886594,0.9990949066199069,critical
FAC0044,Ringer lactate,Ernakulam,Kerala,23.209999700451007,570.7864147857739,-0.006218806674170728,False,0.8485850589771611,0.01086580462595359,low
FAC0044,Metformin,Ernakulam,Kerala,0.0,0.0,0.0008460981760149206,False,0.9744757551602907,0.9989913495266076,critical
FAC0044,Amlodipine,Ernakulam,Kerala,36.20707146993561,977.7721130562574,0.00025286566815173605,False,0.9706223612832666,0.9989691683833717,critical
FAC0044,Atenolol,Ernakulam,Kerala,63.95685126902791,1629.1280724264188,-0.00044200698570073663,False,0.95816716831296,0.0018136807318770939,low
FAC0044,Oxytocin,Ernakulam,Kerala,58.486331791350906,785.1856510558963,-0.0005668706725039268,False,0.974095609203427,0.0022694252252603545,low
FAC0044,Snake Venom Antiserum,Ernakulam,Kerala,25.09564540549089,346.84894226446835,-0.01018409655563386,False,0.8508045236796938,0.01228049124555711,low
FAC0044,Insulin (Soluble),Ernakulam,Kerala,0.0,0.0,0.0007187618720048737,False,0.9607526262320414,0.9989732667328307,critical
FAC0045,Isoniazid,Ernakulam,Kerala,0.0,0.0,-0.002764894519094705,False,0.9468717302552005,0.9989564405195207,critical
FAC0045,Rifampicin,Ernakulam,Kerala,0.0,0.0,-0.0028185695680761065,False,0.9407476495600939,0.9989711087123583,critical
FAC0045,Ethambutol,Ernakulam,Kerala,51.490493707303976,615.4860041113441,-0.0026345489404417974,False,0.938827732152532,0.023193538160302434,low
FAC0045,Pyrazinamide,Ernakulam,Kerala,57.584817010933065,1021.1995047448684,-0.0025344252604888595,False,0.9294559059084768,0.004436821574213239,low
FAC0045,Amoxicillin,Ernakulam,Kerala,0.0,0.0,0.00018495313449867098,False,0.9611659797238834,0.9989732667328307,critical
FAC0045,Ciprofloxacin,Ernakulam,Kerala,45.17936398384738,577.3787334844546,0.0004981400261252139,False,0.9504954426386041,0.002947185346579827,low
FAC0045,Metronidazole,Ernakulam,Kerala,0.0,0.0,0.0003416516017596365,False,0.9652884112072946,0.999003874847152,critical
FAC0045,Azithromycin,Ernakulam,Kerala,55.50265695703177,704.4890314579088,0.0002234034991723477,False,0.9590860627887232,0.002922715424401609,low
FAC0045,Doxycycline,Ernakulam,Kerala,64.96293413558733,1459.6486444841464,0.0002019287909805931,False,0.945729567473586,0.0022654004709971517,low
FAC0045,Paracetamol,Ernakulam,Kerala,0.0,0.0,0.00016718613638172343,False,0.9635300542686536,0.9990400951522176,critical
FAC0045,Ibuprofen,Ernakulam,Kerala,32.43600637440574,846.846419526299,-0.0008642663630268149,False,0.9632753092907718,0.9990081731990669,critical
FAC0045,Diclofenac,Ernakulam,Kerala,51.948900010918145,1094.0255720880884,0.00024463933125943064,False,0.9542111243686747,0.017775003247781584,low
FAC0045,Oral rehydration salts,Ernakulam,Kerala,62.342908121203195,1489.456225507513,-0.006882305381164285,False,0.8639361190027068,0.05558411891786764,low
FAC0045,Ringer lactate,Ernakulam,Kerala,0.0,0.0,-0.007939754430775266,False,0.8763617027948489,0.9988736093547389,critical
FAC0045,Metformin,Ernakulam,Kerala,18.64777415180896,279.38184890927135,-0.0006827263153747584,False,0.9463975080436882,0.0018551559718524215,low
FAC0045,Amlodipine,Ernakulam,Kerala,21.053594229978728,414.28272735964333,0.0003771029877962226,False,0.9451986511598433,0.0019591613790728084,low
FAC0045,Atenolol,Ernakulam,Kerala,68.43963469363034,1155.8864184694214,0.00034274475756876556,False,0.9544790925485875,0.002065033002863494,low
FAC0045,Oxytocin,Ernakulam,Kerala,0.0,0.0,-0.0008075404740722857,False,0.950821958375387,0.9989911209470986,critical
FAC0045,Snake Venom Antiserum,Ernakulam,Kerala,0.0,0.0,-0.009595023829715728,False,0.8349966591155663,0.9989144377121258,critical
FAC0045,Insulin (Soluble),Ernakulam,Kerala,10.349230157429147,204.8599889521064,0.000535447113567031,False,0.930772111508085,0.0028623908326767316,low
FAC0046,Isoniazid,Ernakulam,Kerala,28.59769840357836,277.050869507764,-0.002760056358711156,False,0.9343373629001195,0.00199938848243516,low
FAC0046,Rifampicin,Ernakulam,Kerala,56.425496880595354,1329.0726816121398,-0.002731811168427433,False,0.9490709002252029,0.001991625702182058,low
FAC0046,Ethambutol,Ernakulam,Kerala,0.0,0.0,-0.001959016579818249,False,0.9468099978822562,0.21094863503068306,low
FAC0046,Pyrazinamide,Ernakulam,Kerala,74.79855350207878,1959.2768289079133,-0.0035292322701055423,False,0.9418722564565731,0.007973673773784601,low
FAC0046,Amoxicillin,Ernakulam,Kerala,21.290820555992163,542.9727610674375,0.0012299001775105318,False,0.9724094081484893,0.0019499901928736597,low
FAC0046,Ciprofloxacin,Ernakulam,Kerala,67.7259541368402,1799.7099150629122,0.0002559463181037406,False,0.9637564633044347,0.0022432093690816085,low
FAC0046,Metronidazole,Ernakulam,Kerala,19.923101023216304,500.2708339301781,-8.871144833890752e-05,False,0.9612078488583242,0.0018136807318770939,low
FAC0046,Azithromycin,Ernakulam,Kerala,61.963918794936596,1428.798019465542,-0.0008105303291923562,False,0.9653978804984038,0.00280791712231004,low
FAC0046,Doxycycline,Ernakulam,Kerala,0.0,0.0,-0.00014423345055214137,False,0.9542362202012362,0.998986748769554,critical
FAC0046,Paracetamol,Ernakulam,Kerala,33.60612899216189,484.3358128880173,-0.0007770326611189455,False,0.9540316987113457,0.4560514561950936,medium
FAC0046,Ibuprofen,Ernakulam,Kerala,0.0,0.0,-0.00034012039907236827,False,0.9284528204273677,0.9989812160769865,critical
FAC0046,Diclofenac,Ernakulam,Kerala,19.325115104789084,494.059995323981,-0.0006995661968143696,False,0.9724907968229767,0.0018136807318770939,low
FAC0046,Oral rehydration salts,Ernakulam,Kerala,0.0,0.0,-0.007713518819422579,False,0.8672540118416766,0.9988381812653104,critical
FAC0046,Ringer lactate,Ernakulam,Kerala,61.198785639695785,1593.354069131299,-0.007555676060825285,False,0.87773425896382,0.007797262054095154,low
FAC0046,Metformin,Ernakulam,Kerala,0.0,0.0,0.0004622388475161473,False,0.9475490873595895,0.9989845199873362,critical
FAC0046,Amlodipine,Ernakulam,Kerala,33.36822849274575,321.7614700809135,-0.00038910105884232157,False,0.9637998969630006,0.9989732667328307,critical
FAC0046,Atenolol,Ernakulam,Kerala,49.75539954406078,1146.954809542317,3.526713145663232e-05,False,0.9672968918710196,0.002629967680940968,low
FAC0046,Oxytocin,Ernakulam,Kerala,49.42096618938848,1258.7218631140504,0.001620081018501338,False,0.9713898804353129,0.0018136807318770939,low
FAC0046,Snake Venom Antiserum,Ernakulam,Kerala,45.884191329091216,1246.7176541372964,-0.008814549066110613,False,0.8275014828888692,0.008555045643756393,low
FAC0046,Insulin (Soluble),Ernakulam,Kerala,63.49477097827887,1122.4207339133302,0.00029769925421766386,False,0.9682507692713598,0.0025217077172003106,low
FAC0047,Isoniazid,Ernakulam,Kerala,49.70310972779857,525.9128170996433,-0.003023916278718936,False,0.9515293010086093,0.0018793971185661203,low
FAC0047,Rifampicin,Ernakulam,Kerala,0.0,0.0,-0.0010460477247957992,False,0.9288374108107657,0.998971150462904,critical
FAC0047,Ethambutol,Ernakulam,Kerala,0.0,0.0,-0.0018649801655998357,False,0.9399573473008155,0.9988293780512879,critical
FAC0047,Pyrazinamide,Ernakulam,Kerala,53.36941240175797,1075.0241753200862,-0.003318436155640644,False,0.9606820641125534,0.00541540093274956,low
FAC0047,Amoxicillin,Ernakulam,Kerala,24.396137425728906,650.4301078991142,7.92032851080835e-05,False,0.9605681679804077,0.0018136807318770939,low
FAC0047,Ciprofloxacin,Ernakulam,Kerala,33.21828477293161,307.6134812475411,-0.0005955039069939992,False,0.9713894859453871,0.9989732667328307,critical
FAC0047,Metronidazole,Ernakulam,Kerala,42.17803115904711,688.0091802542034,-0.0002786578579953283,False,0.9438638168774527,0.0069862313227207935,low
FAC0047,Azithromycin,Ernakulam,Kerala,0.0,0.0,-0.0004536558196264106,False,0.9542567973627707,0.9989556149693484,critical
FAC0047,Doxycycline,Ernakulam,Kerala,25.061026771117305,309.09207171478533,0.0003437529741463573,False,0.957179293067794,0.0015616563216611747,low
FAC0047,Paracetamol,Ernakulam,Kerala,0.0,0.0,0.0010670709094701325,False,0.9523055366463249,0.9989740083261341,critical
FAC0047,Ibuprofen,Ernakulam,Kerala,0.0,0.0,0.0004507620460856316,False,0.9699616140677498,0.9989732667328307,critical
FAC0047,Diclofenac,Ernakulam,Kerala,0.0,0.0,9.835938243764018e-05,False,0.9565983747817691,0.9989740083261341,critical
FAC0047,Oral rehydration salts,Ernakulam,Kerala,72.34716927863994,805.8014982859456,-0.007341992659109025,False,0.8657969025235989,0.03164006087408369,low
FAC0047,Ringer lactate,Ernakulam,Kerala,0.0,0.0,-0.007915682224809512,False,0.8795161570181678,0.9988736093547389,critical
FAC0047,Metformin,Ernakulam,Kerala,40.16606909099315,488.46546701090296,-0.0006165263245135134,False,0.9539503048418303,0.001628767418528461,low
FAC0047,Amlodipine,Ernakulam,Kerala,2.165493809431495,53.0751544999673,0.00017113949770202985,False,0.9306231309884094,0.005063687862339638,low
FAC0047,Atenolol,Ernakulam,Kerala,39.022290676584795,455.6215953740627,0.0006450760737070192,False,0.9298023339068767,0.0016378221630543237,low
FAC0047,Oxytocin,Ernakulam,Kerala,0.0,0.0,0.0004865185528457277,False,0.9593927024498816,0.9989913495266076,critical
FAC0047,Snake Venom Antiserum,Ernakulam,Kerala,0.0,0.0,-0.008863268913899625,False,0.8455730863917784,0.998957494132889,critical
FAC0047,Insulin (Soluble),Ernakulam,Kerala,55.773910793350325,1180.4499110345603,0.0008404143988904222,False,0.9521150068332135,0.0028380058523052977,low
FAC0048,Isoniazid,Ernakulam,Kerala,0.0,0.0,-0.0025557646903958107,False,0.9441600010498201,0.998932307282423,critical
FAC0048,Rifampicin,Ernakulam,Kerala,0.0,0.0,-0.002050654251764835,False,0.9271060903015234,0.9988293780512879,critical
FAC0048,Ethambutol,Ernakulam,Kerala,25.493428738493694,343.3072173810238,-0.004114438219142298,False,0.9503562512074613,0.003879261218865849,low
FAC0048,Pyrazinamide,Ernakulam,Kerala,46.47956436205765,775.6479496193324,-0.002423039906125818,False,0.9460166166954942,0.3743654210306843,medium
FAC0048,Amoxicillin,Ernakulam,Kerala,33.4412223446405,829.9501785346675,0.0003968298623498305,False,0.9709687701849726,0.0018136807318770939,low
FAC0048,Ciprofloxacin,Ernakulam,Kerala,0.0,0.0,0.0003284769931734237,False,0.9548580255886961,0.9989556149693484,critical
FAC0048,Metronidazole,Ernakulam,Kerala,17.32301129717423,400.78872258451537,0.0012371543091200155,False,0.949838427194605,0.002065033002863494,low
FAC0048,Azithromycin,Ernakulam,Kerala,0.0,0.0,-0.0006506976091292091,False,0.9551399411705369,0.9989556149693484,critical
FAC0048,Doxycycline,Ernakulam,Kerala,0.0,0.0,0.00041921689437633843,False,0.9596686890792451,0.9989732667328307,critical
FAC0048,Paracetamol,Ernakulam,Kerala,7.063306002947421,83.21005212782411,0.0001367666415630814,False,0.9493716293043711,0.002947185346579827,low
FAC0048,Ibuprofen,Ernakulam,Kerala,73.15732876585426,748.7054325546034,0.0001670210550279292,False,0.9449139700464146,0.002145172784791562,low
FAC0048,Diclofenac,Ernakulam,Kerala,0.0,0.0,-0.00043929501040451604,False,0.9707441988717577,0.999003874847152,critical
FAC0048,Oral rehydration salts,Ernakulam,Kerala,57.791631817578995,1562.38741278005,-0.007165462062475648,False,0.8676312163788487,0.05447497254085778,low
FAC0048,Ringer lactate,Ernakulam,Kerala,0.0,0.0,-0.007381181912087588,False,0.8912054302882438,0.9990427085896117,critical
FAC0048,Metformin,Ernakulam,Kerala,55.0405510670241,1442.7951620089825,0.0007586224399552733,False,0.9495657023939281,0.0032259825098769563,low
FAC0048,Amlodipine,Ernakulam,Kerala,21.10376765013383,576.0052711287832,-0.0009192466659451018,False,0.9647803349321469,0.001895538032581712,low
FAC0048,Atenolol,Ernakulam,Kerala,0.0,0.0,-0.0008119261252032423,False,0.970243754761114,0.9990081731990669,critical
FAC0048,Oxytocin,Ernakulam,Kerala,31.94947969288488,749.5188879907083,-0.00159723134394765,False,0.9642115664693698,0.0018087529930174407,low
FAC0048,Snake Venom Antiserum,Ernakulam,Kerala,45.52541705018306,507.763782979364,-0.009325161721394143,False,0.8280935850539917,0.32171272437911397,medium
FAC0048,Insulin (Soluble),Ernakulam,Kerala,0.0,0.0,0.0005776461854982476,False,0.9435725346355565,0.9990451788061393,critical
FAC0049,Isoniazid,Ernakulam,Kerala,70.22996874522899,1087.654027579719,-0.0034708649163987886,False,0.9333141584318351,0.01027793353342993,low
FAC0049,Rifampicin,Ernakulam,Kerala,23.997916178530865,420.47702496496436,-0.0017471844188030952,False,0.9303188982634252,0.0015934313350053407,low
FAC0049,Ethambutol,Ernakulam,Kerala,54.67174356758219,671.9386038054064,-0.0023658599453488813,False,0.9259043135181778,0.0016507390141418173,low
FAC0049,Pyrazinamide,Ernakulam,Kerala,26.522419587312896,465.4833342570634,-0.002240219811336883,False,0.9056415070649098,0.9987455454986073,critical
FAC0049,Amoxicillin,Ernakulam,Kerala,0.0,0.0,-0.0001615673494894696,False,0.952239941456976,0.998986748769554,critical
FAC0049,Ciprofloxacin,Ernakulam,Kerala,0.0,0.0,0.0006299767861268162,False,0.9574910875260503,0.998986748769554,critical
FAC0049,Metronidazole,Ernakulam,Kerala,36.11848458438734,603.2779516442059,-0.0003196669297792503,False,0.9576489704549229,0.32660632527912103,medium
FAC0049,Azithromycin,Ernakulam,Kerala,15.54828236068481,273.3504531170006,-0.0010578489887818094,False,0.9576974780157996,0.002726228552768374,low
FAC0049,Doxycycline,Ernakulam,Kerala,26.452810717523235,378.99396650073686,-0.00016538567282226504,False,0.9706660593710401,0.9989732667328307,critical
FAC0049,Paracetamol,Ernakulam,Kerala,37.422319626696925,740.6526148330425,0.0017189622893323726,False,0.9484102610396348,0.9990218134011852,critical
FAC0049,Ibuprofen,Ernakulam,Kerala,29.26386482543557,568.6866779210524,0.0009456512771950348,False,0.9710972439213519,0.0018136807318770939,low
FAC0049,Diclofenac,Ernakulam,Kerala,0.0,0.0,9.325033392844049e-05,False,0.9400502075420594,0.9989684061382977,critical
FAC0049,Oral rehydration salts,Ernakulam,Kerala,0.0,0.0,-0.007163103083053776,False,0.8843451527958117,0.9990284914869898,critical
FAC0049,Ringer lactate,Ernakulam,Kerala,0.0,0.0,-0.0063095853334795915,False,0.8795789032444303,0.9988736093547389,critical
FAC0049,Metformin,Ernakulam,Kerala,18.14250964882297,293.34909759937835,-0.00044237211525559637,False,0.9580482902952145,0.0017173851221956348,low
FAC0049,Amlodipine,Ernakulam,Kerala,0.0,0.0,-0.001099097446315467,False,0.9309537766833997,0.47911416174471894,medium
FAC0049,Atenolol,Ernakulam,Kerala,39.54012478595261,390.72978342742675,-0.00017946465735414727,False,0.9651209993128385,0.0017173851221956348,low
FAC0049,Oxytocin,Ernakulam,Kerala,40.39394576174691,487.5064457570505,-4.233884470456133e-07,False,0.956917621006401,0.016845558506949822,low
FAC0049,Snake Venom Antiserum,Ernakulam,Kerala,0.0,0.0,-0.012044912307236836,False,0.8482590115083799,0.998983487795465,critical
FAC0049,Insulin (Soluble),Ernakulam,Kerala,33.096392470285515,348.83625566516366,0.001049534595832393,False,0.9712286536187109,0.9989732667328307,critical
FAC0050,Isoniazid,Ernakulam,Kerala,37.499649421915734,685.0609510257087,-0.0027978711105689693,False,0.9474245015804224,0.48179782705606367,medium
FAC0050,Rifampicin,Ernakulam,Kerala,50.01970756222448,1077.7750467951978,-0.0023479495463637158,False,0.9544764884439245,0.008870374727891024,low
FAC0050,Ethambutol,Ernakulam,Kerala,0.0,0.0,-0.00206379046282201,False,0.9478645499730473,0.9988197954788794,critical
FAC0050,Pyrazinamide,Ernakulam,Kerala,25.271567635562132,492.3241129981429,-0.0012859627919320508,False,0.9336413723557933,0.00278428795879431,low
FAC0050,Amoxicillin,Ernakulam,Kerala,56.430416463925276,525.1721487059122,-6.950667504173026e-05,False,0.9462828589042589,0.0026363675324270965,low
FAC0050,Ciprofloxacin,Ernakulam,Kerala,0.0,0.0,-8.49935240197713e-05,False,0.9504379991204954,0.9989740083261341,critical
FAC0050,Metronidazole,Ernakulam,Kerala,30.562494277504904,589.4147346389781,0.0011601991992377838,False,0.9602304431276238,0.4871476344522502,medium
FAC0050,Azithromycin,Ernakulam,Kerala,0.0,0.0,-0.00010366126259219527,False,0.9652090550976429,0.9989732667328307,critical
FAC0050,Doxycycline,Ernakulam,Kerala,22.947767227232323,444.856607303116,0.00021646656073335204,False,0.9646425944840687,0.0017911765503069049,low
FAC0050,Paracetamol,Ernakulam,Kerala,25.706739061938542,382.4279872239145,0.0005051139619339989,False,0.9676197140673374,0.0017173851221956348,low
FAC0050,Ibuprofen,Ernakulam,Kerala,0.0,0.0,-8.730979432637203e-05,False,0.9622653433392079,0.9989913495266076,critical
FAC0050,Diclofenac,Ernakulam,Kerala,47.56116479612928,478.7016296611357,9.05078997037282e-05,False,0.9602348406031027,0.0017173851221956348,low
FAC0050,Oral rehydration salts,Ernakulam,Kerala,25.395821240974094,280.4059833663159,-0.007137352211302413,False,0.8767781653303834,0.00958833036051081,low
FAC0050,Ringer lactate,Ernakulam,Kerala,34.90391576605158,645.4426375551847,-0.006562356599962572,False,0.8824190765902229,0.4549017669926497,medium
FAC0050,Metformin,Ernakulam,Kerala,23.388659090130272,247.11534182554328,-0.0005049381321656192,False,0.9381618914822025,0.9989499124544557,critical
FAC0050,Amlodipine,Ernakulam,Kerala,0.0,0.0,0.00021564779596349075,False,0.9557480622177333,0.998986748769554,critical
FAC0050,Atenolol,Ernakulam,Kerala,47.08901660560549,1060.7778198817223,0.0013410839626626521,False,0.9422491162904462,0.003200713900722209,low
FAC0050,Oxytocin,Ernakulam,Kerala,45.079330248263005,1179.6932493897261,4.4181458780364435e-06,False,0.9594382005884312,0.003349381607641451,low
FAC0050,Snake Venom Antiserum,Ernakulam,Kerala,10.369421882430018,144.37422995505378,-0.009515989200695399,False,0.8133897254823055,0.09728560744601067,low
FAC0050,Insulin (Soluble),Ernakulam,Kerala,48.91334746916275,929.6431076158357,8.725580430672942e-05,False,0.9615088591794401,0.004168183924397347,low
FAC0051,Isoniazid,Ernakulam,Kerala,41.73228685970813,520.1654019061084,-0.0027133918037619362,False,0.948531150232099,0.9990262346680675,critical
FAC0051,Rifampicin,Ernakulam,Kerala,0.0,0.0,-0.002905382045875344,False,0.9436998086978464,0.5839910362899741,high
FAC0051,Ethambutol,Ernakulam,Kerala,0.0,0.0,-0.0026676271247424942,False,0.9270560305820563,0.9989104229049278,critical
FAC0051,Pyrazinamide,Ernakulam,Kerala,30.596132377514355,782.917903677266,-0.0021341623877041862,False,0.9436672246544195,0.0015678223027817976,low
FAC0051,Amoxicillin,Ernakulam,Kerala,0.0,0.0,0.0009868270958612536,False,0.9503240517098785,0.9989740083261341,critical
FAC0051,Ciprofloxacin,Ernakulam,Kerala,0.0,0.0,-0.00019956343837701894,False,0.9761540929121645,0.9989732667328307,critical
FAC0051,Metronidazole,Ernakulam,Kerala,57.161456609953454,1283.8490007747291,-0.0003853693205711485,False,0.9296154974715889,0.002605923917871463,low
FAC0051,Azithromycin,Ernakulam,Kerala,23.13742468703749,310.95305587254836,-0.0001314104883654746,False,0.9562499742227049,0.0015616563216611747,low
FAC0051,Doxycycline,Ernakulam,Kerala,19.817718480517065,431.4806000770403,0.00023573335144912334,False,0.9533034396768353,0.0019151755448466824,low
FAC0051,Paracetamol,Ernakulam,Kerala,54.504048248937494,757.7265073815747,0.00012516175969266133,False,0.9506463477022286,0.002687471124465227,low
FAC0051,Ibuprofen,Ernakulam,Kerala,0.0,0.0,0.0009697132003292287,False,0.9202572296951073,0.998978703948104,critical
FAC0051,Diclofenac,Ernakulam,Kerala,0.0,0.0,-0.0006330185260715668,False,0.9461743523383987,0.4716684397055659,medium
FAC0051,Oral rehydration salts,Ernakulam,Kerala,40.84620354852429,697.3816605093123,-0.00682827192482702,False,0.8905194683574039,0.9988692888617938,critical
FAC0051,Ringer lactate,Ernakulam,Kerala,0.0,0.0,-0.007460309555388376,False,0.8706412494003524,0.9988524991943956,critical
FAC0051,Metformin,Ernakulam,Kerala,36.106332018769564,488.2501497612257,0.0008283420366623514,False,0.9728450494122312,0.9989732667328307,critical
FAC0051,Amlodipine,Ernakulam,Kerala,60.15274121033534,981.4295724050712,-0.0002709304228064609,False,0.9660088644680529,0.002629967680940968,low
FAC0051,Atenolol,Ernakulam,Kerala,10.371284363641687,115.09391274518501,-0.0004815481028129663,False,0.9689415615218792,0.0022694252252603545,low
FAC0051,Oxytocin,Ernakulam,Kerala,15.885889630652933,368.39726873246565,3.6493709164536506e-05,False,0.9365042976871856,0.002605923917871463,low
FAC0051,Snake Venom Antiserum,Ernakulam,Kerala,63.687055698222366,1151.7746922072608,-0.008596954273157003,False,0.82716828218633,0.9989144377121258,critical
FAC0051,Insulin (Soluble),Ernakulam,Kerala,0.0,0.0,0.0002767713838712805,False,0.9490721722528751,0.9989556149693484,critical
FAC0052,Isoniazid,Ernakulam,Kerala,0.0,0.0,-0.002274549630081389,False,0.9326871899930044,0.9988293780512879,critical
FAC0052,Rifampicin,Ernakulam,Kerala,0.0,0.0,-0.0021819774014662525,False,0.9354570291663828,0.9987455454986073,critical
FAC0052,Ethambutol,Ernakulam,Kerala,60.309923500661874,1549.4167581596328,-0.0029786275521163077,False,0.9295514442995148,0.012926638862060117,low
FAC0052,Pyrazinamide,Ernakulam,Kerala,33.35632367655982,487.86963400258827,-0.0018812714303107312,False,0.9284750569082443,0.0016737262642986062,low
FAC0052,Amoxicillin,Ernakulam,Kerala,0.0,0.0,-0.00074805466129457,False,0.955798607201241,0.998986748769554,critical
FAC0052,Ciprofloxacin,Ernakulam,Kerala,36.8328636734419,677.4440603750916,-0.0001275017277201427,False,0.923826088909281,0.001592941750087969,low
FAC0052,Metronidazole,Ernakulam,Kerala,31.588461804650066,620.2829639853906,-5.78378431135508e-05,False,0.9534807365819588,0.4566033711520982,medium
FAC0052,Azithromycin,Ernakulam,Kerala,0.0,0.0,-1.8025843706566242e-05,False,0.9366234907530364,0.9989812160769865,critical
FAC0052,Doxycycline,Ernakulam,Kerala,30.15291096470152,300.0792969416585,-0.0002009496560043403,False,0.9355700936971868,0.001592941750087969,low
FAC0052,Paracetamol,Ernakulam,Kerala,0.0,0.0,-7.220350528608584e-05,False,0.9617070040112708,0.9989732667328307,critical
FAC0052,Ibuprofen,Ernakulam,Kerala,19.237387644445942,241.40226186310102,0.0003781836448878689,False,0.9772874271369215,0.0016919997111323893,low
FAC0052,Diclofenac,Ernakulam,Kerala,19.922979723806602,423.4945222243315,-0.00026911153202993003,False,0.9532612057456279,0.001896867701201201,low
FAC0052,Oral rehydration salts,Ernakulam,Kerala,63.6102946669655,868.3811844264008,-0.0062104138337848065,False,0.8663207845026093,0.0878743878311015,low
FAC0052,Ringer lactate,Ernakulam,Kerala,49.917916979491224,1308.0848929615474,-0.007158545676081575,False,0.8767881769033885,0.28261265360500304,medium
FAC0052,Metformin,Ernakulam,Kerala,43.815206979237495,664.4397134345866,4.0255763238735586e-05,False,0.9734097639402377,0.002765447167500951,low
FAC0052,Amlodipine,Ernakulam,Kerala,0.0,0.0,0.0007261047567952605,False,0.960964512406332,0.999003874847152,critical
FAC0052,Atenolol,Ernakulam,Kerala,54.72355864584549,1358.8602689708393,0.0007119700775589197,False,0.9574193348850795,0.0028380058523052977,low
FAC0052,Oxytocin,Ernakulam,Kerala,45.05270689020677,1049.155410471923,0.00013394644950678276,False,0.9602581762590839,0.0026629822448786073,low
FAC0052,Snake Venom Antiserum,Ernakulam,Kerala,11.980249996131382,229.0000646183843,-0.009446431190857743,False,0.8193878763947446,0.09361945610671854,low
FAC0052,Insulin (Soluble),Ernakulam,Kerala,6.483549038937926,125.33494489843474,0.000165157693958252,False,0.9630439243520417,0.0029203368187203176,low
FAC0053,Isoniazid,Ernakulam,Kerala,45.83919926604431,1095.0440581581443,-0.0026134102763783313,False,0.948733877421839,0.0038363995961822783,low
FAC0053,Rifampicin,Ernakulam,Kerala,65.46487656228375,742.1153853989623,-0.002264945526451838,False,0.9383923415898154,0.003706447084403543,low
FAC0053,Ethambutol,Ernakulam,Kerala,34.89164392323521,601.7607434733152,-0.0016244623570728183,False,0.9282911979535565,0.0015934313350053407,low
FAC0053,Pyrazinamide,Ernakulam,Kerala,19.54360729343546,542.9615926431483,-0.002544266979442691,False,0.9386010505980373,0.0038255096887655727,low
FAC0053,Amoxicillin,Ernakulam,Kerala,0.0,0.0,0.0002204973468851769,False,0.9685001857260026,0.999003874847152,critical
FAC0053,Ciprofloxacin,Ernakulam,Kerala,62.332770959227865,1385.8494759349937,0.00015381990570119771,False,0.9539299832252075,0.0028380058523052977,low
FAC0053,Metronidazole,Ernakulam,Kerala,0.0,0.0,8.025384247549559e-06,False,0.9503174598622555,0.9989838247992484,critical
FAC0053,Azithromycin,Ernakulam,Kerala,38.06065022367876,923.9747964895655,0.00028517229862919146,False,0.9554326924438696,0.001649234477620837,low
FAC0053,Doxycycline,Ernakulam,Kerala,19.50082307406828,389.6895703132071,0.0012475724239640869,False,0.9486531422752977,0.002128247563464664,low
FAC0053,Paracetamol,Ernakulam,Kerala,30.51138889002666,374.8757176540668,0.0005378414915202537,False,0.962786353362806,0.0017173851221956348,low
FAC0053,Ibuprofen,Ernakulam,Kerala,0.0,0.0,-0.0001515965091208164,False,0.9568627323478005,0.9989556149693484,critical
FAC0053,Diclofenac,Ernakulam,Kerala,38.76798248319957,488.9227727316719,-0.00013019646351643157,False,0.9436990867382424,0.2791537813590107,medium
FAC0053,Oral rehydration salts,Ernakulam,Kerala,26.218049409626985,678.1971503316275,-0.006130243578649328,False,0.8626992107161673,0.007234749362847248,low
FAC0053,Ringer lactate,Ernakulam,Kerala,32.78548287290156,351.3583789221598,-0.007844285222437585,False,0.8932197795751325,0.9989186084902709,critical
FAC0053,Metformin,Ernakulam,Kerala,0.0,0.0,-0.0002181154558556795,False,0.9426686231845449,0.9989684061382977,critical
FAC0053,Amlodipine,Ernakulam,Kerala,45.955411192042874,699.7213569802242,-0.0006735125202483418,False,0.965087294653957,0.002765447167500951,low
FAC0053,Atenolol,Ernakulam,Kerala,46.55475774269917,1058.7651714542387,0.0002871894588095741,False,0.9671710194570871,0.004168183924397347,low
FAC0053,Oxytocin,Ernakulam,Kerala,0.0,0.0,-0.0013651623853238259,False,0.9399010422661228,0.9989139187218273,critical
FAC0053,Snake Venom Antiserum,Ernakulam,Kerala,46.29159408372087,458.7826216257796,-0.008344300463122591,False,0.821884269821813,0.010341432298067981,low
FAC0053,Insulin (Soluble),Ernakulam,Kerala,0.0,0.0,0.001262619920120657,False,0.9628930768378225,0.9989732667328307,critical
FAC0054,Isoniazid,Ernakulam,Kerala,17.014886973002636,295.2072798569785,-0.002595345054500594,False,0.9136973209532631,0.005411226168529122,low
FAC0054,Rifampicin,Ernakulam,Kerala,0.0,0.0,-0.00248681636177581,False,0.9510697957870048,0.9987523564449586,critical
FAC0054,Ethambutol,Ernakulam,Kerala,13.58288209832845,324.3620662380414,-0.002933688710166542,False,0.9459562683748135,0.010633985020921735,low
FAC0054,Pyrazinamide,Ernakulam,Kerala,41.47969734385965,709.0253079196397,-0.00338913554450983,False,0.9586184965299105,0.06297597646390815,low
FAC0054,Amoxicillin,Ernakulam,Kerala,22.705195672724603,508.80905279875,0.0004810146518949934,False,0.9432054179305482,0.0016822714461229363,low
FAC0054,Ciprofloxacin,Ernakulam,Kerala,5.326451256550302,113.73080888081869,-0.0001495247699910079,False,0.9520480735922074,0.003112222186103269,low
FAC0054,Metronidazole,Ernakulam,Kerala,15.455205729617493,190.77031037771255,-0.00021129224693219154,False,0.9597448575093184,0.0022694252252603545,low
FAC0054,Azithromycin,Ernakulam,Kerala,31.904488336771198,692.757908213955,-0.00034803949901841147,False,0.9522689079538369,0.001649234477620837,low
FAC0054,Doxycycline,Ernakulam,Kerala,0.0,0.0,0.0007265147945249463,False,0.9341617062528327,0.999009150133478,critical
FAC0054,Paracetamol,Ernakulam,Kerala,34.93163616667684,637.3328503983535,-0.00071184314770284,False,0.9465100772244973,0.001592941750087969,low
FAC0054,Ibuprofen,Ernakulam,Kerala,33.96722633567177,590.1370842002655,2.2823013668214836e-05,False,0.9474423212012903,0.0016182040395085735,low
FAC0054,Diclofenac,Ernakulam,Kerala,0.0,0.0,0.0005825578388184637,False,0.9505000383098328,0.9989740083261341,critical
FAC0054,Oral rehydration salts,Ernakulam,Kerala,80.13501205421449,1569.0016265536092,-0.006668093392929735,False,0.876920198322758,0.04693039866645411,low
FAC0054,Ringer lactate,Ernakulam,Kerala,58.39514343573332,1514.554128028723,-0.006571076115571677,False,0.8900535942560223,0.047622802659303104,low
FAC0054,Metformin,Ernakulam,Kerala,19.218410541692805,487.7757948275596,-0.0006346585950971458,False,0.9674910378983923,0.0018136807318770939,low
FAC0054,Amlodipine,Ernakulam,Kerala,35.525616628529825,769.9773667595213,4.007764692809804e-05,False,0.953995191860946,0.001649234477620837,low
FAC0054,Atenolol,Ernakulam,Kerala,0.0,0.0,0.00011508624562502354,False,0.9591777433796744,0.9989732667328307,critical
FAC0054,Oxytocin,Ernakulam,Kerala,23.842918570460824,627.6267889918752,0.00016530341793076088,False,0.9671677153382192,0.0018038326148394409,low
FAC0054,Snake Venom Antiserum,Ernakulam,Kerala,37.73529095908579,474.64889469926203,-0.009883024991947193,False,0.8423660915959338,0.01197765129434775,low
FAC0054,Insulin (Soluble),Ernakulam,Kerala,39.77932925344606,556.6061735237389,0.00017724684906008002,False,0.9683003819259649,0.0017911765503069049,low
FAC0055,Isoniazid,Ernakulam,Kerala,0.0,0.0,-0.0018981313589999968,False,0.9183352139725021,0.9988293780512879,critical
FAC0055,Rifampicin,Ernakulam,Kerala,23.672162659563504,408.0140043939808,-0.0016952018146416115,False,0.9457820745233823,0.0016777001439077285,low
FAC0055,Ethambutol,Ernakulam,Kerala,0.0,0.0,-0.001957126460761331,False,0.9403349343089528,0.9988293780512879,critical
FAC0055,Pyrazinamide,Ernakulam,Kerala,52.066558378127546,1278.5651655560453,-0.003697230580211075,False,0.9343713353945977,0.031780036915217816,low
FAC0055,Amoxicillin,Ernakulam,Kerala,36.873740154106976,486.1873357056365,0.00017623619441783068,False,0.9615076592235111,0.9989732667328307,critical
FAC0055,Ciprofloxacin,Ernakulam,Kerala,55.10111817415902,773.5389605025373,0.0008137580954852441,False,0.9415193173530386,0.0030309987355708902,low
FAC0055,Metronidazole,Ernakulam,Kerala,56.85427345493547,981.5435588511242,0.0005804905975055704,False,0.9340272520770894,0.002826911089994209,low
FAC0055,Azithromycin,Ernakulam,Kerala,0.0,0.0,0.00019416189435303267,False,0.9492540953207582,0.998986748769554,critical
FAC0055,Doxycycline,Ernakulam,Kerala,0.0,0.0,0.0007099052177978427,False,0.9561763993726695,0.9989556149693484,critical
FAC0055,Paracetamol,Ernakulam,Kerala,0.0,0.0,0.00026230284915789326,False,0.9536807266049805,0.9989838247992484,critical
FAC0055,Ibuprofen,Ernakulam,Kerala,50.413674015422785,1049.9040546917497,0.00013336926358958139,False,0.948660315889762,0.0032889795438001703,low
FAC0055,Diclofenac,Ernakulam,Kerala,44.93995277627355,1076.0045307949626,-0.00013656692375522728,False,0.9480624959710606,0.0017089479805690007,low
FAC0055,Oral rehydration salts,Ernakulam,Kerala,63.53395524869202,603.0395382253382,-0.006855876112274585,False,0.8862262167405293,0.048056487005164635,low
FAC0055,Ringer lactate,Ernakulam,Kerala,49.20494352445531,1162.006937884648,-0.006816362918356217,False,0.8755671883704088,0.008500016519441647,low
FAC0055,Metformin,Ernakulam,Kerala,0.0,0.0,-0.0005356927990461555,False,0.9748576277092665,0.999003874847152,critical
FAC0055,Amlodipine,Ernakulam,Kerala,0.0,0.0,0.00028550304922062074,False,0.9406863328534123,0.9989499124544557,critical
FAC0055,Atenolol,Ernakulam,Kerala,25.091061227213935,405.9794860073656,-0.0005637569337212105,False,0.9476196053156021,0.0016182040395085735,low
FAC0055,Oxytocin,Ernakulam,Kerala,57.72110329856719,754.7791329192518,-0.000980716932632368,False,0.9607706679405168,0.0029159424730944125,low
FAC0055,Snake Venom Antiserum,Ernakulam,Kerala,8.006868134759333,174.20723716547545,-0.009614698455679895,False,0.8337098077331437,0.07984453581180721,low
FAC0055,Insulin (Soluble),Ernakulam,Kerala,56.430933506961146,1102.1107418376987,-0.0007229079913804345,False,0.9551753624742707,0.002687471124465227,low
FAC0056,Isoniazid,Ernakulam,Kerala,0.0,0.0,-0.0011019407303527568,False,0.9540200704276239,0.9989911209470986,critical
FAC0056,Rifampicin,Ernakulam,Kerala,33.70680008288759,624.6036360668663,-0.003290493334243329,False,0.948728709340207,0.9990262346680675,critical
FAC0056,Ethambutol,Ernakulam,Kerala,43.974497704041916,735.9372435508867,-0.0019917077920055793,False,0.9430417148847523,0.0015896567406338841,low
FAC0056,Pyrazinamide,Ernakulam,Kerala,31.890425838086543,770.869803955748,-0.001574035907717324,False,0.9364599420499975,0.9987999040039033,critical
FAC0056,Amoxicillin,Ernakulam,Kerala,9.9643834283956,221.28730982268726,0.0008945937544701233,False,0.9547436130890185,0.003112222186103269,low
FAC0056,Ciprofloxacin,Ernakulam,Kerala,0.0,0.0,-0.0011152586893017188,False,0.9719065648514914,0.9989776970258107,critical
FAC0056,Metronidazole,Ernakulam,Kerala,17.413142243238884,279.65294253348895,-1.7868865011423685e-05,False,0.9524578675114352,0.0019514367163468356,low
FAC0056,Azithromycin,Ernakulam,Kerala,18.366897763057057,423.7635402395156,-0.0001367931864969256,False,0.9372641000560095,0.0019591613790728084,low
FAC0056,Doxycycline,Ernakulam,Kerala,53.66182346118225,688.0798178428995,-0.0003549181476452706,False,0.9438447073447334,0.002948054540187332,low
FAC0056,Paracetamol,Ernakulam,Kerala,39.03241421813169,608.521470283329,-0.0004503425621531814,False,0.959207153000988,0.0017911765503069049,low
FAC0056,Ibuprofen,Ernakulam,Kerala,26.273992647925397,352.4196980238037,-0.0005346550642834483,False,0.9470677267170707,0.9989663148822459,critical
FAC0056,Diclofenac,Ernakulam,Kerala,31.637119255463183,394.30099335291044,-0.0007000113538312973,False,0.9750730169439035,0.9989732667328307,critical
FAC0056,Oral rehydration salts,Ernakulam,Kerala,0.0,0.0,-0.007914587929200792,False,0.8746123462236381,0.9990284914869898,critical
FAC0056,Ringer lactate,Ernakulam,Kerala,0.0,0.0,-0.0076780470290401985,False,0.8441734341892912,0.9989115229286302,critical
FAC0056,Metformin,Ernakulam,Kerala,0.0,0.0,7.396697313085911e-05,False,0.9512593684349409,0.998986748769554,critical
FAC0056,Amlodipine,Ernakulam,Kerala,41.07436850017555,737.4460034694368,0.0006417019058292284,False,0.9528568371275845,0.006129540829464101,low
FAC0056,Atenolol,Ernakulam,Kerala,0.0,0.0,0.0003351310011762517,False,0.9518609069151218,0.998986748769554,critical
FAC0056,Oxytocin,Ernakulam,Kerala,0.0,0.0,-0.00034102856782804625,False,0.9462391025793639,0.7592852554679361,critical
FAC0056,Snake Venom Antiserum,Ernakulam,Kerala,73.296216672042,817.5210421714894,-0.009383894792595675,False,0.8485308471615489,0.09433254209632522,low
FAC0056,Insulin (Soluble),Ernakulam,Kerala,53.5135241748337,556.0031400610753,-4.8825363449701915e-05,False,0.9181674056567626,0.001592941750087969,low
FAC0057,Isoniazid,Ernakulam,Kerala,49.00493006143863,1269.0086260088347,-0.0022889517380143987,False,0.9501547157998183,0.0037866015671131647,low
FAC0057,Rifampicin,Ernakulam,Kerala,58.213834275853486,1414.8942371170958,-0.0025374329545768616,False,0.921538587561506,0.004816199107869373,low
FAC0057,Ethambutol,Ernakulam,Kerala,10.165050306693354,247.79149567638345,-0.0019123463453951718,False,0.9483225958133206,0.0034158105107152154,low
FAC0057,Pyrazinamide,Ernakulam,Kerala,38.919481921961065,877.1434289062377,-0.0017151748358449524,False,0.954100217515586,0.0048084275808197565,low
FAC0057,Amoxicillin,Ernakulam,Kerala,0.0,0.0,0.0007266124309754849,False,0.9027671713045861,0.9990062907431758,critical
FAC0057,Ciprofloxacin,Ernakulam,Kerala,34.058988904118856,441.2273345541645,-0.0002795720217955698,False,0.9704689628744185,0.4957194862759213,medium
FAC0057,Metronidazole,Ernakulam,Kerala,46.06353655243587,919.2031096484208,-0.0005314296394798597,False,0.9448319642377467,0.0015632154103178096,low
FAC0057,Azithromycin,Ernakulam,Kerala,19.881563846954332,190.73185213882533,0.0010602331627707457,False,0.9493363060455449,0.0018187300286896786,low
FAC0057,Doxycycline,Ernakulam,Kerala,23.0020616378693,407.44957001182985,0.0002091800693904266,False,0.945226163131452,0.9989684061382977,critical
FAC0057,Paracetamol,Ernakulam,Kerala,34.383622281556505,684.3632559535231,0.0002230403071122138,False,0.9704773920707355,0.999003874847152,critical
FAC0057,Ibuprofen,Ernakulam,Kerala,23.53798826761359,650.5697000846037,0.0006942707362432172,False,0.940692822747764,0.9989654544360933,critical
FAC0057,Diclofenac,Ernakulam,Kerala,0.0,0.0,0.00038555444006937827,False,0.944501448677997,0.9989499124544557,critical
FAC0057,Oral rehydration salts,Ernakulam,Kerala,0.0,0.0,-0.00605722847451278,False,0.8959000465761935,0.9988983407475036,critical
FAC0057,Ringer lactate,Ernakulam,Kerala,0.0,0.0,-0.007366876353838222,False,0.8579089219920741,0.9988381812653104,critical
FAC0057,Metformin,Ernakulam,Kerala,49.13101936522055,1244.440280705137,-0.0007381657722927268,False,0.9695489835907978,0.0026629822448786073,low
FAC0057,Amlodipine,Ernakulam,Kerala,0.0,0.0,-0.000367921001662198,False,0.9380362463288962,0.9989812160769865,critical
FAC0057,Atenolol,Ernakulam,Kerala,36.94766833856051,668.434356881299,0.0002825310239724715,False,0.946884717307173,0.04014028715540331,low
FAC0057,Oxytocin,Ernakulam,Kerala,0.0,0.0,-0.0004274477119368537,False,0.9531042766036646,0.998986748769554,critical
FAC0057,Snake Venom Antiserum,Ernakulam,Kerala,51.10123814453236,921.8220301399716,-0.009711715807732156,False,0.8469065148653568,0.010675855505380624,low
FAC0057,Insulin (Soluble),Ernakulam,Kerala,0.0,0.0,-0.0009170368547893458,False,0.9528747520598739,0.9989911209470986,critical
FAC0058,Isoniazid,Ernakulam,Kerala,61.38630760194641,1444.569932176173,-0.003025030608785048,False,0.9584192401465378,0.008722064845845201,low
FAC0058,Rifampicin,Ernakulam,Kerala,0.0,0.0,-0.002545169792430516,False,0.9512745104557054,0.9989381053008157,critical
FAC0058,Ethambutol,Ernakulam,Kerala,60.709822958340744,977.010384051038,-0.00343246984613209,False,0.9191447251600326,0.011482650594220739,low
FAC0058,Pyrazinamide,Ernakulam,Kerala,26.84099667624935,483.87987835080753,-0.0022834021318996344,False,0.9091628216640246,0.002028375739465586,low
FAC0058,Amoxicillin,Ernakulam,Kerala,0.0,0.0,-0.001099437987304481,False,0.9541952978282855,0.9989911209470986,critical
FAC0058,Ciprofloxacin,Ernakulam,Kerala,52.609930116868334,1039.5683620758025,0.0002027148830690959,False,0.9540578368148732,0.002829854546384718,low
FAC0058,Metronidazole,Ernakulam,Kerala,0.0,0.0,-0.0005758777301718783,False,0.9672459256671374,0.9990010002486744,critical
FAC0058,Azithromycin,Ernakulam,Kerala,49.72722843730853,1252.3522314252286,-0.0003903105385816551,False,0.9470208251778955,0.0017089479805690007,low
FAC0058,Doxycycline,Ernakulam,Kerala,0.0,0.0,-0.00022947695088938548,False,0.9536436847877412,0.998986748769554,critical
FAC0058,Paracetamol,Ernakulam,Kerala,52.96516567646641,685.3289246234499,-6.529905092461999e-05,False,0.9687127259737328,0.002765447167500951,low
FAC0058,Ibuprofen,Ernakulam,Kerala,0.0,0.0,-0.00019795822304584116,False,0.9762332783076548,0.9989732667328307,critical
FAC0058,Diclofenac,Ernakulam,Kerala,56.87292837526927,1031.8422570772632,-2.6557561398272223e-05,False,0.9609355461360152,0.002629967680940968,low
FAC0058,Oral rehydration salts,Ernakulam,Kerala,61.83127302873112,1416.426511488148,-0.0071602112624527085,False,0.8833102898278371,0.054936003406497104,low
FAC0058,Ringer lactate,Ernakulam,Kerala,49.581166705423044,991.8697063954468,-0.007177750389740765,False,0.8678599483693981,0.009989604532894708,low
FAC0058,Metformin,Ernakulam,Kerala,0.0,0.0,0.00011966860099588619,False,0.9651087751375818,0.9989913495266076,critical
FAC0058,Amlodipine,Ernakulam,Kerala,36.295512707157336,712.2903039795212,-0.00021824816209894542,False,0.9611061708589781,0.001842710660040445,low
FAC0058,Atenolol,Ernakulam,Kerala,29.78522208882377,312.63487169499365,-7.871580338296556e-05,False,0.9399303487091106,0.9989499124544557,critical
FAC0058,Oxytocin,Ernakulam,Kerala,0.0,0.0,0.000289718877984766,False,0.9411608409678975,0.9989812160769865,critical
FAC0058,Snake Venom Antiserum,Ernakulam,Kerala,69.4948722216433,1420.7459020392448,-0.008389755268619284,False,0.8077529638017493,0.11740395270480766,low
FAC0058,Insulin (Soluble),Ernakulam,Kerala,47.85059357418383,1045.3076802655926,5.63325099399533e-05,False,0.967726565263626,0.0058246808671276575,low
FAC0059,Isoniazid,Ernakulam,Kerala,21.170635492466296,282.03142851768314,-0.0019410399453534046,False,0.9519547080771043,0.0019109432626307984,low
FAC0059,Rifampicin,Ernakulam,Kerala,56.83117518056062,940.6909836315101,-0.002651777867519412,False,0.9317575722460636,0.005545644619012852,low
FAC0059,Ethambutol,Ernakulam,Kerala,31.25540593615846,864.956872209952,-0.0017236777710193671,False,0.9584942537337219,0.002627332534549474,low
FAC0059,Pyrazinamide,Ernakulam,Kerala,45.59554886098207,646.4226604153461,-0.002030758507109876,False,0.9151495543285679,0.055224826878297203,low
FAC0059,Amoxicillin,Ernakulam,Kerala,0.0,0.0,-9.340616043954022e-06,False,0.9647662698814667,0.9989732667328307,critical
FAC0059,Ciprofloxacin,Ernakulam,Kerala,0.0,0.0,-0.0011460480401071524,False,0.9511669691978389,0.019740269915363488,low
FAC0059,Metronidazole,Ernakulam,Kerala,0.0,0.0,-0.0005389417739895619,False,0.9583548577601871,0.999003874847152,critical
FAC0059,Azithromycin,Ernakulam,Kerala,22.043481826947357,593.0195799170326,-0.0004477732457937582,False,0.9748319644168684,0.999003874847152,critical
FAC0059,Doxycycline,Ernakulam,Kerala,0.0,0.0,0.0005245602684033658,False,0.9368738547994381,0.9990247730212307,critical
FAC0059,Paracetamol,Ernakulam,Kerala,0.0,0.0,0.0003508759367091655,False,0.9631103198427752,0.999003874847152,critical
FAC0059,Ibuprofen,Ernakulam,Kerala,50.65585752416632,1328.091993231288,-3.608014381803285e-05,False,0.9614267377283079,0.0028944919713865132,low
FAC0059,Diclofenac,Ernakulam,Kerala,55.769403680358806,1454.810576434383,8.570717656872161e-05,False,0.9622627836414575,0.0026629822448786073,low
FAC0059,Oral rehydration salts,Ernakulam,Kerala,75.71563794246941,857.3713566986161,-0.00797142337077961,False,0.8771684433864237,0.01926677966484053,low
FAC0059,Ringer lactate,Ernakulam,Kerala,38.016135219122596,1050.2625060972427,-0.0071182865603240855,False,0.8681252892545934,0.007234749362847248,low
FAC0059,Metformin,Ernakulam,Kerala,16.163640961155945,218.41423455028112,-0.00016189317067765658,False,0.9639646636768884,0.0017173851221956348,low
FAC0059,Amlodipine,Ernakulam,Kerala,0.0,0.0,0.0006604375607656347,False,0.9696735388874147,0.999003874847152,critical
FAC0059,Atenolol,Ernakulam,Kerala,0.0,0.0,-0.0003300967155333565,False,0.9476584023140824,0.553716227216207,high
FAC0059,Oxytocin,Ernakulam,Kerala,40.37015661813877,585.1659028890922,-0.0008192673349858009,False,0.9614421150992358,0.0018109485906974423,low
FAC0059,Snake Venom Antiserum,Ernakulam,Kerala,0.0,0.0,-0.009905353207545214,False,0.839162044750605,0.998866570010424,critical
FAC0059,Insulin (Soluble),Ernakulam,Kerala,0.0,0.0,-0.00024857512031560493,False,0.9498227930364311,0.998986748769554,critical
FAC0060,Isoniazid,Ernakulam,Kerala,0.0,0.0,-0.0028299538156246196,False,0.9385632862002656,0.9989564405195207,critical
FAC0060,Rifampicin,Ernakulam,Kerala,41.58579233152036,470.9210109451397,-0.0027531458589982977,False,0.938441053421236,0.9989711087123583,critical
FAC0060,Ethambutol,Ernakulam,Kerala,0.0,0.0,-0.0012453590825342836,False,0.9410573763707151,0.9287498641479984,critical
FAC0060,Pyrazinamide,Ernakulam,Kerala,50.79458135830891,528.7119132663511,-0.0030673503524200015,False,0.9392148762203815,0.008957402088752245,low
FAC0060,Amoxicillin,Ernakulam,Kerala,48.4045136780418,927.0071773081892,2.4949726547388053e-05,False,0.9532887752150205,0.005713686425212169,low
FAC0060,Ciprofloxacin,Ernakulam,Kerala,0.0,0.0,-0.0004716299891887583,False,0.9699536164397116,0.9989599467559961,critical
FAC0060,Metronidazole,Ernakulam,Kerala,0.0,0.0,7.282613327542214e-05,False,0.9614195644453037,0.9989732667328307,critical
FAC0060,Azithromycin,Ernakulam,Kerala,0.0,0.0,0.0002946873601496606,False,0.9443316640369914,0.9989812160769865,critical
FAC0060,Doxycycline,Ernakulam,Kerala,0.0,0.0,0.0003007020496161356,False,0.9242271426331344,0.9989499124544557,critical
FAC0060,Paracetamol,Ernakulam,Kerala,0.0,0.0,7.489758561868448e-05,False,0.948056524883594,0.9989663148822459,critical
FAC0060,Ibuprofen,Ernakulam,Kerala,24.277473495791604,483.3852647108112,0.00024318808396533523,False,0.9572867943843961,0.001628767418528461,low
FAC0060,Diclofenac,Ernakulam,Kerala,58.395704321827154,1212.0767621301022,-9.032013618837383e-05,False,0.9569807570695275,0.0029087887500423774,low
FAC0060,Oral rehydration salts,Ernakulam,Kerala,0.0,0.0,-0.005904436561731618,False,0.8928551077057818,0.9990573201691685,critical
FAC0060,Ringer lactate,Ernakulam,Kerala,60.50792756694538,1294.0233824128059,-0.007038831809167183,False,0.8881921000017365,0.05994148319118993,low
FAC0060,Metformin,Ernakulam,Kerala,0.0,0.0,2.2047108241625235e-05,False,0.9353013024102406,0.9989812160769865,critical
FAC0060,Amlodipine,Ernakulam,Kerala,0.0,0.0,0.000580236981643763,False,0.9513488491544426,0.9989740083261341,critical
FAC0060,Atenolol,Ernakulam,Kerala,0.0,0.0,-0.00035528822719302984,False,0.9512785855321622,0.9990429290392238,critical
FAC0060,Oxytocin,Ernakulam,Kerala,28.43893996689464,623.0954498290813,0.00014013789848915084,False,0.9663697978788162,0.0017911765503069049,low
FAC0060,Snake Venom Antiserum,Ernakulam,Kerala,0.0,0.0,-0.008874636695692235,False,0.8313773632048964,0.43521766006729945,medium
FAC0060,Insulin (Soluble),Ernakulam,Kerala,0.0,0.0,-0.0004581957274215713,False,0.9654465206011874,0.999003874847152,critical
FAC0061,Isoniazid,Nagpur,Maharashtra,0.0,0.0,-0.001090070234661586,False,0.9288513793202077,0.9989728573828895,critical
FAC0061,Rifampicin,Nagpur,Maharashtra,28.277509945921604,319.24861864995,-0.0018516569911417103,False,0.9559288481394503,0.9987999659764794,critical
FAC0061,Ethambutol,Nagpur,Maharashtra,31.05139811075202,804.5208741038067,-0.0007806575896370601,False,0.9716660674553677,0.9990081731990669,critical
FAC0061,Pyrazinamide,Nagpur,Maharashtra,16.01476033656187,359.22756624128266,-0.0008014938898406524,False,0.9165151079444183,0.0020402426560301294,low
FAC0061,Amoxicillin,Nagpur,Maharashtra,20.87655685744703,357.6554376527717,-0.0009168938821356625,False,0.9495557063199922,0.002025314700308853,low
FAC0061,Ciprofloxacin,Nagpur,Maharashtra,42.400064749337716,647.3482212627962,-0.0013660709662768585,False,0.9738522494579764,0.08408935798539482,low
FAC0061,Metronidazole,Nagpur,Maharashtra,0.0,0.0,0.0010177378667432862,False,0.9393308086037143,0.998978703948104,critical
FAC0061,Azithromycin,Nagpur,Maharashtra,43.736183170170264,786.4215049480953,0.00027509009227474077,False,0.9611335907928598,0.43824153572103763,medium
FAC0061,Doxycycline,Nagpur,Maharashtra,0.0,0.0,-0.001035512809417187,False,0.9611709184584593,0.9989776970258107,critical
FAC0061,Paracetamol,Nagpur,Maharashtra,49.693845629216064,470.3592367276122,0.0001042622702516187,False,0.9522473677745995,0.005878073478005267,low
FAC0061,Ibuprofen,Nagpur,Maharashtra,41.92200336494385,868.982000618711,0.0007883897640317024,False,0.9606361293612535,0.0018136807318770939,low
FAC0061,Diclofenac,Nagpur,Maharashtra,35.3933390513728,542.3381816816973,0.0006350699169732935,False,0.9583429029860868,0.0017173851221956348,low
FAC0061,Oral rehydration salts,Nagpur,Maharashtra,0.0,0.0,-0.002336820256334547,False,0.948179547291599,0.9988122586453515,critical
FAC0061,Ringer lactate,Nagpur,Maharashtra,51.59389398905738,546.380473130661,-0.002903817362639463,False,0.9486871942118746,0.0020254530805195953,low
FAC0061,Metformin,Nagpur,Maharashtra,26.00910549927495,601.3866333613041,-0.00036319827787929603,False,0.9643058930225095,0.999003874847152,critical
FAC0061,Amlodipine,Nagpur,Maharashtra,10.901161624186146,233.5562193136942,0.00023914074531140205,False,0.9578663100852669,0.0030887520613601675,low
FAC0061,Atenolol,Nagpur,Maharashtra,34.56294486095868,754.5667503952715,-0.0017479540320674163,False,0.9624465248225151,0.00178630984549575,low
FAC0061,Oxytocin,Nagpur,Maharashtra,0.0,0.0,0.0009348521857577094,False,0.9480188235254032,0.9990246281687748,critical
FAC0061,Snake Venom Antiserum,Nagpur,Maharashtra,36.65350511975425,815.8308615459152,-0.005133863171014982,False,0.9405646587232932,0.47008018045255057,medium
FAC0061,Insulin (Soluble),Nagpur,Maharashtra,22.591378676904313,284.1382026342739,0.00028436939662909575,False,0.938382364664657,0.0016613950793456216,low
FAC0062,Isoniazid,Nagpur,Maharashtra,0.0,0.0,-0.001167512287016816,False,0.9478474332715641,0.9989117171287435,critical
FAC0062,Rifampicin,Nagpur,Maharashtra,0.0,0.0,-0.0008619374848937343,False,0.9489706921244885,0.9989911209470986,critical
FAC0062,Ethambutol,Nagpur,Maharashtra,21.43654549270908,230.49379715964957,-0.00024939095533022286,False,0.966414736851416,0.0017173851221956348,low
FAC0062,Pyrazinamide,Nagpur,Maharashtra,12.24512120651395,322.62698944268834,-0.0018878266171611115,False,0.9634962874254825,0.002384435016754135,low
FAC0062,Amoxicillin,Nagpur,Maharashtra,0.0,0.0,-0.0009502461517653474,False,0.9561911224370473,0.9989882095809417,critical
FAC0062,Ciprofloxacin,Nagpur,Maharashtra,30.140939698217558,432.05454806066444,-0.00011164973099882111,False,0.9580669411581241,0.9989913495266076,critical
FAC0062,Metronidazole,Nagpur,Maharashtra,44.61734738409678,431.18061608221996,-0.00042395117192030774,False,0.9507643976615343,0.002947185346579827,low
FAC0062,Azithromycin,Nagpur,Maharashtra,0.0,0.0,-8.699063040390436e-05,False,0.9453460668177918,0.9989499124544557,critical
FAC0062,Doxycycline,Nagpur,Maharashtra,20.10780932635102,476.97321568201994,0.000957275584826858,False,0.9474295855145347,0.0017570910645040394,low
FAC0062,Paracetamol,Nagpur,Maharashtra,29.21492506424859,779.1299996932763,0.0009295379447194091,False,0.9396537573977941,0.37374160785262317,medium
FAC0062,Ibuprofen,Nagpur,Maharashtra,43.410278939659236,953.4737960116792,0.0003247300039503062,False,0.9639584179638887,0.003077523734915946,low
FAC0062,Diclofenac,Nagpur,Maharashtra,36.3503295485297,664.867655549566,-0.000984202158011242,False,0.9707668604530659,0.13354942095688016,low
FAC0062,Oral rehydration salts,Nagpur,Maharashtra,64.29798509249456,1533.86613364745,-0.0024708127480083226,False,0.9171069906003722,0.003752924083491687,low
FAC0062,Ringer lactate,Nagpur,Maharashtra,40.85377815902956,728.9228058225077,-0.0022053039740347544,False,0.9654698433054768,0.9988410200228576,critical
FAC0062,Metformin,Nagpur,Maharashtra,33.34415579828036,436.1165953613586,0.00044023183734598586,False,0.9489520647305021,0.9989556149693484,critical
FAC0062,Amlodipine,Nagpur,Maharashtra,22.029438212613325,551.2758921034334,-0.0001750417585248637,False,0.9204960275850431,0.0019591613790728084,low
FAC0062,Atenolol,Nagpur,Maharashtra,0.0,0.0,-0.00022043998160925447,False,0.9559733531374908,0.726801277334383,high
FAC0062,Oxytocin,Nagpur,Maharashtra,30.632769064268274,526.0935695539994,-0.0011170189135411793,False,0.9588748030659757,0.00178630984549575,low
FAC0062,Snake Venom Antiserum,Nagpur,Maharashtra,0.0,0.0,-0.003986385813098668,False,0.8998488705825249,0.8569149616752311,critical
FAC0062,Insulin (Soluble),Nagpur,Maharashtra,0.0,0.0,-0.0009838919744671437,False,0.9454994478391633,0.9989544434142866,critical
FAC0063,Isoniazid,Nagpur,Maharashtra,30.281754452568833,734.8913632036495,-0.0013925871060770291,False,0.9474639055445595,0.9989308827720733,critical
FAC0063,Rifampicin,Nagpur,Maharashtra,36.85171378952504,591.3779483221451,6.526055879518937e-05,False,0.9721920178969305,0.9989913495266076,critical
FAC0063,Ethambutol,Nagpur,Maharashtra,25.349506402458317,432.8066230372252,-0.0012997068117596787,False,0.9645197994028363,0.001712718567906267,low
FAC0063,Pyrazinamide,Nagpur,Maharashtra,29.499219698372514,437.8552458667815,-0.0016767418205441511,False,0.9652225208687214,0.9989482325972174,critical
FAC0063,Amoxicillin,Nagpur,Maharashtra,0.0,0.0,0.0001541464122446328,False,0.9556075500962669,0.9989740083261341,critical
FAC0063,Ciprofloxacin,Nagpur,Maharashtra,16.04517312677163,164.4557850338841,-0.0009564435695874449,False,0.9628613843953151,0.0022398316349015175,low
FAC0063,Metronidazole,Nagpur,Maharashtra,34.38817980519624,419.79468753847937,-0.00024492235373473856,False,0.9344241369781252,0.001592941750087969,low
FAC0063,Azithromycin,Nagpur,Maharashtra,0.0,0.0,-0.0001381281988015698,False,0.9655533775256772,0.9989732667328307,critical
FAC0063,Doxycycline,Nagpur,Maharashtra,24.575922649856683,631.5535783100377,0.0003002740405997133,False,0.9508224290858129,0.998986748769554,critical
FAC0063,Paracetamol,Nagpur,Maharashtra,0.0,0.0,0.0005599863571157182,False,0.9634607321797325,0.9989913495266076,critical
FAC0063,Ibuprofen,Nagpur,Maharashtra,21.862696287852007,450.32582358524047,0.0006818239854535363,False,0.9677724468260807,0.0018136807318770939,low
FAC0063,Diclofenac,Nagpur,Maharashtra,50.33851344291372,1239.1978597438354,0.00042882744235265034,False,0.9352363866672073,0.0016822714461229363,low
FAC0063,Oral rehydration salts,Nagpur,Maharashtra,32.924015911991546,763.005724573637,-0.0031647946013884523,False,0.9295674893169632,0.002171175147778355,low
FAC0063,Ringer lactate,Nagpur,Maharashtra,52.620164745667566,1246.4853968203452,-0.002705993537830105,False,0.9418765770785299,0.005545644619012852,low
FAC0063,Metformin,Nagpur,Maharashtra,39.088038946469496,414.7336014721403,-0.0002427563147724424,False,0.9169236720428131,0.001592941750087969,low
FAC0063,Amlodipine,Nagpur,Maharashtra,29.350390104465742,448.4546482435498,-5.1925075970336625e-05,False,0.9511087143052396,0.001628767418528461,low
FAC0063,Atenolol,Nagpur,Maharashtra,0.0,0.0,-0.00039168055211845614,False,0.9572105724591158,0.9989740083261341,critical
FAC0063,Oxytocin,Nagpur,Maharashtra,46.095609524769216,709.2180112134844,0.0004088429777410525,False,0.9620424759858448,0.003947372621778622,low
FAC0063,Snake Venom Antiserum,Nagpur,Maharashtra,22.25176235950354,221.33707519294438,-0.0032084101488774304,False,0.915672965941857,0.002061864487869658,low
FAC0063,Insulin (Soluble),Nagpur,Maharashtra,65.20211496578148,888.2313289983206,0.0003384950330924238,False,0.9513477433528683,0.002802827515331533,low
FAC0064,Isoniazid,Nagpur,Maharashtra,17.25876763994346,157.31101657684647,-0.0004547499495271921,False,0.9529756430536469,0.0018187300286896786,low
FAC0064,Rifampicin,Nagpur,Maharashtra,53.7131256303441,653.7454786052143,-0.00037918005462742635,False,0.941471855759683,0.006699854759289654,low
FAC0064,Ethambutol,Nagpur,Maharashtra,65.36037349244104,723.4836277980661,-0.0018810371500316632,False,0.9546817250195061,0.0022380320371232377,low
FAC0064,Pyrazinamide,Nagpur,Maharashtra,20.324888171103844,194.65951239309481,-0.002049655005315801,False,0.9500063602642539,0.0015323812247304413,low
FAC0064,Amoxicillin,Nagpur,Maharashtra,29.385048639217963,737.4798574159273,0.0003674169503574172,False,0.9777848637886624,0.0013381204122428375,low
FAC0064,Ciprofloxacin,Nagpur,Maharashtra,16.613031699767003,315.10561303418586,0.0009454709148087094,False,0.9495731530185847,0.001896867701201201,low
FAC0064,Metronidazole,Nagpur,Maharashtra,34.443100800702155,749.9334122083208,-0.0008008772677966244,False,0.9619458382191324,0.0019124803530110117,low
FAC0064,Azithromycin,Nagpur,Maharashtra,0.0,0.0,0.0005777588653524669,False,0.9524300594852454,0.9989556149693484,critical
FAC0064,Doxycycline,Nagpur,Maharashtra,42.594999985400364,503.96474094124324,0.00033946811556300675,False,0.952696737370387,0.002947185346579827,low
FAC0064,Paracetamol,Nagpur,Maharashtra,0.0,0.0,0.0008494234773992731,False,0.9561168083281171,0.9989556149693484,critical
FAC0064,Ibuprofen,Nagpur,Maharashtra,7.8381692338745115,142.47401465681705,0.0002893456839692466,False,0.9490070478316421,0.0028380058523052977,low
FAC0064,Diclofenac,Nagpur,Maharashtra,27.102550565580703,502.2417025087335,-0.0002081928888942882,False,0.9345999653998003,0.0016822714461229363,low
FAC0064,Oral rehydration salts,Nagpur,Maharashtra,1.2067031140641613,20.84593475775767,-0.0032072817044011322,False,0.9455456915480007,0.011058184040572029,low
FAC0064,Ringer lactate,Nagpur,Maharashtra,41.65744791817228,946.6586745915412,-0.0033098505935978692,False,0.9421672244192507,0.007704100995760177,low
FAC0064,Metformin,Nagpur,Maharashtra,28.232003144592067,724.1172887895481,1.0644101686959595e-05,False,0.9319829527983123,0.0016822714461229363,low
FAC0064,Amlodipine,Nagpur,Maharashtra,0.0,0.0,0.0005202034276724276,False,0.9406033288474842,0.998978703948104,critical
FAC0064,Atenolol,Nagpur,Maharashtra,0.0,0.0,9.494413359453084e-05,False,0.9440617283570119,0.9989972789633824,critical
FAC0064,Oxytocin,Nagpur,Maharashtra,0.0,0.0,0.00039095316379941455,False,0.9766522938520126,0.4728308091084051,medium
FAC0064,Snake Venom Antiserum,Nagpur,Maharashtra,42.632077948959555,716.3121568891854,-0.004763236568053624,False,0.926475817039155,0.05475553224365662,low
FAC0064,Insulin (Soluble),Nagpur,Maharashtra,24.505094184377526,289.43149592594057,-0.00046154107335700357,False,0.9296717220224375,0.0016613950793456216,low
FAC0065,Isoniazid,Nagpur,Maharashtra,21.501549419386095,252.26294059287537,-0.001322866787947787,False,0.970506036454291,0.001712718567906267,low
FAC0065,Rifampicin,Nagpur,Maharashtra,23.040635127448926,461.32327749298344,-6.469459813947323e-05,False,0.9670549950822115,0.0017911765503069049,low
FAC0065,Ethambutol,Nagpur,Maharashtra,49.54528532531962,1068.822357585547,-0.0016299957896672658,False,0.9553243542990311,0.0061894247722565415,low
FAC0065,Pyrazinamide,Nagpur,Maharashtra,54.45837885637659,789.6812005736673,-0.0008373342095320118,False,0.94572940309207,0.003408715054614735,low
FAC0065,Amoxicillin,Nagpur,Maharashtra,0.0,0.0,-0.0012268610416862223,False,0.9530531058660482,0.9989004526839723,critical
FAC0065,Ciprofloxacin,Nagpur,Maharashtra,48.235252441039755,815.511458090889,0.0006502244572132713,False,0.95490191954286,0.002802827515331533,low
FAC0065,Metronidazole,Nagpur,Maharashtra,0.0,0.0,-0.00057575813411675,False,0.9552613862528383,0.998986748769554,critical
FAC0065,Azithromycin,Nagpur,Maharashtra,0.0,0.0,1.5356690761081672e-06,False,0.9526703427063121,0.163694384354401,low
FAC0065,Doxycycline,Nagpur,Maharashtra,27.380673393126713,478.12221281348644,0.0002924672702337931,False,0.9539843358508899,0.6124538845837776,high
FAC0065,Paracetamol,Nagpur,Maharashtra,0.0,0.0,0.000362534985002507,False,0.9622480651703114,0.999003874847152,critical
FAC0065,Ibuprofen,Nagpur,Maharashtra,28.670241381160345,485.5855264660172,-0.0008427134755188848,False,0.9619092911026137,0.0019069822529657718,low
FAC0065,Diclofenac,Nagpur,Maharashtra,0.0,0.0,0.00037693084752665176,False,0.9631757548424789,0.999003874847152,critical
FAC0065,Oral rehydration salts,Nagpur,Maharashtra,25.144327435941825,343.4318148484039,-0.002991518860512279,False,0.9455224003451295,0.0019170357826061087,low
FAC0065,Ringer lactate,Nagpur,Maharashtra,46.069582342124185,1113.8652746554708,-0.0026967224068587146,False,0.9308382692266595,0.0020245033145362516,low
FAC0065,Metformin,Nagpur,Maharashtra,0.0,0.0,0.00016399156552010427,False,0.938859488581686,0.9989782761571487,critical
FAC0065,Amlodipine,Nagpur,Maharashtra,33.07766854484929,444.8458908603662,-0.0002597486069587147,False,0.9652428860363621,0.0017173851221956348,low
FAC0065,Atenolol,Nagpur,Maharashtra,27.836491833568225,654.9725409906723,-0.0002199234638774755,False,0.9562721280834394,0.001649234477620837,low
FAC0065,Oxytocin,Nagpur,Maharashtra,0.0,0.0,-0.0008619869429058188,False,0.962757926678182,0.9989776970258107,critical
FAC0065,Snake Venom Antiserum,Nagpur,Maharashtra,49.149260442231956,545.8565600181561,-0.004560283327854379,False,0.9170188659652079,0.0037471374811726675,low
FAC0065,Insulin (Soluble),Nagpur,Maharashtra,64.68848476317972,1025.0648700280303,-1.0599727255288419e-07,False,0.9569239540919308,0.0022494517811022675,low
FAC0066,Isoniazid,Nagpur,Maharashtra,0.0,0.0,-0.0012227960488690442,False,0.9717753993277385,0.9989190357686994,critical
FAC0066,Rifampicin,Nagpur,Maharashtra,0.0,0.0,-0.0016953368947461662,False,0.9567577914226706,0.9989004526839723,critical
FAC0066,Ethambutol,Nagpur,Maharashtra,42.58432201301977,1104.201462184272,-0.002000879952159487,False,0.9296508222193072,0.0036851276284429685,low
FAC0066,Pyrazinamide,Nagpur,Maharashtra,0.944675901193008,22.288633706026562,-0.0020169787085894623,False,0.9479165717544835,0.007148799342044283,low
FAC0066,Amoxicillin,Nagpur,Maharashtra,56.86542397277506,1509.4851518046792,-9.62234016053121e-05,False,0.9559553890859765,0.0023755099422294403,low
FAC0066,Ciprofloxacin,Nagpur,Maharashtra,54.14749584943703,1198.7166786443206,-7.804434689701768e-05,False,0.9704588822262522,0.0023965999997160917,low
FAC0066,Metronidazole,Nagpur,Maharashtra,0.0,0.0,0.00018441937175111477,False,0.9636503409137667,0.754401321912539,critical
FAC0066,Azithromycin,Nagpur,Maharashtra,0.0,0.0,0.0017153942875373343,False,0.9569554089484592,0.9989838247992484,critical
FAC0066,Doxycycline,Nagpur,Maharashtra,0.0,0.0,-0.0005303687185044714,False,0.9524756071230991,0.9989740083261341,critical
FAC0066,Paracetamol,Nagpur,Maharashtra,39.813999244324506,796.4165352253115,-0.0001291784590578725,False,0.9653863621912269,0.0018136807318770939,low
FAC0066,Ibuprofen,Nagpur,Maharashtra,0.0,0.0,-0.0005546515291075303,False,0.9741488665335301,0.999003874847152,critical
FAC0066,Diclofenac,Nagpur,Maharashtra,0.0,0.0,-8.064246541881856e-05,False,0.9519588672332255,0.9989838247992484,critical
FAC0066,Oral rehydration salts,Nagpur,Maharashtra,7.242446552221576,96.27706050814984,-0.003331894421360068,False,0.9446898724237132,0.006656842539721635,low
FAC0066,Ringer lactate,Nagpur,Maharashtra,29.553789414841045,302.778773503514,-0.002683365205757249,False,0.9629733978508943,0.002066745531621221,low
FAC0066,Metformin,Nagpur,Maharashtra,0.0,0.0,9.051065903116041e-05,False,0.9439402018302514,0.9989812160769865,critical
FAC0066,Amlodipine,Nagpur,Maharashtra,34.40844175135171,590.6303651571229,-0.0001495832012662127,False,0.9308808808782836,0.0016774340505829163,low
FAC0066,Atenolol,Nagpur,Maharashtra,36.97239081890652,935.0019686876651,-0.0007066923154536593,False,0.9567656638692348,0.998986748769554,critical
FAC0066,Oxytocin,Nagpur,Maharashtra,24.974275174278397,241.50517934919395,0.0017927549461086547,False,0.9627905889281788,0.0017173851221956348,low
FAC0066,Snake Venom Antiserum,Nagpur,Maharashtra,0.0,0.0,-0.0057752635429983165,False,0.9452062191720955,0.9989394948559918,critical
FAC0066,Insulin (Soluble),Nagpur,Maharashtra,75.98191141312846,1097.9418401449575,0.00016773137554521267,False,0.9628105812463866,0.0017173851221956348,low
FAC0067,Isoniazid,Nagpur,Maharashtra,20.36397736951402,423.2819663727442,-0.0014559343775319305,False,0.9661228184715691,0.0018087529930174407,low
FAC0067,Rifampicin,Nagpur,Maharashtra,32.44132530612272,769.3269306904202,-0.0014755275089991175,False,0.9209677582976155,0.0016777001439077285,low
FAC0067,Ethambutol,Nagpur,Maharashtra,38.78299973361847,650.2052221984866,-0.00010713789893465209,False,0.9615229225554396,0.0017911765503069049,low
FAC0067,Pyrazinamide,Nagpur,Maharashtra,42.482737143038115,1084.9072927444543,-0.0014859337049433433,False,0.95947155471716,0.0018087529930174407,low
FAC0067,Amoxicillin,Nagpur,Maharashtra,30.03981450297322,333.19969568996316,-0.0010372025728464967,False,0.9480643117133769,0.0017063733398252792,low
FAC0067,Ciprofloxacin,Nagpur,Maharashtra,62.600170329077116,842.3499306429127,0.0008500528443168118,False,0.9599171975150826,0.0021241568855766934,low
FAC0067,Metronidazole,Nagpur,Maharashtra,39.18907866220672,763.3633412566936,-0.00046083299151174597,False,0.9463151505863181,0.0016822714461229363,low
FAC0067,Azithromycin,Nagpur,Maharashtra,53.119607205033475,1020.2272456494304,0.00039232492928700563,False,0.948423834793934,0.003162434483292121,low
FAC0067,Doxycycline,Nagpur,Maharashtra,31.901208308936475,408.4154300782521,-0.0005441375638051354,False,0.9590446709901965,0.001842710660040445,low
FAC0067,Paracetamol,Nagpur,Maharashtra,16.311416512023875,421.67596688721835,-0.0006956221579532112,False,0.9666200356373913,0.0022432093690816085,low
FAC0067,Ibuprofen,Nagpur,Maharashtra,28.181858510895427,607.7170240370394,0.00022675537755424612,False,0.9576046105700871,0.001649234477620837,low
FAC0067,Diclofenac,Nagpur,Maharashtra,46.21433743063539,968.7740710790582,-0.0007308867931270011,False,0.9645203022242037,0.0029203368187203176,low
FAC0067,Oral rehydration salts,Nagpur,Maharashtra,0.0,0.0,-0.0026212839494030153,False,0.9381926416060951,0.9990085192509329,critical
FAC0067,Ringer lactate,Nagpur,Maharashtra,28.61380870271614,545.8323874896168,-0.002144092050136326,False,0.9377783804331121,0.4913768551989743,medium
FAC0067,Metformin,Nagpur,Maharashtra,0.0,0.0,-0.00027456772934997243,False,0.9726273253691896,0.15962067719031994,low
FAC0067,Amlodipine,Nagpur,Maharashtra,0.0,0.0,0.00049839474807688,False,0.966225416192493,0.9989732667328307,critical
FAC0067,Atenolol,Nagpur,Maharashtra,36.70211384917274,722.3639411470967,0.0011392253643961949,False,0.9703909596560869,0.0018136807318770939,low
FAC0067,Oxytocin,Nagpur,Maharashtra,0.0,0.0,0.00020841346426729435,False,0.953833494800789,0.9989838247992484,critical
FAC0067,Snake Venom Antiserum,Nagpur,Maharashtra,41.53165616207782,690.2115220823622,-0.0032121184733663907,False,0.9203541129926758,0.0021504253855516783,low
FAC0067,Insulin (Soluble),Nagpur,Maharashtra,60.893377325977745,758.3909542151641,-1.8516106186619878e-05,False,0.9675265147977945,0.002765447167500951,low
FAC0068,Isoniazid,Nagpur,Maharashtra,46.62160345636164,1109.5088255520182,-0.0015576126301158116,False,0.9623144015408045,0.7775091855270824,critical
FAC0068,Rifampicin,Nagpur,Maharashtra,18.3953121569981,350.984768304633,-0.0013099255615921137,False,0.9447578030954736,0.0019482223771214691,low
FAC0068,Ethambutol,Nagpur,Maharashtra,0.0,0.0,-0.0015747598337544433,False,0.9533055292633825,0.9989301509037755,critical
FAC0068,Pyrazinamide,Nagpur,Maharashtra,47.93133787890332,821.6114358060034,-0.00022608694021277647,False,0.9657730431711233,0.0017911765503069049,low
FAC0068,Amoxicillin,Nagpur,Maharashtra,38.03163490010461,630.8170431929492,0.0006259765813186541,False,0.9485555836423419,0.0018048289005415039,low
FAC0068,Ciprofloxacin,Nagpur,Maharashtra,0.0,0.0,-0.0005026749872441704,False,0.9606593597580444,0.999003874847152,critical
FAC0068,Metronidazole,Nagpur,Maharashtra,55.58606101218732,524.5726417003057,-0.00036588418401646485,False,0.9589943565981769,0.0022694252252603545,low
FAC0068,Azithromycin,Nagpur,Maharashtra,32.55605386482443,670.5219946873292,-0.0004742967223547923,False,0.9750887132405948,0.0018136807318770939,low
FAC0068,Doxycycline,Nagpur,Maharashtra,47.063269351911934,682.8014800713087,0.00030309148479048875,False,0.968933903764356,0.0028841409047521516,low
FAC0068,Paracetamol,Nagpur,Maharashtra,56.76208323579166,837.2421165447765,-4.7461405479486743e-05,False,0.971285832313481,0.004116585510301425,low
FAC0068,Ibuprofen,Nagpur,Maharashtra,0.0,0.0,0.0011449531813950771,False,0.9526363270644875,0.43320308547608366,medium
FAC0068,Diclofenac,Nagpur,Maharashtra,0.0,0.0,0.0003676620202798368,False,0.9529358941527883,0.31636363321707445,medium
FAC0068,Oral rehydration salts,Nagpur,Maharashtra,16.941381429910695,343.6144210362275,-0.0036156010982364047,False,0.9403299817914621,0.008994236274098065,low
FAC0068,Ringer lactate,Nagpur,Maharashtra,0.0,0.0,-0.0029716087402011384,False,0.9392201412649408,0.9989711087123583,critical
FAC0068,Metformin,Nagpur,Maharashtra,40.042654037728475,775.0966778109066,9.411436989353087e-05,False,0.9718895684069058,0.0018084661515767406,low
FAC0068,Amlodipine,Nagpur,Maharashtra,0.0,0.0,0.00032488725708067846,False,0.9509568848375904,0.559954330573457,high
FAC0068,Atenolol,Nagpur,Maharashtra,47.141881778055016,1188.875376140812,0.00024914899967355247,False,0.9715802978035912,0.0055312898990615145,low
FAC0068,Oxytocin,Nagpur,Maharashtra,0.0,0.0,0.00035859701083779214,False,0.9549215226875916,0.998986748769554,critical
FAC0068,Snake Venom Antiserum,Nagpur,Maharashtra,0.0,0.0,-0.004810851874845606,False,0.9384084801141322,0.9989394948559918,critical
FAC0068,Insulin (Soluble),Nagpur,Maharashtra,0.0,0.0,0.0006721233060483302,False,0.9661072497204413,0.999003874847152,critical
FAC0069,Isoniazid,Nagpur,Maharashtra,25.912171398327626,640.2926912453291,-0.0011845628067311668,False,0.9360882007233249,0.0016777001439077285,low
FAC0069,Rifampicin,Nagpur,Maharashtra,9.456916129066107,185.24130166126656,-0.0010144001383757832,False,0.9544812055035441,0.002983844406366238,low
FAC0069,Ethambutol,Nagpur,Maharashtra,15.499954674606824,201.14619636930746,-0.001321395157548173,False,0.9571910143693751,0.0022433427208198805,low
FAC0069,Pyrazinamide,Nagpur,Maharashtra,0.0,0.0,-0.0025841705158056952,False,0.9654331504852098,0.9989239767248862,critical
FAC0069,Amoxicillin,Nagpur,Maharashtra,31.636086376762396,290.31752861197305,0.0004799623302326303,False,0.9433722038734786,0.001592941750087969,low
FAC0069,Ciprofloxacin,Nagpur,Maharashtra,38.590123242080494,740.511884424764,0.0002452495831002964,False,0.953605929587287,0.0015616563216611747,low
FAC0069,Metronidazole,Nagpur,Maharashtra,34.51806207646808,840.2128685886013,-0.0002823620974945603,False,0.9137653795191704,0.19478163547459035,low
FAC0069,Azithromycin,Nagpur,Maharashtra,56.49603512294928,864.2319423602594,0.0013587835074427876,False,0.9770366027233898,0.005237716155091011,low
FAC0069,Doxycycline,Nagpur,Maharashtra,27.758390842330783,328.36152981046007,0.00023967598315686417,False,0.9657387837302973,0.0017173851221956348,low
FAC0069,Paracetamol,Nagpur,Maharashtra,22.715981976865134,358.0907647944027,0.0005302718392624115,False,0.971356414063975,0.0017911765503069049,low
FAC0069,Ibuprofen,Nagpur,Maharashtra,48.44063770059793,520.9104507136765,0.0006075462081766547,False,0.9702692799763917,0.0017173851221956348,low
FAC0069,Diclofenac,Nagpur,Maharashtra,0.0,0.0,0.00018171654384982876,False,0.9414605537186154,0.9989812160769865,critical
FAC0069,Oral rehydration salts,Nagpur,Maharashtra,33.00962852983947,663.2615383042665,-0.0023033828735124196,False,0.941748819127612,0.0016507390141418173,low
FAC0069,Ringer lactate,Nagpur,Maharashtra,56.928207757300584,1421.3305827169963,-0.0024997040436169913,False,0.9518825048808401,0.003059858219107866,low
FAC0069,Metformin,Nagpur,Maharashtra,42.70196614039879,894.673602007043,-0.0005688769392283799,False,0.9464082804526588,0.0016822714461229363,low
FAC0069,Amlodipine,Nagpur,Maharashtra,35.55350735945733,465.4942547002424,-0.001333046140166066,False,0.9653217251169304,0.9989190357686994,critical
FAC0069,Atenolol,Nagpur,Maharashtra,42.22908533288592,1028.3074801247008,-4.789430571016829e-05,False,0.966598188781242,0.0018136807318770939,low
FAC0069,Oxytocin,Nagpur,Maharashtra,55.55916508125292,1371.4569041886052,-0.0007005465730936276,False,0.9668505201954435,0.002629967680940968,low
FAC0069,Snake Venom Antiserum,Nagpur,Maharashtra,0.0,0.0,-0.004686710899653361,False,0.9353083844155718,0.7156073201276709,high
FAC0069,Insulin (Soluble),Nagpur,Maharashtra,35.19619847873565,789.5827988465637,0.0006270784635567029,False,0.9677710468409193,0.9989732667328307,critical
FAC0070,Isoniazid,Nagpur,Maharashtra,0.0,0.0,-0.0014660182222566201,False,0.9406722160078442,0.9989274045379775,critical
FAC0070,Rifampicin,Nagpur,Maharashtra,0.0,0.0,-0.0015825385065671746,False,0.9631018220165,0.9989190357686994,critical
FAC0070,Ethambutol,Nagpur,Maharashtra,0.0,0.0,-0.0012641756159572917,False,0.9569554123334467,0.998896064008238,critical
FAC0070,Pyrazinamide,Nagpur,Maharashtra,44.870337806719405,887.0816440871305,-0.0005730962782121716,False,0.957902759678213,0.003117609925136305,low
FAC0070,Amoxicillin,Nagpur,Maharashtra,34.603156006097834,653.647755276732,0.0010487211398228285,False,0.9435909184515403,0.999009150133478,critical
FAC0070,Ciprofloxacin,Nagpur,Maharashtra,53.59814013874544,933.8137797747285,0.000994274518367573,False,0.9700717438212542,0.004168183924397347,low
FAC0070,Metronidazole,Nagpur,Maharashtra,41.49974707622846,476.9549103151618,0.0015765020952993542,False,0.9404415475656299,0.003466375552161087,low
FAC0070,Azithromycin,Nagpur,Maharashtra,48.71692061147249,1105.126638633681,0.00047459986121540045,False,0.9401714547099614,0.0016822714461229363,low
FAC0070,Doxycycline,Nagpur,Maharashtra,37.413057128308296,943.6339213875574,-0.001207741535204294,False,0.9469975303472675,0.9989441581691184,critical
FAC0070,Paracetamol,Nagpur,Maharashtra,62.399273285570274,1006.6773110758255,0.0016455007790657217,False,0.965868099663785,0.0022790986717333567,low
FAC0070,Ibuprofen,Nagpur,Maharashtra,0.0,0.0,0.0006542359172437337,False,0.9545306940819843,0.998702825282675,critical
FAC0070,Diclofenac,Nagpur,Maharashtra,33.91196973998117,615.7019747699028,0.0003537760505127819,False,0.9485851219891515,0.0016830609298224778,low
FAC0070,Oral rehydration salts,Nagpur,Maharashtra,43.09555723053621,817.2042961423067,-0.0032459789691589424,False,0.9524776843444887,0.006654887159177535,low
FAC0070,Ringer lactate,Nagpur,Maharashtra,36.53617737177139,427.8503570148576,-0.002032564999526672,False,0.9632963508493827,0.006562102072343123,low
FAC0070,Metformin,Nagpur,Maharashtra,35.22996568935772,369.2356015593815,-0.0001042085729293337,False,0.9658203312879752,0.010530607864658216,low
FAC0070,Amlodipine,Nagpur,Maharashtra,23.17702362966037,382.64946980830956,-0.0004277850352810824,False,0.9637706185276332,0.0017173851221956348,low
FAC0070,Atenolol,Nagpur,Maharashtra,39.71408580965303,553.1993062117704,-0.00035964472651794916,False,0.9698065554301053,0.003947372621778622,low
FAC0070,Oxytocin,Nagpur,Maharashtra,61.37498452258931,1421.6393643930771,0.00044483266275626614,False,0.9621039119516317,0.0022432093690816085,low
FAC0070,Snake Venom Antiserum,Nagpur,Maharashtra,0.0,0.0,-0.005011785182131197,False,0.9382270574456855,0.9989581718186888,critical
FAC0070,Insulin (Soluble),Nagpur,Maharashtra,55.31634377053257,747.4153803340862,0.0005601421574100033,False,0.9553263055868386,0.0022494517811022675,low
FAC0071,Isoniazid,Nagpur,Maharashtra,0.0,0.0,-0.0006115321755362235,False,0.9473387785034006,0.9989845199873362,critical
FAC0071,Rifampicin,Nagpur,Maharashtra,0.0,0.0,-0.0007634940111781467,False,0.9747799358552236,0.9315488650508306,critical
FAC0071,Ethambutol,Nagpur,Maharashtra,0.0,0.0,-0.0007862016904224447,False,0.9583389055617373,0.9989776970258107,critical
FAC0071,Pyrazinamide,Nagpur,Maharashtra,27.308180698191887,600.2314184868276,0.00031728096155028094,False,0.9764864113435123,0.0017911765503069049,low
FAC0071,Amoxicillin,Nagpur,Maharashtra,0.0,0.0,0.0010706892185484201,False,0.960254009679179,0.5743153065684273,high
FAC0071,Ciprofloxacin,Nagpur,Maharashtra,0.0,0.0,0.0008617301255054954,False,0.9582258461779523,0.9989732667328307,critical
FAC0071,Metronidazole,Nagpur,Maharashtra,0.0,0.0,0.000983882958563179,False,0.959590563673818,0.9989732667328307,critical
FAC0071,Azithromycin,Nagpur,Maharashtra,0.0,0.0,-0.0009574722168626151,False,0.9633444747711355,0.9989776970258107,critical
FAC0071,Doxycycline,Nagpur,Maharashtra,25.90865414606078,461.21920125999236,-0.000263257679985282,False,0.9593189171253391,0.9989913495266076,critical
FAC0071,Paracetamol,Nagpur,Maharashtra,18.846930899861015,206.81756310474117,-0.000229041037032594,False,0.9664043562084716,0.0017173851221956348,low
FAC0071,Ibuprofen,Nagpur,Maharashtra,47.273206014507934,898.1047925800548,-0.0007537195309767316,False,0.9403540422741118,0.0016797369276809178,low
FAC0071,Diclofenac,Nagpur,Maharashtra,26.71672417837829,319.5109401715068,-0.0006065932079256272,False,0.9558633584016933,0.0015616563216611747,low
FAC0071,Oral rehydration salts,Nagpur,Maharashtra,61.5036436704612,635.0557456173032,-0.002561236188636567,False,0.9403303008216226,0.004201839126186271,low
FAC0071,Ringer lactate,Nagpur,Maharashtra,69.83131800611231,1672.1717314023572,-0.0025621648909207873,False,0.9460018569684611,0.0022453418493186446,low
FAC0071,Metformin,Nagpur,Maharashtra,13.652771147316376,254.7914054660533,-0.00021259395677619445,False,0.9543763540491605,0.0023460509586739255,low
FAC0071,Amlodipine,Nagpur,Maharashtra,29.717834911238235,288.97356105941134,-0.0004569188301158107,False,0.9618510708721864,0.44237796654620376,medium
FAC0071,Atenolol,Nagpur,Maharashtra,60.499500052272715,720.6997295813939,0.000489345935843492,False,0.9752417753710396,0.0021241568855766934,low
FAC0071,Oxytocin,Nagpur,Maharashtra,29.34509972351356,654.5307064331813,-0.00028865052143729265,False,0.9545807747591596,0.001649234477620837,low
FAC0071,Snake Venom Antiserum,Nagpur,Maharashtra,0.965214623053846,22.119634445817013,-0.003940117467873699,False,0.9396239030043778,0.031657750360399424,low
FAC0071,Insulin (Soluble),Nagpur,Maharashtra,34.7574255303205,477.6489319134793,-0.0014514747933558865,False,0.9688518126192955,0.00178630984549575,low
FAC0072,Isoniazid,Nagpur,Maharashtra,54.26240763359771,935.9339200014813,-0.0019382843111036994,False,0.940395882432931,0.0029330986403773036,low
FAC0072,Rifampicin,Nagpur,Maharashtra,0.47475775491482025,5.132048270451401,-0.0006033727419549364,False,0.9502150770453595,0.005878073478005267,low
FAC0072,Ethambutol,Nagpur,Maharashtra,50.44335687948884,839.166710629564,-0.001018722346299934,False,0.9567664200391975,0.002983844406366238,low
FAC0072,Pyrazinamide,Nagpur,Maharashtra,18.454513333943073,305.6955236019367,-0.0003204632520165962,False,0.9677245776869673,0.0016949834033305772,low
FAC0072,Amoxicillin,Nagpur,Maharashtra,30.36485669907424,423.7196524667699,-0.0005317340238587978,False,0.9589827605352983,0.9989732667328307,critical
FAC0072,Ciprofloxacin,Nagpur,Maharashtra,25.375237569036372,538.8487583958076,0.0002659109163437444,False,0.9670129656466395,0.0018136807318770939,low
FAC0072,Metronidazole,Nagpur,Maharashtra,5.984084571462855,109.57533493321527,-9.843138971621654e-05,False,0.9393644476256303,0.003413849469376124,low
FAC0072,Azithromycin,Nagpur,Maharashtra,12.954955562480453,135.1526284298504,-0.0005852448753964864,False,0.9379907616540704,0.002467668915951495,low
FAC0072,Doxycycline,Nagpur,Maharashtra,44.11668208740553,807.4676065424183,-0.0008046810180384995,False,0.9442792473526413,0.0017519135527904297,low
FAC0072,Paracetamol,Nagpur,Maharashtra,42.25593787354849,935.0066779783845,1.867103206344463e-05,False,0.9633425034807223,0.0041562280119983724,low
FAC0072,Ibuprofen,Nagpur,Maharashtra,0.0,0.0,-2.4257886055195633e-05,False,0.9736907134602208,0.9989732667328307,critical
FAC0072,Diclofenac,Nagpur,Maharashtra,27.843361664394042,502.3103074357532,-0.0009166481257251094,False,0.9301816333046666,0.9989826848567732,critical
FAC0072,Oral rehydration salts,Nagpur,Maharashtra,30.379908632856743,291.8294217214132,-0.003030836591977171,False,0.9188629064588824,0.5360179562921997,high
FAC0072,Ringer lactate,Nagpur,Maharashtra,4.011882670484784,84.34754036197701,-0.002875015190275548,False,0.9469464381016035,0.005043612918499981,low
FAC0072,Metformin,Nagpur,Maharashtra,20.24574054709025,278.25682764186035,0.0004217665370769592,False,0.9728865059543423,0.0017173851221956348,low
FAC0072,Amlodipine,Nagpur,Maharashtra,39.49806503532108,999.4496128503563,-0.001000944212590383,False,0.9704961327817629,0.0019124803530110117,low
FAC0072,Atenolol,Nagpur,Maharashtra,39.061670262003446,794.792245166443,0.0001685907784389058,False,0.9496049388231484,0.001628767418528461,low
FAC0072,Oxytocin,Nagpur,Maharashtra,34.365720208525765,888.1286697510498,-0.00010371038460601214,False,0.9431367284949363,0.0014964318090141136,low
FAC0072,Snake Venom Antiserum,Nagpur,Maharashtra,33.06674303159033,475.3919128489762,-0.0037066075180422556,False,0.9225600689170692,0.9989394948559918,critical
FAC0072,Insulin (Soluble),Nagpur,Maharashtra,0.0,0.0,-0.0005832864694297476,False,0.9627732887466065,0.9989732667328307,critical
FAC0073,Isoniazid,Nagpur,Maharashtra,24.09039699673862,333.50543037920346,-0.0008771901995958411,False,0.9472675126000134,0.9989707751411427,critical
FAC0073,Rifampicin,Nagpur,Maharashtra,7.683193800235138,127.39555581096545,-0.0016020325626175836,False,0.9709689480942821,0.00251486112801317,low
FAC0073,Ethambutol,Nagpur,Maharashtra,0.0,0.0,-0.0007240384627777823,False,0.9403520374479908,0.9989499124544557,critical
FAC0073,Pyrazinamide,Nagpur,Maharashtra,0.0,0.0,-0.0009415312898949942,False,0.9596320416705224,0.6139383654647301,high
FAC0073,Amoxicillin,Nagpur,Maharashtra,49.40935547071968,524.2604970738113,0.0009232031718851075,False,0.9167898743663514,0.0016378221630543237,low
FAC0073,Ciprofloxacin,Nagpur,Maharashtra,54.828718714964864,795.793026465781,-8.034073391998982e-05,False,0.9339290588056932,0.002948054540187332,low
FAC0073,Metronidazole,Nagpur,Maharashtra,0.0,0.0,0.00031516893527875126,False,0.9432129635836493,0.9989499124544557,critical
FAC0073,Azithromycin,Nagpur,Maharashtra,58.940259258603255,804.2885381392384,7.869732352455412e-05,False,0.9314962280730331,0.0030745616711779756,low
FAC0073,Doxycycline,Nagpur,Maharashtra,16.41320622584917,264.00540018780896,0.0011087716550366759,False,0.9641695186219652,0.0021241568855766934,low
FAC0073,Paracetamol,Nagpur,Maharashtra,0.0,0.0,0.0006183783000388898,False,0.9494137139675445,0.020026779288680133,low
FAC0073,Ibuprofen,Nagpur,Maharashtra,0.0,0.0,-0.00018219006562484295,False,0.9517052464592846,0.9989838247992484,critical
FAC0073,Diclofenac,Nagpur,Maharashtra,0.0,0.0,-1.9627264911133805e-05,False,0.9590501242910123,0.9989913495266076,critical
FAC0073,Oral rehydration salts,Nagpur,Maharashtra,24.715951057919096,585.1245945304485,-0.0031227236242718477,False,0.9220683622220016,0.0021774332916422467,low
FAC0073,Ringer lactate,Nagpur,Maharashtra,39.78687888125643,690.1556739944497,-0.002662621234051171,False,0.9546029985267545,0.07596948267163485,low
FAC0073,Metformin,Nagpur,Maharashtra,34.76068886583592,876.4872263082333,-0.0008504891784328291,False,0.967449141142078,0.9989644344643038,critical
FAC0073,Amlodipine,Nagpur,Maharashtra,60.86198147072294,1332.378019731105,-0.0008139752999506809,False,0.9691538202159555,0.002527073552005435,low
FAC0073,Atenolol,Nagpur,Maharashtra,57.24023848898548,1414.2526351101246,7.390330597171896e-05,False,0.9735132256714853,0.0026629822448786073,low
FAC0073,Oxytocin,Nagpur,Maharashtra,8.761842199571586,210.91264527932586,0.00022726904091490053,False,0.971106770439032,0.002813884658407893,low
FAC0073,Snake Venom Antiserum,Nagpur,Maharashtra,0.0,0.0,-0.004429271598659662,False,0.9427155996261687,0.9989711087123583,critical
FAC0073,Insulin (Soluble),Nagpur,Maharashtra,32.89920145093217,821.632931343993,0.0006976222097648989,False,0.9400186343108325,0.0017296643226455356,low
FAC0074,Isoniazid,Nagpur,Maharashtra,0.0,0.0,-0.002097926294011854,False,0.9689026710138318,0.9988554099812701,critical
FAC0074,Rifampicin,Nagpur,Maharashtra,41.18186576811822,512.1234320550341,-0.0010597221166076917,False,0.970473521095846,0.0018109485906974423,low
FAC0074,Ethambutol,Nagpur,Maharashtra,0.0,0.0,-0.0005874029894878358,False,0.9342407735931242,0.45802721235603505,medium
FAC0074,Pyrazinamide,Nagpur,Maharashtra,0.0,0.0,-0.0004323736973389467,False,0.95031413471307,0.9989740083261341,critical
FAC0074,Amoxicillin,Nagpur,Maharashtra,54.33094646401818,1314.2786191243763,-0.00025895788574412435,False,0.9353733759899701,0.0031131399009445494,low
FAC0074,Ciprofloxacin,Nagpur,Maharashtra,0.0,0.0,-0.0003627809829164324,False,0.9411293506349112,0.9989499124544557,critical
FAC0074,Metronidazole,Nagpur,Maharashtra,33.8283609434976,756.4313275075714,-0.00039088995842413065,False,0.9577871843448948,0.002090566417134799,low
FAC0074,Azithromycin,Nagpur,Maharashtra,35.67229509171225,643.657506219135,0.00019943341074752597,False,0.972613310127802,0.0016691611122206737,low
FAC0074,Doxycycline,Nagpur,Maharashtra,0.0,0.0,-0.00066425468866047,False,0.9641040423565879,0.9989732667328307,critical
FAC0074,Paracetamol,Nagpur,Maharashtra,48.43644681257259,831.2853063580162,0.0008578214560645506,False,0.956382090262947,0.001644491923867851,low
FAC0074,Ibuprofen,Nagpur,Maharashtra,0.0,0.0,0.0007260825276895395,False,0.967071062506718,0.9989691683833717,critical
FAC0074,Diclofenac,Nagpur,Maharashtra,43.801053572429666,450.3681232142274,-0.0005885631212414601,False,0.9436213142444043,0.0047956653178230346,low
FAC0074,Oral rehydration salts,Nagpur,Maharashtra,12.802048041749979,245.70524390843244,-0.0023106118847757346,False,0.9312926894118209,0.00297519767190372,low
FAC0074,Ringer lactate,Nagpur,Maharashtra,13.901503502705625,185.40047338104137,-0.003152945127902224,False,0.9614141196505995,0.004309974844188019,low
FAC0074,Metformin,Nagpur,Maharashtra,18.208802634012105,463.0724221604183,0.0007098267844508441,False,0.9467680958119196,0.0024803843840949325,low
FAC0074,Amlodipine,Nagpur,Maharashtra,22.85327294216416,557.6865358191407,0.0005368743440036811,False,0.9644668851540612,0.0018136807318770939,low
FAC0074,Atenolol,Nagpur,Maharashtra,57.73171564894262,816.3832662899898,0.00045809750799471094,False,0.9393114431963528,0.0027495364120146207,low
FAC0074,Oxytocin,Nagpur,Maharashtra,0.0,0.0,0.0006152913060299746,False,0.9512500788381112,0.9989740083261341,critical
FAC0074,Snake Venom Antiserum,Nagpur,Maharashtra,48.11901260334878,1304.1387039811934,-0.005003047289551928,False,0.9135012494561253,0.019717417607328078,low
FAC0074,Insulin (Soluble),Nagpur,Maharashtra,0.0,0.0,0.0005157906440452377,False,0.9391672538942546,0.998978703948104,critical
FAC0075,Isoniazid,Nagpur,Maharashtra,0.0,0.0,-0.0005057814518266546,False,0.9521642561827057,0.998986748769554,critical
FAC0075,Rifampicin,Nagpur,Maharashtra,18.281053465151146,377.1249661375879,-0.0010562820286103996,False,0.959550612493425,0.001760101959664505,low
FAC0075,Ethambutol,Nagpur,Maharashtra,52.37124983562863,783.3537681984403,-0.000821249027157166,False,0.9438703100281546,0.003282494322079485,low
FAC0075,Pyrazinamide,Nagpur,Maharashtra,26.668497639337104,392.30097400776174,-0.0005682584553390245,False,0.9639343242275835,0.0017173851221956348,low
FAC0075,Amoxicillin,Nagpur,Maharashtra,27.501281596616124,685.9987736621586,0.0004138434561014699,False,0.9459299306570634,0.9989666918288228,critical
FAC0075,Ciprofloxacin,Nagpur,Maharashtra,22.53965277181181,388.96770620682213,-0.0005644022773030133,False,0.9308660897636968,0.0016613950793456216,low
FAC0075,Metronidazole,Nagpur,Maharashtra,66.04121787914973,793.4301068971691,-0.0012999591241469402,False,0.9591656780403296,0.00251486112801317,low
FAC0075,Azithromycin,Nagpur,Maharashtra,53.36152534611856,635.2998610087362,-0.0009536628077338249,False,0.954420638838992,0.0025341038961252966,low
FAC0075,Doxycycline,Nagpur,Maharashtra,33.52587766869656,800.6054108883833,-0.000830318047580929,False,0.9593955265642928,0.0019124803530110117,low
FAC0075,Paracetamol,Nagpur,Maharashtra,0.0,0.0,-0.00076043312346316,False,0.9694648713101779,0.9989776970258107,critical
FAC0075,Ibuprofen,Nagpur,Maharashtra,28.781417460737735,633.7550357456955,-0.0004647273274344206,False,0.9501565073748586,0.001649234477620837,low
FAC0075,Diclofenac,Nagpur,Maharashtra,66.17397448450546,1664.7193093536414,-0.00038944667143982155,False,0.9669249004283359,0.0017911765503069049,low
FAC0075,Oral rehydration salts,Nagpur,Maharashtra,0.0,0.0,-0.002480722156909715,False,0.9615932331365198,0.9988202453479682,critical
FAC0075,Ringer lactate,Nagpur,Maharashtra,15.347118381686759,199.0877634309151,-0.0022306489339463604,False,0.9469832807461868,0.0018492515759619011,low
FAC0075,Metformin,Nagpur,Maharashtra,51.33566606545914,1048.0608685686786,-0.00042771802257425377,False,0.9569852640001955,0.006129540829464101,low
FAC0075,Amlodipine,Nagpur,Maharashtra,64.01940913388195,1196.551927253939,0.000195494570477731,False,0.9601879653713716,0.0021241568855766934,low
FAC0075,Atenolol,Nagpur,Maharashtra,28.5200603658033,747.0854409223145,-0.00015265883683026127,False,0.9565858922909787,0.001649234477620837,low
FAC0075,Oxytocin,Nagpur,Maharashtra,21.389849047174213,212.29631690591899,-0.0008272742362202155,False,0.9568851693273659,0.001646749650735319,low
FAC0075,Snake Venom Antiserum,Nagpur,Maharashtra,49.725781413797876,798.1276377484011,-0.004976580760358542,False,0.9114831889230026,0.004894381524688787,low
FAC0075,Insulin (Soluble),Nagpur,Maharashtra,0.0,0.0,0.0002405652342510478,False,0.9555665071076094,0.998986748769554,critical
FAC0076,Isoniazid,Nagpur,Maharashtra,0.0,0.0,-0.00016719916504554985,False,0.9542542308720947,0.9990235911906975,critical
FAC0076,Rifampicin,Nagpur,Maharashtra,6.874200273916546,190.4820470089598,-0.00011824589120445178,False,0.9646923636376279,0.0033197523756485934,low
FAC0076,Ethambutol,Nagpur,Maharashtra,0.0,0.0,-0.0014080265640243118,False,0.9480422061325514,0.9989441581691184,critical
FAC0076,Pyrazinamide,Nagpur,Maharashtra,0.0,0.0,-0.0014146471011246854,False,0.9695164421295364,0.8609746528009453,critical
FAC0076,Amoxicillin,Nagpur,Maharashtra,18.172053016025494,201.48996405493756,-0.0005810940186531443,False,0.974055515975343,0.0017173851221956348,low
FAC0076,Ciprofloxacin,Nagpur,Maharashtra,38.98817055555591,709.9830765077256,-0.0004484499977765541,False,0.955197315043363,0.998986748769554,critical
FAC0076,Metronidazole,Nagpur,Maharashtra,48.85726533328995,1313.8757655746422,-0.0005853183104888983,False,0.968675344526936,0.0026629822448786073,low
FAC0076,Azithromycin,Nagpur,Maharashtra,25.406353858938477,261.7375964084772,0.00011632191418306322,False,0.9614199380429101,0.0017173851221956348,low
FAC0076,Doxycycline,Nagpur,Maharashtra,37.145142600039726,376.7656211733345,-0.0005386594290648076,False,0.9724758850731534,0.0017173851221956348,low
FAC0076,Paracetamol,Nagpur,Maharashtra,0.0,0.0,-4.769634703651914e-05,False,0.9498137210955873,0.9989740083261341,critical
FAC0076,Ibuprofen,Nagpur,Maharashtra,28.016261844463234,577.5681347558664,4.896313999595745e-05,False,0.9538741288597099,0.998986748769554,critical
FAC0076,Diclofenac,Nagpur,Maharashtra,0.0,0.0,-0.00021812372397752916,False,0.9497495243551239,0.998986748769554,critical
FAC0076,Oral rehydration salts,Nagpur,Maharashtra,0.0,0.0,-0.0026457179003374948,False,0.9228586872308813,0.9989394948559918,critical
FAC0076,Ringer lactate,Nagpur,Maharashtra,24.906698363396448,361.9204328364118,-0.0023638678412617855,False,0.9488980282732153,0.0012654462222068696,low
FAC0076,Metformin,Nagpur,Maharashtra,67.09498244608801,1041.9554011845785,-0.0008634464584617261,False,0.9424085747365847,0.0020402426560301294,low
FAC0076,Amlodipine,Nagpur,Maharashtra,0.0,0.0,-0.00046368377687109084,False,0.9657608501633272,0.9990195808295564,critical
FAC0076,Atenolol,Nagpur,Maharashtra,44.40070258265213,543.4488509619736,0.00034285740329424795,False,0.9728737789421306,0.002765447167500951,low
FAC0076,Oxytocin,Nagpur,Maharashtra,20.591852510384207,260.1620807628481,-0.00028754291151578403,False,0.9712296235552498,0.0017173851221956348,low
FAC0076,Snake Venom Antiserum,Nagpur,Maharashtra,19.504835513231285,188.04868173756836,-0.005359435520966866,False,0.9500094849204062,0.004413713290154043,low
FAC0076,Insulin (Soluble),Nagpur,Maharashtra,19.391578475934345,312.31183755302436,3.490896918350681e-05,False,0.9392925453941131,0.0018551559718524215,low
FAC0077,Isoniazid,Nagpur,Maharashtra,35.10186323317333,950.755302140886,-0.00035035988114997884,False,0.9525552693847347,0.0016346203858688885,low
FAC0077,Rifampicin,Nagpur,Maharashtra,0.0,0.0,-0.0008799040420576124,False,0.9476743223723714,0.5598850211472094,high
FAC0077,Ethambutol,Nagpur,Maharashtra,35.45391943146839,819.07466233983,-0.0009290336028531035,False,0.9468764711933986,0.9989856121038498,critical
FAC0077,Pyrazinamide,Nagpur,Maharashtra,44.24236797028944,987.350035529503,-0.0015739036424345658,False,0.9677605001243827,0.0026557531080316607,low
FAC0077,Amoxicillin,Nagpur,Maharashtra,43.52838991452801,624.4612527592244,0.00023714686058415356,False,0.9612077740233245,0.023975097230958458,low
FAC0077,Ciprofloxacin,Nagpur,Maharashtra,0.0,0.0,-0.0009825636218313814,False,0.9709898924997209,0.9989776970258107,critical
FAC0077,Metronidazole,Nagpur,Maharashtra,43.94111997819937,516.4573867295578,-0.0015299739176966992,False,0.9532523639122512,0.002939186963783805,low
FAC0077,Azithromycin,Nagpur,Maharashtra,0.0,0.0,-0.00012886605430234902,False,0.9265290614750656,0.9989812160769865,critical
FAC0077,Doxycycline,Nagpur,Maharashtra,0.0,0.0,-0.0005439426509085818,False,0.9512372261254805,0.9989420662358445,critical
FAC0077,Paracetamol,Nagpur,Maharashtra,14.226656992970796,148.51392743432183,0.0005699379738575662,False,0.9631164863040398,0.0021241568855766934,low
FAC0077,Ibuprofen,Nagpur,Maharashtra,68.55693412741901,914.4117666397443,0.0003222174960942697,False,0.970575422274613,0.0021241568855766934,low
FAC0077,Diclofenac,Nagpur,Maharashtra,29.029712063106796,544.5353456126232,-0.0004406566714714761,False,0.9509113203188557,0.0015177985129877767,low
FAC0077,Oral rehydration salts,Nagpur,Maharashtra,0.0,0.0,-0.0035836231694710897,False,0.9305120045575278,0.9990085192509329,critical
FAC0077,Ringer lactate,Nagpur,Maharashtra,24.236135658579723,654.9438868713362,-0.0026279571131662405,False,0.9502239277522166,0.001984758852197143,low
FAC0077,Metformin,Nagpur,Maharashtra,0.0,0.0,0.0003571763556915926,False,0.9295600255218897,0.9989782761571487,critical
FAC0077,Amlodipine,Nagpur,Maharashtra,28.101688209905202,699.2565018983895,0.0006719859023864883,False,0.9630309305238146,0.9988623991005103,critical
FAC0077,Atenolol,Nagpur,Maharashtra,0.0,0.0,-0.0013178107680357517,False,0.9558367236496207,0.9989500478397608,critical
FAC0077,Oxytocin,Nagpur,Maharashtra,0.9087454148699484,19.0744561423079,0.0003599001912773983,False,0.9493516875779049,0.0062062129428946565,low
FAC0077,Snake Venom Antiserum,Nagpur,Maharashtra,35.44599882583548,426.3234336236608,-0.0054749581060228245,False,0.9503340338828408,0.9989452538840637,critical
FAC0077,Insulin (Soluble),Nagpur,Maharashtra,25.052002738909508,634.2076392270302,-0.0006538218131032704,False,0.9636174268969593,0.0018136807318770939,low
FAC0078,Isoniazid,Nagpur,Maharashtra,20.175818215826723,431.49049999048566,-0.0005162752037970842,False,0.9382379491109903,0.0016822714461229363,low
FAC0078,Rifampicin,Nagpur,Maharashtra,32.345185566006876,417.8089345009973,-0.0006291895769262884,False,0.94411464609949,0.001592941750087969,low
FAC0078,Ethambutol,Nagpur,Maharashtra,0.0,0.0,-0.00044722476381584507,False,0.9555450479074409,0.9989095328044357,critical
FAC0078,Pyrazinamide,Nagpur,Maharashtra,68.88805123938316,1642.8496679318996,-0.0017653008234659328,False,0.9605564939413984,0.0018087529930174407,low
FAC0078,Amoxicillin,Nagpur,Maharashtra,1.4582747640317189,21.516224803803116,-0.00028990293841546825,False,0.932908871374758,0.005001059576541661,low
FAC0078,Ciprofloxacin,Nagpur,Maharashtra,73.76662941248067,1520.5484118462823,-0.0006349668735710934,False,0.9539619873446288,0.001920697221855157,low
FAC0078,Metronidazole,Nagpur,Maharashtra,38.442016439833054,632.9761065419344,0.0009102574070516319,False,0.954300820614558,0.0015616563216611747,low
FAC0078,Azithromycin,Nagpur,Maharashtra,13.23836269165192,206.9078636035544,0.0003099535921357523,False,0.9653041815239731,0.0025217077172003106,low
FAC0078,Doxycycline,Nagpur,Maharashtra,46.95997034989884,728.0318200445859,0.00046655260751826596,False,0.9659547354789975,0.005516602067925385,low
FAC0078,Paracetamol,Nagpur,Maharashtra,32.72501925717167,342.2647738405859,0.00019989525469003928,False,0.9465061597155563,0.001592941750087969,low
FAC0078,Ibuprofen,Nagpur,Maharashtra,0.0,0.0,0.00033487519115913436,False,0.9504971511337197,0.998986748769554,critical
FAC0078,Diclofenac,Nagpur,Maharashtra,29.357288194094192,642.8744495179928,0.000286820956760312,False,0.9499097542147055,0.001649234477620837,low
FAC0078,Oral rehydration salts,Nagpur,Maharashtra,9.074543571005648,162.35261313026786,-0.0029854693560244536,False,0.9474789706142319,0.005074498513358827,low
FAC0078,Ringer lactate,Nagpur,Maharashtra,21.267082255157423,376.6131086939045,-0.0034020089358990464,False,0.9500911640220844,0.002349203115111497,low
FAC0078,Metformin,Nagpur,Maharashtra,0.0,0.0,0.0001293074940678606,False,0.9280983050943744,0.9989812160769865,critical
FAC0078,Amlodipine,Nagpur,Maharashtra,0.0,0.0,0.0007527815391715607,False,0.9679287266603893,0.9989732667328307,critical
FAC0078,Atenolol,Nagpur,Maharashtra,0.0,0.0,0.00094259493522835,False,0.9657013872131874,0.9990195808295564,critical
FAC0078,Oxytocin,Nagpur,Maharashtra,22.935087970648468,479.1801334600558,-0.00046283896021443545,False,0.948339620938397,0.0017089479805690007,low
FAC0078,Snake Venom Antiserum,Nagpur,Maharashtra,28.71142918805256,445.4419916860111,-0.004567524511248965,False,0.9211099428327525,0.003907800521605463,low
FAC0078,Insulin (Soluble),Nagpur,Maharashtra,63.809964605399955,590.2127239584096,0.00010983327529962853,False,0.9625482836155677,0.0021241568855766934,low
FAC0079,Isoniazid,Nagpur,Maharashtra,0.0,0.0,-0.001845712585556572,False,0.9307483774753533,0.588720240748388,high
FAC0079,Rifampicin,Nagpur,Maharashtra,59.69221253013626,1007.0063927775793,-0.0010513433119332491,False,0.9600396710697612,0.003041075811703789,low
FAC0079,Ethambutol,Nagpur,Maharashtra,36.647970310523974,904.6818592898727,0.0004223813164085966,False,0.9491604729325518,0.001628767418528461,low
FAC0079,Pyrazinamide,Nagpur,Maharashtra,41.09752902022906,1036.6821842600234,-0.0009056808894527643,False,0.9721730781429265,0.008778293853676055,low
FAC0079,Amoxicillin,Nagpur,Maharashtra,39.914942782702944,902.8037318967196,-0.0006558691911054936,False,0.9478564085174498,0.003467889031640726,low
FAC0079,Ciprofloxacin,Nagpur,Maharashtra,0.0,0.0,0.0009616057821171528,False,0.9501248038265506,0.9989556149693484,critical
FAC0079,Metronidazole,Nagpur,Maharashtra,53.44920886121712,1377.4185860196976,2.833546466365528e-05,False,0.9537996600778289,0.003112222186103269,low
FAC0079,Azithromycin,Nagpur,Maharashtra,61.707751977700894,844.862225862325,-0.0007552311756146515,False,0.9518355619532615,0.002718866858902669,low
FAC0079,Doxycycline,Nagpur,Maharashtra,51.7093832763215,1182.143164308109,0.0008468351078845649,False,0.9563788349472652,0.0028380058523052977,low
FAC0079,Paracetamol,Nagpur,Maharashtra,51.88953180980871,1377.5878712665829,0.0005807975399079587,False,0.9592726884275646,0.0026553323022300668,low
FAC0079,Ibuprofen,Nagpur,Maharashtra,47.94761956576887,869.2966800748184,-0.0010825294229672498,False,0.9562563640594245,0.0017390915541400371,low
FAC0079,Diclofenac,Nagpur,Maharashtra,20.808409583454246,240.4755132018312,-9.598593893641642e-05,False,0.9647765918258622,0.0017173851221956348,low
FAC0079,Oral rehydration salts,Nagpur,Maharashtra,0.0,0.0,-0.003165159254465026,False,0.9569860772538962,0.9989638295275138,critical
FAC0079,Ringer lactate,Nagpur,Maharashtra,22.15654856772785,281.2088280098805,-0.0017948027701140065,False,0.9657012955479922,0.001712718567906267,low
FAC0079,Metformin,Nagpur,Maharashtra,0.0,0.0,0.0002724213706126509,False,0.9316259354662719,0.9989812160769865,critical
FAC0079,Amlodipine,Nagpur,Maharashtra,34.1647394693648,563.8714381156893,0.0007912629668598915,False,0.9559394859056562,0.001649234477620837,low
FAC0079,Atenolol,Nagpur,Maharashtra,72.60713470433225,1619.8020421655863,0.0007684905838053425,False,0.9503421437392607,0.001920697221855157,low
FAC0079,Oxytocin,Nagpur,Maharashtra,0.0,0.0,0.0008864206616297235,False,0.930671224384369,0.9989966910779933,critical
FAC0079,Snake Venom Antiserum,Nagpur,Maharashtra,0.0,0.0,-0.005068825200737313,False,0.9194361520502821,0.9989711087123583,critical
FAC0079,Insulin (Soluble),Nagpur,Maharashtra,0.0,0.0,-0.00023693710901605673,False,0.9322338125366387,0.9989812160769865,critical
FAC0080,Isoniazid,Nagpur,Maharashtra,47.38407470841244,1200.6915486317262,-0.0006137447981023061,False,0.9540674695273963,0.002829854546384718,low
FAC0080,Rifampicin,Nagpur,Maharashtra,0.0,0.0,-0.0009303047187260763,False,0.9629418275742462,0.9990081731990669,critical
FAC0080,Ethambutol,Nagpur,Maharashtra,49.01208966640323,645.7593008768547,-0.0012868146500846706,False,0.9697445970273878,0.005501669008105776,low
FAC0080,Pyrazinamide,Nagpur,Maharashtra,37.99524400603952,652.198935194072,-0.00249891939628611,False,0.9503640351927389,0.011671208067796066,low
FAC0080,Amoxicillin,Nagpur,Maharashtra,45.76232264994735,721.4737943897812,0.0005031513022544188,False,0.974559654567365,0.0017173851221956348,low
FAC0080,Ciprofloxacin,Nagpur,Maharashtra,33.038929273738376,355.6720466366079,-6.641160142073527e-05,False,0.954597126110017,0.0015616563216611747,low
FAC0080,Metronidazole,Nagpur,Maharashtra,24.29725583602045,463.37511893008065,-0.0010858810847619547,False,0.9398168532518869,0.0017739253142222495,low
FAC0080,Azithromycin,Nagpur,Maharashtra,44.82834365642378,615.4249596875986,0.000753151330520648,False,0.9599989234226802,0.005516602067925385,low
FAC0080,Doxycycline,Nagpur,Maharashtra,51.10540088327522,483.05414577342054,-0.00040528638580202947,False,0.9596130234338582,0.005516602067925385,low
FAC0080,Paracetamol,Nagpur,Maharashtra,14.411932871409423,321.4163059367807,-0.00010451616561031463,False,0.964905326430257,0.0023965999997160917,low
FAC0080,Ibuprofen,Nagpur,Maharashtra,51.04842174934147,901.7471314398794,0.00207083505696095,False,0.9494793352835094,0.001649234477620837,low
FAC0080,Diclofenac,Nagpur,Maharashtra,62.3487777959816,1127.4670217880212,0.0006518015145750983,False,0.9548117208023441,0.002687471124465227,low
FAC0080,Oral rehydration salts,Nagpur,Maharashtra,0.0,0.0,-0.0017423046353404774,False,0.9328291352479221,0.9989274045379775,critical
FAC0080,Ringer lactate,Nagpur,Maharashtra,27.761959689067634,286.7626533439803,-0.003880513012558902,False,0.902739607809917,0.003869362498205617,low
FAC0080,Metformin,Nagpur,Maharashtra,62.23101360921549,1719.4905075558563,0.00015398502769677826,False,0.9551909312407083,0.0023755099422294403,low
FAC0080,Amlodipine,Nagpur,Maharashtra,30.33083455301002,313.43176589703785,-0.0008368748193827305,False,0.9668826602922482,0.0018109485906974423,low
FAC0080,Atenolol,Nagpur,Maharashtra,18.40234226620328,287.60792649604963,0.0011779651610720682,False,0.974081034293711,0.0021241568855766934,low
FAC0080,Oxytocin,Nagpur,Maharashtra,0.0,0.0,4.703982193351178e-05,False,0.9429232946702477,0.9989812160769865,critical
FAC0080,Snake Venom Antiserum,Nagpur,Maharashtra,0.0,0.0,-0.005829300557262285,False,0.9235707307365615,0.9989681396556758,critical
FAC0080,Insulin (Soluble),Nagpur,Maharashtra,20.840319595800995,513.0320957184441,-0.0005132236859571105,False,0.9632527412291774,0.0018136807318770939,low
FAC0081,Isoniazid,Nagpur,Maharashtra,28.11595375802377,519.3855010103666,-0.00020314411247804906,False,0.9562706962680944,0.9989838247992484,critical
FAC0081,Rifampicin,Nagpur,Maharashtra,0.0,0.0,-0.001322458969362543,False,0.9610684555000444,0.011272634969884211,low
FAC0081,Ethambutol,Nagpur,Maharashtra,32.19906067230801,703.5816875173465,-0.0010393425045840728,False,0.947105160063006,0.9990014574584685,critical
FAC0081,Pyrazinamide,Nagpur,Maharashtra,0.0,0.0,-0.0010539507148781188,False,0.9667772889808612,0.9990631666934858,critical
FAC0081,Amoxicillin,Nagpur,Maharashtra,36.31296798270261,666.1184679229998,0.0002391225179174339,False,0.940909690695299,0.0016822714461229363,low
FAC0081,Ciprofloxacin,Nagpur,Maharashtra,47.677758238603005,866.612657482878,0.00047512615503818816,False,0.9715580091220383,0.001685340429274512,low
FAC0081,Metronidazole,Nagpur,Maharashtra,35.084744603944664,966.7707241098998,-0.0010068295359938841,False,0.9538354529787665,0.0017390915541400371,low
FAC0081,Azithromycin,Nagpur,Maharashtra,0.0,0.0,9.29945474262051e-05,False,0.9729325523993257,0.9989732667328307,critical
FAC0081,Doxycycline,Nagpur,Maharashtra,18.873266328824418,344.77376472704276,0.0012678999851528947,False,0.9419913897116632,0.0023697578135859106,low
FAC0081,Paracetamol,Nagpur,Maharashtra,0.0,0.0,-0.0005025227074682648,False,0.9460774972541701,0.9989499124544557,critical
FAC0081,Ibuprofen,Nagpur,Maharashtra,0.0,0.0,-0.0003656853799428178,False,0.9407214930674133,0.9990182594724442,critical
FAC0081,Diclofenac,Nagpur,Maharashtra,21.99201033073351,380.766216320975,0.00012976185214482169,False,0.9626221334929723,0.0017173851221956348,low
FAC0081,Oral rehydration salts,Nagpur,Maharashtra,42.20810689270838,738.5620080755713,-0.0028636468190869056,False,0.9435201078707947,0.012493325879916974,low
FAC0081,Ringer lactate,Nagpur,Maharashtra,32.551350594320965,361.48289856004163,-0.0019785419000632833,False,0.9388033330376275,0.001584849602571137,low
FAC0081,Metformin,Nagpur,Maharashtra,52.87635540744727,1275.4290574382294,0.00030784797155504267,False,0.9576965468195149,0.0025854992216644405,low
FAC0081,Amlodipine,Nagpur,Maharashtra,42.97838739866387,803.9961905880992,-0.00023305203652380438,False,0.9718429128945328,0.9989913495266076,critical
FAC0081,Atenolol,Nagpur,Maharashtra,0.0,0.0,-0.00047608253174149265,False,0.9535091892190226,0.9989556149693484,critical
FAC0081,Oxytocin,Nagpur,Maharashtra,14.073204994998687,362.15120289204066,0.00024348447255650757,False,0.94783939947039,0.002647208386317574,low
FAC0081,Snake Venom Antiserum,Nagpur,Maharashtra,23.455899815989234,276.58650984674927,-0.0033644141283672045,False,0.9244293855039014,0.002297567520136388,low
FAC0081,Insulin (Soluble),Nagpur,Maharashtra,37.95828949432633,522.0948938508681,-0.0002994886054830805,False,0.9582391666804665,0.0017173851221956348,low
FAC0082,Isoniazid,Nagpur,Maharashtra,0.0,0.0,-0.000988733982196215,False,0.9675108927246051,0.9989736163423169,critical
FAC0082,Rifampicin,Nagpur,Maharashtra,29.084207881829524,613.8633916395062,-0.001147865915861204,False,0.965891511712283,0.0018087529930174407,low
FAC0082,Ethambutol,Nagpur,Maharashtra,0.0,0.0,-0.001124976655032916,False,0.9574116080383566,0.6488942969418843,high
FAC0082,Pyrazinamide,Nagpur,Maharashtra,29.710058171742777,597.1875440439698,-0.001573019213043528,False,0.9657532090355636,0.00178630984549575,low
FAC0082,Amoxicillin,Nagpur,Maharashtra,0.0,0.0,-0.0006996717369604912,False,0.9581502667491643,0.9989732667328307,critical
FAC0082,Ciprofloxacin,Nagpur,Maharashtra,0.0,0.0,-0.0010890002669588568,False,0.9627685857523836,0.9989957018718503,critical
FAC0082,Metronidazole,Nagpur,Maharashtra,45.84501723520968,422.5282262438476,0.0009100003797609019,False,0.9419335050355476,0.0016378221630543237,low
FAC0082,Azithromycin,Nagpur,Maharashtra,49.73318483301402,768.2816582700606,-0.00033120644001906796,False,0.9752675633112948,0.005516602067925385,low
FAC0082,Doxycycline,Nagpur,Maharashtra,35.86270180739468,374.5647605280813,-0.0005086933910698482,False,0.9737736172616498,0.0017173851221956348,low
FAC0082,Paracetamol,Nagpur,Maharashtra,31.678348412577204,829.5066648459771,0.0012148853181360093,False,0.9585127685671038,0.0018136807318770939,low
FAC0082,Ibuprofen,Nagpur,Maharashtra,0.0,0.0,-0.0006092981316138949,False,0.9574130327874151,0.9989556149693484,critical
FAC0082,Diclofenac,Nagpur,Maharashtra,6.2992174525174445,89.45257824322324,0.00036116278180461627,False,0.941856955945957,0.00323286962284315,low
FAC0082,Oral rehydration salts,Nagpur,Maharashtra,57.58301253173093,1280.2905322619026,-0.0027541737746460296,False,0.9548372597606847,0.004611876671426988,low
FAC0082,Ringer lactate,Nagpur,Maharashtra,38.05994127809508,876.7369672202854,-0.002179164081861588,False,0.9272958928678731,0.0016507390141418173,low
FAC0082,Metformin,Nagpur,Maharashtra,0.0,0.0,-0.0010286606602610089,False,0.9569460740212253,0.9989784354224556,critical
FAC0082,Amlodipine,Nagpur,Maharashtra,20.2307468169224,531.7318256946935,0.0006022281475633113,False,0.9575440719743549,0.0019036822484964457,low
FAC0082,Atenolol,Nagpur,Maharashtra,0.0,0.0,0.0006813640599175585,False,0.9654877927936067,0.9989913495266076,critical
FAC0082,Oxytocin,Nagpur,Maharashtra,0.0,0.0,-0.0007973908575730062,False,0.9413375622283419,0.04672405037427393,low
FAC0082,Snake Venom Antiserum,Nagpur,Maharashtra,62.7607157268432,932.7809846184898,-0.005584951775884227,False,0.9409728776047149,0.012968640775054328,low
FAC0082,Insulin (Soluble),Nagpur,Maharashtra,0.0,0.0,0.00023344829453589934,False,0.9679969638042765,0.9989913495266076,critical
FAC0083,Isoniazid,Nagpur,Maharashtra,43.91536967968412,900.6900091757592,-0.0009543098311953934,False,0.926434663181752,0.003599503386827671,low
FAC0083,Rifampicin,Nagpur,Maharashtra,46.21212940117311,972.6272459804688,-0.002467432361919086,False,0.9442721404237,0.003752924083491687,low
FAC0083,Ethambutol,Nagpur,Maharashtra,0.0,0.0,-0.0014130054237819823,False,0.9588616426517849,0.9989190357686994,critical
FAC0083,Pyrazinamide,Nagpur,Maharashtra,0.0,0.0,-0.0013977128727608837,False,0.9398659862372201,0.9989139187218273,critical
FAC0083,Amoxicillin,Nagpur,Maharashtra,30.26978227073983,337.02817834627723,-0.000129211475311019,False,0.9566457247498467,0.0015616563216611747,low
FAC0083,Ciprofloxacin,Nagpur,Maharashtra,32.862634286059084,694.6203981729947,0.0004381427552234109,False,0.937699165265079,0.0756142302174614,low
FAC0083,Metronidazole,Nagpur,Maharashtra,24.119112152304055,631.2753442719136,0.00026373523365626255,False,0.9710276682601507,0.0017976120831995686,low
FAC0083,Azithromycin,Nagpur,Maharashtra,5.2627159896412445,110.1831017033246,-0.0002967323174394117,False,0.9570433519900063,0.004441695817928003,low
FAC0083,Doxycycline,Nagpur,Maharashtra,0.0,0.0,0.00011158092819217067,False,0.9700373512020587,0.999003874847152,critical
FAC0083,Paracetamol,Nagpur,Maharashtra,0.0,0.0,0.00014829673401667192,False,0.9422889974864813,0.9989812160769865,critical
FAC0083,Ibuprofen,Nagpur,Maharashtra,0.0,0.0,-4.235678489304749e-05,False,0.9558061997256178,0.9989556149693484,critical
FAC0083,Diclofenac,Nagpur,Maharashtra,18.853139392465245,188.81172781016866,0.00016861125362372466,False,0.9696446789685013,0.0017173851221956348,low
FAC0083,Oral rehydration salts,Nagpur,Maharashtra,0.0,0.0,-0.003345111336155546,False,0.957608597782875,0.5236884848495826,high
FAC0083,Ringer lactate,Nagpur,Maharashtra,0.0,0.0,-0.003020322336019993,False,0.9428092914145291,0.9989711087123583,critical
FAC0083,Metformin,Nagpur,Maharashtra,23.23345240618957,421.0048185859453,0.00035777348009383614,False,0.9364324668413795,0.0016613950793456216,low
FAC0083,Amlodipine,Nagpur,Maharashtra,29.23188504605101,448.9088218228823,0.0007703818248508498,False,0.9541549235312268,0.0015616563216611747,low
FAC0083,Atenolol,Nagpur,Maharashtra,55.426554260951356,811.0585240416004,0.0002455140728568703,False,0.9691002214489848,0.0025217077172003106,low
FAC0083,Oxytocin,Nagpur,Maharashtra,0.0,0.0,-5.954666695968825e-05,False,0.9713733802438921,0.9989913495266076,critical
FAC0083,Snake Venom Antiserum,Nagpur,Maharashtra,51.74360835904497,1008.9415206581045,-0.003864179963944203,False,0.9255807269440604,0.012771337008999403,low
FAC0083,Insulin (Soluble),Nagpur,Maharashtra,0.0,0.0,-7.629435726110655e-06,False,0.966458709873822,0.36801175203923636,medium
FAC0084,Isoniazid,Nagpur,Maharashtra,0.0,0.0,-0.0006558113901229539,False,0.9536081178279346,0.9989420662358445,critical
FAC0084,Rifampicin,Nagpur,Maharashtra,39.48441938193886,679.115733743186,-0.001496964477985711,False,0.9683688593909947,0.44984036137108296,medium
FAC0084,Ethambutol,Nagpur,Maharashtra,0.0,0.0,-0.00042252772847409514,False,0.9526650925337822,0.07083487845078792,low
FAC0084,Pyrazinamide,Nagpur,Maharashtra,63.63685114916253,1584.1125741520605,-0.0019164803301903283,False,0.9720588794087499,0.0022318212449353382,low
FAC0084,Amoxicillin,Nagpur,Maharashtra,0.0,0.0,-0.0011419356980954386,False,0.9595053341066115,0.4839076390094572,medium
FAC0084,Ciprofloxacin,Nagpur,Maharashtra,41.69705121408058,692.3773473625287,6.361610839008941e-05,False,0.9518342288772494,0.001628767418528461,low
FAC0084,Metronidazole,Nagpur,Maharashtra,37.5274310869806,617.7325301034725,-0.0006521107811730157,False,0.9337552904509749,0.0016613950793456216,low
FAC0084,Azithromycin,Nagpur,Maharashtra,16.877473054564206,372.13866011241646,-0.00017517396827315175,False,0.9560482688997094,0.001896867701201201,low
FAC0084,Doxycycline,Nagpur,Maharashtra,0.0,0.0,0.00048014892986816203,False,0.9577150827482974,0.9990405583161248,critical
FAC0084,Paracetamol,Nagpur,Maharashtra,17.222970757972536,418.14092999901186,-0.0011143190607430988,False,0.9456406520482714,0.0020658696056092734,low
FAC0084,Ibuprofen,Nagpur,Maharashtra,0.0,0.0,0.00015525734876652695,False,0.9513462330345375,0.9989556149693484,critical
FAC0084,Diclofenac,Nagpur,Maharashtra,36.33849186488423,704.9616888712612,-0.00031878967472585157,False,0.9712265935985879,0.0018136807318770939,low
FAC0084,Oral rehydration salts,Nagpur,Maharashtra,0.0,0.0,-0.0021453406448378428,False,0.9345845109711469,0.8464286934290285,critical
FAC0084,Ringer lactate,Nagpur,Maharashtra,0.0,0.0,-0.0021794972597289786,False,0.9263036613494088,0.9988293780512879,critical
FAC0084,Metformin,Nagpur,Maharashtra,0.0,0.0,-7.970266649745437e-05,False,0.9659108793706299,0.9989913495266076,critical
FAC0084,Amlodipine,Nagpur,Maharashtra,0.0,0.0,-0.00039142535514375255,False,0.9551373058730974,0.9989556149693484,critical
FAC0084,Atenolol,Nagpur,Maharashtra,40.24659279591697,518.0974737716132,0.00044275934486071576,False,0.9528322044182858,0.006305106015406276,low
FAC0084,Oxytocin,Nagpur,Maharashtra,47.20994208942761,1089.6101409395262,-0.0005709986723178142,False,0.939056488741004,0.005144469580257887,low
FAC0084,Snake Venom Antiserum,Nagpur,Maharashtra,37.63849660131161,480.8409189928074,-0.004540374966619696,False,0.9216352816944314,0.0037471374811726675,low
FAC0084,Insulin (Soluble),Nagpur,Maharashtra,0.0,0.0,-0.000591583722181999,False,0.9450857180203442,0.9989684061382977,critical
FAC0085,Isoniazid,Nagpur,Maharashtra,0.0,0.0,-0.0014385303833353463,False,0.9174971038965983,0.9988667383617941,critical
FAC0085,Rifampicin,Nagpur,Maharashtra,0.0,0.0,-0.000759134590980837,False,0.9638312650684653,0.9989957018718503,critical
FAC0085,Ethambutol,Nagpur,Maharashtra,20.914602546445145,284.905273831105,-0.0015259748661125734,False,0.9393369940884227,0.0015886128006929866,low
FAC0085,Pyrazinamide,Nagpur,Maharashtra,0.0,0.0,-0.0018055626112449968,False,0.9703885181719131,0.9989482325972174,critical
FAC0085,Amoxicillin,Nagpur,Maharashtra,0.0,0.0,0.0006411400494014987,False,0.9543771580625882,0.9988608461507855,critical
FAC0085,Ciprofloxacin,Nagpur,Maharashtra,46.41994685025744,1152.4324589512291,-0.0004289057519483153,False,0.9696629558405012,0.0018136807318770939,low
FAC0085,Metronidazole,Nagpur,Maharashtra,12.833258698918995,165.97647488286194,0.0008363693377535502,False,0.9566171842202151,0.002687471124465227,low
FAC0085,Azithromycin,Nagpur,Maharashtra,0.0,0.0,-0.0003817429312957553,False,0.9541813513503612,0.998986748769554,critical
FAC0085,Doxycycline,Nagpur,Maharashtra,51.807774552485924,762.2179395726569,0.0010214800785993722,False,0.9555431326131565,0.002687471124465227,low
FAC0085,Paracetamol,Nagpur,Maharashtra,38.98958365468235,1090.8777231914542,0.00025071099704015743,False,0.9523490710109044,0.0016346203858688885,low
FAC0085,Ibuprofen,Nagpur,Maharashtra,29.976036915425638,555.6472707856798,0.0003523869435154912,False,0.9559879693448332,0.9989556149693484,critical
FAC0085,Diclofenac,Nagpur,Maharashtra,23.48437267074625,454.86774205894005,-0.000749525789006274,False,0.9685590302868593,0.0018136807318770939,low
FAC0085,Oral rehydration salts,Nagpur,Maharashtra,0.0,0.0,-0.002785158624152005,False,0.9533325930947348,0.9989766962385929,critical
FAC0085,Ringer lactate,Nagpur,Maharashtra,25.63836255271195,394.60727272753337,-0.0027310718337918254,False,0.9485089513122722,0.002112453351404078,low
FAC0085,Metformin,Nagpur,Maharashtra,25.071056390089613,545.7409103162196,-0.0004219254898145349,False,0.9566466767450391,0.001649234477620837,low
FAC0085,Amlodipine,Nagpur,Maharashtra,0.0,0.0,0.0007548536952345375,False,0.9667835146123145,0.9989732667328307,critical
FAC0085,Atenolol,Nagpur,Maharashtra,47.545307285811504,1020.7242084111901,-0.000312790442122896,False,0.9696551406942705,0.0058246808671276575,low
FAC0085,Oxytocin,Nagpur,Maharashtra,46.06313568573766,896.4538252448895,-0.0006152531120322332,False,0.9495840032441366,0.0029987964544210986,low
FAC0085,Snake Venom Antiserum,Nagpur,Maharashtra,39.79366293291427,941.4702700523112,-0.004002439550356712,False,0.9355367492294311,0.0039567923648786045,low
FAC0085,Insulin (Soluble),Nagpur,Maharashtra,0.0,0.0,-0.0002740325013073843,False,0.9639521899285108,0.999003874847152,critical
FAC0086,Isoniazid,Nagpur,Maharashtra,14.94282427652253,216.1008536973345,-0.001249186638143004,False,0.9597698042517111,0.0021183873786622463,low
FAC0086,Rifampicin,Nagpur,Maharashtra,76.28206828763172,701.9869423685564,-0.00035130819939868945,False,0.9395209180321173,0.001592941750087969,low
FAC0086,Ethambutol,Nagpur,Maharashtra,31.623214135654955,668.0480385231696,-0.000824983513995368,False,0.9520187061285557,0.0017390915541400371,low
FAC0086,Pyrazinamide,Nagpur,Maharashtra,21.60002180816131,563.0148005876968,-0.0011748471239496773,False,0.9518447841148421,0.001915479279022459,low
FAC0086,Amoxicillin,Nagpur,Maharashtra,0.0,0.0,0.0008261964609284133,False,0.9501795033962595,0.998986748769554,critical
FAC0086,Ciprofloxacin,Nagpur,Maharashtra,31.713573298673648,654.0221609395168,0.0012039438415992732,False,0.9633719126844036,0.9990010002486744,critical
FAC0086,Metronidazole,Nagpur,Maharashtra,0.0,0.0,-0.0006151271291204729,False,0.9437006130069561,0.9989812160769865,critical
FAC0086,Azithromycin,Nagpur,Maharashtra,0.0,0.0,1.391208066633463e-05,False,0.9485655679651892,0.9990236767510522,critical
FAC0086,Doxycycline,Nagpur,Maharashtra,28.940772432776495,357.5551596921684,0.0009920751139021115,False,0.9683577788356716,0.9989732667328307,critical
FAC0086,Paracetamol,Nagpur,Maharashtra,42.02463836092428,989.6617897434253,0.00020687243472043135,False,0.9621945808695711,0.004168183924397347,low
FAC0086,Ibuprofen,Nagpur,Maharashtra,11.569686001462319,170.89367432970903,-0.000621532769834659,False,0.9675973352593668,0.0021241568855766934,low
FAC0086,Diclofenac,Nagpur,Maharashtra,0.0,0.0,-0.0009057373458105154,False,0.9321135011612076,0.9989856121038498,critical
FAC0086,Oral rehydration salts,Nagpur,Maharashtra,0.0,0.0,-0.00275069717699905,False,0.9469819434473763,0.9989560598372162,critical
FAC0086,Ringer lactate,Nagpur,Maharashtra,55.442468220319135,871.5483848429494,-0.0033393073757711765,False,0.936266779063976,0.005814087563691056,low
FAC0086,Metformin,Nagpur,Maharashtra,0.0,0.0,3.409692122721554e-05,False,0.9517061598613865,0.9989556149693484,critical
FAC0086,Amlodipine,Nagpur,Maharashtra,0.0,0.0,-0.0004641082259375098,False,0.9603700947595896,0.999003874847152,critical
FAC0086,Atenolol,Nagpur,Maharashtra,26.759242182164094,645.858085232204,-0.000368087215893907,False,0.9647683173531886,0.0018199567667571163,low
FAC0086,Oxytocin,Nagpur,Maharashtra,0.0,0.0,0.0005606510338893666,False,0.9448692653537195,0.999009150133478,critical
FAC0086,Snake Venom Antiserum,Nagpur,Maharashtra,0.0,0.0,-0.004464122537218099,False,0.9327380264144949,0.9989394948559918,critical
FAC0086,Insulin (Soluble),Nagpur,Maharashtra,53.83035655726516,1343.8851239222213,-0.0002031304245832129,False,0.9737279173059199,0.0030863862359620854,low
FAC0087,Isoniazid,Nagpur,Maharashtra,39.8646803885078,738.9164603174411,-0.0011905379329175232,False,0.9525251396035685,0.0016400231127828664,low
FAC0087,Rifampicin,Nagpur,Maharashtra,0.0,0.0,-0.0008613658355384787,False,0.947706905427292,0.9990014574584685,critical
FAC0087,Ethambutol,Nagpur,Maharashtra,57.332709174819634,748.4703107216279,-0.00037228061006581965,False,0.9657304231261348,0.002366880096338163,low
FAC0087,Pyrazinamide,Nagpur,Maharashtra,20.9749251732186,559.3452905723983,-0.0013128557379343995,False,0.9196449169430648,0.0016777001439077285,low
FAC0087,Amoxicillin,Nagpur,Maharashtra,0.0,0.0,-0.0005254013735664063,False,0.951728648886699,0.998986748769554,critical
FAC0087,Ciprofloxacin,Nagpur,Maharashtra,34.841219343427056,620.3321982570144,0.0005956247542987359,False,0.9535468026450616,0.001644491923867851,low
FAC0087,Metronidazole,Nagpur,Maharashtra,23.296632517671288,482.5726361373054,-8.123321212264082e-05,False,0.9530715061830894,0.001649234477620837,low
FAC0087,Azithromycin,Nagpur,Maharashtra,0.0,0.0,-0.00020849077360901133,False,0.9253555162014977,0.9989812160769865,critical
FAC0087,Doxycycline,Nagpur,Maharashtra,51.97829186402311,1275.7141036776686,0.0004013563250256254,False,0.9707911433042802,0.24662252485584166,low
FAC0087,Paracetamol,Nagpur,Maharashtra,0.0,0.0,0.0006101833165154894,False,0.9783679777143417,0.011772177214173098,low
FAC0087,Ibuprofen,Nagpur,Maharashtra,24.996953313787145,383.45469625164327,0.000472090209842961,False,0.9540009236042417,0.0015616563216611747,low
FAC0087,Diclofenac,Nagpur,Maharashtra,35.73103264362833,408.0730542911361,0.00012122960802144087,False,0.9560371461642984,0.0015616563216611747,low
FAC0087,Oral rehydration salts,Nagpur,Maharashtra,0.0,0.0,-0.002553030174691898,False,0.9476233186618461,0.9989166915012658,critical
FAC0087,Ringer lactate,Nagpur,Maharashtra,30.734906420524435,506.471785324273,-0.0020179887896700204,False,0.9393903394113545,0.3780988101249716,medium
FAC0087,Metformin,Nagpur,Maharashtra,53.88051525070074,1001.2324638942323,-0.0006073606408996128,False,0.9264457527158285,0.0033715574303559335,low
FAC0087,Amlodipine,Nagpur,Maharashtra,26.428615655428157,667.4481328797768,0.00012973987925135388,False,0.9561971656767467,0.001644491923867851,low
FAC0087,Atenolol,Nagpur,Maharashtra,12.784411237344653,258.93656402555257,-0.0009377586735328626,False,0.932140190619057,0.00289916837342823,low
FAC0087,Oxytocin,Nagpur,Maharashtra,23.394366551787623,323.2085478547642,0.001475007998600029,False,0.94361723708613,0.0016378221630543237,low
FAC0087,Snake Venom Antiserum,Nagpur,Maharashtra,31.398435425773926,294.35924700766896,-0.00427414898061556,False,0.9364008515421637,0.0037471374811726675,low
FAC0087,Insulin (Soluble),Nagpur,Maharashtra,29.665113473745254,558.8456334658913,-0.0001104240456454004,False,0.9624076665349321,0.9989913495266076,critical
FAC0088,Isoniazid,Nagpur,Maharashtra,40.52897867293141,639.671283858536,-0.001539301915115834,False,0.9685112945805645,0.0029040466975783145,low
FAC0088,Rifampicin,Nagpur,Maharashtra,27.784384870919418,345.37140242216253,-0.0007284623389522838,False,0.9616475053411402,0.0017173851221956348,low
FAC0088,Ethambutol,Nagpur,Maharashtra,30.857902336752048,794.837902068698,-0.0012314388127546152,False,0.9440454918756067,0.0016777001439077285,low
FAC0088,Pyrazinamide,Nagpur,Maharashtra,36.35651903300973,685.3940022668537,-0.0010527896123003538,False,0.9674372029848124,0.0030792351736065467,low
FAC0088,Amoxicillin,Nagpur,Maharashtra,38.96645484210501,936.5923652834613,0.00010564094877593482,False,0.9526001770075054,0.07504106841374462,low
FAC0088,Ciprofloxacin,Nagpur,Maharashtra,38.7982623861545,510.7893558772873,0.0006464783497449074,False,0.9444271824270746,0.0016378221630543237,low
FAC0088,Metronidazole,Nagpur,Maharashtra,32.93958227910455,415.52376265226553,-0.0008176124938600483,False,0.962670019846412,0.19396304480161325,low
FAC0088,Azithromycin,Nagpur,Maharashtra,26.179050724579344,477.23083543712875,0.00017980066201808974,False,0.9583104065265224,0.9990010002486744,critical
FAC0088,Doxycycline,Nagpur,Maharashtra,0.0,0.0,-0.0003907811340771383,False,0.9668807945289949,0.35659276412324037,medium
FAC0088,Paracetamol,Nagpur,Maharashtra,46.916732446823644,476.52265638554223,0.00011272943259431505,False,0.9527922433675426,0.016845558506949822,low
FAC0088,Ibuprofen,Nagpur,Maharashtra,0.0,0.0,0.0006248902107199054,False,0.9390189242483655,0.999009150133478,critical
FAC0088,Diclofenac,Nagpur,Maharashtra,0.0,0.0,-0.00020424106720021458,False,0.9536298947878703,0.998986748769554,critical
FAC0088,Oral rehydration salts,Nagpur,Maharashtra,30.48709984257221,728.1424217275538,-0.0038396328428823173,False,0.9509290524853886,0.003868130825895528,low
FAC0088,Ringer lactate,Nagpur,Maharashtra,0.0,0.0,-0.0026683802800151115,False,0.9296952999350927,0.9989394948559918,critical
FAC0088,Metformin,Nagpur,Maharashtra,60.023383648412484,1478.8651276706871,0.00043538559902032325,False,0.9474377040416881,0.0017089479805690007,low
FAC0088,Amlodipine,Nagpur,Maharashtra,58.45394781146374,1010.2002954022083,0.00059262295831987,False,0.9530144295334313,0.002802827515331533,low
FAC0088,Atenolol,Nagpur,Maharashtra,43.62326420646758,988.4922211107856,-0.0006210860398773943,False,0.9437337177639357,0.005063687862339638,low
FAC0088,Oxytocin,Nagpur,Maharashtra,66.44002007117881,1635.6690576786664,0.0003112581045864697,False,0.9686363826515363,0.0022153874174068587,low
FAC0088,Snake Venom Antiserum,Nagpur,Maharashtra,8.787764431400168,107.63792130418702,-0.004659727973859913,False,0.9209575628190438,0.0122507454903827,low
FAC0088,Insulin (Soluble),Nagpur,Maharashtra,59.73941386076568,770.7186461103767,-0.0006566625707857628,False,0.9490369906041694,0.002802827515331533,low
FAC0089,Isoniazid,Nagpur,Maharashtra,21.44552012039052,519.7400354511949,-0.0015589455146663887,False,0.9420865612761221,0.0016777001439077285,low
FAC0089,Rifampicin,Nagpur,Maharashtra,34.775046694044335,343.3300029708059,-0.0008783097982488834,False,0.9686658833579489,0.038747918010388904,low
FAC0089,Ethambutol,Nagpur,Maharashtra,43.812436098449645,537.2096362804679,-0.0007197985614995673,False,0.9553275030398056,0.016845558506949822,low
FAC0089,Pyrazinamide,Nagpur,Maharashtra,17.095098765842476,473.8920307361821,-0.0013982144859771887,False,0.921303396706721,0.0016777001439077285,low
FAC0089,Amoxicillin,Nagpur,Maharashtra,0.0,0.0,0.001017406301327954,False,0.9505702433483443,0.9989740083261341,critical
FAC0089,Ciprofloxacin,Nagpur,Maharashtra,0.0,0.0,0.00018172784934359634,False,0.9663697370730466,0.9989732667328307,critical
FAC0089,Metronidazole,Nagpur,Maharashtra,39.40635567050469,442.19867236836893,0.0002798040931675099,False,0.9483572302905307,0.0016182040395085735,low
FAC0089,Azithromycin,Nagpur,Maharashtra,0.0,0.0,0.0013382278333321017,False,0.9354538914387729,0.998978703948104,critical
FAC0089,Doxycycline,Nagpur,Maharashtra,0.0,0.0,0.0009633602569233329,False,0.9659794859474037,0.9989732667328307,critical
FAC0089,Paracetamol,Nagpur,Maharashtra,0.0,0.0,2.163609094239063e-05,False,0.9452720975289004,0.9989782761571487,critical
FAC0089,Ibuprofen,Nagpur,Maharashtra,47.32402192412628,809.1675155449526,0.0001697367120300828,False,0.9585111155727513,0.9989913495266076,critical
FAC0089,Diclofenac,Nagpur,Maharashtra,19.205493326393373,367.3383532493484,-0.000665276880513899,False,0.9289948301897484,0.0018551559718524215,low
FAC0089,Oral rehydration salts,Nagpur,Maharashtra,0.0,0.0,-0.0022248944390623323,False,0.9443078782168657,0.9988293780512879,critical
FAC0089,Ringer lactate,Nagpur,Maharashtra,0.0,0.0,-0.002861036872452319,False,0.9459706427968632,0.9989394948559918,critical
FAC0089,Metformin,Nagpur,Maharashtra,0.0,0.0,0.0006963969661819872,False,0.9372734956248986,0.9990062907431758,critical
FAC0089,Amlodipine,Nagpur,Maharashtra,26.989740474755624,586.9690725983693,0.0002394214195512166,False,0.949399041584266,0.8133773931931982,critical
FAC0089,Atenolol,Nagpur,Maharashtra,20.020082651968202,261.8020209805925,-1.5153372592008323e-05,False,0.9457129750493228,0.001592941750087969,low
FAC0089,Oxytocin,Nagpur,Maharashtra,37.48786137622891,792.6099856765297,-0.0010592023436958023,False,0.9683474488328567,0.0019124803530110117,low
FAC0089,Snake Venom Antiserum,Nagpur,Maharashtra,0.0,0.0,-0.004346903167610807,False,0.9299228886134281,0.9989394948559918,critical
FAC0089,Insulin (Soluble),Nagpur,Maharashtra,43.49979326360353,1053.6577174197896,-0.0002509472656793571,False,0.9598032398480458,0.0029203368187203176,low
FAC0090,Isoniazid,Nagpur,Maharashtra,11.250477090965406,182.81529948331703,-0.0021425781512352756,False,0.9588672122640373,0.003040316831074092,low
FAC0090,Rifampicin,Nagpur,Maharashtra,57.336076947696746,589.9897530725584,-0.0011306343283242115,False,0.9591111184938134,0.00291478325652407,low
FAC0090,Ethambutol,Nagpur,Maharashtra,22.360902823032845,498.06932437528525,2.4848562299363935e-05,False,0.9449598415472789,0.9989812160769865,critical
FAC0090,Pyrazinamide,Nagpur,Maharashtra,37.782391901128555,754.879406218771,-0.0012713002080251396,False,0.9654928141310611,0.001712718567906267,low
FAC0090,Amoxicillin,Nagpur,Maharashtra,0.0,0.0,-0.0009432573946484696,False,0.9419464430272468,0.9989856121038498,critical
FAC0090,Ciprofloxacin,Nagpur,Maharashtra,0.0,0.0,-0.0006831601365308403,False,0.9683926230903719,0.9989732667328307,critical
FAC0090,Metronidazole,Nagpur,Maharashtra,39.58071894724649,779.6321521550637,-0.0003222826544127458,False,0.9428969645659719,0.0016822714461229363,low
FAC0090,Azithromycin,Nagpur,Maharashtra,0.0,0.0,5.78699432220656e-05,False,0.9472892451166554,0.9989971300312774,critical
FAC0090,Doxycycline,Nagpur,Maharashtra,0.0,0.0,0.0005538878248842413,False,0.9666902989274027,0.9989913495266076,critical
FAC0090,Paracetamol,Nagpur,Maharashtra,56.83765786946004,1620.7123642837414,-0.00043594908180356526,False,0.9670815971366563,0.0023965999997160917,low
FAC0090,Ibuprofen,Nagpur,Maharashtra,25.49319807789776,654.6497421912134,0.0002330420150227813,False,0.9659956519059768,0.0017976120831995686,low
FAC0090,Diclofenac,Nagpur,Maharashtra,0.0,0.0,0.0007399944513222267,False,0.960726293818376,0.929443875651076,critical
FAC0090,Oral rehydration salts,Nagpur,Maharashtra,23.1354555516457,330.69288225484144,-0.002525766177305858,False,0.9561556071798287,0.0020682256337200217,low
FAC0090,Ringer lactate,Nagpur,Maharashtra,15.074535640753192,403.2320447897719,-0.003311781764057564,False,0.9545378942372581,0.005367888398193007,low
FAC0090,Metformin,Nagpur,Maharashtra,0.0,0.0,-0.0001196218574285032,False,0.954048113278307,0.9989556149693484,critical
FAC0090,Amlodipine,Nagpur,Maharashtra,0.0,0.0,-0.00033511407234658675,False,0.9660213281851575,0.9989913495266076,critical
FAC0090,Atenolol,Nagpur,Maharashtra,7.356082470004604,96.48382946194177,-0.0006731873631477281,False,0.957705916632073,0.002924956158370592,low
FAC0090,Oxytocin,Nagpur,Maharashtra,46.79157395133813,1060.7682330764603,-0.00037670624916507294,False,0.9610737088424642,0.005808001213127608,low
FAC0090,Snake Venom Antiserum,Nagpur,Maharashtra,0.0,0.0,-0.0030098157193753864,False,0.938339055262372,0.9989711087123583,critical
FAC0090,Insulin (Soluble),Nagpur,Maharashtra,24.961786151130006,681.7376690416365,0.0006805655120513538,False,0.9381066501788092,0.0020399827727947467,low
FAC0091,Isoniazid,Jaipur,Rajasthan,49.043236055177005,539.9751556693776,9.443464538772832e-05,False,0.9583937930003115,0.0022694252252603545,low
FAC0091,Rifampicin,Jaipur,Rajasthan,32.00393928846738,645.0657310325925,-0.00023611632879969743,False,0.9658169015215874,0.0018084661515767406,low
FAC0091,Ethambutol,Jaipur,Rajasthan,0.0,0.0,-0.0008560691049330778,False,0.962710562873595,0.9990053109923387,critical
FAC0091,Pyrazinamide,Jaipur,Rajasthan,22.057713596872162,222.17585027658305,-0.0002441056221058271,False,0.9463449017934902,0.001592941750087969,low
FAC0091,Amoxicillin,Jaipur,Rajasthan,38.56469174894288,449.8178908872263,-0.00028423512444433345,False,0.9431627664645132,0.001592941750087969,low
FAC0091,Ciprofloxacin,Jaipur,Rajasthan,17.84242222120739,408.17083438721795,-0.001264995384939457,False,0.939944351445233,0.0019538391455306415,low
FAC0091,Metronidazole,Jaipur,Rajasthan,0.0,0.0,-0.0003273957991980823,False,0.9621275203439765,0.9989732667328307,critical
FAC0091,Azithromycin,Jaipur,Rajasthan,28.63086052015672,769.3742922982809,3.714495140612042e-05,False,0.9605054867596148,0.0018136807318770939,low
FAC0091,Doxycycline,Jaipur,Rajasthan,55.400348536121804,1095.0340973845655,-5.151346448966116e-05,False,0.9610047728709453,0.0026629822448786073,low
FAC0091,Paracetamol,Jaipur,Rajasthan,67.68638915477239,1134.8628599889344,0.00039124881799930357,False,0.968999123153373,0.0023965999997160917,low
FAC0091,Ibuprofen,Jaipur,Rajasthan,27.810970755639616,573.0272543638853,9.523602725182668e-05,False,0.9435342028467133,0.0016613950793456216,low
FAC0091,Diclofenac,Jaipur,Rajasthan,0.0,0.0,0.00012277977843475583,False,0.976119851481845,0.9989732667328307,critical
FAC0091,Oral rehydration salts,Jaipur,Rajasthan,0.0,0.0,-0.00044417653411359,False,0.9596614732134626,0.9989732667328307,critical
FAC0091,Ringer lactate,Jaipur,Rajasthan,0.0,0.0,-0.0005020593429574981,False,0.9673655544682198,0.999003874847152,critical
FAC0091,Metformin,Jaipur,Rajasthan,0.0,0.0,-2.6323957497636196e-05,False,0.9580554968864243,0.876166628606104,critical
FAC0091,Amlodipine,Jaipur,Rajasthan,0.0,0.0,0.0005151993964674417,False,0.961318220972945,0.9989913495266076,critical
FAC0091,Atenolol,Jaipur,Rajasthan,62.11357633346657,1531.4758917318572,0.0001205711768375771,False,0.9553909904578849,0.0025379242730322695,low
FAC0091,Oxytocin,Jaipur,Rajasthan,8.129766763222419,187.4435474176306,3.0950779446310406e-05,False,0.9619002614021135,0.0029203368187203176,low
FAC0091,Snake Venom Antiserum,Jaipur,Rajasthan,19.10012412654254,247.79565636949164,-0.0002943137602201873,False,0.972612025386861,0.9989732667328307,critical
FAC0091,Insulin (Soluble),Jaipur,Rajasthan,9.601247383173092,179.00223459351386,0.00020747803049315434,False,0.9405423371137416,0.0031131399009445494,low
FAC0092,Isoniazid,Jaipur,Rajasthan,0.0,0.0,-0.0003468230753915019,False,0.9706534362238592,0.999003874847152,critical
FAC0092,Rifampicin,Jaipur,Rajasthan,35.55226653185942,413.5901883620834,-0.0007797397725548962,False,0.9617321093259494,0.4217530340029185,medium
FAC0092,Ethambutol,Jaipur,Rajasthan,48.86668111449601,1123.191503076043,0.0003320843617576372,False,0.953182828121268,0.0028380058523052977,low
FAC0092,Pyrazinamide,Jaipur,Rajasthan,0.0,0.0,0.00010248259101370289,False,0.9647071117642846,0.9989732667328307,critical
FAC0092,Amoxicillin,Jaipur,Rajasthan,40.521923873066875,434.8314814558078,-0.00029826184088249403,False,0.965227443650552,0.9989732667328307,critical
FAC0092,Ciprofloxacin,Jaipur,Rajasthan,18.122853398952376,163.03395044232929,0.00010141731561755632,False,0.9359602546687369,0.0018551559718524215,low
FAC0092,Metronidazole,Jaipur,Rajasthan,0.0,0.0,0.0004906156600570892,False,0.964116580798711,0.9989732667328307,critical
FAC0092,Azithromycin,Jaipur,Rajasthan,27.480855628508507,740.3768174252377,-0.0004082656773686276,False,0.9542760530470442,0.998986748769554,critical
FAC0092,Doxycycline,Jaipur,Rajasthan,59.299836117600194,697.8814518223932,0.0007502473779142759,False,0.960056790222384,0.0021241568855766934,low
FAC0092,Paracetamol,Jaipur,Rajasthan,40.321622071975895,552.7605769851928,0.0006758291431181791,False,0.9533788551927502,0.003073655293654061,low
FAC0092,Ibuprofen,Jaipur,Rajasthan,52.28274242803286,617.4226436442178,5.518715858812787e-05,False,0.953956947782347,0.0024032682396423204,low
FAC0092,Diclofenac,Jaipur,Rajasthan,36.957307692656656,864.8413079865436,-0.0006677909917951577,False,0.9547229959754842,0.001649234477620837,low
FAC0092,Oral rehydration salts,Jaipur,Rajasthan,32.68811146315018,338.26268986388715,-0.00010660010112578819,False,0.9626114692505623,0.0017173851221956348,low
FAC0092,Ringer lactate,Jaipur,Rajasthan,50.05789899283609,1007.4397887806748,5.409914354865815e-05,False,0.9479038756109088,0.003153354301842432,low
FAC0092,Metformin,Jaipur,Rajasthan,0.0,0.0,4.407859284382554e-05,False,0.952975945131986,0.9989838247992484,critical
FAC0092,Amlodipine,Jaipur,Rajasthan,18.936979789436265,368.9638931113587,-0.00023843958737446622,False,0.9642672690670272,0.0016949834033305772,low
FAC0092,Atenolol,Jaipur,Rajasthan,0.0,0.0,0.0008165278080482023,False,0.9622559820637391,0.999003874847152,critical
FAC0092,Oxytocin,Jaipur,Rajasthan,44.12554797191561,599.5235712224442,0.00015589011933534388,False,0.9695799652419672,0.002922715424401609,low
FAC0092,Snake Venom Antiserum,Jaipur,Rajasthan,0.0,0.0,-0.00020203127002569013,False,0.9650832684243448,0.9989732667328307,critical
FAC0092,Insulin (Soluble),Jaipur,Rajasthan,0.0,0.0,-0.00041025333039388886,False,0.9658133671989706,0.7082347100637708,high
FAC0093,Isoniazid,Jaipur,Rajasthan,22.047578470157777,222.58180651600202,0.0008755270036845934,False,0.9485100338577686,0.0017304760090919317,low
FAC0093,Rifampicin,Jaipur,Rajasthan,0.0,0.0,-0.00025488889499012746,False,0.9520495186162093,0.9989838247992484,critical
FAC0093,Ethambutol,Jaipur,Rajasthan,56.15652909095189,1292.259241079409,-0.0003883075883089727,False,0.9692598898427272,0.0026629822448786073,low
FAC0093,Pyrazinamide,Jaipur,Rajasthan,0.0,0.0,0.00022090238983879084,False,0.9706777820902575,0.9989732667328307,critical
FAC0093,Amoxicillin,Jaipur,Rajasthan,12.521073727928641,167.68379095523443,-0.00019190439278592527,False,0.9324950573960855,0.0030745616711779756,low
FAC0093,Ciprofloxacin,Jaipur,Rajasthan,65.7836192103631,1549.1486198394123,0.00012944427565200173,False,0.9600838311902888,0.0022432093690816085,low
FAC0093,Metronidazole,Jaipur,Rajasthan,29.27199564956454,460.6961782274145,0.0004579290237187235,False,0.9448225186308187,0.0016613950793456216,low
FAC0093,Azithromycin,Jaipur,Rajasthan,17.652586301949587,197.2503121057851,-0.00044212406266872824,False,0.964669524587616,0.0017173851221956348,low
FAC0093,Doxycycline,Jaipur,Rajasthan,41.71740456862732,736.8628017147955,-3.1467348305802208e-06,False,0.9563017537054818,0.0015616563216611747,low
FAC0093,Paracetamol,Jaipur,Rajasthan,28.01532633487189,753.7159880702619,-0.00014344868186798228,False,0.9390727145570652,0.9989782761571487,critical
FAC0093,Ibuprofen,Jaipur,Rajasthan,39.285223828885144,757.6520066491588,-0.000863576262681313,False,0.9634172645717798,0.9989957018718503,critical
FAC0093,Diclofenac,Jaipur,Rajasthan,55.44614379297062,673.4418790703899,-0.0002326676029973882,False,0.9481082012977431,0.0016182040395085735,low
FAC0093,Oral rehydration salts,Jaipur,Rajasthan,44.12333983458065,580.6898063380447,-0.0003362533569735659,False,0.9735537829476444,0.0025217077172003106,low
FAC0093,Ringer lactate,Jaipur,Rajasthan,0.0,0.0,0.00016858805414901275,False,0.9479653675997435,0.9989663148822459,critical
FAC0093,Metformin,Jaipur,Rajasthan,0.0,0.0,6.219044787977312e-05,False,0.9450684675513067,0.9990377028143306,critical
FAC0093,Amlodipine,Jaipur,Rajasthan,0.0,0.0,-0.00010475135834403348,False,0.9522563772458343,0.9989556149693484,critical
FAC0093,Atenolol,Jaipur,Rajasthan,0.0,0.0,-0.0004847906139797041,False,0.9725058360852661,0.999003874847152,critical
FAC0093,Oxytocin,Jaipur,Rajasthan,19.361619682858304,340.96098575953476,-0.0012230921896013737,False,0.9767734262426178,0.0015225900227486774,low
FAC0093,Snake Venom Antiserum,Jaipur,Rajasthan,0.0,0.0,0.00017917757497257138,False,0.9531198480644418,0.0062062129428946565,low
FAC0093,Insulin (Soluble),Jaipur,Rajasthan,49.81854278161767,565.9663058962677,-0.0005595613828758936,False,0.9732460995804049,0.0017173851221956348,low
FAC0094,Isoniazid,Jaipur,Rajasthan,20.40364233489548,231.40524377866842,6.70334231408457e-05,False,0.9419825973237244,0.0019348555701465507,low
FAC0094,Rifampicin,Jaipur,Rajasthan,48.12890672566537,761.2975799366125,-4.4444381277112764e-05,False,0.9672147863104771,0.003947372621778622,low
FAC0094,Ethambutol,Jaipur,Rajasthan,23.417646754876912,389.1247934729055,-0.00033262896338785236,False,0.9575651361755149,0.0016756366835673257,low
FAC0094,Pyrazinamide,Jaipur,Rajasthan,61.39513222636866,1655.0179129434798,-0.0007257014050515952,False,0.9506903919891053,0.002065033002863494,low
FAC0094,Amoxicillin,Jaipur,Rajasthan,27.48306670459593,284.2852749069275,0.00019112946673018462,False,0.9596487017294193,0.0017173851221956348,low
FAC0094,Ciprofloxacin,Jaipur,Rajasthan,18.395551639764356,255.87073592052033,0.0009436955071936377,False,0.9545874122463911,0.0019151755448466824,low
FAC0094,Metronidazole,Jaipur,Rajasthan,0.0,0.0,-0.0005307384137302095,False,0.9478841505330123,0.9989971300312774,critical
FAC0094,Azithromycin,Jaipur,Rajasthan,0.0,0.0,0.0006081193752766075,False,0.9584870713591196,0.999003874847152,critical
FAC0094,Doxycycline,Jaipur,Rajasthan,5.230046304305928,119.90109609783089,-0.000993303252936471,False,0.9561708177267036,0.0032815268480028,low
FAC0094,Paracetamol,Jaipur,Rajasthan,0.0,0.0,0.0004094589809269387,False,0.9715638962988361,0.999003874847152,critical
FAC0094,Ibuprofen,Jaipur,Rajasthan,36.73600645729413,703.5072499675359,-0.0008385099097469226,False,0.9567629118216264,0.9989784354224556,critical
FAC0094,Diclofenac,Jaipur,Rajasthan,39.05783837078373,682.0651566870195,2.4072056917941175e-05,False,0.9683902702007998,0.005752694950754139,low
FAC0094,Oral rehydration salts,Jaipur,Rajasthan,34.58597181678739,737.0198866498968,-0.00020876922236299966,False,0.9755539678531305,0.010394442717631422,low
FAC0094,Ringer lactate,Jaipur,Rajasthan,0.0,0.0,0.00048250025349373535,False,0.9626738223987045,0.9989732667328307,critical
FAC0094,Metformin,Jaipur,Rajasthan,0.0,0.0,-0.0002104256202190658,False,0.9644962757067623,0.9989732667328307,critical
FAC0094,Amlodipine,Jaipur,Rajasthan,30.381140945725534,456.5717590879125,-0.00026931489072145974,False,0.9585610334868878,0.0017173851221956348,low
FAC0094,Atenolol,Jaipur,Rajasthan,0.0,0.0,0.00021167303216677175,False,0.9421383823784957,0.9989684061382977,critical
FAC0094,Oxytocin,Jaipur,Rajasthan,0.0,0.0,0.0003696899188091959,False,0.9174261714386761,0.9989812160769865,critical
FAC0094,Snake Venom Antiserum,Jaipur,Rajasthan,0.0,0.0,-0.0006710889814431377,False,0.9719371451513263,0.9989732667328307,critical
FAC0094,Insulin (Soluble),Jaipur,Rajasthan,14.839662895679073,392.8230156972456,-0.00042100187377140625,False,0.9477982117893557,0.0019902199283187744,low
FAC0095,Isoniazid,Jaipur,Rajasthan,0.0,0.0,-0.0006370614516404433,False,0.9538486543044038,0.5132164365826108,high
FAC0095,Rifampicin,Jaipur,Rajasthan,48.04967071665236,1098.356806181759,0.0003397803382632175,False,0.9713679813649538,0.001685340429274512,low
FAC0095,Ethambutol,Jaipur,Rajasthan,64.74698183225988,1179.0117540779027,-0.0009725827184061599,False,0.9638916549253732,0.0022398316349015175,low
FAC0095,Pyrazinamide,Jaipur,Rajasthan,31.434168506517562,541.9257650625041,0.0003443019349973384,False,0.9562051575234651,0.001649234477620837,low
FAC0095,Amoxicillin,Jaipur,Rajasthan,24.753470289184236,556.7012517750346,0.0011969702763132883,False,0.9780721542474449,0.0013215091791820642,low
FAC0095,Ciprofloxacin,Jaipur,Rajasthan,43.5970142633462,683.0530098147465,0.00036193609090943865,False,0.958755851868768,0.0030481385256169516,low
FAC0095,Metronidazole,Jaipur,Rajasthan,0.0,0.0,0.000621230706559472,False,0.9392135662629095,0.9989966910779933,critical
FAC0095,Azithromycin,Jaipur,Rajasthan,71.72099522919692,810.9805987652112,-0.0003638053925629738,False,0.9675236292809707,0.0017173851221956348,low
FAC0095,Doxycycline,Jaipur,Rajasthan,40.74710450896249,937.0420672651479,-0.00097081087897845,False,0.9646628938462961,0.09909113131275311,low
FAC0095,Paracetamol,Jaipur,Rajasthan,0.0,0.0,0.0008845522408601512,False,0.9240063601992158,0.9989966910779933,critical
FAC0095,Ibuprofen,Jaipur,Rajasthan,63.66773844940904,1098.509605554282,0.00019679203565742305,False,0.9558672669347685,0.003073655293654061,low
FAC0095,Diclofenac,Jaipur,Rajasthan,20.000258403965436,420.9259346312721,0.00012222354883405473,False,0.972303734840875,0.0018136807318770939,low
FAC0095,Oral rehydration salts,Jaipur,Rajasthan,29.69572187244903,466.2380821822121,0.00016703577063404947,False,0.9632926450033145,0.1496985659355011,low
FAC0095,Ringer lactate,Jaipur,Rajasthan,39.759790421067244,1027.8305624568034,0.0005167899669185551,False,0.9744981140239131,0.0018136807318770939,low
FAC0095,Metformin,Jaipur,Rajasthan,34.25976127775705,745.4849238369677,-0.0006965643774090372,False,0.9548853495212091,0.9989740083261341,critical
FAC0095,Amlodipine,Jaipur,Rajasthan,0.0,0.0,-0.0008677151053252334,False,0.9516434339513835,0.9989784354224556,critical
FAC0095,Atenolol,Jaipur,Rajasthan,0.0,0.0,-0.0002985257981651213,False,0.9716116834774209,0.999003874847152,critical
FAC0095,Oxytocin,Jaipur,Rajasthan,23.392793545337252,412.7125673089056,0.0010495514191923162,False,0.9668625653551881,0.0017911765503069049,low
FAC0095,Snake Venom Antiserum,Jaipur,Rajasthan,41.15670809304721,1047.246887774163,-0.00022985597052954215,False,0.9434625839053199,0.003413849469376124,low
FAC0095,Insulin (Soluble),Jaipur,Rajasthan,35.58395197151987,908.586864068112,-0.0001425410792935552,False,0.9536665337017065,0.001649234477620837,low
FAC0096,Isoniazid,Jaipur,Rajasthan,47.54316131688274,888.7591758895347,-0.0007037249548332827,False,0.9664157448502539,0.003947372621778622,low
FAC0096,Rifampicin,Jaipur,Rajasthan,0.0,0.0,-0.0002587434049882062,False,0.9699190592900127,0.9989732667328307,critical
FAC0096,Ethambutol,Jaipur,Rajasthan,22.285034637831377,478.8508616689954,-0.00021454079447708047,False,0.9557163686604657,0.0015177985129877767,low
FAC0096,Pyrazinamide,Jaipur,Rajasthan,43.14917990236017,950.6786543553538,0.0007382119577674359,False,0.9574851642075728,0.9989740083261341,critical
FAC0096,Amoxicillin,Jaipur,Rajasthan,39.502051678328826,1000.0446622540645,0.0002967890732060449,False,0.9737946820594066,0.0018136807318770939,low
FAC0096,Ciprofloxacin,Jaipur,Rajasthan,29.9723567406641,569.8934911669005,0.0003909628663787516,False,0.9422178952476619,0.0016822714461229363,low
FAC0096,Metronidazole,Jaipur,Rajasthan,7.5711618865709704,80.97541477897325,0.00029380990387959245,False,0.9625300086948951,0.0025217077172003106,low
FAC0096,Azithromycin,Jaipur,Rajasthan,7.9433643291204445,160.9734073391094,-0.0003687795450113482,False,0.9608850431298963,0.0029203368187203176,low
FAC0096,Doxycycline,Jaipur,Rajasthan,22.288701833099665,310.4245812261407,-0.0006147758317478166,False,0.960917644425177,0.0017173851221956348,low
FAC0096,Paracetamol,Jaipur,Rajasthan,0.0,0.0,-0.0004208959288190542,False,0.944937866859104,0.9989812160769865,critical
FAC0096,Ibuprofen,Jaipur,Rajasthan,56.82047233444226,1287.4824060759306,-0.0012956491988664093,False,0.9620387324053732,0.0029124110874559476,low
FAC0096,Diclofenac,Jaipur,Rajasthan,36.69732373451843,976.731189223517,-0.0003615815838791268,False,0.9618670052864673,0.0018136807318770939,low
FAC0096,Oral rehydration salts,Jaipur,Rajasthan,37.5088269118894,588.7566723791645,0.00025964821450269964,False,0.9724336004793163,0.003947372621778622,low
FAC0096,Ringer lactate,Jaipur,Rajasthan,55.7989183830314,1543.1330753902214,-0.0005994122922123981,False,0.9478925120644857,0.003162434483292121,low
FAC0096,Metformin,Jaipur,Rajasthan,0.0,0.0,-0.000563271476388248,False,0.9655079964375016,0.9989732667328307,critical
FAC0096,Amlodipine,Jaipur,Rajasthan,24.808806525855044,380.03559877797477,1.3447559678995467e-05,False,0.9634847794047199,0.0017173851221956348,low
FAC0096,Atenolol,Jaipur,Rajasthan,0.0,0.0,0.00011828475040623057,False,0.969138794396858,0.999003874847152,critical
FAC0096,Oxytocin,Jaipur,Rajasthan,0.0,0.0,0.0010017829042582593,False,0.9321555605638223,0.5817391201562319,high
FAC0096,Snake Venom Antiserum,Jaipur,Rajasthan,41.76032475912237,1414.264943820661,-0.0003056943015427727,False,0.9654894950263198,0.004079657953975888,low
FAC0096,Insulin (Soluble),Jaipur,Rajasthan,56.911442889242196,1100.2483146179056,-0.0001696609258894437,False,0.9626944421556832,0.002911949732768544,low
FAC0097,Isoniazid,Jaipur,Rajasthan,11.338616133623109,235.35938141380743,-0.00033677299280490816,False,0.9583264223980165,0.0022153874174068587,low
FAC0097,Rifampicin,Jaipur,Rajasthan,44.81411791243666,1158.1391241660683,-8.818124437732199e-06,False,0.9624058605801951,0.0018136807318770939,low
FAC0097,Ethambutol,Jaipur,Rajasthan,2.210391277636376,37.897055241090634,-0.0013667052359257212,False,0.9683354945408704,0.004156885682015621,low
FAC0097,Pyrazinamide,Jaipur,Rajasthan,39.45755436977257,963.9218845675952,0.00022506516319894336,False,0.9506571675717198,0.004441695817928003,low
FAC0097,Amoxicillin,Jaipur,Rajasthan,28.05337265777382,426.22556100516664,-2.3655980238516425e-05,False,0.9267490569304755,0.9989684061382977,critical
FAC0097,Ciprofloxacin,Jaipur,Rajasthan,32.19113687246703,762.1757738702275,0.0012237900351739176,False,0.9636159577456411,0.0018136807318770939,low
FAC0097,Metronidazole,Jaipur,Rajasthan,23.220687506001628,277.2882228935282,0.0005615739679340916,False,0.9634325724139243,0.0017173851221956348,low
FAC0097,Azithromycin,Jaipur,Rajasthan,28.63543719876968,345.52650408743614,-0.0011253539913397487,False,0.9579912405508703,0.001974221342669297,low
FAC0097,Doxycycline,Jaipur,Rajasthan,0.0,0.0,0.00016525705463299003,False,0.9675074121683935,0.999003874847152,critical
FAC0097,Paracetamol,Jaipur,Rajasthan,54.50529762932925,589.451506287603,0.00030467010644352787,False,0.9565115449163593,0.002947185346579827,low
FAC0097,Ibuprofen,Jaipur,Rajasthan,34.62372512837902,650.9453118417401,8.413347385565364e-05,False,0.9619337732725936,0.0018136807318770939,low
FAC0097,Diclofenac,Jaipur,Rajasthan,46.71241930932954,464.4748403241475,0.0002981606663992291,False,0.9599039452057158,0.0017173851221956348,low
FAC0097,Oral rehydration salts,Jaipur,Rajasthan,65.85511790393464,858.012709036094,0.0001185797620805407,False,0.9482682823811042,0.0023413929966272294,low
FAC0097,Ringer lactate,Jaipur,Rajasthan,33.08181837181609,964.3365576125296,9.628181099094158e-05,False,0.9731871947577425,0.0045146713460465695,low
FAC0097,Metformin,Jaipur,Rajasthan,0.0,0.0,-0.0002934218172183529,False,0.9471522949267851,0.9989663148822459,critical
FAC0097,Amlodipine,Jaipur,Rajasthan,6.967422458501622,136.16437508491515,0.0006500622268084922,False,0.9637348723260004,0.0029203368187203176,low
FAC0097,Atenolol,Jaipur,Rajasthan,19.68109185529129,310.0867889284646,0.00016537095494832752,False,0.9414190404979808,0.0019348555701465507,low
FAC0097,Oxytocin,Jaipur,Rajasthan,0.0,0.0,8.758900868603294e-05,False,0.9547614060637366,0.8114712715368994,critical
FAC0097,Snake Venom Antiserum,Jaipur,Rajasthan,38.89439087512275,711.890367814102,0.00138624354064664,False,0.9520878098103986,0.011694092034812333,low
FAC0097,Insulin (Soluble),Jaipur,Rajasthan,37.84930738387164,412.146276477445,-0.0006768714055883012,False,0.9439438718574709,0.001592941750087969,low
FAC0098,Isoniazid,Jaipur,Rajasthan,39.601686200607254,741.4151579729821,-0.0008127240564505818,False,0.9572349025618985,0.01062739480728336,low
FAC0098,Rifampicin,Jaipur,Rajasthan,35.09853402960603,446.3765166372116,-0.0004164846811679098,False,0.95178084835561,0.002947185346579827,low
FAC0098,Ethambutol,Jaipur,Rajasthan,16.350982995762273,191.08015068520925,-0.000906209905757373,False,0.9728049424847742,0.0018109485906974423,low
FAC0098,Pyrazinamide,Jaipur,Rajasthan,23.53095407587881,321.7845458938207,0.0003247085554484719,False,0.9525231600910848,0.001628767418528461,low
FAC0098,Amoxicillin,Jaipur,Rajasthan,44.50503797960435,726.5966984473971,-0.0004467120184893126,False,0.9507219315971636,0.003073655293654061,low
FAC0098,Ciprofloxacin,Jaipur,Rajasthan,0.0,0.0,-0.00120317629043898,False,0.9448923380831671,0.9989274045379775,critical
FAC0098,Metronidazole,Jaipur,Rajasthan,0.0,0.0,-0.0006258387412733589,False,0.9668276967828147,0.9989913495266076,critical
FAC0098,Azithromycin,Jaipur,Rajasthan,0.0,0.0,0.000442483387092591,False,0.9597590323794147,0.999003874847152,critical
FAC0098,Doxycycline,Jaipur,Rajasthan,36.11281204115199,826.0660933504967,0.0007557219872690757,False,0.9402123764419004,0.0017296643226455356,low
FAC0098,Paracetamol,Jaipur,Rajasthan,24.106692620787918,633.2651856184341,0.0007498765758905946,False,0.9441406785455723,0.999009150133478,critical
FAC0098,Ibuprofen,Jaipur,Rajasthan,35.646115359192954,565.0623852551538,0.001742402867040871,False,0.9774612766737929,0.0016919997111323893,low
FAC0098,Diclofenac,Jaipur,Rajasthan,0.0,0.0,-0.0002898233888846965,False,0.9720803880624466,0.9989913495266076,critical
FAC0098,Oral rehydration salts,Jaipur,Rajasthan,18.49189768385121,522.7250850898898,0.0018513631190652724,False,0.9638765331263432,0.0018136807318770939,low
FAC0098,Ringer lactate,Jaipur,Rajasthan,0.0,0.0,0.0018037468547450017,False,0.9370990883265594,0.998978703948104,critical
FAC0098,Metformin,Jaipur,Rajasthan,37.87994224236526,958.1411386111602,-0.0005851954413618967,False,0.9629813536195726,0.0018136807318770939,low
FAC0098,Amlodipine,Jaipur,Rajasthan,32.695565895440744,688.5265985758836,0.00022479356615849982,False,0.9545642582243454,0.001649234477620837,low
FAC0098,Atenolol,Jaipur,Rajasthan,0.0,0.0,-0.0008158033574046026,False,0.9735892242008948,0.9989776970258107,critical
FAC0098,Oxytocin,Jaipur,Rajasthan,37.861845634285885,895.9941477559047,-0.00041850255078051366,False,0.9531105480697004,0.001649234477620837,low
FAC0098,Snake Venom Antiserum,Jaipur,Rajasthan,9.25444633448438,165.20767155072548,0.00022419156061234612,False,0.9319983219113017,0.0028285654517020593,low
FAC0098,Insulin (Soluble),Jaipur,Rajasthan,0.0,0.0,0.00042573453822394554,False,0.9640264786774013,0.9989732667328307,critical
FAC0099,Isoniazid,Jaipur,Rajasthan,0.0,0.0,-0.00042554517267802834,False,0.9687906934650792,0.23450387531166192,low
FAC0099,Rifampicin,Jaipur,Rajasthan,37.83225184568165,502.69153999391096,-0.0008278239206071399,False,0.9649213145597209,0.0029159424730944125,low
FAC0099,Ethambutol,Jaipur,Rajasthan,0.0,0.0,-0.00028996695100852454,False,0.9568204208448514,0.9990429290392238,critical
FAC0099,Pyrazinamide,Jaipur,Rajasthan,37.670944711890584,495.4373233258272,0.00015362671779716385,False,0.9595069317898459,0.0017173851221956348,low
FAC0099,Amoxicillin,Jaipur,Rajasthan,12.034298105402861,148.43793930519817,0.0006074178186741265,False,0.9492858160658609,0.0024032682396423204,low
FAC0099,Ciprofloxacin,Jaipur,Rajasthan,19.330825793916045,495.6680371983721,6.110945802990155e-05,False,0.9639807165379347,0.0018136807318770939,low
FAC0099,Metronidazole,Jaipur,Rajasthan,0.0,0.0,-0.0005372920655090275,False,0.9421746241739932,0.9989499124544557,critical
FAC0099,Azithromycin,Jaipur,Rajasthan,52.85362589266983,707.4509800242481,-0.0001165187764290237,False,0.9580645120015094,0.002765447167500951,low
FAC0099,Doxycycline,Jaipur,Rajasthan,59.89972141257866,1254.98754466304,0.0003553983229514071,False,0.9333670087999093,0.0031131399009445494,low
FAC0099,Paracetamol,Jaipur,Rajasthan,0.0,0.0,-0.0005011137351568173,False,0.9631642305465287,0.9989732667328307,critical
FAC0099,Ibuprofen,Jaipur,Rajasthan,75.50151424093863,1369.3304153846846,-0.00010648612195759338,False,0.9616211365316899,0.0018136807318770939,low
FAC0099,Diclofenac,Jaipur,Rajasthan,40.260377880074195,1045.1513150848202,-0.0009193392754959091,False,0.9500010321956678,0.0017390915541400371,low
FAC0099,Oral rehydration salts,Jaipur,Rajasthan,33.55725676254274,1056.306766525727,0.0008172821458302195,False,0.9542749348567643,0.005841713050912416,low
FAC0099,Ringer lactate,Jaipur,Rajasthan,0.0,0.0,-0.0009340610149612036,False,0.9521516992327245,0.9989911209470986,critical
FAC0099,Metformin,Jaipur,Rajasthan,0.0,0.0,0.0004750030323960861,False,0.9654957163891438,0.4864270126304622,medium
FAC0099,Amlodipine,Jaipur,Rajasthan,19.25768175439867,348.37680468554845,-0.0005121246291494838,False,0.9729372331585386,0.0016949834033305772,low
FAC0099,Atenolol,Jaipur,Rajasthan,0.0,0.0,-0.0006308132834026828,False,0.9688811420692891,0.6519666919446111,high
FAC0099,Oxytocin,Jaipur,Rajasthan,0.0,0.0,0.0005880576440704051,False,0.9585303544498648,0.999003874847152,critical
FAC0099,Snake Venom Antiserum,Jaipur,Rajasthan,3.2773648161119735,78.738521738424,0.0004811472782812653,False,0.949665599932191,0.003112222186103269,low
FAC0099,Insulin (Soluble),Jaipur,Rajasthan,30.01789568730449,498.78380540448825,0.0014757188618566477,False,0.962367107495981,0.9990010002486744,critical
FAC0100,Isoniazid,Jaipur,Rajasthan,0.0,0.0,-2.1679709089500974e-05,False,0.960724534638982,0.999003874847152,critical
FAC0100,Rifampicin,Jaipur,Rajasthan,60.15699800283053,772.6404392828067,-0.0005348832209083097,False,0.9458189051928568,0.0027495364120146207,low
FAC0100,Ethambutol,Jaipur,Rajasthan,28.12256876112798,504.43305375931493,0.0009559792173595283,False,0.9510569194252843,0.001649234477620837,low
FAC0100,Pyrazinamide,Jaipur,Rajasthan,31.35548935236447,407.77820639806913,3.459420471463615e-05,False,0.9444993955985026,0.001592941750087969,low
FAC0100,Amoxicillin,Jaipur,Rajasthan,20.458339410718107,227.7409390170511,0.00011511063233051765,False,0.9521742563894842,0.0015616563216611747,low
FAC0100,Ciprofloxacin,Jaipur,Rajasthan,60.47712813312885,1209.2436580424146,-9.77349270305004e-05,False,0.9365215707252367,0.002598437459490258,low
FAC0100,Metronidazole,Jaipur,Rajasthan,0.0,0.0,0.0007199544354720831,False,0.9629332917702177,0.999003874847152,critical
FAC0100,Azithromycin,Jaipur,Rajasthan,36.72479840678736,767.0604986337997,0.0010746618748082833,False,0.9576612211522668,0.002064633739390581,low
FAC0100,Doxycycline,Jaipur,Rajasthan,23.425802160262386,435.20977957632283,-0.00041172287130886745,False,0.9638124244452305,0.0018084661515767406,low
FAC0100,Paracetamol,Jaipur,Rajasthan,0.0,0.0,7.940927626609786e-05,False,0.9603615137001926,0.999003874847152,critical
FAC0100,Ibuprofen,Jaipur,Rajasthan,34.96082027286303,979.2532930130375,0.00015334721190049907,False,0.9600823278663997,0.009041379639089627,low
FAC0100,Diclofenac,Jaipur,Rajasthan,44.1184655101528,1159.048833964286,0.0005963128063481885,False,0.9448921953397529,0.00784617879630492,low
FAC0100,Oral rehydration salts,Jaipur,Rajasthan,24.151340106842124,607.5011734730854,-0.0011315905919393162,False,0.9383229447631509,0.0016568804111508945,low
FAC0100,Ringer lactate,Jaipur,Rajasthan,58.37998409517975,989.6319590130921,-0.0007185864879965022,False,0.9497213918655034,0.0022494517811022675,low
FAC0100,Metformin,Jaipur,Rajasthan,28.505391330673113,606.812744171189,0.0005636149388480577,False,0.955872973891354,0.001649234477620837,low
FAC0100,Amlodipine,Jaipur,Rajasthan,42.31987944621775,676.5792896768899,0.00022621424022909557,False,0.9629755127014328,0.0028841409047521516,low
FAC0100,Atenolol,Jaipur,Rajasthan,31.294350753739426,473.15331433207695,0.00018834713075280586,False,0.9676247368344741,0.9990591064464109,critical
FAC0100,Oxytocin,Jaipur,Rajasthan,0.0,0.0,0.0008014604314410002,False,0.9473036092489983,0.46957756712511184,medium
FAC0100,Snake Venom Antiserum,Jaipur,Rajasthan,0.0,0.0,-0.0006793936978047882,False,0.9349874607289026,0.9989782761571487,critical
FAC0100,Insulin (Soluble),Jaipur,Rajasthan,0.0,0.0,0.0004088735869669735,False,0.9265796629118781,0.9989812160769865,critical
FAC0101,Isoniazid,Jaipur,Rajasthan,35.66284170278644,932.2094931947762,0.00039890629215241427,False,0.9278085168085122,0.9989782761571487,critical
FAC0101,Rifampicin,Jaipur,Rajasthan,57.9121963139739,1283.368927422303,0.00021041074732120865,False,0.9665525808884072,0.0023965999997160917,low
FAC0101,Ethambutol,Jaipur,Rajasthan,16.7399411738217,233.11667705126655,-0.0004284683556390639,False,0.9610476387734908,0.0017173851221956348,low
FAC0101,Pyrazinamide,Jaipur,Rajasthan,24.10509785712075,247.09481128256016,0.0002650850141331894,False,0.9557186872434524,0.0015616563216611747,low
FAC0101,Amoxicillin,Jaipur,Rajasthan,0.0,0.0,0.0005081744091049834,False,0.9468227887167842,0.9989499124544557,critical
FAC0101,Ciprofloxacin,Jaipur,Rajasthan,23.84124250740792,394.37069581278905,-0.00017362272384318408,False,0.9439418498277266,0.0015482066788042321,low
FAC0101,Metronidazole,Jaipur,Rajasthan,48.654987096075494,1278.71652333823,0.0003576774241514343,False,0.9553479908033506,0.001649234477620837,low
FAC0101,Azithromycin,Jaipur,Rajasthan,50.57297034266355,1168.6753366785142,-5.400938288104402e-05,False,0.965122526739388,0.0026553323022300668,low
FAC0101,Doxycycline,Jaipur,Rajasthan,0.0,0.0,-0.0009895193806986988,False,0.9548884431677297,0.9989784354224556,critical
FAC0101,Paracetamol,Jaipur,Rajasthan,44.31658602844804,1132.5872953230835,-0.00030675429482306186,False,0.961212485821185,0.0026629822448786073,low
FAC0101,Ibuprofen,Jaipur,Rajasthan,40.29660661062806,359.01575657473893,0.00016266600716985543,False,0.9709748408920036,0.0017173851221956348,low
FAC0101,Diclofenac,Jaipur,Rajasthan,0.0,0.0,-0.0009136668486429269,False,0.9581806494554832,0.9989776970258107,critical
FAC0101,Oral rehydration salts,Jaipur,Rajasthan,34.01013241145718,464.947229874336,-0.0004123111312020235,False,0.9656084323004521,0.03192053404862181,low
FAC0101,Ringer lactate,Jaipur,Rajasthan,44.78112324064686,1186.080350773376,-0.0011553489942402854,False,0.9334661537213069,0.0037401791988005487,low
FAC0101,Metformin,Jaipur,Rajasthan,0.0,0.0,-0.0005319911833858199,False,0.9749985549496729,0.9989732667328307,critical
FAC0101,Amlodipine,Jaipur,Rajasthan,0.0,0.0,-0.00019426520258182653,False,0.9406900719430262,0.9989499124544557,critical
FAC0101,Atenolol,Jaipur,Rajasthan,5.713162317503296,139.00201202847643,2.6299385534081555e-06,False,0.9660878952800012,0.0028841409047521516,low
FAC0101,Oxytocin,Jaipur,Rajasthan,0.0,0.0,-0.00011855436442281582,False,0.9736869785734272,0.999003874847152,critical
FAC0101,Snake Venom Antiserum,Jaipur,Rajasthan,21.734272236772256,440.58291620848854,-0.00020445767332449762,False,0.9556469179689611,0.001628767418528461,low
FAC0101,Insulin (Soluble),Jaipur,Rajasthan,16.239621536852514,209.3689406219677,-0.00044946232422174,False,0.9558379010600951,0.0022494517811022675,low
FAC0102,Isoniazid,Jaipur,Rajasthan,75.88712694108168,783.4413186792764,-0.0003444673212721598,False,0.9643947241435282,0.0017173851221956348,low
FAC0102,Rifampicin,Jaipur,Rajasthan,53.06704951788796,1458.5888049249552,0.00017063713456804612,False,0.9662885181626497,0.0029203368187203176,low
FAC0102,Ethambutol,Jaipur,Rajasthan,0.0,0.0,0.0008585449620548151,False,0.9362744445319551,0.9989966910779933,critical
FAC0102,Pyrazinamide,Jaipur,Rajasthan,0.0,0.0,-0.0002809997249758382,False,0.9519347193902169,0.9990429290392238,critical
FAC0102,Amoxicillin,Jaipur,Rajasthan,0.0,0.0,2.5090888765494304e-05,False,0.951134216669639,0.9989556149693484,critical
FAC0102,Ciprofloxacin,Jaipur,Rajasthan,0.0,0.0,0.0006185236346232085,False,0.9520909139134079,0.998986748769554,critical
FAC0102,Metronidazole,Jaipur,Rajasthan,0.0,0.0,-0.0006078451628744047,False,0.9571012859033567,0.9989740083261341,critical
FAC0102,Azithromycin,Jaipur,Rajasthan,56.89183991161817,1517.7306535966434,0.00030687145460145697,False,0.9211839258056865,0.0033715574303559335,low
FAC0102,Doxycycline,Jaipur,Rajasthan,59.248626322679314,1008.4385050742212,0.0011018823091075295,False,0.9433170194692508,0.0016164565897670332,low
FAC0102,Paracetamol,Jaipur,Rajasthan,11.733998979087566,154.4800736414421,-0.00020426751260519768,False,0.9438974162645477,0.0026363675324270965,low
FAC0102,Ibuprofen,Jaipur,Rajasthan,52.37410216835761,1322.6875162640806,-0.0006055878818921185,False,0.9681884759588187,0.0029203368187203176,low
FAC0102,Diclofenac,Jaipur,Rajasthan,57.38476342810299,1312.1887903929594,0.00022097571612597402,False,0.9533680627355356,0.0043867264844667095,low
FAC0102,Oral rehydration salts,Jaipur,Rajasthan,0.0,0.0,-0.00031779336431091734,False,0.9546121202054767,0.9989556149693484,critical
FAC0102,Ringer lactate,Jaipur,Rajasthan,0.0,0.0,0.00091728793278793,False,0.9325512118804733,0.999009150133478,critical
FAC0102,Metformin,Jaipur,Rajasthan,36.00171227801467,734.4510474747445,0.0005069078862982085,False,0.9643969190501276,0.999003874847152,critical
FAC0102,Amlodipine,Jaipur,Rajasthan,33.30507219000866,678.3855952095025,0.00031924659476122305,False,0.9636446127284817,0.0018136807318770939,low
FAC0102,Atenolol,Jaipur,Rajasthan,26.001340005794187,533.7741581277315,0.0006553429947207187,False,0.9571183402070516,0.001649234477620837,low
FAC0102,Oxytocin,Jaipur,Rajasthan,36.223898561473135,626.8021292005666,0.00098741965975945,False,0.9613183919127661,0.0017911765503069049,low
FAC0102,Snake Venom Antiserum,Jaipur,Rajasthan,17.915952661665415,448.40943788985334,0.001081920505690444,False,0.9572857789896665,0.001644491923867851,low
FAC0102,Insulin (Soluble),Jaipur,Rajasthan,49.996453633232086,769.1754950272838,0.000104693495927212,False,0.9639751156689452,0.0017173851221956348,low
FAC0103,Isoniazid,Jaipur,Rajasthan,0.0,0.0,-0.00011072474954505025,False,0.9516828047729444,0.9989556149693484,critical
FAC0103,Rifampicin,Jaipur,Rajasthan,35.283257496211206,370.9566953491126,-0.0002979988993546804,False,0.9626048758100827,0.3505226106923725,medium
FAC0103,Ethambutol,Jaipur,Rajasthan,26.615925560955603,714.4311555897269,0.00040187730738175967,False,0.9506835329593172,0.001649234477620837,low
FAC0103,Pyrazinamide,Jaipur,Rajasthan,0.0,0.0,-0.00013727259005473868,False,0.9497258840812781,0.998986748769554,critical
FAC0103,Amoxicillin,Jaipur,Rajasthan,0.0,0.0,0.00033091630167094414,False,0.9661813497891014,0.9989732667328307,critical
FAC0103,Ciprofloxacin,Jaipur,Rajasthan,0.0,0.0,-0.00025957893325993396,False,0.9489189680839696,0.9989627745201658,critical
FAC0103,Metronidazole,Jaipur,Rajasthan,0.0,0.0,-0.00023760461098588505,False,0.9341252689769437,0.9989812160769865,critical
FAC0103,Azithromycin,Jaipur,Rajasthan,23.53463903194177,242.1849968326768,-0.00039076846809076574,False,0.933672847755203,0.001592941750087969,low
FAC0103,Doxycycline,Jaipur,Rajasthan,20.374251921093617,397.1161815827686,-0.0006732759437437344,False,0.9406783603201824,0.0019591613790728084,low
FAC0103,Paracetamol,Jaipur,Rajasthan,61.83253072914034,1569.9707530180794,0.0010266065262008466,False,0.9496853745061311,0.0023755099422294403,low
FAC0103,Ibuprofen,Jaipur,Rajasthan,28.601169289456568,253.04321193438483,-0.0007682732561062581,False,0.9477736612912141,0.9989707751411427,critical
FAC0103,Diclofenac,Jaipur,Rajasthan,42.87461806675691,1044.604505711488,-0.0004532816010288969,False,0.9725894038559986,0.11726597912849156,low
FAC0103,Oral rehydration salts,Jaipur,Rajasthan,22.647123194988684,620.1986650689261,0.000330400090155692,False,0.9478095899912347,0.0017089479805690007,low
FAC0103,Ringer lactate,Jaipur,Rajasthan,20.299024674638233,411.78762862637916,-0.0005381024411238451,False,0.9635513707543126,0.0017911765503069049,low
FAC0103,Metformin,Jaipur,Rajasthan,46.75071619589506,896.2854741630888,0.00034674137413332406,False,0.9677985960041573,0.0018136807318770939,low
FAC0103,Amlodipine,Jaipur,Rajasthan,12.887218585042874,187.42194402021568,-0.0013534294589915888,False,0.9599498437846112,0.0022093706642562242,low
FAC0103,Atenolol,Jaipur,Rajasthan,23.7887814462992,266.10157903166896,-0.00011015807118331575,False,0.9582226644673704,0.0017173851221956348,low
FAC0103,Oxytocin,Jaipur,Rajasthan,0.0,0.0,-0.0008420340169192693,False,0.9311726642416971,0.9989544434142866,critical
FAC0103,Snake Venom Antiserum,Jaipur,Rajasthan,0.0,0.0,0.00022901674823599158,False,0.9445526698432531,0.9989684061382977,critical
FAC0103,Insulin (Soluble),Jaipur,Rajasthan,35.94761667664474,863.0263746305629,1.6780847629756534e-05,False,0.9686665063384179,0.0018136807318770939,low
FAC0104,Isoniazid,Jaipur,Rajasthan,19.3738613532949,424.6993496104702,0.0003695726903173464,False,0.9338622330008184,0.0016822714461229363,low
FAC0104,Rifampicin,Jaipur,Rajasthan,23.829667658475767,565.9886182926675,0.0009889627023067222,False,0.9518093508020145,0.001649234477620837,low
FAC0104,Ethambutol,Jaipur,Rajasthan,0.0,0.0,0.0005354345742613583,False,0.9641275263508791,0.9989913495266076,critical
FAC0104,Pyrazinamide,Jaipur,Rajasthan,0.0,0.0,0.00020249027466612293,False,0.9497194518488561,0.998986748769554,critical
FAC0104,Amoxicillin,Jaipur,Rajasthan,35.79656638268323,679.3211305996525,-0.00032477515259306597,False,0.9691317948946954,0.0017173851221956348,low
FAC0104,Ciprofloxacin,Jaipur,Rajasthan,0.0,0.0,-0.0013250223091954957,False,0.96677854197725,0.9989380726611945,critical
FAC0104,Metronidazole,Jaipur,Rajasthan,31.08452116025601,355.78596794258505,-0.00046530957287258527,False,0.9696399524949622,0.0017173851221956348,low
FAC0104,Azithromycin,Jaipur,Rajasthan,0.0,0.0,0.0014680423862623799,False,0.9574619417843322,0.998986748769554,critical
FAC0104,Doxycycline,Jaipur,Rajasthan,0.0,0.0,-0.0003417723093126049,False,0.9512366496857729,0.9988000876815496,critical
FAC0104,Paracetamol,Jaipur,Rajasthan,51.688015678086,542.2759008895556,-0.0010974378602878934,False,0.9433017361187485,0.003744710508536209,low
FAC0104,Ibuprofen,Jaipur,Rajasthan,24.52392892623671,462.777387890984,-0.00039277444383636613,False,0.9544338922938982,0.001628767418528461,low
FAC0104,Diclofenac,Jaipur,Rajasthan,51.145017561275786,1322.124194560183,-0.0002678529448854353,False,0.9606892470448752,0.0023965999997160917,low
FAC0104,Oral rehydration salts,Jaipur,Rajasthan,21.94243765796703,518.1728550744872,0.0001936510809059834,False,0.9641695215570429,0.0018136807318770939,low
FAC0104,Ringer lactate,Jaipur,Rajasthan,0.0,0.0,0.0002611660653064886,False,0.9640775637171195,0.9989732667328307,critical
FAC0104,Metformin,Jaipur,Rajasthan,56.68418661825135,1374.797720916588,-5.510282948424488e-05,False,0.9771908891967533,0.0017633799807664759,low
FAC0104,Amlodipine,Jaipur,Rajasthan,0.0,0.0,0.0003901375509206846,False,0.9628947452014944,0.999003874847152,critical
FAC0104,Atenolol,Jaipur,Rajasthan,53.34198740755451,1168.0052698596778,-0.0004877284695679904,False,0.9599532014858787,0.0026629822448786073,low
FAC0104,Oxytocin,Jaipur,Rajasthan,28.057849055081498,528.1185739243656,0.0006364543973661147,False,0.9468026881563992,0.0017296643226455356,low
FAC0104,Snake Venom Antiserum,Jaipur,Rajasthan,14.974247991507871,275.7477779890848,0.0007255539643463899,False,0.9577483086213481,0.0019795989869388904,low
FAC0104,Insulin (Soluble),Jaipur,Rajasthan,37.20408877330519,792.428334368415,-0.0005002693341453078,False,0.9467861730895417,0.01348345701533277,low
FAC0105,Isoniazid,Jaipur,Rajasthan,44.41644393863558,770.4356868277386,0.0002073463789572154,False,0.9718633383895665,0.0017173851221956348,low
FAC0105,Rifampicin,Jaipur,Rajasthan,0.0,0.0,-0.0013096372207723759,False,0.9675997601138433,0.03859550172377729,low
FAC0105,Ethambutol,Jaipur,Rajasthan,15.420055428156552,301.01620866908144,0.00029782739135294904,False,0.9592866404282119,0.001842710660040445,low
FAC0105,Pyrazinamide,Jaipur,Rajasthan,49.184997642665955,1169.315383133502,-4.044882001087197e-05,False,0.9536339884073051,0.0028380058523052977,low
FAC0105,Amoxicillin,Jaipur,Rajasthan,0.0,0.0,-0.00020360211190645724,False,0.9502997467030048,0.998986748769554,critical
FAC0105,Ciprofloxacin,Jaipur,Rajasthan,61.75480699792773,1254.6487907731341,9.848126179554907e-05,False,0.9443775785208673,0.00323286962284315,low
FAC0105,Metronidazole,Jaipur,Rajasthan,46.84334660542227,953.7806232143383,-0.00013426609504443485,False,0.9626626368305037,0.0017173851221956348,low
FAC0105,Azithromycin,Jaipur,Rajasthan,16.62849041301311,245.86557474600409,0.0009337766189823865,False,0.9491514100768013,0.0022075012085820698,low
FAC0105,Doxycycline,Jaipur,Rajasthan,0.0,0.0,-0.0006957748743300109,False,0.9413746837063782,0.9989684061382977,critical
FAC0105,Paracetamol,Jaipur,Rajasthan,0.0,0.0,-0.0006629221480593749,False,0.9699401842882,0.9989732667328307,critical
FAC0105,Ibuprofen,Jaipur,Rajasthan,48.09942321937994,788.6073678488807,0.001052910340036262,False,0.9749883792286002,0.9989913495266076,critical
FAC0105,Diclofenac,Jaipur,Rajasthan,0.0,0.0,-0.001039316247793256,False,0.9666898210026992,0.9989776970258107,critical
FAC0105,Oral rehydration salts,Jaipur,Rajasthan,19.955141728352228,517.7145896029456,-0.0005480969256281746,False,0.9364997948884587,0.0016822714461229363,low
FAC0105,Ringer lactate,Jaipur,Rajasthan,47.07223569605184,633.1756376100159,0.0007789571482702396,False,0.9473008238284406,0.0030789966822304515,low
FAC0105,Metformin,Jaipur,Rajasthan,28.8069675294852,427.17798685645226,0.0004634549897915565,False,0.9646069429109889,0.0017173851221956348,low
FAC0105,Amlodipine,Jaipur,Rajasthan,21.19720160302174,478.4469195732834,-0.0007402070785714445,False,0.9662360016014822,0.0016691611122206737,low
FAC0105,Atenolol,Jaipur,Rajasthan,34.61073924946956,608.4221106900701,-0.00016208453490932468,False,0.9666279717879567,0.033653261721566366,low
FAC0105,Oxytocin,Jaipur,Rajasthan,37.18202106692557,432.4830985778792,0.0003848765251982975,False,0.9462813844572088,0.001592941750087969,low
FAC0105,Snake Venom Antiserum,Jaipur,Rajasthan,0.0,0.0,0.0010210538180458987,False,0.951376990030486,0.9989556149693484,critical
FAC0105,Insulin (Soluble),Jaipur,Rajasthan,13.095827893136558,307.22219157644935,-0.0010746287835903647,False,0.9416235840115826,0.0027477619073334844,low
FAC0106,Isoniazid,Jaipur,Rajasthan,0.0,0.0,-5.6145291058753886e-05,False,0.9604351500403203,0.9990591064464109,critical
FAC0106,Rifampicin,Jaipur,Rajasthan,0.0,0.0,0.00014616381079791485,False,0.9470776876698062,0.9989971300312774,critical
FAC0106,Ethambutol,Jaipur,Rajasthan,53.383547969870186,1366.4255237660038,0.0004111332105651718,False,0.9695614414400335,0.0029203368187203176,low
FAC0106,Pyrazinamide,Jaipur,Rajasthan,36.35029530010584,734.8927154273069,-0.00020194792626450052,False,0.9569097745647959,0.001649234477620837,low
FAC0106,Amoxicillin,Jaipur,Rajasthan,0.3524261759946359,8.086617380994994,3.2398989487629913e-06,False,0.9582899607878088,0.004168183924397347,low
FAC0106,Ciprofloxacin,Jaipur,Rajasthan,36.301562854952216,939.4121629416293,0.0008058166799456001,False,0.9556783974014538,0.0062062129428946565,low
FAC0106,Metronidazole,Jaipur,Rajasthan,0.0,0.0,-0.00032587427828483103,False,0.9412346915777798,0.9989499124544557,critical
FAC0106,Azithromycin,Jaipur,Rajasthan,56.71681191502081,668.4764811830995,-0.00017322257448917788,False,0.9516535009177811,0.002947185346579827,low
FAC0106,Doxycycline,Jaipur,Rajasthan,0.0,0.0,0.00047853735189742013,False,0.9684338072966904,0.9989732667328307,critical
FAC0106,Paracetamol,Jaipur,Rajasthan,15.82353333917642,259.5105101809692,-0.0010652914523357417,False,0.9512323802102027,0.0023053722486622683,low
FAC0106,Ibuprofen,Jaipur,Rajasthan,37.126690692058304,542.8971843498604,0.0003687524213940556,False,0.942648496554414,0.001592941750087969,low
FAC0106,Diclofenac,Jaipur,Rajasthan,50.120430672548814,1320.3463056974865,-0.000757236167414383,False,0.9796681488133052,0.001930121714503034,low
FAC0106,Oral rehydration salts,Jaipur,Rajasthan,21.6471806530273,547.6726871025494,-0.0006489118862827104,False,0.9675916661221922,0.999003874847152,critical
FAC0106,Ringer lactate,Jaipur,Rajasthan,0.0,0.0,-0.0013956123291632224,False,0.943910475766431,0.9989274045379775,critical
FAC0106,Metformin,Jaipur,Rajasthan,0.0,0.0,0.0005453063829116199,False,0.9618136613426181,0.9990400951522176,critical
FAC0106,Amlodipine,Jaipur,Rajasthan,0.0,0.0,-0.0007162016027825625,False,0.9625137765641609,0.9989913495266076,critical
FAC0106,Atenolol,Jaipur,Rajasthan,36.530218060431004,998.2208945595241,0.0002410134607980306,False,0.95758223306575,0.9989420662358445,critical
FAC0106,Oxytocin,Jaipur,Rajasthan,0.0,0.0,0.0007628384560527077,False,0.9561160563974456,0.9989556149693484,critical
FAC0106,Snake Venom Antiserum,Jaipur,Rajasthan,32.95182043961427,720.9939914691148,0.0005160444509173465,False,0.9493017692212233,0.0015616563216611747,low
FAC0106,Insulin (Soluble),Jaipur,Rajasthan,63.497298509361926,1424.26187458723,0.00028333914603190984,False,0.9545155873015119,0.0023755099422294403,low
FAC0107,Isoniazid,Jaipur,Rajasthan,0.0,0.0,0.00021664398479692026,False,0.9748672650893178,0.9989732667328307,critical
FAC0107,Rifampicin,Jaipur,Rajasthan,0.0,0.0,0.00021942693888667034,False,0.951791503922004,0.9989740083261341,critical
FAC0107,Ethambutol,Jaipur,Rajasthan,0.0,0.0,-0.0006542946359224414,False,0.9730090014195936,0.9990591064464109,critical
FAC0107,Pyrazinamide,Jaipur,Rajasthan,0.0,0.0,-0.0005569099649261743,False,0.9663716075037101,0.999003874847152,critical
FAC0107,Amoxicillin,Jaipur,Rajasthan,0.0,0.0,-5.5675706687109924e-05,False,0.9460340260495275,0.9989684061382977,critical
FAC0107,Ciprofloxacin,Jaipur,Rajasthan,2.534084237457483,26.319315230139146,4.139519714265243e-05,False,0.9424792099454122,0.0047956653178230346,low
FAC0107,Metronidazole,Jaipur,Rajasthan,46.71161467709452,588.9822258670454,2.1258096685281995e-05,False,0.944161827407702,0.002948054540187332,low
FAC0107,Azithromycin,Jaipur,Rajasthan,17.161455910393844,160.99365916400714,-2.567679385671133e-05,False,0.9737934683441336,0.0017173851221956348,low
FAC0107,Doxycycline,Jaipur,Rajasthan,17.965977628723632,440.7588509842194,0.00032049388466219125,False,0.9694960946746305,0.0018136807318770939,low
FAC0107,Paracetamol,Jaipur,Rajasthan,0.0,0.0,-0.00019102854860471346,False,0.9541951598485898,0.998986748769554,critical
FAC0107,Ibuprofen,Jaipur,Rajasthan,51.065093937734765,716.4078330416647,0.0005183917792017162,False,0.9642497931186575,0.0018136807318770939,low
FAC0107,Diclofenac,Jaipur,Rajasthan,0.0,0.0,-0.0010062317118257938,False,0.9401141862415672,0.9989544434142866,critical
FAC0107,Oral rehydration salts,Jaipur,Rajasthan,65.69334539362096,1205.8925633803217,-0.00016147125919007717,False,0.9734105047382285,0.0017173851221956348,low
FAC0107,Ringer lactate,Jaipur,Rajasthan,20.12571608251651,496.04397248236427,0.000500181919570933,False,0.964464845494703,0.001842710660040445,low
FAC0107,Metformin,Jaipur,Rajasthan,25.9011469968959,385.978650545087,-0.0009674826008678396,False,0.9485273521352191,0.0018742642475366395,low
FAC0107,Amlodipine,Jaipur,Rajasthan,23.10479026773615,634.3491903777484,0.000221400349107363,False,0.9407420127581044,0.0016822714461229363,low
FAC0107,Atenolol,Jaipur,Rajasthan,0.0,0.0,0.00017724246679288119,False,0.9613612020362285,0.5211743774421096,high
FAC0107,Oxytocin,Jaipur,Rajasthan,35.31212530187167,360.25966737297426,-0.0005772139006276003,False,0.9428228570543146,0.001592941750087969,low
FAC0107,Snake Venom Antiserum,Jaipur,Rajasthan,23.560560959796153,511.735585531073,-0.0005883446828387944,False,0.9703168770985733,0.0018136807318770939,low
FAC0107,Insulin (Soluble),Jaipur,Rajasthan,0.0,0.0,-6.317977931709949e-05,False,0.9616452512701126,0.9989913495266076,critical
FAC0108,Isoniazid,Jaipur,Rajasthan,1.9564261741380633,29.273497391248164,0.0008375421781382724,False,0.9552768709118782,0.005878073478005267,low
FAC0108,Rifampicin,Jaipur,Rajasthan,0.0,0.0,2.3836262712789403e-05,False,0.969002042221991,0.9989732667328307,critical
FAC0108,Ethambutol,Jaipur,Rajasthan,40.48119367491738,651.2282688837375,-0.00037857112536275877,False,0.9632072927508513,0.0026629822448786073,low
FAC0108,Pyrazinamide,Jaipur,Rajasthan,0.0,0.0,6.230062327884517e-06,False,0.9643193030058159,0.999003874847152,critical
FAC0108,Amoxicillin,Jaipur,Rajasthan,45.71276845948368,712.2251335873871,0.00019158746398126173,False,0.9538497137561001,0.0043867264844667095,low
FAC0108,Ciprofloxacin,Jaipur,Rajasthan,15.249522678445565,314.0199070754645,8.101211841282043e-05,False,0.9552720913531213,0.0023686838592369953,low
FAC0108,Metronidazole,Jaipur,Rajasthan,47.31100236887249,768.5453654811914,0.00036322365361008714,False,0.9715841406999091,0.005917530606674484,low
FAC0108,Azithromycin,Jaipur,Rajasthan,41.82378827811158,427.5706026327753,0.0008512181637216825,False,0.947741623896881,0.0016637950199461535,low
FAC0108,Doxycycline,Jaipur,Rajasthan,0.0,0.0,-0.00021363721454376904,False,0.9422472946844063,0.9989684061382977,critical
FAC0108,Paracetamol,Jaipur,Rajasthan,31.95425544394303,796.4127274703656,0.0006528023993384922,False,0.9743637027612371,0.0018136807318770939,low
FAC0108,Ibuprofen,Jaipur,Rajasthan,14.92317435754069,267.07086127102724,-8.989626674998386e-05,False,0.9529066336203913,0.0022075012085820698,low
FAC0108,Diclofenac,Jaipur,Rajasthan,0.0,0.0,-0.0003280962275814253,False,0.9735055948313489,0.999003874847152,critical
FAC0108,Oral rehydration salts,Jaipur,Rajasthan,0.0,0.0,0.00021172841820053662,False,0.9697731285905524,0.999003874847152,critical
FAC0108,Ringer lactate,Jaipur,Rajasthan,48.70750615746062,967.8579153158323,-0.0003721164474681877,False,0.9674330249121661,0.002629967680940968,low
FAC0108,Metformin,Jaipur,Rajasthan,30.67343678133452,337.5313731217151,-0.0006941719433043307,False,0.9529276219513616,0.0015616563216611747,low
FAC0108,Amlodipine,Jaipur,Rajasthan,0.0,0.0,-0.0004856196200999851,False,0.9620881646712547,0.999003874847152,critical
FAC0108,Atenolol,Jaipur,Rajasthan,0.0,0.0,0.00044224709200634183,False,0.9254838217805998,0.9989684061382977,critical
FAC0108,Oxytocin,Jaipur,Rajasthan,68.87206613047549,810.7217990225477,-0.0006360257475998851,False,0.9585297107188279,0.0017173851221956348,low
FAC0108,Snake Venom Antiserum,Jaipur,Rajasthan,38.210710531214346,1260.176104797926,-0.0009165214578135634,False,0.9349372835667914,0.0027477619073334844,low
FAC0108,Insulin (Soluble),Jaipur,Rajasthan,70.67183654507774,852.5511384097202,-0.0008640294403893978,False,0.9468441112423526,0.001956210514330001,low
FAC0109,Isoniazid,Jaipur,Rajasthan,0.0,0.0,0.0009165730374948519,False,0.9675805192512468,0.9989732667328307,critical
FAC0109,Rifampicin,Jaipur,Rajasthan,0.0,0.0,0.00032790514189231227,False,0.9662119012928043,0.9989913495266076,critical
FAC0109,Ethambutol,Jaipur,Rajasthan,18.968913277727296,280.0931491114852,-0.0006708732523536683,False,0.9424702186625731,0.0018551559718524215,low
FAC0109,Pyrazinamide,Jaipur,Rajasthan,62.477469428899546,1191.7823891432772,-0.0005387312548478651,False,0.965866226277868,0.0020691948469200167,low
FAC0109,Amoxicillin,Jaipur,Rajasthan,0.0,0.0,0.00012450685806950545,False,0.9551514231740671,0.6124538845837776,high
FAC0109,Ciprofloxacin,Jaipur,Rajasthan,40.63576242903492,607.0893348891581,-0.0003335446572077535,False,0.9578899620885963,0.9990574570908592,critical
FAC0109,Metronidazole,Jaipur,Rajasthan,21.8985663340002,499.5562115797903,-0.0007190213989057071,False,0.9696346297328181,0.0018136807318770939,low
FAC0109,Azithromycin,Jaipur,Rajasthan,31.23597751686043,627.9957645061513,0.00035479324261970477,False,0.9627794635842595,0.0018136807318770939,low
FAC0109,Doxycycline,Jaipur,Rajasthan,60.3798173790526,645.5586188754409,3.120956833669709e-05,False,0.9670421970080367,0.0025217077172003106,low
FAC0109,Paracetamol,Jaipur,Rajasthan,0.0,0.0,1.9444469280517998e-05,False,0.9491107406832181,0.9989556149693484,critical
FAC0109,Ibuprofen,Jaipur,Rajasthan,0.0,0.0,-0.00014633425952334007,False,0.9454381238583526,0.9989812160769865,critical
FAC0109,Diclofenac,Jaipur,Rajasthan,0.0,0.0,0.0005440066426055946,False,0.9462595448732043,0.3307712479995028,medium
FAC0109,Oral rehydration salts,Jaipur,Rajasthan,13.091424971627365,341.62138845322295,-0.00017471501102187356,False,0.9640898772029075,0.0019839726125138995,low
FAC0109,Ringer lactate,Jaipur,Rajasthan,25.517620639147577,724.6931491786947,0.00025949589856713855,False,0.9572780335041612,0.001649234477620837,low
FAC0109,Metformin,Jaipur,Rajasthan,0.0,0.0,-0.0007311776570420323,False,0.9537099004493359,0.998986748769554,critical
FAC0109,Amlodipine,Jaipur,Rajasthan,23.976848459478177,264.92750178751396,0.0009325870990262163,False,0.9533008551888741,0.0015616563216611747,low
FAC0109,Atenolol,Jaipur,Rajasthan,35.50034924522167,682.8423417989488,-0.00043518090403571534,False,0.9544739847387673,0.9989838247992484,critical
FAC0109,Oxytocin,Jaipur,Rajasthan,46.91282145759835,1252.7004127142282,0.0003831525965612297,False,0.9454399236302327,0.0016822714461229363,low
FAC0109,Snake Venom Antiserum,Jaipur,Rajasthan,13.337489561329471,387.4211291906514,9.663470123287686e-05,False,0.9750084347227779,0.0018084661515767406,low
FAC0109,Insulin (Soluble),Jaipur,Rajasthan,31.742766780647354,509.2932120473579,4.658339645066042e-05,False,0.9469657326641947,0.9989663148822459,critical
FAC0110,Isoniazid,Jaipur,Rajasthan,0.0,0.0,0.0007816074430555775,False,0.9394815420250575,0.998978703948104,critical
FAC0110,Rifampicin,Jaipur,Rajasthan,56.95783060499189,1345.6877021662224,-0.0002841795007190809,False,0.9626628007540124,0.004168183924397347,low
FAC0110,Ethambutol,Jaipur,Rajasthan,25.6789591763246,607.1609745510489,-0.0001906110603585466,False,0.9560543503004328,0.001649234477620837,low
FAC0110,Pyrazinamide,Jaipur,Rajasthan,25.122476916687198,379.72481408503876,-0.00011295754986433622,False,0.9216992754789408,0.8060660609099046,critical
FAC0110,Amoxicillin,Jaipur,Rajasthan,35.566275454343426,912.5895857738984,0.00030935182811618806,False,0.9544009102279563,0.001649234477620837,low
FAC0110,Ciprofloxacin,Jaipur,Rajasthan,0.0,0.0,-0.00025179515284719505,False,0.9518401259772575,0.9989838247992484,critical
FAC0110,Metronidazole,Jaipur,Rajasthan,0.0,0.0,-0.0010994846296409591,False,0.9517978614689405,0.9989911209470986,critical
FAC0110,Azithromycin,Jaipur,Rajasthan,46.2971658125218,857.2966747058995,0.0005765718934941761,False,0.9544556000022038,0.0029087887500423774,low
FAC0110,Doxycycline,Jaipur,Rajasthan,72.42546621646316,1492.5461303392976,-0.0007427193111242299,False,0.972591038031142,0.0017911765503069049,low
FAC0110,Paracetamol,Jaipur,Rajasthan,22.32256932368741,385.2220793783708,0.0005948380023725406,False,0.9630431110733632,0.0018084661515767406,low
FAC0110,Ibuprofen,Jaipur,Rajasthan,18.016284376680503,394.0738652433292,0.00037934861918451275,False,0.967034949355177,0.0022367626024868033,low
FAC0110,Diclofenac,Jaipur,Rajasthan,22.59752516482157,253.77974897176756,0.00047413178650487986,False,0.9607953270826286,0.0017173851221956348,low
FAC0110,Oral rehydration salts,Jaipur,Rajasthan,20.958546434108403,397.04655044424834,-0.00010983920542797808,False,0.9620088581227755,0.0017911765503069049,low
FAC0110,Ringer lactate,Jaipur,Rajasthan,0.0,0.0,-0.0003706102831731161,False,0.9461777641681725,0.9989782761571487,critical
FAC0110,Metformin,Jaipur,Rajasthan,55.29692145423947,683.9175456663362,-0.0005797270678178539,False,0.9580886322995474,0.0028841409047521516,low
FAC0110,Amlodipine,Jaipur,Rajasthan,23.253265699228045,269.62959837195945,-0.00023434125578451875,False,0.9602028189355742,0.0017173851221956348,low
FAC0110,Atenolol,Jaipur,Rajasthan,63.78728907188789,750.3697368435419,0.0007917483205357356,False,0.976069581440178,0.0025217077172003106,low
FAC0110,Oxytocin,Jaipur,Rajasthan,12.349496098764817,236.32607852590962,0.0008185447222327439,False,0.9734368255122059,0.002629967680940968,low
FAC0110,Snake Venom Antiserum,Jaipur,Rajasthan,26.454790026512235,717.406312357976,-0.0007613106773882567,False,0.9662577676439914,0.9989325881625212,critical
FAC0110,Insulin (Soluble),Jaipur,Rajasthan,0.0,0.0,-6.075810085311803e-05,False,0.9285779858443701,0.9989684061382977,critical
FAC0111,Isoniazid,Jaipur,Rajasthan,0.0,0.0,-0.00035894365891745757,False,0.9554125458940299,0.998986748769554,critical
FAC0111,Rifampicin,Jaipur,Rajasthan,28.019449931807017,271.6633017106684,0.0001310426894756456,False,0.9348293743601712,0.9989499124544557,critical
FAC0111,Ethambutol,Jaipur,Rajasthan,50.7306935467289,1225.5780490245893,-0.00021681828462759121,False,0.9684604161493385,0.0026629822448786073,low
FAC0111,Pyrazinamide,Jaipur,Rajasthan,28.103690357507883,478.0385554916405,0.0012929574381166371,False,0.9535019458703151,0.0015616563216611747,low
FAC0111,Amoxicillin,Jaipur,Rajasthan,46.85472187209992,532.4170475729695,-0.0006888756028529743,False,0.9614114594995675,0.0017173851221956348,low
FAC0111,Ciprofloxacin,Jaipur,Rajasthan,0.0,0.0,-3.9502604399971364e-05,False,0.9551742677143719,0.9989838247992484,critical
FAC0111,Metronidazole,Jaipur,Rajasthan,0.0,0.0,-0.0004201377682742321,False,0.955974901677064,0.9989556149693484,critical
FAC0111,Azithromycin,Jaipur,Rajasthan,0.0,0.0,9.990270680552038e-05,False,0.9654534869412902,0.999003874847152,critical
FAC0111,Doxycycline,Jaipur,Rajasthan,21.877705838766698,437.8562527862454,0.0005620675270350417,False,0.9571153998911964,0.001644491923867851,low
FAC0111,Paracetamol,Jaipur,Rajasthan,35.07743025677006,611.4141191774904,-0.0011390185307683612,False,0.97107831078297,0.001712718567906267,low
FAC0111,Ibuprofen,Jaipur,Rajasthan,0.0,0.0,-0.0009723750481219382,False,0.9652007494040421,0.9990081731990669,critical
FAC0111,Diclofenac,Jaipur,Rajasthan,33.11304320922346,484.8488693076275,0.0011683979162797323,False,0.9388882285773237,0.9990062907431758,critical
FAC0111,Oral rehydration salts,Jaipur,Rajasthan,53.43288211960257,869.2545306577327,-0.0008206626681246568,False,0.9596016673671341,0.0029159424730944125,low
FAC0111,Ringer lactate,Jaipur,Rajasthan,0.0,0.0,-0.0012369916473038403,False,0.9381267364538615,0.5214150641733882,high
FAC0111,Metformin,Jaipur,Rajasthan,18.574961280945235,396.77543967214996,-0.0003443969877741018,False,0.957818670346706,0.002064633739390581,low
FAC0111,Amlodipine,Jaipur,Rajasthan,43.26334057851918,1022.8571049307217,0.0002559934453377687,False,0.9699290817732426,0.0018136807318770939,low
FAC0111,Atenolol,Jaipur,Rajasthan,0.0,0.0,-7.058295682519852e-05,False,0.9541030077305793,0.9989838247992484,critical
FAC0111,Oxytocin,Jaipur,Rajasthan,26.205383042837088,338.8611071115128,-0.00013813607910400305,False,0.961606988970887,0.0017173851221956348,low
FAC0111,Snake Venom Antiserum,Jaipur,Rajasthan,0.0,0.0,0.0008612733622154231,False,0.9501036112501269,0.9989556149693484,critical
FAC0111,Insulin (Soluble),Jaipur,Rajasthan,39.093903290804455,806.7034047501278,-0.000588543301190227,False,0.9217742162870901,0.0016774340505829163,low
FAC0112,Isoniazid,Jaipur,Rajasthan,29.225587386529156,318.059592891509,-0.0008859243544807058,False,0.9303935657205176,0.0016797369276809178,low
FAC0112,Rifampicin,Jaipur,Rajasthan,0.0,0.0,-0.00033902320741930036,False,0.9680890708964872,0.9989732667328307,critical
FAC0112,Ethambutol,Jaipur,Rajasthan,6.0947159916377815,68.4942379016666,0.000260329792662564,False,0.9429745460705123,0.002948054540187332,low
FAC0112,Pyrazinamide,Jaipur,Rajasthan,46.54743124173439,883.2135742686822,0.0011181270476790827,False,0.9497939442542978,0.002947185346579827,low
FAC0112,Amoxicillin,Jaipur,Rajasthan,28.022688677510377,653.4316663419902,2.290560099798932e-05,False,0.9492085808962808,0.998986748769554,critical
FAC0112,Ciprofloxacin,Jaipur,Rajasthan,53.83461887853929,1254.415058493518,0.0006174682190922529,False,0.9611745115775139,0.0023965999997160917,low
FAC0112,Metronidazole,Jaipur,Rajasthan,0.0,0.0,-0.0002606159588287446,False,0.9516540382895831,0.998986748769554,critical
FAC0112,Azithromycin,Jaipur,Rajasthan,46.8833733508468,1199.9532165391895,-0.00020650956721293023,False,0.9651595972432652,0.0016691611122206737,low
FAC0112,Doxycycline,Jaipur,Rajasthan,0.0,0.0,-0.0004576197957758859,False,0.9731906818653187,0.9989913495266076,critical
FAC0112,Paracetamol,Jaipur,Rajasthan,0.0,0.0,-0.0006231460734427021,False,0.9239828895462256,0.9989812160769865,critical
FAC0112,Ibuprofen,Jaipur,Rajasthan,34.804611056337556,829.800866513662,0.0014205733301677205,False,0.9633860113408141,0.999003874847152,critical
FAC0112,Diclofenac,Jaipur,Rajasthan,0.0,0.0,-0.0009338868184660371,False,0.9411082366215981,0.9989856121038498,critical
FAC0112,Oral rehydration salts,Jaipur,Rajasthan,0.0,0.0,-0.0008080647848497345,False,0.9583373996114586,0.9989957018718503,critical
FAC0112,Ringer lactate,Jaipur,Rajasthan,9.265033645931481,129.95283400893092,5.706697718151556e-05,False,0.94629527709763,0.002467668915951495,low
FAC0112,Metformin,Jaipur,Rajasthan,74.11356735286618,1899.242922038427,-0.000565134553053786,False,0.9439854619421267,0.0016822714461229363,low
FAC0112,Amlodipine,Jaipur,Rajasthan,25.460859550750786,313.9906986508211,8.167640004843884e-05,False,0.9601074253171147,0.9989732667328307,critical
FAC0112,Atenolol,Jaipur,Rajasthan,0.0,0.0,0.0006053905262937035,False,0.9438958001761493,0.9989654544360933,critical
FAC0112,Oxytocin,Jaipur,Rajasthan,48.363006931124175,923.6832469589386,-0.00035054104878547843,False,0.9741799520094927,0.0017173851221956348,low
FAC0112,Snake Venom Antiserum,Jaipur,Rajasthan,0.0,0.0,-0.0004810917981842726,False,0.973753493812846,0.7237227525318511,high
FAC0112,Insulin (Soluble),Jaipur,Rajasthan,0.0,0.0,0.001810708878470359,False,0.9674649084774747,0.999003874847152,critical
FAC0113,Isoniazid,Jaipur,Rajasthan,30.28305365633815,348.62267585917704,-0.0009874852404492152,False,0.9604678977341558,0.0018109485906974423,low
FAC0113,Rifampicin,Jaipur,Rajasthan,17.87909321871439,507.01649902260647,1.8538374028786063e-05,False,0.962381749616547,0.0018136807318770939,low
FAC0113,Ethambutol,Jaipur,Rajasthan,51.99227289733914,1326.4278590910253,0.0001603064162147195,False,0.9544626126978375,0.004441695817928003,low
FAC0113,Pyrazinamide,Jaipur,Rajasthan,23.005067610996516,504.9256971419023,0.0003670898641629902,False,0.9699309006150217,0.0018136807318770939,low
FAC0113,Amoxicillin,Jaipur,Rajasthan,15.033402464972193,285.0322632509279,4.378598726040635e-05,False,0.9524281811276707,0.0022075012085820698,low
FAC0113,Ciprofloxacin,Jaipur,Rajasthan,0.0,0.0,0.00044758572560596764,False,0.9629000592156994,0.999003874847152,critical
FAC0113,Metronidazole,Jaipur,Rajasthan,16.436962131847462,408.9792498610256,0.0004954056851524266,False,0.960355913960202,0.0018136807318770939,low
FAC0113,Azithromycin,Jaipur,Rajasthan,57.54312056096029,1332.3816346168,-8.568033154407795e-05,False,0.9441398386247439,0.0025736149143189926,low
FAC0113,Doxycycline,Jaipur,Rajasthan,0.0,0.0,0.0002922372174034627,False,0.9457532469936059,0.9989499124544557,critical
FAC0113,Paracetamol,Jaipur,Rajasthan,0.0,0.0,-4.319197529805322e-05,False,0.9263847090088164,0.9989782761571487,critical
FAC0113,Ibuprofen,Jaipur,Rajasthan,56.789413123995715,1234.8475034513592,0.0004938071394084944,False,0.9603728324279301,0.0026629822448786073,low
FAC0113,Diclofenac,Jaipur,Rajasthan,0.0,0.0,0.0008273338556732619,False,0.952941185248499,0.9990027245105887,critical
FAC0113,Oral rehydration salts,Jaipur,Rajasthan,0.0,0.0,-0.0004991284636437235,False,0.9762168607600294,0.999003874847152,critical
FAC0113,Ringer lactate,Jaipur,Rajasthan,0.0,0.0,-0.00021013268636879004,False,0.9689348967178038,0.9989732667328307,critical
FAC0113,Metformin,Jaipur,Rajasthan,52.71331879267265,1257.9190733223088,0.0010076351319986806,False,0.9517845131339724,0.004441695817928003,low
FAC0113,Amlodipine,Jaipur,Rajasthan,20.887149539341912,241.03604145646906,0.0007010016917780463,False,0.9544276299223874,0.0018187300286896786,low
FAC0113,Atenolol,Jaipur,Rajasthan,0.0,0.0,-0.0008035174429074931,False,0.9627968026671376,0.9990053109923387,critical
FAC0113,Oxytocin,Jaipur,Rajasthan,64.81005015948502,1524.582526447389,0.0003870359154367775,False,0.9701764380841384,0.0023965999997160917,low
FAC0113,Snake Venom Antiserum,Jaipur,Rajasthan,31.87567347348081,681.4342187539322,0.0005983532602722516,False,0.9439834749394187,0.0017246908836480702,low
FAC0113,Insulin (Soluble),Jaipur,Rajasthan,27.55624907712317,635.6399614185252,4.188171947517243e-05,False,0.9542430706254644,0.001649234477620837,low
FAC0114,Isoniazid,Jaipur,Rajasthan,47.057834528039194,1322.3719763808735,8.708775888821358e-05,False,0.9678226913863937,0.0027889792726421376,low
FAC0114,Rifampicin,Jaipur,Rajasthan,0.0,0.0,0.0001806943780108455,False,0.9603149994733979,0.999003874847152,critical
FAC0114,Ethambutol,Jaipur,Rajasthan,0.0,0.0,-0.000355992474476175,False,0.9520661315731391,0.9989556149693484,critical
FAC0114,Pyrazinamide,Jaipur,Rajasthan,0.0,0.0,0.000788511604724307,False,0.955151336319809,0.9989740083261341,critical
FAC0114,Amoxicillin,Jaipur,Rajasthan,25.13393238182275,522.8776619852107,9.053685452931565e-05,False,0.955140306591614,0.001649234477620837,low
FAC0114,Ciprofloxacin,Jaipur,Rajasthan,0.0,0.0,0.0003118487536739355,False,0.9537888067707201,0.9989740083261341,critical
FAC0114,Metronidazole,Jaipur,Rajasthan,29.07183686776651,451.9540705578691,0.0005366000212128961,False,0.960976951344853,0.0017911765503069049,low
FAC0114,Azithromycin,Jaipur,Rajasthan,34.53822661472098,671.6035402465609,1.4711568479038327e-05,False,0.9583783704377768,0.0017911765503069049,low
FAC0114,Doxycycline,Jaipur,Rajasthan,42.12091241569506,454.9415314592072,0.0013305085742108243,False,0.9639379467778484,0.0017911765503069049,low
FAC0114,Paracetamol,Jaipur,Rajasthan,0.0,0.0,0.0008365353751557142,False,0.9640763263254304,0.9989732667328307,critical
FAC0114,Ibuprofen,Jaipur,Rajasthan,0.0,0.0,0.0018687643567560786,False,0.9630875439943549,0.999003874847152,critical
FAC0114,Diclofenac,Jaipur,Rajasthan,0.0,0.0,-0.000826484304364063,False,0.9688361542013921,0.9989776970258107,critical
FAC0114,Oral rehydration salts,Jaipur,Rajasthan,20.643306020712522,469.5825014729949,-0.00010861826350919516,False,0.9697564395202057,0.0018136807318770939,low
FAC0114,Ringer lactate,Jaipur,Rajasthan,0.0,0.0,0.0006252175251103829,False,0.9644474277149662,0.999003874847152,critical
FAC0114,Metformin,Jaipur,Rajasthan,69.2227927098094,1162.8005480003148,0.0010826614256354914,False,0.9552194004382024,0.0017950087351671167,low
FAC0114,Amlodipine,Jaipur,Rajasthan,46.16348277440617,1249.36409047984,-0.000727587145099617,False,0.968158502759497,0.0029203368187203176,low
FAC0114,Atenolol,Jaipur,Rajasthan,29.89131590290481,685.7193710705067,0.00013105920815927833,False,0.9450352011740462,0.9989812160769865,critical
FAC0114,Oxytocin,Jaipur,Rajasthan,0.0,0.0,0.0001382995667965763,False,0.9686703701166424,0.36017629688960634,medium
FAC0114,Snake Venom Antiserum,Jaipur,Rajasthan,0.0,0.0,0.00038252496508733755,False,0.9539383729726474,0.998986748769554,critical
FAC0114,Insulin (Soluble),Jaipur,Rajasthan,43.01453311356463,592.5351854482687,-0.00031755010370398474,False,0.9601294726619471,0.002765447167500951,low
FAC0115,Isoniazid,Jaipur,Rajasthan,0.0,0.0,0.0010012917229967775,False,0.9554836312432154,0.9989556149693484,critical
FAC0115,Rifampicin,Jaipur,Rajasthan,0.0,0.0,0.00011032188177275573,False,0.9617099233429504,0.9989732667328307,critical
FAC0115,Ethambutol,Jaipur,Rajasthan,35.084150270476854,742.0213952165717,1.4241947612588554e-05,False,0.949914759726064,0.0015616563216611747,low
FAC0115,Pyrazinamide,Jaipur,Rajasthan,0.0,0.0,-0.0004929693407469605,False,0.9407969610727468,0.9989499124544557,critical
FAC0115,Amoxicillin,Jaipur,Rajasthan,43.19717478864328,914.5525572358673,-0.00039652131876665136,False,0.9540713393166849,0.001649234477620837,low
FAC0115,Ciprofloxacin,Jaipur,Rajasthan,58.301549610301414,928.0644706030741,-8.690755857765653e-05,False,0.9362766950898123,0.0026363675324270965,low
FAC0115,Metronidazole,Jaipur,Rajasthan,20.999338180690334,389.2979223908935,-1.8813508192645017e-05,False,0.96145208241268,0.0017911765503069049,low
FAC0115,Azithromycin,Jaipur,Rajasthan,0.0,0.0,-0.0002229002684623994,False,0.9607530732326162,0.9989691683833717,critical
FAC0115,Doxycycline,Jaipur,Rajasthan,50.36136377141341,1240.3180309315867,-0.0007141197305050439,False,0.9584296447205981,0.0029203368187203176,low
FAC0115,Paracetamol,Jaipur,Rajasthan,74.21081009999317,1673.4603986600102,0.0006107790155365314,False,0.9283753261574527,0.002014339047106449,low
FAC0115,Ibuprofen,Jaipur,Rajasthan,47.4348225463603,631.7893251045166,-0.00016576539130254046,False,0.9698611088714721,0.0025217077172003106,low
FAC0115,Diclofenac,Jaipur,Rajasthan,41.06670564188404,469.69914226942916,-0.0005753757291415677,False,0.9522375639475049,0.005878073478005267,low
FAC0115,Oral rehydration salts,Jaipur,Rajasthan,42.529877272814716,545.5926097512043,-2.1627765983928255e-05,False,0.9513471866262307,0.002947185346579827,low
FAC0115,Ringer lactate,Jaipur,Rajasthan,17.577548413692636,295.7116478809996,-0.00098386829809697,False,0.9429726215840167,0.0016797369276809178,low
FAC0115,Metformin,Jaipur,Rajasthan,34.32651426915876,358.9894632814231,0.0006149261078391446,False,0.9677686226517548,0.030995782163681367,low
FAC0115,Amlodipine,Jaipur,Rajasthan,37.67298942827004,827.3044395703527,0.00036658221224200816,False,0.9675389548303003,0.0058246808671276575,low
FAC0115,Atenolol,Jaipur,Rajasthan,62.52596427711148,713.7201874059061,0.00059878970471036,False,0.9540470648623044,0.002687471124465227,low
FAC0115,Oxytocin,Jaipur,Rajasthan,0.0,0.0,0.00010683593822688642,False,0.9505974798905545,0.998986748769554,critical
FAC0115,Snake Venom Antiserum,Jaipur,Rajasthan,42.24872769998721,631.1151383205083,0.0005613304994156761,False,0.9610979187039959,0.0025217077172003106,low
FAC0115,Insulin (Soluble),Jaipur,Rajasthan,0.0,0.0,0.0004992041218596982,False,0.9439632478203441,0.9989972789633824,critical
FAC0116,Isoniazid,Jaipur,Rajasthan,44.76931457935285,678.7082872147956,0.00020265929934516164,False,0.9597705782047994,0.0017911765503069049,low
FAC0116,Rifampicin,Jaipur,Rajasthan,26.479583346079895,716.9003493827624,-0.0003497763386479732,False,0.9449755550108943,0.0016822714461229363,low
FAC0116,Ethambutol,Jaipur,Rajasthan,54.080575440625545,544.8951694409307,9.935145248255173e-05,False,0.9655631972222156,0.0022694252252603545,low
FAC0116,Pyrazinamide,Jaipur,Rajasthan,0.0,0.0,0.0006646076276977034,False,0.9562334268618824,0.9989838247992484,critical
FAC0116,Amoxicillin,Jaipur,Rajasthan,24.733571684592754,434.4045534735853,0.000581276502432744,False,0.9552711633982983,0.001649234477620837,low
FAC0116,Ciprofloxacin,Jaipur,Rajasthan,38.012066153660754,359.9030420560722,0.0004232834726638157,False,0.9594251233310636,0.0017173851221956348,low
FAC0116,Metronidazole,Jaipur,Rajasthan,27.371389322938565,416.01242736819853,0.00020584103824431655,False,0.971481642374039,0.0017173851221956348,low
FAC0116,Azithromycin,Jaipur,Rajasthan,0.0,0.0,0.0006064520517471162,False,0.9732603307352432,0.9989732667328307,critical
FAC0116,Doxycycline,Jaipur,Rajasthan,6.777368529317229,95.65476926340314,-0.0003726261946495969,False,0.9623002338968969,0.002765447167500951,low
FAC0116,Paracetamol,Jaipur,Rajasthan,0.0,0.0,0.00010775510139727956,False,0.9445075153409184,0.9989684061382977,critical
FAC0116,Ibuprofen,Jaipur,Rajasthan,54.40169467309955,1481.904015957282,-0.0005016072469790531,False,0.9553898226230938,0.003112222186103269,low
FAC0116,Diclofenac,Jaipur,Rajasthan,46.294707747340375,1036.437023382829,0.00016544335341843423,False,0.9555738362952573,0.0062062129428946565,low
FAC0116,Oral rehydration salts,Jaipur,Rajasthan,29.308883700138143,617.3255459787651,-0.00021550471861182108,False,0.9433857822352039,0.0016774340505829163,low
FAC0116,Ringer lactate,Jaipur,Rajasthan,0.0,0.0,0.0011256779581241142,False,0.9368270540890395,0.999009150133478,critical
FAC0116,Metformin,Jaipur,Rajasthan,47.2430646925091,1287.7933842776943,-0.0006055241577847277,False,0.963876585974167,0.018627035752206336,low
FAC0116,Amlodipine,Jaipur,Rajasthan,59.38223060973683,1461.5064656662742,-0.0018777501628434103,False,0.9528421826313203,0.002823606664074752,low
FAC0116,Atenolol,Jaipur,Rajasthan,0.0,0.0,-7.821288810207988e-05,False,0.9373024101733742,0.9989812160769865,critical
FAC0116,Oxytocin,Jaipur,Rajasthan,54.31578867394944,1216.9490017724338,0.00040649151137451325,False,0.9616281035319689,0.0026629822448786073,low
FAC0116,Snake Venom Antiserum,Jaipur,Rajasthan,14.620778314625314,430.3874131011479,0.00038020669919107744,False,0.957473264868697,0.001920697221855157,low
FAC0116,Insulin (Soluble),Jaipur,Rajasthan,0.0,0.0,0.0012539714767740675,False,0.9426511934504495,0.9989966910779933,critical
FAC0117,Isoniazid,Jaipur,Rajasthan,24.36217047401784,399.02366239834544,0.0004812163805800824,False,0.9498436117301485,0.001628767418528461,low
FAC0117,Rifampicin,Jaipur,Rajasthan,0.0,0.0,0.0006902938708692356,False,0.9563976662861645,0.9989556149693484,critical
FAC0117,Ethambutol,Jaipur,Rajasthan,72.81995192366921,682.061834071339,4.792279826689511e-05,False,0.9306633247982917,0.0018551559718524215,low
FAC0117,Pyrazinamide,Jaipur,Rajasthan,0.0,0.0,-0.00044144004112330965,False,0.9496830946588963,0.9989556149693484,critical
FAC0117,Amoxicillin,Jaipur,Rajasthan,46.30520875908793,895.6626878745088,0.0013077329351907341,False,0.9639485490138259,0.0017911765503069049,low
FAC0117,Ciprofloxacin,Jaipur,Rajasthan,34.05716022769505,612.9468605554953,-0.0004180457593086299,False,0.9546538147713886,0.001628767418528461,low
FAC0117,Metronidazole,Jaipur,Rajasthan,0.0,0.0,0.0011962747956143181,False,0.9469269495513724,0.9989966910779933,critical
FAC0117,Azithromycin,Jaipur,Rajasthan,0.0,0.0,0.0006692132579819231,False,0.9634901655191881,0.9989732667328307,critical
FAC0117,Doxycycline,Jaipur,Rajasthan,47.407885824124996,1108.6922262846754,-0.0007591107418083992,False,0.9618590336718866,0.0030792351736065467,low
FAC0117,Paracetamol,Jaipur,Rajasthan,72.75627908829355,683.2914850027262,0.0012871792452343511,False,0.9551026760292105,0.0018187300286896786,low
FAC0117,Ibuprofen,Jaipur,Rajasthan,0.0,0.0,0.0007247459901903745,False,0.9565488252665999,0.7648970996984411,critical
FAC0117,Diclofenac,Jaipur,Rajasthan,0.0,0.0,-0.0008544124699961182,False,0.9636731201870565,0.9990081731990669,critical
FAC0117,Oral rehydration salts,Jaipur,Rajasthan,42.555766568254796,491.8805236904444,0.0002788764042133347,False,0.9497099324931882,0.005878073478005267,low
FAC0117,Ringer lactate,Jaipur,Rajasthan,0.0,0.0,-0.0009461301680114486,False,0.9242854843541518,0.9989826848567732,critical
FAC0117,Metformin,Jaipur,Rajasthan,1.1345064977457016,17.816273142386514,0.00030558415757479687,False,0.9619925009130617,0.00937980666969281,low
FAC0117,Amlodipine,Jaipur,Rajasthan,0.0,0.0,-0.0007162016534472673,False,0.9625040033138658,0.999003874847152,critical
FAC0117,Atenolol,Jaipur,Rajasthan,37.39061963614196,777.0978232854425,-0.0006923467230036929,False,0.9596179721621316,0.0018136807318770939,low
FAC0117,Oxytocin,Jaipur,Rajasthan,29.519818283092448,668.0247563419573,-0.0004950859973021132,False,0.9553971021524384,0.4597085059552696,medium
FAC0117,Snake Venom Antiserum,Jaipur,Rajasthan,22.587858808409294,675.025813632589,6.38846396628149e-05,False,0.9506727621782687,0.47667116966807804,medium
FAC0117,Insulin (Soluble),Jaipur,Rajasthan,32.949472058031716,352.8711643202084,0.0007585356006271229,False,0.9572318203836463,0.0015616563216611747,low
FAC0118,Isoniazid,Jaipur,Rajasthan,24.02180742938026,295.9084577862363,0.00022231658752302298,False,0.975177472372436,0.0017173851221956348,low
FAC0118,Rifampicin,Jaipur,Rajasthan,0.0,0.0,-0.0007334059078780723,False,0.9500169374563001,0.998986748769554,critical
FAC0118,Ethambutol,Jaipur,Rajasthan,0.0,0.0,-0.00015120933912730474,False,0.9540493818067657,0.9989420662358445,critical
FAC0118,Pyrazinamide,Jaipur,Rajasthan,30.624295856362327,834.868003357177,-0.0011436693511136515,False,0.92045805792122,0.0016777001439077285,low
FAC0118,Amoxicillin,Jaipur,Rajasthan,12.523813848317758,243.33313189330295,0.000263028385006463,False,0.9449677381072455,0.002893113332817947,low
FAC0118,Ciprofloxacin,Jaipur,Rajasthan,0.0,0.0,-0.00018186581711962036,False,0.9505781294633626,0.9989740083261341,critical
FAC0118,Metronidazole,Jaipur,Rajasthan,21.757842263114895,447.60488445687395,0.0010659147346322368,False,0.9627621925560339,0.0018136807318770939,low
FAC0118,Azithromycin,Jaipur,Rajasthan,0.0,0.0,0.0011115873757405986,False,0.9477794671019948,0.9990787101312952,critical
FAC0118,Doxycycline,Jaipur,Rajasthan,0.0,0.0,0.0003193242817214738,False,0.9516478965355218,0.46428534079652617,medium
FAC0118,Paracetamol,Jaipur,Rajasthan,0.0,0.0,-0.00023935152065476784,False,0.9677811510027391,0.9989913495266076,critical
FAC0118,Ibuprofen,Jaipur,Rajasthan,67.14721786883793,1647.5959060315736,0.0006457333938548763,False,0.9538178085122204,0.0023755099422294403,low
FAC0118,Diclofenac,Jaipur,Rajasthan,45.57841563062936,1123.3999181955437,0.0008414405386254675,False,0.9709575836878168,0.03268000651354567,low
FAC0118,Oral rehydration salts,Jaipur,Rajasthan,40.951181308475014,1060.6659116058545,0.0007744905975042385,False,0.9749621981982972,0.0026553323022300668,low
FAC0118,Ringer lactate,Jaipur,Rajasthan,20.393231171461412,297.3456461780586,0.0012589519861686352,False,0.9519495952013991,0.0015616563216611747,low
FAC0118,Metformin,Jaipur,Rajasthan,22.83096121747671,248.20060946843776,-0.00023928743244362624,False,0.9719482951637302,0.0017173851221956348,low
FAC0118,Amlodipine,Jaipur,Rajasthan,45.05130492246298,776.315996015639,-0.0003967420974257471,False,0.9576849353357544,0.0019795989869388904,low
FAC0118,Atenolol,Jaipur,Rajasthan,31.579820043709503,598.7944066861357,-0.00039842795541555464,False,0.9613823764338862,0.9990010002486744,critical
FAC0118,Oxytocin,Jaipur,Rajasthan,0.0,0.0,2.9376010257149125e-05,False,0.9261288269304742,0.9989499124544557,critical
FAC0118,Snake Venom Antiserum,Jaipur,Rajasthan,50.13000790388662,914.0039676325209,0.0010076628363665213,False,0.9540502348700939,0.0025379242730322695,low
FAC0118,Insulin (Soluble),Jaipur,Rajasthan,26.24585976805647,436.0618449150154,0.0006004171422326619,False,0.939845320771173,0.0017082008341236436,low
FAC0119,Isoniazid,Jaipur,Rajasthan,3.788810472882373,67.54617529975644,-0.00015619133305478156,False,0.9656633953403695,0.0029203368187203176,low
FAC0119,Rifampicin,Jaipur,Rajasthan,48.17617065771286,495.70539377608253,0.0002784087329174768,False,0.972104293019433,0.005516602067925385,low
FAC0119,Ethambutol,Jaipur,Rajasthan,0.0,0.0,0.0007989725560857651,False,0.9488349953050998,0.9989597814386685,critical
FAC0119,Pyrazinamide,Jaipur,Rajasthan,0.0,0.0,0.0003363157054057782,False,0.9501267255909183,0.9989740083261341,critical
FAC0119,Amoxicillin,Jaipur,Rajasthan,23.25912890061145,359.7119882151211,-0.00021166703474325416,False,0.9755524328911666,0.0017173851221956348,low
FAC0119,Ciprofloxacin,Jaipur,Rajasthan,0.0,0.0,0.0005962320740192651,False,0.9771898419970391,0.9989183537913765,critical
FAC0119,Metronidazole,Jaipur,Rajasthan,69.57330597972495,870.3063634521519,-0.000796469531142235,False,0.9639125587987865,0.0022398316349015175,low
FAC0119,Azithromycin,Jaipur,Rajasthan,41.083696589936416,683.6610368959192,0.0006386100787422197,False,0.9602463971443568,0.0017911765503069049,low
FAC0119,Doxycycline,Jaipur,Rajasthan,0.0,0.0,-0.0008345349789941716,False,0.9749329362140943,0.9990442373604305,critical
FAC0119,Paracetamol,Jaipur,Rajasthan,49.127078580885055,1245.8870275198294,0.0005682131597212522,False,0.9505430421106106,0.0050931111831830625,low
FAC0119,Ibuprofen,Jaipur,Rajasthan,0.0,0.0,-0.0007365309241731854,False,0.9346250126637177,0.9989812160769865,critical
FAC0119,Diclofenac,Jaipur,Rajasthan,42.14364843405184,427.59886808101425,-4.1390995871534694e-05,False,0.9488287106789978,0.002434397713971648,low
FAC0119,Oral rehydration salts,Jaipur,Rajasthan,26.520887112182933,321.421656245955,0.0004944185661014283,False,0.9637750653587245,0.9989732667328307,critical
FAC0119,Ringer lactate,Jaipur,Rajasthan,25.54503146854689,525.2403259963652,5.3399079701413134e-05,False,0.9740288942808444,0.0017911765503069049,low
FAC0119,Metformin,Jaipur,Rajasthan,23.878892215184763,282.4400326101465,0.0002590028261473536,False,0.9590267664432285,0.0017173851221956348,low
FAC0119,Amlodipine,Jaipur,Rajasthan,44.835924003619965,799.5663009895148,-0.0007706281651996034,False,0.9713894787515998,0.0029159424730944125,low
FAC0119,Atenolol,Jaipur,Rajasthan,0.0,0.0,-0.00028235901428514293,False,0.9631809076372473,0.9989732667328307,critical
FAC0119,Oxytocin,Jaipur,Rajasthan,48.93889481399511,619.1783387091605,0.001092015241473149,False,0.9633444360821037,0.0025217077172003106,low
FAC0119,Snake Venom Antiserum,Jaipur,Rajasthan,26.67209579783676,331.67406317921393,0.0005471726979003888,False,0.9557701462609369,0.0015616563216611747,low
FAC0119,Insulin (Soluble),Jaipur,Rajasthan,29.968631885225374,720.3823481102194,-0.000135632781315842,False,0.9573594770481397,0.001628767418528461,low
FAC0120,Isoniazid,Jaipur,Rajasthan,0.0,0.0,-0.000448649580079157,False,0.9434843717704405,0.5498185431269735,high
FAC0120,Rifampicin,Jaipur,Rajasthan,48.05763908743678,1231.6087495488966,-0.000826338793429559,False,0.9563600495195455,0.0029924379440743397,low
FAC0120,Ethambutol,Jaipur,Rajasthan,0.0,0.0,0.00024888384778869985,False,0.9538797928291,0.4773851798276491,medium
FAC0120,Pyrazinamide,Jaipur,Rajasthan,47.32768598538167,1174.3140412473815,-0.0001559842080498887,False,0.9422190328212484,0.0016822714461229363,low
FAC0120,Amoxicillin,Jaipur,Rajasthan,67.13427667783978,1496.762589697524,0.00018366790356476784,False,0.9603820427645297,0.0022432093690816085,low
FAC0120,Ciprofloxacin,Jaipur,Rajasthan,0.0,0.0,0.00013649091295529292,False,0.9697948715203244,0.9989732667328307,critical
FAC0120,Metronidazole,Jaipur,Rajasthan,36.369157055103315,522.4923060492814,0.00010657123187525391,False,0.9686266394773645,0.9989732667328307,critical
FAC0120,Azithromycin,Jaipur,Rajasthan,28.55632610401008,427.26447219839065,-0.0009547967759500028,False,0.9709095928156461,0.0018109485906974423,low
FAC0120,Doxycycline,Jaipur,Rajasthan,0.0,0.0,0.000507152310802985,False,0.9541542523886836,0.998986748769554,critical
FAC0120,Paracetamol,Jaipur,Rajasthan,39.118320570538636,550.6720670360377,-0.0012696847842952102,False,0.9517385883395281,0.703211924225544,high
FAC0120,Ibuprofen,Jaipur,Rajasthan,16.707341686373415,336.1164810038767,0.00103854196975597,False,0.9701545227276922,0.0022367626024868033,low
FAC0120,Diclofenac,Jaipur,Rajasthan,0.0,0.0,4.2074993163661294e-05,False,0.9358568084877132,0.9989812160769865,critical
FAC0120,Oral rehydration salts,Jaipur,Rajasthan,0.0,0.0,-0.000389030101764515,False,0.935123662064721,0.9989684061382977,critical
FAC0120,Ringer lactate,Jaipur,Rajasthan,6.003793786629367,90.60031150004434,-0.00012083650129289132,False,0.9726893672464505,0.0025217077172003106,low
FAC0120,Metformin,Jaipur,Rajasthan,30.099671774693103,637.8052414493849,0.00029761373249509725,False,0.9721934254266775,0.999003874847152,critical
FAC0120,Amlodipine,Jaipur,Rajasthan,56.16718955868905,517.9163142062595,0.0003337916037571985,False,0.9657773356197044,0.0021241568855766934,low
FAC0120,Atenolol,Jaipur,Rajasthan,0.0,0.0,-0.0004788020516577881,False,0.9689403839241131,0.9990010002486744,critical
FAC0120,Oxytocin,Jaipur,Rajasthan,25.525379853660162,563.7113890656099,-0.00020645269929906094,False,0.97392205938943,0.0018084661515767406,low
FAC0120,Snake Venom Antiserum,Jaipur,Rajasthan,0.0,0.0,0.0010741299331888368,False,0.9610044704925997,0.9989913495266076,critical
FAC0120,Insulin (Soluble),Jaipur,Rajasthan,0.0,0.0,0.00010604732807594871,False,0.9449675849284549,0.9989812160769865,critical
FAC0121,Isoniazid,Tiruvallur,Tamil Nadu,46.19572296619193,816.7821426399926,0.00022804767618584445,False,0.9418301231051525,0.007073543186581018,low
FAC0121,Rifampicin,Tiruvallur,Tamil Nadu,0.0,0.0,0.00032921538654824523,False,0.9253035718306958,0.9989812160769865,critical
FAC0121,Ethambutol,Tiruvallur,Tamil Nadu,15.013507927889442,171.27596404275718,0.0005892811339518157,False,0.9480190784727709,0.0032111047154076288,low
FAC0121,Pyrazinamide,Tiruvallur,Tamil Nadu,29.77232527174559,409.4214899641835,-0.0005846739299650158,False,0.9493989137806076,0.001649234477620837,low
FAC0121,Amoxicillin,Tiruvallur,Tamil Nadu,0.0,0.0,0.0001637104401482882,False,0.9538372558297747,0.998986748769554,critical
FAC0121,Ciprofloxacin,Tiruvallur,Tamil Nadu,59.47793370992993,1134.1678875108541,-0.00025295159178184446,False,0.9653707783833679,0.002629967680940968,low
FAC0121,Metronidazole,Tiruvallur,Tamil Nadu,46.65588820145847,904.6361116120592,0.0004602554785254085,False,0.9544376736622431,0.001628767418528461,low
FAC0121,Azithromycin,Tiruvallur,Tamil Nadu,0.0,0.0,-0.00042600043757500596,False,0.9537869869495885,0.998986748769554,critical
FAC0121,Doxycycline,Tiruvallur,Tamil Nadu,17.479014323457807,295.05809694213735,0.000350884705530778,False,0.9565607449178557,0.0018187300286896786,low
FAC0121,Paracetamol,Tiruvallur,Tamil Nadu,0.0,0.0,0.0005800227738282901,False,0.9637875001903575,0.9989732667328307,critical
FAC0121,Ibuprofen,Tiruvallur,Tamil Nadu,51.410781996307435,906.3317604698442,-0.0003301942198545753,False,0.9369045765437479,0.0016613950793456216,low
FAC0121,Diclofenac,Tiruvallur,Tamil Nadu,0.0,0.0,9.31062287703086e-05,False,0.9349518393090344,0.9989499124544557,critical
FAC0121,Oral rehydration salts,Tiruvallur,Tamil Nadu,0.0,0.0,-0.0006339314088898805,False,0.8712745601300443,0.9988495199464918,critical
FAC0121,Ringer lactate,Tiruvallur,Tamil Nadu,43.80598744889923,684.6404640869912,-0.0006150130511737786,False,0.8482560959594824,0.0044419432161748795,low
FAC0121,Metformin,Tiruvallur,Tamil Nadu,37.284717665834734,660.8889311665567,0.0006680823371472132,False,0.9356853398297382,0.0017246908836480702,low
FAC0121,Amlodipine,Tiruvallur,Tamil Nadu,13.886764002132352,314.9310152657577,0.0005634376935189553,False,0.9540530115391417,0.0025379242730322695,low
FAC0121,Atenolol,Tiruvallur,Tamil Nadu,26.134841018925748,364.66485627598456,0.00035015361039785424,False,0.9461536559393964,0.001592941750087969,low
FAC0121,Oxytocin,Tiruvallur,Tamil Nadu,49.204845718947894,1132.0768248215288,0.0006001474540151486,False,0.9759884287772443,0.0018084661515767406,low
FAC0121,Snake Venom Antiserum,Tiruvallur,Tamil Nadu,78.17979455094971,2114.30800029842,-0.001722315007655093,False,0.8415722201932962,0.03227732421886658,low
FAC0121,Insulin (Soluble),Tiruvallur,Tamil Nadu,39.82913049309723,1034.6610644486605,0.0005666800905377331,False,0.9670631170512602,0.004079657953975888,low
FAC0122,Isoniazid,Tiruvallur,Tamil Nadu,54.75566952787438,867.8690613580552,0.0013378628047754054,False,0.9504155399958722,0.004441695817928003,low
FAC0122,Rifampicin,Tiruvallur,Tamil Nadu,43.29422184403242,413.42519332724504,0.00039989379740684467,False,0.9332357120165276,0.9989499124544557,critical
FAC0122,Ethambutol,Tiruvallur,Tamil Nadu,51.13197468667805,1296.4364726151055,-0.00035860885465323176,False,0.9564471822950019,0.012766303436855288,low
FAC0122,Pyrazinamide,Tiruvallur,Tamil Nadu,0.0,0.0,-1.1119296276503382e-05,False,0.943218470714518,0.9989211257757639,critical
FAC0122,Amoxicillin,Tiruvallur,Tamil Nadu,0.0,0.0,-0.0005713581300305319,False,0.9445949973527177,0.9989499124544557,critical
FAC0122,Ciprofloxacin,Tiruvallur,Tamil Nadu,0.0,0.0,-0.00017454039463656563,False,0.9502493491398976,0.998986748769554,critical
FAC0122,Metronidazole,Tiruvallur,Tamil Nadu,11.625685237948735,159.09557025938045,0.0003953210842804295,False,0.9348524140462944,0.002948054540187332,low
FAC0122,Azithromycin,Tiruvallur,Tamil Nadu,22.116142258512838,415.1187551629692,0.0006397444012279596,False,0.9687043995299158,0.0017173851221956348,low
FAC0122,Doxycycline,Tiruvallur,Tamil Nadu,27.34186970513093,260.7438627716754,-0.0005893827443009313,False,0.960826849092818,0.0017173851221956348,low
FAC0122,Paracetamol,Tiruvallur,Tamil Nadu,0.0,0.0,0.0004035234177507864,False,0.9456082302475339,0.9989684061382977,critical
FAC0122,Ibuprofen,Tiruvallur,Tamil Nadu,0.0,0.0,-0.0006611951198323781,False,0.9699168254858643,0.9990010002486744,critical
FAC0122,Diclofenac,Tiruvallur,Tamil Nadu,25.103262882171627,334.86894928289706,0.00035615318030400545,False,0.9708986810588486,0.0017173851221956348,low
FAC0122,Oral rehydration salts,Tiruvallur,Tamil Nadu,28.566747872675226,842.1513094189987,2.6571365680696468e-05,False,0.8859504281195658,0.013398334865127152,low
FAC0122,Ringer lactate,Tiruvallur,Tamil Nadu,11.104099447187421,319.92195718534714,-0.000766426413169035,False,0.872050425919396,0.030247437125771628,low
FAC0122,Metformin,Tiruvallur,Tamil Nadu,46.282923427401414,764.2472345194183,5.8650467339702835e-05,False,0.9608749101479312,0.005516602067925385,low
FAC0122,Amlodipine,Tiruvallur,Tamil Nadu,0.0,0.0,0.00019437778800491382,False,0.9432630380612224,0.9989782761571487,critical
FAC0122,Atenolol,Tiruvallur,Tamil Nadu,0.0,0.0,-0.000596510173286655,False,0.9508826938689774,0.998986748769554,critical
FAC0122,Oxytocin,Tiruvallur,Tamil Nadu,0.0,0.0,0.00032677008898931526,False,0.9769002567959001,0.02315578581458184,low
FAC0122,Snake Venom Antiserum,Tiruvallur,Tamil Nadu,72.88491745787293,1311.755618586005,-0.0015504647220512186,False,0.8330512355039124,0.2633090179187737,medium
FAC0122,Insulin (Soluble),Tiruvallur,Tamil Nadu,19.32148267287558,219.14959634386923,-0.0003218012880290349,False,0.9294642287271332,0.0018551559718524215,low
FAC0123,Isoniazid,Tiruvallur,Tamil Nadu,19.606711408608348,549.342215619276,0.0004728773257428255,False,0.9600599405987369,0.00492723178504979,low
FAC0123,Rifampicin,Tiruvallur,Tamil Nadu,44.36443141060105,769.415982578625,-0.000667397084078113,False,0.929202214305628,0.0016822714461229363,low
FAC0123,Ethambutol,Tiruvallur,Tamil Nadu,17.354862457821646,205.79500890493617,0.0007251457168680616,False,0.9545982400606514,0.0023755099422294403,low
FAC0123,Pyrazinamide,Tiruvallur,Tamil Nadu,28.06107084039169,335.6510915007336,-0.0001455046136481328,False,0.9374813137338598,0.001592941750087969,low
FAC0123,Amoxicillin,Tiruvallur,Tamil Nadu,22.943492830972218,223.9647623113499,0.0007536408400262794,False,0.9623334662375291,0.0017173851221956348,low
FAC0123,Ciprofloxacin,Tiruvallur,Tamil Nadu,15.828603192476336,344.5548425893279,-0.00036016869513008876,False,0.9357077498574385,0.0019535293406038436,low
FAC0123,Metronidazole,Tiruvallur,Tamil Nadu,21.823528959748785,390.1980617529557,-2.119533174278019e-05,False,0.9689493939164786,0.0018136807318770939,low
FAC0123,Azithromycin,Tiruvallur,Tamil Nadu,50.71639481410714,1148.1864467667006,0.0003976737943769787,False,0.9409835136630582,0.0031131399009445494,low
FAC0123,Doxycycline,Tiruvallur,Tamil Nadu,40.85407665426473,919.7881442175376,-0.0005166041216457693,False,0.9528393846462342,0.998986748769554,critical
FAC0123,Paracetamol,Tiruvallur,Tamil Nadu,0.0,0.0,0.0007982960601026423,False,0.9519687933309975,0.998986748769554,critical
FAC0123,Ibuprofen,Tiruvallur,Tamil Nadu,2.071820001571136,35.09276342555734,-0.000598894188249692,False,0.9635090621999296,0.005752694950754139,low
FAC0123,Diclofenac,Tiruvallur,Tamil Nadu,47.78049742383875,520.3762482646284,-0.0012199972136766003,False,0.9308179362686978,0.00668174023658439,low
FAC0123,Oral rehydration salts,Tiruvallur,Tamil Nadu,0.0,0.0,0.00018319976569182474,False,0.8867106910477667,0.9988846654888949,critical
FAC0123,Ringer lactate,Tiruvallur,Tamil Nadu,77.88363562067116,1635.8272550893435,8.641406368904147e-05,False,0.8601933841515589,0.018739485139282853,low
FAC0123,Metformin,Tiruvallur,Tamil Nadu,25.34842233772179,594.9162985777199,-0.0006203754291284596,False,0.961994702452682,0.0018136807318770939,low
FAC0123,Amlodipine,Tiruvallur,Tamil Nadu,0.0,0.0,-0.0004051754543352793,False,0.9628916200436801,0.999003874847152,critical
FAC0123,Atenolol,Tiruvallur,Tamil Nadu,57.1992518461068,1318.421803263454,-0.0005375115855065518,False,0.9389379906484303,0.0031131399009445494,low
FAC0123,Oxytocin,Tiruvallur,Tamil Nadu,27.438226878575886,457.23108376640346,6.061311933485518e-05,False,0.9560456913728403,0.5404400738749557,high
FAC0123,Snake Venom Antiserum,Tiruvallur,Tamil Nadu,36.61192956480885,1007.4933495923631,-0.0011203524222540252,False,0.8247266558498166,0.9988516649868816,critical
FAC0123,Insulin (Soluble),Tiruvallur,Tamil Nadu,20.28508998969681,328.9813350365812,-0.00021202714802635595,False,0.9445999066750281,0.0018551559718524215,low
FAC0124,Isoniazid,Tiruvallur,Tamil Nadu,54.65779379813688,1034.223157184074,0.001411341245453448,False,0.9504415221124407,0.001649234477620837,low
FAC0124,Rifampicin,Tiruvallur,Tamil Nadu,24.477833831374227,601.9155533701393,9.650006693820903e-05,False,0.9405477808784863,0.0053387697140865826,low
FAC0124,Ethambutol,Tiruvallur,Tamil Nadu,0.0,0.0,-0.0007141785497626595,False,0.9429499394836376,0.9989666918288228,critical
FAC0124,Pyrazinamide,Tiruvallur,Tamil Nadu,30.77979167292049,574.3937570541786,-0.00016254570231661125,False,0.9447409398416571,0.5004631264653593,high
FAC0124,Amoxicillin,Tiruvallur,Tamil Nadu,11.89798713725784,128.39612535817048,-0.00043071247239071474,False,0.9400843557995675,0.002948054540187332,low
FAC0124,Ciprofloxacin,Tiruvallur,Tamil Nadu,60.152513601443765,703.3288927430324,0.001451874160103165,False,0.957060384967285,0.002687471124465227,low
FAC0124,Metronidazole,Tiruvallur,Tamil Nadu,16.025802207243583,249.80711272622852,-0.0003895346566156523,False,0.9656458802434918,0.0020691948469200167,low
FAC0124,Azithromycin,Tiruvallur,Tamil Nadu,0.0,0.0,-0.0009046024904365191,False,0.9174210953477098,0.9989856121038498,critical
FAC0124,Doxycycline,Tiruvallur,Tamil Nadu,41.220854533530876,603.2781383032294,-0.0004988781312492241,False,0.9670613494415334,0.0017173851221956348,low
FAC0124,Paracetamol,Tiruvallur,Tamil Nadu,48.055020601762244,598.5004010828245,0.0001514023519672675,False,0.9608887668895835,0.002765447167500951,low
FAC0124,Ibuprofen,Tiruvallur,Tamil Nadu,0.0,0.0,2.777075239737589e-05,False,0.9573490414226207,0.9989740083261341,critical
FAC0124,Diclofenac,Tiruvallur,Tamil Nadu,0.0,0.0,-0.0009270610402950236,False,0.9730785713782748,0.9990081731990669,critical
FAC0124,Oral rehydration salts,Tiruvallur,Tamil Nadu,0.0,0.0,-0.0010977910590121694,False,0.8898325029611296,0.9989345676883752,critical
FAC0124,Ringer lactate,Tiruvallur,Tamil Nadu,0.0,0.0,-0.0006529788256971248,False,0.8729267653862862,0.9988846654888949,critical
FAC0124,Metformin,Tiruvallur,Tamil Nadu,29.17834620964088,738.3316522417774,8.919351613109939e-05,False,0.9733058589715515,0.0018136807318770939,low
FAC0124,Amlodipine,Tiruvallur,Tamil Nadu,35.27945474688264,339.9362826810374,-0.0010612766684674623,False,0.9687452165393378,0.0018109485906974423,low
FAC0124,Atenolol,Tiruvallur,Tamil Nadu,0.0,0.0,-0.0006040231779485466,False,0.9759377005178813,0.1601758177739506,low
FAC0124,Oxytocin,Tiruvallur,Tamil Nadu,16.419226433038467,309.82307840507866,-0.00028150651386718486,False,0.9638861922132711,0.0022432093690816085,low
FAC0124,Snake Venom Antiserum,Tiruvallur,Tamil Nadu,30.937684840672784,886.0962867789711,-0.0017147964505229317,False,0.7992943114666706,0.012120445928044574,low
FAC0124,Insulin (Soluble),Tiruvallur,Tamil Nadu,0.0,0.0,0.0008849009498667129,False,0.9397197198317844,0.998978703948104,critical
FAC0125,Isoniazid,Tiruvallur,Tamil Nadu,21.01796383988276,374.85515982933447,0.00023284026741543496,False,0.9491691065213566,0.002218774443983821,low
FAC0125,Rifampicin,Tiruvallur,Tamil Nadu,48.05865662726852,728.6625458878328,-6.885453432597939e-05,False,0.9259229730396237,0.1842571670468567,low
FAC0125,Ethambutol,Tiruvallur,Tamil Nadu,0.0,0.0,3.7028120617600054e-05,False,0.9504584556399516,0.9989740083261341,critical
FAC0125,Pyrazinamide,Tiruvallur,Tamil Nadu,16.47672374430854,233.47333473649186,0.000562109577488104,False,0.9405026898988249,0.003200713900722209,low
FAC0125,Amoxicillin,Tiruvallur,Tamil Nadu,32.42404695724708,671.2088136988328,9.726667426423808e-05,False,0.9671113790996579,0.0017911765503069049,low
FAC0125,Ciprofloxacin,Tiruvallur,Tamil Nadu,41.59289043925261,811.018129163115,0.0002979881488939339,False,0.9709016330643923,0.019605562491911487,low
FAC0125,Metronidazole,Tiruvallur,Tamil Nadu,29.722755694646015,589.7902302287644,0.000100076602347143,False,0.939725024799767,0.45144189017878333,medium
FAC0125,Azithromycin,Tiruvallur,Tamil Nadu,0.0,0.0,-0.00031842737604756264,False,0.9702974686943593,0.9990010002486744,critical
FAC0125,Doxycycline,Tiruvallur,Tamil Nadu,0.0,0.0,0.00011366692574912815,False,0.9533870986302833,0.9989556149693484,critical
FAC0125,Paracetamol,Tiruvallur,Tamil Nadu,34.52589495080668,608.9438373529603,-4.279805359846968e-05,False,0.9657738211179558,0.0017173851221956348,low
FAC0125,Ibuprofen,Tiruvallur,Tamil Nadu,56.87095668343423,942.9686988707573,0.00044085428425564866,False,0.9474638161244535,0.001687741127521803,low
FAC0125,Diclofenac,Tiruvallur,Tamil Nadu,39.9743048067543,990.9431646110105,-0.0009054562880321508,False,0.9666648910321265,0.0019124803530110117,low
FAC0125,Oral rehydration salts,Tiruvallur,Tamil Nadu,47.96091852806209,1367.503234086682,5.4771629489094945e-05,False,0.8669373928010073,0.004079290711710816,low
FAC0125,Ringer lactate,Tiruvallur,Tamil Nadu,31.83970481679091,449.5857898032535,-0.0009982526122633223,False,0.8725981220527719,0.01297618757681259,low
FAC0125,Metformin,Tiruvallur,Tamil Nadu,32.67014062732363,402.5972267439258,0.000602580209432289,False,0.9619831459215403,0.0017173851221956348,low
FAC0125,Amlodipine,Tiruvallur,Tamil Nadu,16.922060129251655,435.67171646500276,0.00020469552932829427,False,0.9507765928587498,0.001920697221855157,low
FAC0125,Atenolol,Tiruvallur,Tamil Nadu,0.0,0.0,-0.00017593500583100213,False,0.9562214918872693,0.9990235911906975,critical
FAC0125,Oxytocin,Tiruvallur,Tamil Nadu,0.0,0.0,-0.0005398250863882929,False,0.9497064613877435,0.998986748769554,critical
FAC0125,Snake Venom Antiserum,Tiruvallur,Tamil Nadu,85.74698347216467,2321.3955653674475,-0.001138912862464067,False,0.8158428484961292,0.025886359811723884,low
FAC0125,Insulin (Soluble),Tiruvallur,Tamil Nadu,16.918537811124718,381.368730200496,-0.0001039026269975549,False,0.9434743806619559,0.002988914827456531,low
FAC0126,Isoniazid,Tiruvallur,Tamil Nadu,26.097259288023608,684.2921192765499,0.00012417570165692104,False,0.9293833382084458,0.0019485248577306615,low
FAC0126,Rifampicin,Tiruvallur,Tamil Nadu,32.354724748253126,492.0322095032167,0.0006999885155546822,False,0.9560847830502888,0.001649234477620837,low
FAC0126,Ethambutol,Tiruvallur,Tamil Nadu,48.59132952533597,1092.701138163629,0.0002992909483609687,False,0.9430880330861622,0.0016822714461229363,low
FAC0126,Pyrazinamide,Tiruvallur,Tamil Nadu,0.0,0.0,-0.0012526196423048128,False,0.9486045716920535,0.9989536782199591,critical
FAC0126,Amoxicillin,Tiruvallur,Tamil Nadu,34.273359377889285,730.4504248400534,-0.0009665149699104331,False,0.9565132167721355,0.0017340910553743326,low
FAC0126,Ciprofloxacin,Tiruvallur,Tamil Nadu,39.48028898504984,530.1538873507727,0.00038051051683776256,False,0.9602323628456972,0.9989732667328307,critical
FAC0126,Metronidazole,Tiruvallur,Tamil Nadu,0.0,0.0,-0.0001925408361001851,False,0.9414173644646728,0.9989499124544557,critical
FAC0126,Azithromycin,Tiruvallur,Tamil Nadu,0.0,0.0,-8.210928237559201e-05,False,0.9238334085268691,0.9989499124544557,critical
FAC0126,Doxycycline,Tiruvallur,Tamil Nadu,9.315471357253827,176.35686514285146,0.001700359840018055,False,0.974511626370739,0.0025217077172003106,low
FAC0126,Paracetamol,Tiruvallur,Tamil Nadu,55.81789147128372,594.8543047136321,-0.000778545314871059,False,0.9515988308348453,0.002833735041231307,low
FAC0126,Ibuprofen,Tiruvallur,Tamil Nadu,20.89821408444604,221.55103783127325,0.00160878026449026,False,0.9679766518643376,0.0017173851221956348,low
FAC0126,Diclofenac,Tiruvallur,Tamil Nadu,0.0,0.0,0.0013390478771613578,False,0.9591259849790278,0.999003874847152,critical
FAC0126,Oral rehydration salts,Tiruvallur,Tamil Nadu,66.00668397836311,1744.1309218894728,-0.0006537386661656341,False,0.8802425740017572,0.021228286827718844,low
FAC0126,Ringer lactate,Tiruvallur,Tamil Nadu,44.79716527550574,833.4226676825485,-0.0002347872164003273,False,0.8617717649104983,0.0044419432161748795,low
FAC0126,Metformin,Tiruvallur,Tamil Nadu,64.18699047528136,753.6464061406375,-6.926773624189412e-05,False,0.956712665745221,0.0018187300286896786,low
FAC0126,Amlodipine,Tiruvallur,Tamil Nadu,66.57025475511003,1492.9138379666629,0.00015932806572902748,False,0.962695249301543,0.0018136807318770939,low
FAC0126,Atenolol,Tiruvallur,Tamil Nadu,0.0,0.0,0.0010804777529270467,False,0.9577381759562456,0.9990405583161248,critical
FAC0126,Oxytocin,Tiruvallur,Tamil Nadu,41.277877647625694,1021.7423918477012,-0.00014043088641156498,False,0.9599315499445499,0.06857834548770574,low
FAC0126,Snake Venom Antiserum,Tiruvallur,Tamil Nadu,76.31869599356573,1710.3403725324733,-0.00040996784668240893,False,0.8205707872969128,0.026797070883687216,low
FAC0126,Insulin (Soluble),Tiruvallur,Tamil Nadu,34.955371020507464,354.7087158883316,-0.0005161151651020155,False,0.9365112588928626,0.44449491731164065,medium
FAC0127,Isoniazid,Tiruvallur,Tamil Nadu,37.660450112783266,917.5878720308546,4.7283091258018586e-05,False,0.9298309204813944,0.0030183518357321318,low
FAC0127,Rifampicin,Tiruvallur,Tamil Nadu,0.0,0.0,0.0006998869897567894,False,0.9255348421391983,0.999009150133478,critical
FAC0127,Ethambutol,Tiruvallur,Tamil Nadu,0.0,0.0,-0.0009420294098634477,False,0.9539914288694354,0.9989784354224556,critical
FAC0127,Pyrazinamide,Tiruvallur,Tamil Nadu,0.0,0.0,-0.00022141256482429464,False,0.9483303246520727,0.9989971300312774,critical
FAC0127,Amoxicillin,Tiruvallur,Tamil Nadu,29.89601507716838,537.7997488038404,0.00012971836320577198,False,0.9625109896909718,0.0018084661515767406,low
FAC0127,Ciprofloxacin,Tiruvallur,Tamil Nadu,7.352103460296202,120.15142492222026,-0.0005981802788129366,False,0.9657234322479424,0.0025217077172003106,low
FAC0127,Metronidazole,Tiruvallur,Tamil Nadu,30.840411642556806,379.376749160782,0.0008888814068575758,False,0.9360658256771811,0.0016378221630543237,low
FAC0127,Azithromycin,Tiruvallur,Tamil Nadu,25.433886977389964,448.46798898743725,0.0008479943553810556,False,0.9721425486032921,0.0016949834033305772,low
FAC0127,Doxycycline,Tiruvallur,Tamil Nadu,15.352654432708526,157.45248748170437,8.112257253627341e-05,False,0.952710843328473,0.0022494517811022675,low
FAC0127,Paracetamol,Tiruvallur,Tamil Nadu,0.0,0.0,-0.00017743780300409504,False,0.964949470294334,0.9989732667328307,critical
FAC0127,Ibuprofen,Tiruvallur,Tamil Nadu,66.89037707367306,618.3454808090078,0.00015875197023092105,False,0.9447371739026951,0.002467668915951495,low
FAC0127,Diclofenac,Tiruvallur,Tamil Nadu,57.90936357312453,902.6292547274728,-0.0007004300939914288,False,0.9652999282617563,0.004116585510301425,low
FAC0127,Oral rehydration salts,Tiruvallur,Tamil Nadu,63.984958838182514,1743.4606241515808,-0.0002482104949052934,False,0.8745071990791363,0.2013480275419527,low
FAC0127,Ringer lactate,Tiruvallur,Tamil Nadu,6.506320215640167,140.71725157997213,-0.0007457155279378486,False,0.8774582530020412,0.26813123974974384,medium
FAC0127,Metformin,Tiruvallur,Tamil Nadu,24.404620180529793,355.2835168975821,0.00039170778170532323,False,0.9617122880723583,0.0017173851221956348,low
FAC0127,Amlodipine,Tiruvallur,Tamil Nadu,0.0,0.0,-0.0004863860357368827,False,0.9278969849642719,0.9989812160769865,critical
FAC0127,Atenolol,Tiruvallur,Tamil Nadu,1.9164348691487485,44.838911716961434,0.0007528195190541405,False,0.9672412246969979,0.016694217305343165,low
FAC0127,Oxytocin,Tiruvallur,Tamil Nadu,0.0,0.0,-8.612364939238452e-06,False,0.9441399509523205,0.9989499124544557,critical
FAC0127,Snake Venom Antiserum,Tiruvallur,Tamil Nadu,0.0,0.0,-0.0017709208442407494,False,0.8378069821589847,0.9987038011642572,critical
FAC0127,Insulin (Soluble),Tiruvallur,Tamil Nadu,0.0,0.0,0.0004711739383177751,False,0.9479959652008754,0.9989971300312774,critical
FAC0128,Isoniazid,Tiruvallur,Tamil Nadu,9.889026634874908,103.02314745787261,0.00037650671022301433,False,0.9305156546720137,0.0031422248993850446,low
FAC0128,Rifampicin,Tiruvallur,Tamil Nadu,0.0,0.0,0.00014029057783377532,False,0.9324303878751621,0.9989812160769865,critical
FAC0128,Ethambutol,Tiruvallur,Tamil Nadu,0.0,0.0,0.0005941448216041972,False,0.946134491325719,0.9989966910779933,critical
FAC0128,Pyrazinamide,Tiruvallur,Tamil Nadu,24.804799930850375,614.9630176840716,0.0013392602175508654,False,0.942295207080691,0.002021308031096492,low
FAC0128,Amoxicillin,Tiruvallur,Tamil Nadu,0.0,0.0,0.0008499497852411976,False,0.9554989882625038,0.9989740083261341,critical
FAC0128,Ciprofloxacin,Tiruvallur,Tamil Nadu,29.610336761066172,396.16518542094946,-6.974597933520672e-05,False,0.9557516637545405,0.0015616563216611747,low
FAC0128,Metronidazole,Tiruvallur,Tamil Nadu,46.64451838088817,735.0570100345636,0.00034288430325334806,False,0.9497986480154603,0.002802827515331533,low
FAC0128,Azithromycin,Tiruvallur,Tamil Nadu,39.92761340957478,1041.258467293413,0.00013317569027367193,False,0.9550652415436719,0.001649234477620837,low
FAC0128,Doxycycline,Tiruvallur,Tamil Nadu,0.0,0.0,-0.0006306720441144398,False,0.9602848795426264,0.9989691683833717,critical
FAC0128,Paracetamol,Tiruvallur,Tamil Nadu,27.2035627114592,540.2674595090548,0.0006899077353557572,False,0.9485005125884847,0.0018275042949872525,low
FAC0128,Ibuprofen,Tiruvallur,Tamil Nadu,31.128006682700864,317.48757687006935,-0.0006499997754106259,False,0.9608558783434011,0.0017911765503069049,low
FAC0128,Diclofenac,Tiruvallur,Tamil Nadu,0.0,0.0,-0.0001879823873531708,False,0.9590728113727802,0.9989732667328307,critical
FAC0128,Oral rehydration salts,Tiruvallur,Tamil Nadu,14.122628146023962,402.702765994955,-0.001319051217186495,False,0.8759677923788625,0.015483520055288223,low
FAC0128,Ringer lactate,Tiruvallur,Tamil Nadu,38.37546874824307,1054.7467685048716,-0.0026681984550452117,False,0.880936078268702,0.006754236621238488,low
FAC0128,Metformin,Tiruvallur,Tamil Nadu,27.17894618091235,714.008465198581,0.0007767812986381045,False,0.9711425681492868,0.9989691683833717,critical
FAC0128,Amlodipine,Tiruvallur,Tamil Nadu,50.87085143832203,881.96409855592,0.0010106928899253226,False,0.9479509671253751,0.0032513906387205077,low
FAC0128,Atenolol,Tiruvallur,Tamil Nadu,53.33583862454948,953.0381300448934,-3.276540878608814e-05,False,0.9529806425137992,0.0031619708397059364,low
FAC0128,Oxytocin,Tiruvallur,Tamil Nadu,0.0,0.0,0.0005358380806048082,False,0.9539829423301794,0.9989556149693484,critical
FAC0128,Snake Venom Antiserum,Tiruvallur,Tamil Nadu,0.0,0.0,-0.0009952522085742467,False,0.8304765155966074,0.9988252611497878,critical
FAC0128,Insulin (Soluble),Tiruvallur,Tamil Nadu,57.74168693631435,1214.8299428032515,0.0004186384373208158,False,0.9769574633483228,0.0024844628552437957,low
FAC0129,Isoniazid,Tiruvallur,Tamil Nadu,0.0,0.0,-0.00086529762403545,False,0.9455013561659646,0.9989856121038498,critical
FAC0129,Rifampicin,Tiruvallur,Tamil Nadu,0.0,0.0,-0.0011829491107459911,False,0.9196095227054779,0.998850583944935,critical
FAC0129,Ethambutol,Tiruvallur,Tamil Nadu,49.09870518269546,619.8865541145337,0.0003170569372635586,False,0.940574444708558,0.0033715574303559335,low
FAC0129,Pyrazinamide,Tiruvallur,Tamil Nadu,40.52498753983628,863.2624549683494,-0.0003816180943339521,False,0.9391364957027885,0.9989812160769865,critical
FAC0129,Amoxicillin,Tiruvallur,Tamil Nadu,23.798855213937575,445.1160474369098,1.8875100665432236e-05,False,0.96909407178014,0.0018136807318770939,low
FAC0129,Ciprofloxacin,Tiruvallur,Tamil Nadu,72.89669672570486,1041.0756669848079,0.0006673706127901434,False,0.923744085672611,0.0026460521227840766,low
FAC0129,Metronidazole,Tiruvallur,Tamil Nadu,31.526826228826266,689.9377487668224,-0.00012770980517758034,False,0.9601820081491247,0.0018199567667571163,low
FAC0129,Azithromycin,Tiruvallur,Tamil Nadu,32.380519821615565,555.8394361177717,-0.00023520371643487428,False,0.9567494968770571,0.001649234477620837,low
FAC0129,Doxycycline,Tiruvallur,Tamil Nadu,3.330414579395132,49.497174328074124,0.00045623754822990214,False,0.9441564768006281,0.005001059576541661,low
FAC0129,Paracetamol,Tiruvallur,Tamil Nadu,44.30288071155463,666.0469142603213,0.0005932301940604685,False,0.9603221024614388,0.005752694950754139,low
FAC0129,Ibuprofen,Tiruvallur,Tamil Nadu,9.210588819581893,112.05730782137152,0.0005389307325200671,False,0.9424243441724061,0.0030309987355708902,low
FAC0129,Diclofenac,Tiruvallur,Tamil Nadu,67.31794681598294,930.8994855046145,-0.00040380775530263023,False,0.9786011897803966,0.0016919997111323893,low
FAC0129,Oral rehydration salts,Tiruvallur,Tamil Nadu,44.99609376568759,952.5984753991894,-0.0008229801865308635,False,0.8623565298674617,0.39457981838538014,medium
FAC0129,Ringer lactate,Tiruvallur,Tamil Nadu,0.0,0.0,-0.0007067206790181736,False,0.85647152675755,0.8454942165559676,critical
FAC0129,Metformin,Tiruvallur,Tamil Nadu,49.37734043562208,1296.5039281267125,-0.0008231227619695745,False,0.9335453952904127,0.005338583604739858,low
FAC0129,Amlodipine,Tiruvallur,Tamil Nadu,40.98801518988991,443.97319553796416,-0.0005674516078797868,False,0.9335905259378203,0.9989499124544557,critical
FAC0129,Atenolol,Tiruvallur,Tamil Nadu,41.03554752422646,958.3133636077667,-0.00039034622313388655,False,0.9550156107021366,0.003112222186103269,low
FAC0129,Oxytocin,Tiruvallur,Tamil Nadu,41.37771947713177,688.47781304114,0.0003459550624165163,False,0.9614059332416807,0.9990010002486744,critical
FAC0129,Snake Venom Antiserum,Tiruvallur,Tamil Nadu,0.0,0.0,-0.0018451901523042226,False,0.8045424312442587,0.9986413256269727,critical
FAC0129,Insulin (Soluble),Tiruvallur,Tamil Nadu,19.389554487945883,418.5510409399401,0.0019254204681861153,False,0.9332181641219904,0.0023291829045027383,low
FAC0130,Isoniazid,Tiruvallur,Tamil Nadu,0.0,0.0,-0.00018736928117765313,False,0.9382736803073708,0.9989666918288228,critical
FAC0130,Rifampicin,Tiruvallur,Tamil Nadu,0.0,0.0,-0.00041554731658056325,False,0.9440985719941928,0.9989812160769865,critical
FAC0130,Ethambutol,Tiruvallur,Tamil Nadu,0.0,0.0,0.000446353583722668,False,0.9629154780337863,0.999003874847152,critical
FAC0130,Pyrazinamide,Tiruvallur,Tamil Nadu,0.0,0.0,0.00019564742337175632,False,0.935516095086248,0.9989812160769865,critical
FAC0130,Amoxicillin,Tiruvallur,Tamil Nadu,0.0,0.0,-0.0007532746319469566,False,0.9502413746850858,0.6063877923983183,high
FAC0130,Ciprofloxacin,Tiruvallur,Tamil Nadu,52.671968031731105,817.5625337836752,-0.0006843471621875027,False,0.9514054900336857,0.002687471124465227,low
FAC0130,Metronidazole,Tiruvallur,Tamil Nadu,40.75525134445783,865.9652622278228,5.097509129476497e-05,False,0.9708965349551563,0.0018136807318770939,low
FAC0130,Azithromycin,Tiruvallur,Tamil Nadu,0.0,0.0,-0.000932124457958272,False,0.9542972756587627,0.998960121349353,critical
FAC0130,Doxycycline,Tiruvallur,Tamil Nadu,30.432185948793272,312.1314886382677,0.00032483439466670467,False,0.9305270847529097,0.9989499124544557,critical
FAC0130,Paracetamol,Tiruvallur,Tamil Nadu,37.64550918148449,717.9219383445887,0.0012274830601597426,False,0.9744502236305096,0.0018084661515767406,low
FAC0130,Ibuprofen,Tiruvallur,Tamil Nadu,4.786160334896632,64.24204380641225,0.00028446797403756957,False,0.9418828088330562,0.0034684028388890895,low
FAC0130,Diclofenac,Tiruvallur,Tamil Nadu,0.0,0.0,-0.0009840933148011625,False,0.9601324468381074,0.9989957018718503,critical
FAC0130,Oral rehydration salts,Tiruvallur,Tamil Nadu,38.38710620044919,958.7631493449584,-0.0005264142524114221,False,0.8744563873151425,0.00609460779757191,low
FAC0130,Ringer lactate,Tiruvallur,Tamil Nadu,34.79137577379358,797.8144080139639,0.0006458554224603707,False,0.8661895870882064,0.011803041560405738,low
FAC0130,Metformin,Tiruvallur,Tamil Nadu,51.87599714026968,1010.3856069522465,0.00013875116179145892,False,0.9576682991440749,0.0027279891892494084,low
FAC0130,Amlodipine,Tiruvallur,Tamil Nadu,40.06388994799072,961.2670786806079,0.0003656966099864034,False,0.9526878252686761,0.001649234477620837,low
FAC0130,Atenolol,Tiruvallur,Tamil Nadu,44.5360736160926,620.1007119564417,-0.00048580289983844667,False,0.9588650569827322,0.002765447167500951,low
FAC0130,Oxytocin,Tiruvallur,Tamil Nadu,43.129218790480856,405.5343722601024,-0.0001863798351728956,False,0.9682365056924892,0.002765447167500951,low
FAC0130,Snake Venom Antiserum,Tiruvallur,Tamil Nadu,0.0,0.0,-0.0018956438009050244,False,0.8291398178972018,0.9985853680907165,critical
FAC0130,Insulin (Soluble),Tiruvallur,Tamil Nadu,66.5561021752856,1681.9085687921583,-0.00015154463306226823,False,0.9467803553047611,0.002605923917871463,low
FAC0131,Isoniazid,Tiruvallur,Tamil Nadu,0.0,0.0,-0.00044917876193503286,False,0.9289054367099895,0.4694986408181507,medium
FAC0131,Rifampicin,Tiruvallur,Tamil Nadu,0.0,0.0,-0.0004929008537359803,False,0.9259211054083908,0.6055409258332571,high
FAC0131,Ethambutol,Tiruvallur,Tamil Nadu,0.0,0.0,-0.00020434285713243083,False,0.9447756892253358,0.9989812160769865,critical
FAC0131,Pyrazinamide,Tiruvallur,Tamil Nadu,0.0,0.0,0.0007053790780323096,False,0.9541187155620046,0.9291445479733508,critical
FAC0131,Amoxicillin,Tiruvallur,Tamil Nadu,0.0,0.0,0.00032794430349951403,False,0.9470631463994723,0.9989663148822459,critical
FAC0131,Ciprofloxacin,Tiruvallur,Tamil Nadu,50.30454977972187,728.6181677206115,-8.985818269762338e-05,False,0.9148712345311982,0.0033715574303559335,low
FAC0131,Metronidazole,Tiruvallur,Tamil Nadu,0.0,0.0,-0.0002477657761736584,False,0.9406960795113601,0.9989499124544557,critical
FAC0131,Azithromycin,Tiruvallur,Tamil Nadu,0.0,0.0,0.00034456506392572487,False,0.9650034087237419,0.9989599467559961,critical
FAC0131,Doxycycline,Tiruvallur,Tamil Nadu,0.0,0.0,-0.0004990609783523496,False,0.9544611495889893,0.998986748769554,critical
FAC0131,Paracetamol,Tiruvallur,Tamil Nadu,0.0,0.0,-0.0008596651629675816,False,0.9603143317371023,0.9990081731990669,critical
FAC0131,Ibuprofen,Tiruvallur,Tamil Nadu,30.019845088929465,322.9381275938234,-0.0004520754179629341,False,0.9482283418223361,0.0016182040395085735,low
FAC0131,Diclofenac,Tiruvallur,Tamil Nadu,41.81915476380466,675.7639284252047,0.00017990756732168804,False,0.9725293799976779,0.005752694950754139,low
FAC0131,Oral rehydration salts,Tiruvallur,Tamil Nadu,45.641937132767495,1243.1527573558924,0.00020492543121565903,False,0.8850245809808259,0.004544542158320519,low
FAC0131,Ringer lactate,Tiruvallur,Tamil Nadu,0.0,0.0,-0.0005082990739299394,False,0.8910989436388961,0.998900985032729,critical
FAC0131,Metformin,Tiruvallur,Tamil Nadu,11.723947540356196,253.31668235960973,-0.00026951408827682915,False,0.9630797905053736,0.0026553323022300668,low
FAC0131,Amlodipine,Tiruvallur,Tamil Nadu,13.504294406019207,163.601496468904,0.0007732845961541373,False,0.9658675662426697,0.0025217077172003106,low
FAC0131,Atenolol,Tiruvallur,Tamil Nadu,46.939098219304746,1021.8282353229653,-7.424671658650143e-05,False,0.9317899879674462,0.0016822714461229363,low
FAC0131,Oxytocin,Tiruvallur,Tamil Nadu,0.0,0.0,0.00040817250159123463,False,0.9442312622952743,0.9989499124544557,critical
FAC0131,Snake Venom Antiserum,Tiruvallur,Tamil Nadu,29.04532826870548,731.2526048344764,6.835753601511128e-05,False,0.8110528003177513,0.013905112493482015,low
FAC0131,Insulin (Soluble),Tiruvallur,Tamil Nadu,0.0,0.0,-0.0011202390636220942,False,0.9632290997593805,0.9989512529715285,critical
FAC0132,Isoniazid,Tiruvallur,Tamil Nadu,52.53880551457543,684.0189909192076,0.0001811611705471107,False,0.9347825366246237,0.0016774340505829163,low
FAC0132,Rifampicin,Tiruvallur,Tamil Nadu,67.83648894883429,1436.3083935132463,0.0001665018941771657,False,0.9385573310128715,0.003193133600487473,low
FAC0132,Ethambutol,Tiruvallur,Tamil Nadu,60.66428701504024,1086.23559813785,0.00041696033283446026,False,0.9578380348530515,0.004833445973827411,low
FAC0132,Pyrazinamide,Tiruvallur,Tamil Nadu,18.549099553669688,470.0616963362956,-0.0005091718040693548,False,0.9476562112127073,0.00361208471322083,low
FAC0132,Amoxicillin,Tiruvallur,Tamil Nadu,0.0,0.0,-0.00017583026548147963,False,0.9708153832796232,0.9989732667328307,critical
FAC0132,Ciprofloxacin,Tiruvallur,Tamil Nadu,12.737636863534549,287.76360702293493,0.000612566983969348,False,0.9686619911140857,0.0023897134591217254,low
FAC0132,Metronidazole,Tiruvallur,Tamil Nadu,0.0,0.0,-0.00021096163280485508,False,0.9408708405095393,0.9989812160769865,critical
FAC0132,Azithromycin,Tiruvallur,Tamil Nadu,0.0,0.0,0.00034246858817084234,False,0.9370411926146969,0.9989684061382977,critical
FAC0132,Doxycycline,Tiruvallur,Tamil Nadu,0.21624256528122462,3.7932119926055705,-0.0002783311723887168,False,0.9484696810747756,0.0074714019545649235,low
FAC0132,Paracetamol,Tiruvallur,Tamil Nadu,38.28153974294885,821.1648942679412,-0.0005508065961817681,False,0.9679062458023354,0.44237796654620376,medium
FAC0132,Ibuprofen,Tiruvallur,Tamil Nadu,0.0,0.0,-0.0005357605471004011,False,0.9374853309764606,0.9989499124544557,critical
FAC0132,Diclofenac,Tiruvallur,Tamil Nadu,51.40533823144138,859.0892709557229,-0.0003718420465372466,False,0.9711650516310821,0.0016949834033305772,low
FAC0132,Oral rehydration salts,Tiruvallur,Tamil Nadu,0.0,0.0,-0.0015890338242013108,False,0.8566534795489282,0.9988803087009144,critical
FAC0132,Ringer lactate,Tiruvallur,Tamil Nadu,31.219686678352517,451.8920991717221,-0.0014397577966844355,False,0.8927746401697616,0.011378062544903245,low
FAC0132,Metformin,Tiruvallur,Tamil Nadu,0.0,0.0,0.000542659853744612,False,0.9491301931221496,0.9989556149693484,critical
FAC0132,Amlodipine,Tiruvallur,Tamil Nadu,0.0,0.0,-0.0004025373004276712,False,0.9654547663637401,0.9990195808295564,critical
FAC0132,Atenolol,Tiruvallur,Tamil Nadu,0.0,0.0,0.0004125307703296757,False,0.9563551709106928,0.998986748769554,critical
FAC0132,Oxytocin,Tiruvallur,Tamil Nadu,0.0,0.0,0.0007044448846723194,False,0.9555345052142223,0.998986748769554,critical
FAC0132,Snake Venom Antiserum,Tiruvallur,Tamil Nadu,29.383552284174723,641.4888616360962,-0.0012380764216683754,False,0.8255967442669931,0.014555364334986604,low
FAC0132,Insulin (Soluble),Tiruvallur,Tamil Nadu,24.585724467942875,272.9428714934349,-0.0007886188396566421,False,0.9593976688963162,0.0018109485906974423,low
FAC0133,Isoniazid,Tiruvallur,Tamil Nadu,0.0,0.0,0.0005521652728665946,False,0.9262878303273141,0.46565417655931424,medium
FAC0133,Rifampicin,Tiruvallur,Tamil Nadu,36.28595367188079,867.9996898485975,0.000531201464572587,False,0.947066133832901,0.001763171623203242,low
FAC0133,Ethambutol,Tiruvallur,Tamil Nadu,0.0,0.0,-0.000763061154039014,False,0.9359557875945355,0.9989353050486387,critical
FAC0133,Pyrazinamide,Tiruvallur,Tamil Nadu,22.007881774735875,486.97821967530757,-0.0010380763091038425,False,0.9520647246468023,0.0021850272986124785,low
FAC0133,Amoxicillin,Tiruvallur,Tamil Nadu,20.32127360626933,465.04136952194455,-0.00031182457254457424,False,0.9536354938465526,0.001920697221855157,low
FAC0133,Ciprofloxacin,Tiruvallur,Tamil Nadu,0.0,0.0,0.0004372991422966447,False,0.9534183179259572,0.9989556149693484,critical
FAC0133,Metronidazole,Tiruvallur,Tamil Nadu,22.60724935978854,225.36742685290514,0.0004505156493483415,False,0.9560781288684208,0.0015616563216611747,low
FAC0133,Azithromycin,Tiruvallur,Tamil Nadu,0.0,0.0,0.00046207321779675976,False,0.9668273181275353,0.9990400951522176,critical
FAC0133,Doxycycline,Tiruvallur,Tamil Nadu,0.0,0.0,-0.00029038755299938,False,0.9478300747817201,0.9989845199873362,critical
FAC0133,Paracetamol,Tiruvallur,Tamil Nadu,27.22548615610344,254.48493015942046,0.0003420508892060312,False,0.9428326469526229,0.001592941750087969,low
FAC0133,Ibuprofen,Tiruvallur,Tamil Nadu,31.611437694638077,662.9029443092968,0.00046013472179231446,False,0.9330871248041194,0.0016822714461229363,low
FAC0133,Diclofenac,Tiruvallur,Tamil Nadu,29.167857149743824,285.53673432480076,-7.945478094149408e-05,False,0.9366692643153834,0.001592941750087969,low
FAC0133,Oral rehydration salts,Tiruvallur,Tamil Nadu,0.0,0.0,-0.0009577956899528007,False,0.8599218191583727,0.9987770979735331,critical
FAC0133,Ringer lactate,Tiruvallur,Tamil Nadu,1.373112642702524,30.83853880155335,-0.00035473372879126565,False,0.8813151782628517,0.3474158754065925,medium
FAC0133,Metformin,Tiruvallur,Tamil Nadu,61.64077970417845,693.6668537090086,0.00021835113730230964,False,0.9455672600189633,0.002948054540187332,low
FAC0133,Amlodipine,Tiruvallur,Tamil Nadu,43.91526270271637,825.4947817104991,-0.0002386972756677532,False,0.9604762526492516,0.0017911765503069049,low
FAC0133,Atenolol,Tiruvallur,Tamil Nadu,37.373439360770845,568.389612091046,4.2508327694757275e-05,False,0.9746559800968067,0.9989732667328307,critical
FAC0133,Oxytocin,Tiruvallur,Tamil Nadu,11.320142708235405,304.67564152155074,0.0002526808877962438,False,0.9523026512463062,0.0025618816884482713,low
FAC0133,Snake Venom Antiserum,Tiruvallur,Tamil Nadu,35.69864553982847,569.6586423690898,-0.002258548723779989,False,0.8412452165026493,0.016020033476560273,low
FAC0133,Insulin (Soluble),Tiruvallur,Tamil Nadu,61.00649800014846,598.3507457569359,0.0004104177357596482,False,0.9505109468464898,0.0024032682396423204,low
FAC0134,Isoniazid,Tiruvallur,Tamil Nadu,0.0,0.0,0.0010251303890397106,False,0.9434166445513914,0.7343558770290171,high
FAC0134,Rifampicin,Tiruvallur,Tamil Nadu,35.00859590674588,457.6224165674818,-0.000242228048503231,False,0.9126098963687665,0.0021701163471983874,low
FAC0134,Ethambutol,Tiruvallur,Tamil Nadu,62.84493274874771,864.6008800793243,-0.00012509649374065892,False,0.9322456269770976,0.0031131399009445494,low
FAC0134,Pyrazinamide,Tiruvallur,Tamil Nadu,43.10009708769018,636.7256553103974,-0.00017216464084249608,False,0.9451169151459291,0.0016822714461229363,low
FAC0134,Amoxicillin,Tiruvallur,Tamil Nadu,28.715839948356972,483.9987913166039,-0.0005018384530833819,False,0.9492166237361384,0.9989838247992484,critical
FAC0134,Ciprofloxacin,Tiruvallur,Tamil Nadu,0.0,0.0,0.00014182159500819753,False,0.9502639273955997,0.998986748769554,critical
FAC0134,Metronidazole,Tiruvallur,Tamil Nadu,42.852069160776075,797.404129806875,0.00031479098227387147,False,0.9310252706921515,0.003413849469376124,low
FAC0134,Azithromycin,Tiruvallur,Tamil Nadu,52.33140539581839,1250.5251462120987,0.0008092105539991306,False,0.9546101022665708,0.0062062129428946565,low
FAC0134,Doxycycline,Tiruvallur,Tamil Nadu,33.31348198568762,508.0763187909163,-0.00036515844875437294,False,0.9528623988472495,0.001628767418528461,low
FAC0134,Paracetamol,Tiruvallur,Tamil Nadu,0.0,0.0,-0.0007021877414856295,False,0.9409235377948862,0.9989684061382977,critical
FAC0134,Ibuprofen,Tiruvallur,Tamil Nadu,16.746318232473588,323.6333109585283,0.0003260254416025163,False,0.955586232252035,0.0023686838592369953,low
FAC0134,Diclofenac,Tiruvallur,Tamil Nadu,0.0,0.0,-0.0008220524210674936,False,0.9569365455342584,0.9989882095809417,critical
FAC0134,Oral rehydration salts,Tiruvallur,Tamil Nadu,0.0,0.0,-0.0013883356567744054,False,0.8912019011862209,0.9987546028197749,critical
FAC0134,Ringer lactate,Tiruvallur,Tamil Nadu,0.0,0.0,-0.0015773817307413048,False,0.8414060298946436,0.998727643384289,critical
FAC0134,Metformin,Tiruvallur,Tamil Nadu,61.822593154756525,1697.1125636826014,0.0016104515735602298,False,0.9736752802532447,0.0026394089446956535,low
FAC0134,Amlodipine,Tiruvallur,Tamil Nadu,0.0,0.0,0.00039538056234536296,False,0.9626256679633086,0.999003874847152,critical
FAC0134,Atenolol,Tiruvallur,Tamil Nadu,69.8092460450348,948.068913921169,-0.0004087284782959963,False,0.9575497885364251,0.0018187300286896786,low
FAC0134,Oxytocin,Tiruvallur,Tamil Nadu,72.23243487333981,969.0350052383665,-0.00103726634250563,False,0.9520827204653496,0.001917804180027648,low
FAC0134,Snake Venom Antiserum,Tiruvallur,Tamil Nadu,38.3297111189739,895.4270403495668,-0.0010843510915017076,False,0.8364915848973595,0.013713721183700883,low
FAC0134,Insulin (Soluble),Tiruvallur,Tamil Nadu,0.0,0.0,-0.0007853817296476634,False,0.9737363060020283,0.9990081731990669,critical
FAC0135,Isoniazid,Tiruvallur,Tamil Nadu,35.187516392862356,696.0140271671978,0.0016861842265821771,False,0.9461785348459442,0.0017356501338649714,low
FAC0135,Rifampicin,Tiruvallur,Tamil Nadu,0.0,0.0,-0.0002148966546048039,False,0.951782016272154,0.9989556149693484,critical
FAC0135,Ethambutol,Tiruvallur,Tamil Nadu,50.89469520157021,989.2465223637913,0.0007199273759342749,False,0.9536108862000883,0.004441695817928003,low
FAC0135,Pyrazinamide,Tiruvallur,Tamil Nadu,43.797656586415286,674.2095791632194,0.0014034558457176063,False,0.9346338529689954,0.0017296643226455356,low
FAC0135,Amoxicillin,Tiruvallur,Tamil Nadu,37.947458158085624,981.9923176586204,0.00031542873976472623,False,0.9511843447680761,0.001649234477620837,low
FAC0135,Ciprofloxacin,Tiruvallur,Tamil Nadu,63.18956891938957,888.7718486767202,-0.0008108572015104468,False,0.9502916018979991,0.001917804180027648,low
FAC0135,Metronidazole,Tiruvallur,Tamil Nadu,59.08514288042838,1192.1612355972793,0.0007527598881104374,False,0.9542666400317767,0.0025379242730322695,low
FAC0135,Azithromycin,Tiruvallur,Tamil Nadu,0.0,0.0,-0.00024677452163470093,False,0.959215610434496,0.9989732667328307,critical
FAC0135,Doxycycline,Tiruvallur,Tamil Nadu,0.0,0.0,0.00011805577774921644,False,0.9610235209929957,0.999003874847152,critical
FAC0135,Paracetamol,Tiruvallur,Tamil Nadu,30.556460528795924,790.3127181813821,-0.0005057710001627268,False,0.9548499189922093,0.998986748769554,critical
FAC0135,Ibuprofen,Tiruvallur,Tamil Nadu,0.0,0.0,-0.0009042970099631776,False,0.9338362389053576,0.9989856121038498,critical
FAC0135,Diclofenac,Tiruvallur,Tamil Nadu,0.0,0.0,-0.0007048206849644024,False,0.9620622432233572,0.9990400951522176,critical
FAC0135,Oral rehydration salts,Tiruvallur,Tamil Nadu,0.0,0.0,-7.799807693118361e-05,False,0.8555125429293422,0.9114207410337516,critical
FAC0135,Ringer lactate,Tiruvallur,Tamil Nadu,0.0,0.0,2.6812174498823858e-05,False,0.8803427156918462,0.9988846654888949,critical
FAC0135,Metformin,Tiruvallur,Tamil Nadu,0.0,0.0,-5.9235471089400316e-05,False,0.9515588350242223,0.9989838247992484,critical
FAC0135,Amlodipine,Tiruvallur,Tamil Nadu,17.84317639479714,426.2036003525586,-0.0009503956294254015,False,0.9344270937493326,0.0020658696056092734,low
FAC0135,Atenolol,Tiruvallur,Tamil Nadu,38.95750220466286,449.4913007056407,0.0008808956311555103,False,0.9420304850080831,0.019701438487341467,low
FAC0135,Oxytocin,Tiruvallur,Tamil Nadu,32.52588894294432,346.8943033732343,-0.00013938642133580085,False,0.955822313858121,0.0015616563216611747,low
FAC0135,Snake Venom Antiserum,Tiruvallur,Tamil Nadu,75.59164507415613,1339.2910455273,-0.0015789562706909838,False,0.7957728945439867,0.24849831373025777,low
FAC0135,Insulin (Soluble),Tiruvallur,Tamil Nadu,6.252687272362165,79.72791200245588,-0.0005901262895158381,False,0.948937343369523,0.002947185346579827,low
FAC0136,Isoniazid,Tiruvallur,Tamil Nadu,0.0,0.0,0.0008145959186408202,False,0.925584885451013,0.999009150133478,critical
FAC0136,Rifampicin,Tiruvallur,Tamil Nadu,0.0,0.0,0.00023684500296276386,False,0.9484308549558034,0.9989971300312774,critical
FAC0136,Ethambutol,Tiruvallur,Tamil Nadu,26.579838895148512,751.2784405831409,0.00031336145397485045,False,0.929730793692318,0.002771695193844123,low
FAC0136,Pyrazinamide,Tiruvallur,Tamil Nadu,32.252428585518324,374.75603053937454,0.0016265337856633984,False,0.9332602892940131,0.0017296643226455356,low
FAC0136,Amoxicillin,Tiruvallur,Tamil Nadu,53.656933299556606,815.4763086487433,-0.00037982722806848213,False,0.9558466067826856,0.006129540829464101,low
FAC0136,Ciprofloxacin,Tiruvallur,Tamil Nadu,35.59309084690399,915.6457377856805,-0.00035139639731441907,False,0.936535055972098,0.45144189017878333,medium
FAC0136,Metronidazole,Tiruvallur,Tamil Nadu,0.0,0.0,0.0008019002491725428,False,0.9418766330160537,0.998978703948104,critical
FAC0136,Azithromycin,Tiruvallur,Tamil Nadu,21.107118875296717,270.14468076439823,0.0009640094011459849,False,0.9637735130429006,0.0017173851221956348,low
FAC0136,Doxycycline,Tiruvallur,Tamil Nadu,31.620120152734803,719.9466330560311,-1.1286058403010303e-06,False,0.9660282749631052,0.0018136807318770939,low
FAC0136,Paracetamol,Tiruvallur,Tamil Nadu,7.8056218681824205,204.20167313986383,0.00016705267971573842,False,0.9585914938950504,0.0029203368187203176,low
FAC0136,Ibuprofen,Tiruvallur,Tamil Nadu,0.0,0.0,0.0004672601529313269,False,0.9458520775651297,0.08287225530501986,low
FAC0136,Diclofenac,Tiruvallur,Tamil Nadu,0.0,0.0,6.755418378532772e-05,False,0.9361614588723293,0.9989684061382977,critical
FAC0136,Oral rehydration salts,Tiruvallur,Tamil Nadu,39.90336788233363,625.3878303430197,7.964284529727285e-05,False,0.8512891654749724,0.9988637623005043,critical
FAC0136,Ringer lactate,Tiruvallur,Tamil Nadu,40.19260077594505,1218.8173847055884,-0.000539180826069423,False,0.8501550522614223,0.9989934097977805,critical
FAC0136,Metformin,Tiruvallur,Tamil Nadu,0.0,0.0,-0.00037302326414821507,False,0.9736863437311363,0.9989913495266076,critical
FAC0136,Amlodipine,Tiruvallur,Tamil Nadu,16.407786605181574,438.1405342022275,-0.00028799819607805893,False,0.9530948185699564,0.001920697221855157,low
FAC0136,Atenolol,Tiruvallur,Tamil Nadu,32.32001178280969,365.134378812203,-0.0003003818553806829,False,0.9560764902190014,0.9989556149693484,critical
FAC0136,Oxytocin,Tiruvallur,Tamil Nadu,28.839396411259106,406.3337182960941,0.0015012924273680628,False,0.9519993356091758,0.0015616563216611747,low
FAC0136,Snake Venom Antiserum,Tiruvallur,Tamil Nadu,75.7939325724436,869.7428063001478,-0.0014825298119492422,False,0.7974277713138908,0.03853363694391003,low
FAC0136,Insulin (Soluble),Tiruvallur,Tamil Nadu,40.863096938525565,1087.9840641978217,-0.0006716278313616638,False,0.9532902715101472,0.0062062129428946565,low
FAC0137,Isoniazid,Tiruvallur,Tamil Nadu,0.0,0.0,0.00012387436581928288,False,0.9553858638008983,0.9989556149693484,critical
FAC0137,Rifampicin,Tiruvallur,Tamil Nadu,8.876617506840873,202.8364033607096,-0.00040292850892714553,False,0.9470327725384962,0.003467889031640726,low
FAC0137,Ethambutol,Tiruvallur,Tamil Nadu,38.774455478738695,738.3925423705111,-0.00137439824420667,False,0.9405320414990762,0.0016777001439077285,low
FAC0137,Pyrazinamide,Tiruvallur,Tamil Nadu,0.0,0.0,0.0004036679151056784,False,0.93965291077923,0.9989499124544557,critical
FAC0137,Amoxicillin,Tiruvallur,Tamil Nadu,48.76360669778036,810.4366490472335,0.0001797140960713116,False,0.9681637146475213,0.0018136807318770939,low
FAC0137,Ciprofloxacin,Tiruvallur,Tamil Nadu,0.0,0.0,0.0011028444635808056,False,0.9534237480765069,0.9989556149693484,critical
FAC0137,Metronidazole,Tiruvallur,Tamil Nadu,27.39514193914058,480.19906472984906,0.0003199788721172863,False,0.9582137567627028,0.0017911765503069049,low
FAC0137,Azithromycin,Tiruvallur,Tamil Nadu,0.0,0.0,0.00010912419964565448,False,0.9731004967023218,0.999003874847152,critical
FAC0137,Doxycycline,Tiruvallur,Tamil Nadu,0.0,0.0,-0.0010135123574131087,False,0.962606290206725,0.9989776970258107,critical
FAC0137,Paracetamol,Tiruvallur,Tamil Nadu,0.0,0.0,-0.0007168392700651193,False,0.9391234642259961,0.9989499124544557,critical
FAC0137,Ibuprofen,Tiruvallur,Tamil Nadu,38.5512517381347,496.75122658820203,-0.0008750953770488693,False,0.9653449223056001,0.0018109485906974423,low
FAC0137,Diclofenac,Tiruvallur,Tamil Nadu,38.27180327358476,447.31860344319153,0.0009037416101355868,False,0.9623497007740773,0.0017911765503069049,low
FAC0137,Oral rehydration salts,Tiruvallur,Tamil Nadu,36.01303765135867,647.224249564962,-0.0003991094162605309,False,0.8918195822016342,0.5909307975096864,high
FAC0137,Ringer lactate,Tiruvallur,Tamil Nadu,23.087570959256173,473.2461606541885,-0.0005520125245853483,False,0.8805064062844875,0.014415146151830772,low
FAC0137,Metformin,Tiruvallur,Tamil Nadu,62.60813837786371,900.6117205190375,0.0004973304721159287,False,0.9700920475971315,0.002629967680940968,low
FAC0137,Amlodipine,Tiruvallur,Tamil Nadu,47.024313063766314,925.6662831663414,-0.000537025405828298,False,0.9551283619160424,0.001649234477620837,low
FAC0137,Atenolol,Tiruvallur,Tamil Nadu,40.702547257821514,1068.1710045320426,0.00044568895596254,False,0.9488801295248472,0.002948636520622963,low
FAC0137,Oxytocin,Tiruvallur,Tamil Nadu,28.654183070947944,648.5491917623083,-0.00046998059308390815,False,0.9415575031931177,0.0016822714461229363,low
FAC0137,Snake Venom Antiserum,Tiruvallur,Tamil Nadu,34.25072037695712,997.2070383758423,-0.0018447931757324622,False,0.8167147460472275,0.011987732784698606,low
FAC0137,Insulin (Soluble),Tiruvallur,Tamil Nadu,41.58343327245272,394.8432013051174,0.0005738462700667673,False,0.942196296833697,0.0016378221630543237,low
FAC0138,Isoniazid,Tiruvallur,Tamil Nadu,0.0,0.0,-0.0004143531611706123,False,0.9318184130276146,0.9989812160769865,critical
FAC0138,Rifampicin,Tiruvallur,Tamil Nadu,0.0,0.0,-2.552263745548153e-05,False,0.9417922093049866,0.9989812160769865,critical
FAC0138,Ethambutol,Tiruvallur,Tamil Nadu,5.119091035539475,131.96210311422982,0.0002065075869946741,False,0.9335573276308509,0.014276674703534654,low
FAC0138,Pyrazinamide,Tiruvallur,Tamil Nadu,63.63713519050936,1118.5227718269693,-0.00019056259911912868,False,0.9450030434137924,0.0031131399009445494,low
FAC0138,Amoxicillin,Tiruvallur,Tamil Nadu,0.0,0.0,0.001196977930260802,False,0.962391208870654,0.999003874847152,critical
FAC0138,Ciprofloxacin,Tiruvallur,Tamil Nadu,50.0587554948124,1309.4101528197752,0.0012227767195182883,False,0.9471313317853083,0.007014868886084457,low
FAC0138,Metronidazole,Tiruvallur,Tamil Nadu,0.0,0.0,-0.001062461737397619,False,0.9517821497803973,0.9989911209470986,critical
FAC0138,Azithromycin,Tiruvallur,Tamil Nadu,27.689727865489758,302.2540716266789,0.00023405613957883632,False,0.958007433805689,0.9989732667328307,critical
FAC0138,Doxycycline,Tiruvallur,Tamil Nadu,0.0,0.0,-0.000708940909109585,False,0.9660865585944265,0.9989732667328307,critical
FAC0138,Paracetamol,Tiruvallur,Tamil Nadu,0.0,0.0,-0.00037297303485504254,False,0.9659740113626836,0.9989732667328307,critical
FAC0138,Ibuprofen,Tiruvallur,Tamil Nadu,24.715378771048076,607.4351733742707,-0.00010446680243721769,False,0.9546518593593749,0.001649234477620837,low
FAC0138,Diclofenac,Tiruvallur,Tamil Nadu,0.0,0.0,0.00017140237019592074,False,0.947048270520976,0.9989971300312774,critical
FAC0138,Oral rehydration salts,Tiruvallur,Tamil Nadu,23.647131214974763,500.5445617247278,-0.0018866797197456663,False,0.8702342305425583,0.017898314211635322,low
FAC0138,Ringer lactate,Tiruvallur,Tamil Nadu,46.47892332779613,1105.51231559789,-0.001376465393614172,False,0.8771848876560648,0.004987720066184342,low
FAC0138,Metformin,Tiruvallur,Tamil Nadu,51.59432624511519,484.6713787724576,0.00033444323803008866,False,0.9644486418754916,0.002765447167500951,low
FAC0138,Amlodipine,Tiruvallur,Tamil Nadu,33.84967223921179,305.88253921547147,-0.0009111477093923976,False,0.9426086897418593,0.0016797369276809178,low
FAC0138,Atenolol,Tiruvallur,Tamil Nadu,0.0,0.0,-0.000907791492962035,False,0.9761265717111558,0.9989776970258107,critical
FAC0138,Oxytocin,Tiruvallur,Tamil Nadu,0.0,0.0,0.00012121108377670281,False,0.9628000048218257,0.9989732667328307,critical
FAC0138,Snake Venom Antiserum,Tiruvallur,Tamil Nadu,54.54220292983525,1582.7150200165133,-0.0014136710750594196,False,0.8311575327632925,0.9988407754523733,critical
FAC0138,Insulin (Soluble),Tiruvallur,Tamil Nadu,0.0,0.0,0.0005138998277385738,False,0.9604635168869451,0.9990400951522176,critical
FAC0139,Isoniazid,Tiruvallur,Tamil Nadu,32.59710545608003,372.56571039917594,0.0004627054037492958,False,0.9500533933046156,0.9305763626931617,critical
FAC0139,Rifampicin,Tiruvallur,Tamil Nadu,33.813377594325786,388.689667965196,0.0002316930124346375,False,0.9340611232588083,0.0016613950793456216,low
FAC0139,Ethambutol,Tiruvallur,Tamil Nadu,35.15088459711224,419.2702009005011,-4.185281191606241e-06,False,0.9493464506314202,0.001649234477620837,low
FAC0139,Pyrazinamide,Tiruvallur,Tamil Nadu,3.745043392568922,93.28728664428866,0.0008712671244795369,False,0.9659626821957197,0.018674059491735513,low
FAC0139,Amoxicillin,Tiruvallur,Tamil Nadu,29.25963451760775,266.63280568702464,5.646295855171413e-05,False,0.9613620195764732,0.9989732667328307,critical
FAC0139,Ciprofloxacin,Tiruvallur,Tamil Nadu,0.0,0.0,0.000284206917468263,False,0.9705075513182162,0.9989732667328307,critical
FAC0139,Metronidazole,Tiruvallur,Tamil Nadu,0.0,0.0,0.00035850483777697555,False,0.9665229843076433,0.9989732667328307,critical
FAC0139,Azithromycin,Tiruvallur,Tamil Nadu,0.0,0.0,6.170685225378036e-05,False,0.9405606660652104,0.9989812160769865,critical
FAC0139,Doxycycline,Tiruvallur,Tamil Nadu,31.906505688810118,800.5946925018819,-0.0006439698195030318,False,0.9565689973349918,0.001649234477620837,low
FAC0139,Paracetamol,Tiruvallur,Tamil Nadu,0.0,0.0,0.0004982710381655612,False,0.9547355710769967,0.032971407367185616,low
FAC0139,Ibuprofen,Tiruvallur,Tamil Nadu,0.0,0.0,-0.00016730840936662972,False,0.9621358620417741,0.9989732667328307,critical
FAC0139,Diclofenac,Tiruvallur,Tamil Nadu,55.59719864592224,1369.6758693235247,-0.00016961050168404925,False,0.9465462107048784,0.0031131399009445494,low
FAC0139,Oral rehydration salts,Tiruvallur,Tamil Nadu,58.68494211365837,1008.4275096257834,-0.00019243692976691565,False,0.8773390540854622,0.024717614273472088,low
FAC0139,Ringer lactate,Tiruvallur,Tamil Nadu,0.0,0.0,-0.0010240020929474243,False,0.8857650947105815,0.9988544835872064,critical
FAC0139,Metformin,Tiruvallur,Tamil Nadu,32.02675781976284,426.3345266528492,-0.00024597094639902987,False,0.9739887249045276,0.0017173851221956348,low
FAC0139,Amlodipine,Tiruvallur,Tamil Nadu,0.0,0.0,9.938210886745249e-05,False,0.9645439414883415,0.9990195808295564,critical
FAC0139,Atenolol,Tiruvallur,Tamil Nadu,0.0,0.0,-0.00040268623196545224,False,0.9552304147218296,0.998986748769554,critical
FAC0139,Oxytocin,Tiruvallur,Tamil Nadu,28.403331495517893,445.07788956591264,-0.0003936844717339327,False,0.9620209090268502,0.0017173851221956348,low
FAC0139,Snake Venom Antiserum,Tiruvallur,Tamil Nadu,19.13499902772328,225.3568007793689,-0.001308298819497093,False,0.834343639894277,0.04166396464875189,low
FAC0139,Insulin (Soluble),Tiruvallur,Tamil Nadu,49.596415724798995,1177.4540625167067,-0.0006242807015649033,False,0.9344821262929003,0.012013881917913508,low
FAC0140,Isoniazid,Tiruvallur,Tamil Nadu,0.0,0.0,0.0009705963792513175,False,0.9517949157616872,0.9990321096951978,critical
FAC0140,Rifampicin,Tiruvallur,Tamil Nadu,0.0,0.0,-0.0008894556749495384,False,0.9472318424748887,0.9989425597783654,critical
FAC0140,Ethambutol,Tiruvallur,Tamil Nadu,0.0,0.0,-4.06981667287487e-05,False,0.9280372409773043,0.9989211257757639,critical
FAC0140,Pyrazinamide,Tiruvallur,Tamil Nadu,16.96170605798415,432.1773115998379,-0.0006196921777341141,False,0.9515264428518481,0.002724729573401915,low
FAC0140,Amoxicillin,Tiruvallur,Tamil Nadu,54.68242451901432,818.0654555798507,-0.0017149343910456537,False,0.9466517587185829,0.00306621866414822,low
FAC0140,Ciprofloxacin,Tiruvallur,Tamil Nadu,2.2230415835125905,55.940751663006864,0.001058466864652246,False,0.961924040954404,0.0055312898990615145,low
FAC0140,Metronidazole,Tiruvallur,Tamil Nadu,58.37609728021797,1105.2941983754815,-0.0006120340568127156,False,0.9540474702954822,0.0028380058523052977,low
FAC0140,Azithromycin,Tiruvallur,Tamil Nadu,0.0,0.0,-0.0007640744250900564,False,0.9676301603961864,0.9989776970258107,critical
FAC0140,Doxycycline,Tiruvallur,Tamil Nadu,36.25367632732053,548.9810209251181,-0.00036137381717652427,False,0.9646594164019429,0.2202408543534917,low
FAC0140,Paracetamol,Tiruvallur,Tamil Nadu,11.080717223265408,212.15639767906032,-0.0009614353671940405,False,0.9596471547097252,0.002658974118090319,low
FAC0140,Ibuprofen,Tiruvallur,Tamil Nadu,22.42267699862505,465.7849871769064,0.0005738458347500048,False,0.9621713760143698,0.0018136807318770939,low
FAC0140,Diclofenac,Tiruvallur,Tamil Nadu,31.258789653993972,618.7279933433415,0.0005970562543490862,False,0.9709603093745172,0.0018136807318770939,low
FAC0140,Oral rehydration salts,Tiruvallur,Tamil Nadu,0.0,0.0,0.0010130982354392192,False,0.8998490490144415,0.9989585889899412,critical
FAC0140,Ringer lactate,Tiruvallur,Tamil Nadu,0.0,0.0,-0.0009975361060029467,False,0.8801368554607358,0.9988894776659737,critical
FAC0140,Metformin,Tiruvallur,Tamil Nadu,0.0,0.0,-9.22512995715008e-05,False,0.9583247057298894,0.9990010002486744,critical
FAC0140,Amlodipine,Tiruvallur,Tamil Nadu,43.00619731859657,837.9788508635678,0.00036215683840425355,False,0.9430125593344625,0.9989812160769865,critical
FAC0140,Atenolol,Tiruvallur,Tamil Nadu,0.0,0.0,-0.00010289147299256458,False,0.9569681673135868,0.9989556149693484,critical
FAC0140,Oxytocin,Tiruvallur,Tamil Nadu,19.811114107710882,360.97956502602347,-0.000419021257210264,False,0.9562929661025334,0.0018187300286896786,low
FAC0140,Snake Venom Antiserum,Tiruvallur,Tamil Nadu,0.0,0.0,-0.0018112983900820385,False,0.810484266433167,0.9988516796350203,critical
FAC0140,Insulin (Soluble),Tiruvallur,Tamil Nadu,61.061383132445904,1267.0849653577932,0.0004990009300406161,False,0.9590111349995136,0.0020691948469200167,low
FAC0141,Isoniazid,Tiruvallur,Tamil Nadu,0.0,0.0,0.0010873926205635272,False,0.9410315219110189,0.9989950237253306,critical
FAC0141,Rifampicin,Tiruvallur,Tamil Nadu,4.550736518464805,48.573870954440835,0.00023104297344556834,False,0.9545986046193023,0.006129540829464101,low
FAC0141,Ethambutol,Tiruvallur,Tamil Nadu,0.0,0.0,-0.00017636844146532135,False,0.9394837553499116,0.9989211257757639,critical
FAC0141,Pyrazinamide,Tiruvallur,Tamil Nadu,0.0,0.0,0.0003044825142297051,False,0.9354933456191767,0.9989666918288228,critical
FAC0141,Amoxicillin,Tiruvallur,Tamil Nadu,0.0,0.0,0.00021806751231868851,False,0.9472877026897755,0.9989971300312774,critical
FAC0141,Ciprofloxacin,Tiruvallur,Tamil Nadu,0.0,0.0,-0.00022273484407148576,False,0.9440766114542463,0.9989666918288228,critical
FAC0141,Metronidazole,Tiruvallur,Tamil Nadu,22.59453419323746,397.6042068197819,0.00010163803407256987,False,0.9526629413755205,0.001649234477620837,low
FAC0141,Azithromycin,Tiruvallur,Tamil Nadu,0.0,0.0,-0.00036777224030408266,False,0.9431163164544235,0.9989812160769865,critical
FAC0141,Doxycycline,Tiruvallur,Tamil Nadu,0.0,0.0,-0.00027077700030599556,False,0.9591691003302745,0.9989732667328307,critical
FAC0141,Paracetamol,Tiruvallur,Tamil Nadu,0.0,0.0,-5.266100343523293e-05,False,0.953097294348326,0.726801277334383,high
FAC0141,Ibuprofen,Tiruvallur,Tamil Nadu,0.0,0.0,-0.0004014736649436159,False,0.9438092006232698,0.18828273224258976,low
FAC0141,Diclofenac,Tiruvallur,Tamil Nadu,42.72648372560134,490.73213613191183,0.0004012548769091308,False,0.9701667523455326,0.9989732667328307,critical
FAC0141,Oral rehydration salts,Tiruvallur,Tamil Nadu,36.86208553830528,423.91430486786254,-0.001442850936288745,False,0.8854235040443202,0.9987593609884321,critical
FAC0141,Ringer lactate,Tiruvallur,Tamil Nadu,11.502834785586606,257.18684439055176,-0.0008550177422837823,False,0.876561516763807,0.052708485482398613,low
FAC0141,Metformin,Tiruvallur,Tamil Nadu,67.84454859699757,991.757800394851,0.00023478380190062047,False,0.9487128723883651,0.0023637909603993414,low
FAC0141,Amlodipine,Tiruvallur,Tamil Nadu,62.26560596961619,580.7130206558212,-0.0002294751431504926,False,0.9603779658959036,0.0025217077172003106,low
FAC0141,Atenolol,Tiruvallur,Tamil Nadu,0.0,0.0,0.0009435846334452571,False,0.9344844976203297,0.998978703948104,critical
FAC0141,Oxytocin,Tiruvallur,Tamil Nadu,0.0,0.0,-0.000750272039250138,False,0.957235592440622,0.998986748769554,critical
FAC0141,Snake Venom Antiserum,Tiruvallur,Tamil Nadu,67.11729602370251,1471.662073573923,-0.0012892110759175316,False,0.8084523382575594,0.24029584347397362,low
FAC0141,Insulin (Soluble),Tiruvallur,Tamil Nadu,0.0,0.0,-0.00015479283838441894,False,0.945418438879345,0.9989362898214014,critical
FAC0142,Isoniazid,Tiruvallur,Tamil Nadu,41.75441874958437,503.5997940781022,0.00043514479326111873,False,0.9347991948801846,0.9989812160769865,critical
FAC0142,Rifampicin,Tiruvallur,Tamil Nadu,0.0,0.0,0.00022313746272156973,False,0.9444817376093402,0.9989684061382977,critical
FAC0142,Ethambutol,Tiruvallur,Tamil Nadu,39.67307175509699,967.7778197246502,9.572643995085268e-05,False,0.9583285461887936,0.002730669604653979,low
FAC0142,Pyrazinamide,Tiruvallur,Tamil Nadu,50.22610060286662,687.1883326755668,5.947188059315538e-05,False,0.9431087306522629,0.007073543186581018,low
FAC0142,Amoxicillin,Tiruvallur,Tamil Nadu,21.89730326587017,525.5340545279827,-0.00012334468257536367,False,0.9557040291633329,0.001920697221855157,low
FAC0142,Ciprofloxacin,Tiruvallur,Tamil Nadu,35.15163712526791,918.0533403020384,-0.00021030311923938053,False,0.9541953875278399,0.001649234477620837,low
FAC0142,Metronidazole,Tiruvallur,Tamil Nadu,0.0,0.0,6.972537755478464e-05,False,0.964483162071033,0.9990010002486744,critical
FAC0142,Azithromycin,Tiruvallur,Tamil Nadu,43.21069019515439,1048.638389841636,0.00023450440714666896,False,0.9494207666051973,0.004441695817928003,low
FAC0142,Doxycycline,Tiruvallur,Tamil Nadu,39.88704935672773,1029.8428552289038,0.001294396198662981,False,0.954715926070389,0.998986748769554,critical
FAC0142,Paracetamol,Tiruvallur,Tamil Nadu,0.0,0.0,-0.0009260536055536717,False,0.9561889043120757,0.998960121349353,critical
FAC0142,Ibuprofen,Tiruvallur,Tamil Nadu,0.0,0.0,-0.0010888288552969483,False,0.9358721087921014,0.9989728573828895,critical
FAC0142,Diclofenac,Tiruvallur,Tamil Nadu,0.0,0.0,0.0004654139717783379,False,0.9640114190091819,0.999003874847152,critical
FAC0142,Oral rehydration salts,Tiruvallur,Tamil Nadu,46.36594098814967,741.963821731761,-0.0005476739869785341,False,0.88518719358356,0.3742481938940225,medium
FAC0142,Ringer lactate,Tiruvallur,Tamil Nadu,0.0,0.0,-0.0012303263403501213,False,0.8930017398404995,0.9988814440951179,critical
FAC0142,Metformin,Tiruvallur,Tamil Nadu,55.78449775994332,1287.559375567057,-0.0003798167992818588,False,0.964500689614998,0.0026629822448786073,low
FAC0142,Amlodipine,Tiruvallur,Tamil Nadu,0.0,0.0,9.492617044026002e-06,False,0.965041189344773,0.9989913495266076,critical
FAC0142,Atenolol,Tiruvallur,Tamil Nadu,0.0,0.0,0.00030178787924806897,False,0.9600532797038017,0.999003874847152,critical
FAC0142,Oxytocin,Tiruvallur,Tamil Nadu,33.92562901360007,665.7685061214487,-0.0002077593536350443,False,0.9236272521871798,0.0016822714461229363,low
FAC0142,Snake Venom Antiserum,Tiruvallur,Tamil Nadu,0.0,0.0,-0.0010909492575430794,False,0.8371739706619996,0.9988397381178061,critical
FAC0142,Insulin (Soluble),Tiruvallur,Tamil Nadu,0.0,0.0,-0.0002676130198683934,False,0.9523388643651743,0.998986748769554,critical
FAC0143,Isoniazid,Tiruvallur,Tamil Nadu,0.0,0.0,0.00041411161878755835,False,0.9380455044420608,0.9989666918288228,critical
FAC0143,Rifampicin,Tiruvallur,Tamil Nadu,0.0,0.0,6.133119901693916e-05,False,0.9521906092662015,0.5937850263555272,high
FAC0143,Ethambutol,Tiruvallur,Tamil Nadu,23.912128857286465,533.0294368821596,2.4390713081083942e-05,False,0.9319226788257029,0.0019591613790728084,low
FAC0143,Pyrazinamide,Tiruvallur,Tamil Nadu,0.0,0.0,-0.0003341870847119021,False,0.9408978686079165,0.9989812160769865,critical
FAC0143,Amoxicillin,Tiruvallur,Tamil Nadu,0.0,0.0,0.00023840598227565146,False,0.940878444614726,0.9989782761571487,critical
FAC0143,Ciprofloxacin,Tiruvallur,Tamil Nadu,0.0,0.0,0.0005852753015765748,False,0.9509414152539857,0.9989556149693484,critical
FAC0143,Metronidazole,Tiruvallur,Tamil Nadu,0.0,0.0,-0.000298009676469908,False,0.9474559054591003,0.9330767518729968,critical
FAC0143,Azithromycin,Tiruvallur,Tamil Nadu,64.12722604472452,975.9013093436008,0.0007850859048904998,False,0.9634012217854393,0.0022153874174068587,low
FAC0143,Doxycycline,Tiruvallur,Tamil Nadu,73.85971509203705,1989.8420099960267,0.0006348922695370399,False,0.9690641628370998,0.0017976120831995686,low
FAC0143,Paracetamol,Tiruvallur,Tamil Nadu,0.0,0.0,-0.00037918482989194625,False,0.9620052584410601,0.9989691683833717,critical
FAC0143,Ibuprofen,Tiruvallur,Tamil Nadu,38.5042455396477,614.2675411121062,-0.0007401487168866157,False,0.9494747678598638,0.021127974227279626,low
FAC0143,Diclofenac,Tiruvallur,Tamil Nadu,47.083075659801366,544.8933568438234,-0.0003016821540108994,False,0.9661058744586437,0.0017173851221956348,low
FAC0143,Oral rehydration salts,Tiruvallur,Tamil Nadu,0.0,0.0,-0.0011429258134990014,False,0.8506505260603111,0.998733827585012,critical
FAC0143,Ringer lactate,Tiruvallur,Tamil Nadu,0.0,0.0,-0.00173427546279354,False,0.877711419551144,0.9987361123607118,critical
FAC0143,Metformin,Tiruvallur,Tamil Nadu,35.950514751953534,905.3818856259674,-0.0006677502975282887,False,0.9415301972122085,0.0016613950793456216,low
FAC0143,Amlodipine,Tiruvallur,Tamil Nadu,63.62547349685377,826.836247560899,-0.0016423467000841313,False,0.973539172208155,0.001712718567906267,low
FAC0143,Atenolol,Tiruvallur,Tamil Nadu,26.74784826921308,346.7698384794866,0.0001865159527585962,False,0.9621387968395189,0.0017173851221956348,low
FAC0143,Oxytocin,Tiruvallur,Tamil Nadu,51.32130772068184,1340.3545684668354,0.0005142479950701244,False,0.946296323225757,0.003200713900722209,low
FAC0143,Snake Venom Antiserum,Tiruvallur,Tamil Nadu,0.0,0.0,-0.0010679186924705847,False,0.8240472506145515,0.9989359064526729,critical
FAC0143,Insulin (Soluble),Tiruvallur,Tamil Nadu,0.0,0.0,-0.0007564243623599912,False,0.9655731182885601,0.9989325881625212,critical
FAC0144,Isoniazid,Tiruvallur,Tamil Nadu,39.9080549082716,979.2685975222253,-0.00015336532819068901,False,0.9406221180314173,0.0020087622087283205,low
FAC0144,Rifampicin,Tiruvallur,Tamil Nadu,0.0,0.0,-1.8547948102808445e-05,False,0.9527548743080223,0.998986748769554,critical
FAC0144,Ethambutol,Tiruvallur,Tamil Nadu,39.46900395027362,896.7460490846078,-0.00013248273040384508,False,0.9450095901895308,0.45144189017878333,medium
FAC0144,Pyrazinamide,Tiruvallur,Tamil Nadu,30.673265000342838,824.967043992193,0.00010102161814988957,False,0.940029622371151,0.0018170716172051721,low
FAC0144,Amoxicillin,Tiruvallur,Tamil Nadu,43.085907521594685,598.9624513963597,0.000645149973295971,False,0.94209705831046,0.16223575184247388,low
FAC0144,Ciprofloxacin,Tiruvallur,Tamil Nadu,37.60516520269452,625.191482612618,0.0005608145745777126,False,0.9512899437987992,0.001628767418528461,low
FAC0144,Metronidazole,Tiruvallur,Tamil Nadu,44.417490995976685,777.2786211788674,0.00036842824685866607,False,0.9616504469374578,0.0028841409047521516,low
FAC0144,Azithromycin,Tiruvallur,Tamil Nadu,0.0,0.0,0.00019999796058811685,False,0.9607527033116303,0.9989732667328307,critical
FAC0144,Doxycycline,Tiruvallur,Tamil Nadu,21.040024497285124,331.768639717906,0.0007358366728053254,False,0.9369142036462561,0.0016378221630543237,low
FAC0144,Paracetamol,Tiruvallur,Tamil Nadu,0.0,0.0,0.00020676286542593993,False,0.9547072462996122,0.998986748769554,critical
FAC0144,Ibuprofen,Tiruvallur,Tamil Nadu,32.30324043600885,568.4663166307553,-0.001005351514011102,False,0.9587904661194588,0.9990442373604305,critical
FAC0144,Diclofenac,Tiruvallur,Tamil Nadu,0.0,0.0,0.000336403335626337,False,0.9564653163652737,0.998986748769554,critical
FAC0144,Oral rehydration salts,Tiruvallur,Tamil Nadu,0.0,0.0,-0.001006869450035276,False,0.8703559328639447,0.9987770979735331,critical
FAC0144,Ringer lactate,Tiruvallur,Tamil Nadu,21.950569671668244,453.7387695598931,-0.00018733273750053074,False,0.8582723700106063,0.017111993753404157,low
FAC0144,Metformin,Tiruvallur,Tamil Nadu,50.906837086479655,1125.9442787580576,0.0001476680516217825,False,0.9610091076307454,0.0018136807318770939,low
FAC0144,Amlodipine,Tiruvallur,Tamil Nadu,19.218627294831613,373.628095750983,0.0020756405192699444,False,0.9541664725924695,0.0022201251739872494,low
FAC0144,Atenolol,Tiruvallur,Tamil Nadu,60.315037699498276,1104.3537621966407,0.001032871582356059,False,0.9680904152886511,0.0023965999997160917,low
FAC0144,Oxytocin,Tiruvallur,Tamil Nadu,0.0,0.0,-0.0004857255028103487,False,0.9690774829430838,0.999003874847152,critical
FAC0144,Snake Venom Antiserum,Tiruvallur,Tamil Nadu,0.0,0.0,-0.0019434597546967498,False,0.8197062372469339,0.9986453961900467,critical
FAC0144,Insulin (Soluble),Tiruvallur,Tamil Nadu,44.275790987559446,586.5958126760121,-0.0002875683399639277,False,0.9708052395038778,0.001842710660040445,low
FAC0145,Isoniazid,Tiruvallur,Tamil Nadu,23.47113214583138,458.29602175648256,-0.0011043736311744426,False,0.9493405042693751,0.002025314700308853,low
FAC0145,Rifampicin,Tiruvallur,Tamil Nadu,20.1849746017552,209.49577387503427,-0.00047604472338936285,False,0.9363973297844778,0.002421658636454596,low
FAC0145,Ethambutol,Tiruvallur,Tamil Nadu,53.804179818486936,1414.8754901157458,6.437798741914921e-05,False,0.9382364913289748,0.003672375721164955,low
FAC0145,Pyrazinamide,Tiruvallur,Tamil Nadu,0.0,0.0,0.0007106790329602914,False,0.9408534525823466,0.999009150133478,critical
FAC0145,Amoxicillin,Tiruvallur,Tamil Nadu,44.80708871491887,1069.5757695397347,4.586546632650451e-05,False,0.9654139602028737,0.0026629822448786073,low
FAC0145,Ciprofloxacin,Tiruvallur,Tamil Nadu,0.0,0.0,0.001087318684043471,False,0.9453989027720711,0.9989746272797735,critical
FAC0145,Metronidazole,Tiruvallur,Tamil Nadu,8.705476133775027,189.0410345037814,-0.0014047802182755003,False,0.9301401349005163,0.0027764908831063176,low
FAC0145,Azithromycin,Tiruvallur,Tamil Nadu,28.33217702112914,331.8531243966998,0.00048580007700152255,False,0.9504745299906243,0.0015616563216611747,low
FAC0145,Doxycycline,Tiruvallur,Tamil Nadu,64.66877530591495,1739.6164180033907,-0.00048015811849666496,False,0.96808640388822,0.0022432093690816085,low
FAC0145,Paracetamol,Tiruvallur,Tamil Nadu,28.478137729012474,629.064743305035,0.0007012767712088467,False,0.9537369506925142,0.001649234477620837,low
FAC0145,Ibuprofen,Tiruvallur,Tamil Nadu,0.0,0.0,0.0013040390241978342,False,0.9296507770727784,0.998978703948104,critical
FAC0145,Diclofenac,Tiruvallur,Tamil Nadu,11.140595441673613,146.87366812406424,-5.0277124778744974e-05,False,0.9620946464585659,0.0025217077172003106,low
FAC0145,Oral rehydration salts,Tiruvallur,Tamil Nadu,0.0,0.0,0.00017340637002377033,False,0.8736163198198491,0.9988846654888949,critical
FAC0145,Ringer lactate,Tiruvallur,Tamil Nadu,0.0,0.0,-0.0009648553288271091,False,0.8906265845353668,0.9988852179711297,critical
FAC0145,Metformin,Tiruvallur,Tamil Nadu,22.35966525951076,421.42162939025775,-0.00022943832442853067,False,0.9525437518597133,0.001920697221855157,low
FAC0145,Amlodipine,Tiruvallur,Tamil Nadu,0.0,0.0,0.0006026984154373844,False,0.953437833733098,0.9989740083261341,critical
FAC0145,Atenolol,Tiruvallur,Tamil Nadu,31.52362681011519,820.6296551687382,5.397106731935738e-05,False,0.9558382697623617,0.0015177985129877767,low
FAC0145,Oxytocin,Tiruvallur,Tamil Nadu,32.54957345695638,532.6279336580907,0.00030035371865100617,False,0.9420454311476563,0.0016613950793456216,low
FAC0145,Snake Venom Antiserum,Tiruvallur,Tamil Nadu,70.12762689726088,1951.984342110803,-0.0005950698215890297,False,0.8292623369977544,0.09439613395296043,low
FAC0145,Insulin (Soluble),Tiruvallur,Tamil Nadu,44.222145714303835,877.2575907900489,-0.0001083573933179168,False,0.939028322660441,0.007073543186581018,low
FAC0146,Isoniazid,Tiruvallur,Tamil Nadu,12.459352469249174,242.96366468355114,-0.00047814233790848573,False,0.9334168890717484,0.0031131399009445494,low
FAC0146,Rifampicin,Tiruvallur,Tamil Nadu,21.24231374975222,200.91217286561832,-0.0006016282505417744,False,0.9493854112890732,0.002413510813172169,low
FAC0146,Ethambutol,Tiruvallur,Tamil Nadu,0.0,0.0,-0.0003730374644156112,False,0.9313226503065153,0.1842571670468567,low
FAC0146,Pyrazinamide,Tiruvallur,Tamil Nadu,62.522691541685035,884.0336315841314,-0.00019734881122629872,False,0.9505273504773921,0.002829854546384718,low
FAC0146,Amoxicillin,Tiruvallur,Tamil Nadu,42.129780437017864,1099.8915370440582,6.90463787027614e-05,False,0.9311568996919228,0.04062499727668132,low
FAC0146,Ciprofloxacin,Tiruvallur,Tamil Nadu,0.0,0.0,0.0002563281117970305,False,0.957158206445848,0.998986748769554,critical
FAC0146,Metronidazole,Tiruvallur,Tamil Nadu,61.88288124685496,971.6501265440611,0.0008433539593592137,False,0.9506558502613949,0.0023460509586739255,low
FAC0146,Azithromycin,Tiruvallur,Tamil Nadu,44.93984936015582,680.9815596192063,0.0002461719915739362,False,0.9525573592585468,0.002687471124465227,low
FAC0146,Doxycycline,Tiruvallur,Tamil Nadu,0.0,0.0,-0.0010199494904891567,False,0.9561532702418852,0.998960121349353,critical
FAC0146,Paracetamol,Tiruvallur,Tamil Nadu,23.302510048319444,451.79933943588094,0.00032674643909267215,False,0.9397724327224932,0.0016822714461229363,low
FAC0146,Ibuprofen,Tiruvallur,Tamil Nadu,18.750153778752676,475.5746169971298,-0.0015878614145435216,False,0.9202249370305997,0.0019538391455306415,low
FAC0146,Diclofenac,Tiruvallur,Tamil Nadu,27.10473889902259,532.6022397308145,8.454147674809137e-05,False,0.9675432783064584,0.0018136807318770939,low
FAC0146,Oral rehydration salts,Tiruvallur,Tamil Nadu,0.0,0.0,0.0003493884452928857,False,0.8826893189471537,0.9989934097977805,critical
FAC0146,Ringer lactate,Tiruvallur,Tamil Nadu,72.57566491418717,1571.8996110467879,-0.0006282711534675447,False,0.8739074719717277,0.040999294663877126,low
FAC0146,Metformin,Tiruvallur,Tamil Nadu,28.80349564400688,275.53290262152495,-0.0012179343674755933,False,0.9596802304364516,0.0021370442345549578,low
FAC0146,Amlodipine,Tiruvallur,Tamil Nadu,29.32895899067181,432.1841766957915,-0.00047075477339332436,False,0.9705955485511613,0.5540930692060525,high
FAC0146,Atenolol,Tiruvallur,Tamil Nadu,27.735387694121382,678.4892484823373,-0.0002712320932122606,False,0.9468425369648352,0.0016822714461229363,low
FAC0146,Oxytocin,Tiruvallur,Tamil Nadu,42.51660354980352,996.2115533264645,0.0010195565833693262,False,0.9563515907929199,0.001628767418528461,low
FAC0146,Snake Venom Antiserum,Tiruvallur,Tamil Nadu,62.27159367444264,1548.4250655534047,-0.001277683292340514,False,0.8095093126882718,0.17685820417394235,low
FAC0146,Insulin (Soluble),Tiruvallur,Tamil Nadu,43.83828487187273,597.1757298820783,0.00018849330981902932,False,0.9495068876734516,0.002687471124465227,low
FAC0147,Isoniazid,Tiruvallur,Tamil Nadu,40.78823104820919,1167.8316911711945,-0.0006651571330166245,False,0.937481221656905,0.0035590489578226528,low
FAC0147,Rifampicin,Tiruvallur,Tamil Nadu,0.0,0.0,0.00018913674997922435,False,0.9369557317407615,0.5523531190202262,high
FAC0147,Ethambutol,Tiruvallur,Tamil Nadu,0.0,0.0,-0.00014871699365177354,False,0.9514279755080992,0.5913114655969955,high
FAC0147,Pyrazinamide,Tiruvallur,Tamil Nadu,19.729861831380525,509.78101356845616,-0.00015164914519424992,False,0.9255390760364495,0.006626457875400356,low
FAC0147,Amoxicillin,Tiruvallur,Tamil Nadu,21.29351622998351,408.10065042526725,0.000600800248655873,False,0.9731121677794037,0.0018136807318770939,low
FAC0147,Ciprofloxacin,Tiruvallur,Tamil Nadu,59.15237132382337,1418.026894880378,-0.00018297037013091403,False,0.952685848232141,0.0025379242730322695,low
FAC0147,Metronidazole,Tiruvallur,Tamil Nadu,34.00537297898741,347.6729962483061,0.000160701093277509,False,0.9644850747862688,0.0017173851221956348,low
FAC0147,Azithromycin,Tiruvallur,Tamil Nadu,26.608035443978824,249.41519465757688,-0.000331581466292021,False,0.9780962493676104,0.0016919997111323893,low
FAC0147,Doxycycline,Tiruvallur,Tamil Nadu,0.0,0.0,-0.0003940110440769265,False,0.9479077371570703,0.9989663148822459,critical
FAC0147,Paracetamol,Tiruvallur,Tamil Nadu,61.33596376807565,747.729581015065,0.00047776552347873427,False,0.9447286742695411,0.0026363675324270965,low
FAC0147,Ibuprofen,Tiruvallur,Tamil Nadu,28.1169028045599,300.630233765758,0.00028076929785507155,False,0.9537862858238677,0.0015616563216611747,low
FAC0147,Diclofenac,Tiruvallur,Tamil Nadu,36.05620790969509,451.4365722410716,0.0007572408572303498,False,0.9558084885217881,0.0015616563216611747,low
FAC0147,Oral rehydration salts,Tiruvallur,Tamil Nadu,64.33062419072631,1825.3295210745166,0.00044435754109678553,False,0.8801044057943721,0.021228286827718844,low
FAC0147,Ringer lactate,Tiruvallur,Tamil Nadu,31.40976640741486,936.9357800673939,0.00011519912154210134,False,0.8633286810713897,0.010910236018738332,low
FAC0147,Metformin,Tiruvallur,Tamil Nadu,24.673402816087776,602.8004377409292,-0.0009277105883611255,False,0.934910589176878,0.0017739253142222495,low
FAC0147,Amlodipine,Tiruvallur,Tamil Nadu,42.55331578330925,519.257733092675,-0.001715733200526634,False,0.9512248845200296,0.0015574122603513052,low
FAC0147,Atenolol,Tiruvallur,Tamil Nadu,26.41690495797192,643.141569051674,-0.00037184801503833677,False,0.9688132546567103,0.0018136807318770939,low
FAC0147,Oxytocin,Tiruvallur,Tamil Nadu,59.561366777741235,1508.894818755898,0.0011050713997630879,False,0.9295078073000926,0.002679268055863499,low
FAC0147,Snake Venom Antiserum,Tiruvallur,Tamil Nadu,88.3541917872632,1918.6767479218336,-0.0022413370832912788,False,0.8226978538770835,0.027584371513233865,low
FAC0147,Insulin (Soluble),Tiruvallur,Tamil Nadu,0.0,0.0,-0.00040586251519994575,False,0.9723928398789945,0.6519666919446111,high
FAC0148,Isoniazid,Tiruvallur,Tamil Nadu,31.887344948047975,736.1195230205732,-0.0002971094378232969,False,0.957133452062026,0.001702299016914527,low
FAC0148,Rifampicin,Tiruvallur,Tamil Nadu,42.279610019563705,789.2364182414467,0.0008791090817312734,False,0.9311828053030178,0.424114669808128,medium
FAC0148,Ethambutol,Tiruvallur,Tamil Nadu,31.981974596802225,509.9782897893002,-0.0008221217881555704,False,0.917476105686301,0.5605801735461973,high
FAC0148,Pyrazinamide,Tiruvallur,Tamil Nadu,17.077548009451615,427.9276995460658,0.00038264198845882117,False,0.9426433186055876,0.0035704091548541374,low
FAC0148,Amoxicillin,Tiruvallur,Tamil Nadu,40.886214749278686,1071.513298977561,-0.0008400739109830186,False,0.9503524849993865,0.0032815268480028,low
FAC0148,Ciprofloxacin,Tiruvallur,Tamil Nadu,0.0,0.0,-0.00034703664991343806,False,0.9627837368116897,0.16399098933109882,low
FAC0148,Metronidazole,Tiruvallur,Tamil Nadu,0.0,0.0,-0.00015864144976660265,False,0.9325381466580862,0.9989499124544557,critical
FAC0148,Azithromycin,Tiruvallur,Tamil Nadu,43.158470429292436,889.0475129740998,-0.0004907874848081044,False,0.9647636869921415,0.0018084661515767406,low
FAC0148,Doxycycline,Tiruvallur,Tamil Nadu,45.31625726774259,726.8798665433848,-0.0014402336806134013,False,0.941445671219242,0.0016568804111508945,low
FAC0148,Paracetamol,Tiruvallur,Tamil Nadu,41.59177915589303,828.3153756493363,-0.0005365604719435625,False,0.9515106940829212,0.37783530943302224,medium
FAC0148,Ibuprofen,Tiruvallur,Tamil Nadu,0.0,0.0,0.0002934327365182784,False,0.9620986458588081,0.9989913495266076,critical
FAC0148,Diclofenac,Tiruvallur,Tamil Nadu,16.47929226533824,428.50761571911335,0.00024173822098000103,False,0.9654917083749686,0.0017787283939337552,low
FAC0148,Oral rehydration salts,Tiruvallur,Tamil Nadu,47.39011577905686,700.5594201288404,-0.0011031295199834246,False,0.8890705822132008,0.004770697060163394,low
FAC0148,Ringer lactate,Tiruvallur,Tamil Nadu,0.0,0.0,-0.0006463329926169111,False,0.8809244585454475,0.9988495199464918,critical
FAC0148,Metformin,Tiruvallur,Tamil Nadu,68.81512302603066,1169.444611511439,0.0006651647170585114,False,0.9601377696207803,0.0017911765503069049,low
FAC0148,Amlodipine,Tiruvallur,Tamil Nadu,36.667943386748,603.2368541205544,-0.0005352747400699413,False,0.9372695421969577,0.0015482066788042321,low
FAC0148,Atenolol,Tiruvallur,Tamil Nadu,0.0,0.0,0.0011310724460118662,False,0.9415638716763565,0.999009150133478,critical
FAC0148,Oxytocin,Tiruvallur,Tamil Nadu,0.0,0.0,0.0006045823761540057,False,0.9323926897879211,0.999009150133478,critical
FAC0148,Snake Venom Antiserum,Tiruvallur,Tamil Nadu,38.073095764094305,833.1528121542245,-0.0013562043449581013,False,0.7977697749496829,0.6988931729430136,high
FAC0148,Insulin (Soluble),Tiruvallur,Tamil Nadu,55.92805929091407,1389.631190768349,-0.0008267451869997377,False,0.9460095264725548,0.0029355523266146725,low
FAC0149,Isoniazid,Tiruvallur,Tamil Nadu,0.0,0.0,-0.0008893488733232602,False,0.9572057624652957,0.9990362863292375,critical
FAC0149,Rifampicin,Tiruvallur,Tamil Nadu,32.15391209962293,393.1590795923865,0.0011351996830400468,False,0.964450774879144,0.0017911765503069049,low
FAC0149,Ethambutol,Tiruvallur,Tamil Nadu,24.814497532813174,271.41528012526396,0.0004179991305997239,False,0.9344645973634464,0.0019905152393704943,low
FAC0149,Pyrazinamide,Tiruvallur,Tamil Nadu,0.0,0.0,-0.00015000587091801242,False,0.9270594003067363,0.9989499124544557,critical
FAC0149,Amoxicillin,Tiruvallur,Tamil Nadu,28.22630596501858,277.66483688490547,-0.0002742725263437914,False,0.9635868739138722,0.0017173851221956348,low
FAC0149,Ciprofloxacin,Tiruvallur,Tamil Nadu,0.0,0.0,0.0005373898911944035,False,0.9632240728560537,0.999003874847152,critical
FAC0149,Metronidazole,Tiruvallur,Tamil Nadu,0.0,0.0,-0.001034120029254788,False,0.9685162471178217,0.9989957018718503,critical
FAC0149,Azithromycin,Tiruvallur,Tamil Nadu,14.606240743342696,145.0749834165902,0.0006984148360161146,False,0.9485879497642584,0.0026805241700488995,low
FAC0149,Doxycycline,Tiruvallur,Tamil Nadu,33.582627706199744,473.972712640193,-0.0007218221162164422,False,0.9570042680565416,0.0015616563216611747,low
FAC0149,Paracetamol,Tiruvallur,Tamil Nadu,0.0,0.0,6.84740877674364e-05,False,0.9517861455669557,0.9989723033168344,critical
FAC0149,Ibuprofen,Tiruvallur,Tamil Nadu,0.0,0.0,0.0002484261015884541,False,0.941256158428943,0.9989812160769865,critical
FAC0149,Diclofenac,Tiruvallur,Tamil Nadu,59.77195147200243,596.4091979191963,6.473526553234813e-05,False,0.9596762885284151,0.0021241568855766934,low
FAC0149,Oral rehydration salts,Tiruvallur,Tamil Nadu,71.08479323841857,982.9486198536277,-0.0002946898227202853,False,0.8978751503464333,0.019999586519067858,low
FAC0149,Ringer lactate,Tiruvallur,Tamil Nadu,77.78173319836613,867.1669041145884,0.0003602513139550956,False,0.8714623181541341,0.02056396517959206,low
FAC0149,Metformin,Tiruvallur,Tamil Nadu,20.568275475461014,553.6286939304482,0.00034669298019323415,False,0.9643534031392147,0.0018136807318770939,low
FAC0149,Amlodipine,Tiruvallur,Tamil Nadu,0.0,0.0,-0.0004190512056865247,False,0.9586563993469744,0.9990010002486744,critical
FAC0149,Atenolol,Tiruvallur,Tamil Nadu,25.125155647179987,447.4533503728572,0.0005818107867251348,False,0.9587649512561983,0.0016691611122206737,low
FAC0149,Oxytocin,Tiruvallur,Tamil Nadu,35.86356496459133,829.7511964927094,-0.0010804325103671172,False,0.9526153396682251,0.0017390915541400371,low
FAC0149,Snake Venom Antiserum,Tiruvallur,Tamil Nadu,44.233120001844526,580.8126490942709,-0.0022278751062306513,False,0.83612253664108,0.015955326918602828,low
FAC0149,Insulin (Soluble),Tiruvallur,Tamil Nadu,0.0,0.0,0.0003579831701361599,False,0.9541507915573537,0.40510277775263465,medium
FAC0150,Isoniazid,Tiruvallur,Tamil Nadu,0.0,0.0,0.00020631685745856914,False,0.9179528174394855,0.9989684061382977,critical
FAC0150,Rifampicin,Tiruvallur,Tamil Nadu,23.308331750236306,364.09729358867577,-3.5348307839660204e-05,False,0.9565806393117526,0.998986748769554,critical
FAC0150,Ethambutol,Tiruvallur,Tamil Nadu,51.354473044216746,615.7975866667276,0.0003997538872904436,False,0.9733286134927015,0.0017173851221956348,low
FAC0150,Pyrazinamide,Tiruvallur,Tamil Nadu,39.68511521219863,902.2948083929003,0.00042399157753804996,False,0.9585863400184571,0.0018199567667571163,low
FAC0150,Amoxicillin,Tiruvallur,Tamil Nadu,0.0,0.0,-0.0005508836698531335,False,0.9543568516470444,0.6070396367275311,high
FAC0150,Ciprofloxacin,Tiruvallur,Tamil Nadu,0.0,0.0,-3.390785974186544e-05,False,0.9727855595487016,0.9989732667328307,critical
FAC0150,Metronidazole,Tiruvallur,Tamil Nadu,0.0,0.0,-0.000831615056012275,False,0.9701465932848099,0.9989957018718503,critical
FAC0150,Azithromycin,Tiruvallur,Tamil Nadu,25.26324421195906,606.8140776364137,0.00019805271025122976,False,0.9612018987625143,0.0018136807318770939,low
FAC0150,Doxycycline,Tiruvallur,Tamil Nadu,47.4766160121109,1081.2556896581827,-9.035332486844423e-05,False,0.9468089647139963,0.003413849469376124,low
FAC0150,Paracetamol,Tiruvallur,Tamil Nadu,45.69709391456049,719.2928668515301,-0.0002232942381766295,False,0.9524057265156562,0.001628767418528461,low
FAC0150,Ibuprofen,Tiruvallur,Tamil Nadu,0.0,0.0,0.00022391562835567203,False,0.9668815295131492,0.9989732667328307,critical
FAC0150,Diclofenac,Tiruvallur,Tamil Nadu,8.411631074659622,221.89903629393933,0.00011674743649668263,False,0.957827033345692,0.0030887520613601675,low
FAC0150,Oral rehydration salts,Tiruvallur,Tamil Nadu,0.0,0.0,-0.00026980156288135726,False,0.8897802888574561,0.9988803873563936,critical
FAC0150,Ringer lactate,Tiruvallur,Tamil Nadu,0.0,0.0,-0.0008191404948969727,False,0.8782537411708807,0.9988894776659737,critical
FAC0150,Metformin,Tiruvallur,Tamil Nadu,67.37484006323757,967.5633274294177,0.0003187324107720091,False,0.9561327551994505,0.0022494517811022675,low
FAC0150,Amlodipine,Tiruvallur,Tamil Nadu,0.0,0.0,0.00017018832972063344,False,0.9631527117072411,0.999003874847152,critical
FAC0150,Atenolol,Tiruvallur,Tamil Nadu,27.692406892947105,715.6752867128147,-9.766200928181359e-05,False,0.9579091416054845,0.002090566417134799,low
FAC0150,Oxytocin,Tiruvallur,Tamil Nadu,0.0,0.0,-0.0002844390409808073,False,0.9490360410716148,0.998986748769554,critical
FAC0150,Snake Venom Antiserum,Tiruvallur,Tamil Nadu,48.27820338591851,867.578192795909,-0.0017888712637454851,False,0.7886158876959259,0.011263586331969968,low
FAC0150,Insulin (Soluble),Tiruvallur,Tamil Nadu,0.0,0.0,0.0001908133790281309,False,0.9639167927755333,0.9989913495266076,critical
FAC0151,Isoniazid,Pilibhit,Uttar Pradesh,22.514699773104425,256.42549529335497,0.00046687098665865016,False,0.9635971663553842,0.0017173851221956348,low
FAC0151,Rifampicin,Pilibhit,Uttar Pradesh,0.0,0.0,0.00011263633821397261,False,0.9750985854473233,0.9989732667328307,critical
FAC0151,Ethambutol,Pilibhit,Uttar Pradesh,0.0,0.0,0.00023841437908440801,False,0.9714318298893763,0.999003874847152,critical
FAC0151,Pyrazinamide,Pilibhit,Uttar Pradesh,25.775525781180534,274.3121838905455,0.001347132836894954,False,0.9502675069082855,0.0015616563216611747,low
FAC0151,Amoxicillin,Pilibhit,Uttar Pradesh,49.73315982201605,1179.3748937380287,-0.000419607803408112,False,0.9639024543825397,0.004168183924397347,low
FAC0151,Ciprofloxacin,Pilibhit,Uttar Pradesh,43.37123724756354,399.2750480502285,-6.157813467039795e-05,False,0.9609128828332605,0.0017173851221956348,low
FAC0151,Metronidazole,Pilibhit,Uttar Pradesh,0.0,0.0,-0.00018224966455242583,False,0.9730688924458869,0.9989732667328307,critical
FAC0151,Azithromycin,Pilibhit,Uttar Pradesh,49.11050507522453,1242.1332623171654,0.0010530339514190589,False,0.9662717356675473,0.0018136807318770939,low
FAC0151,Doxycycline,Pilibhit,Uttar Pradesh,16.626835112075568,415.7220613641298,0.0017968670745869852,False,0.9392453357757384,0.0025025409551557767,low
FAC0151,Paracetamol,Pilibhit,Uttar Pradesh,47.038118493587,631.3616341753531,0.00032533895687559877,False,0.9660315565823476,0.0017173851221956348,low
FAC0151,Ibuprofen,Pilibhit,Uttar Pradesh,16.166628948469437,337.1397552258038,0.0001393152166528845,False,0.971329747956305,0.0022432093690816085,low
FAC0151,Diclofenac,Pilibhit,Uttar Pradesh,0.0,0.0,0.00021050615361588098,False,0.9597259937986029,0.999003874847152,critical
FAC0151,Oral rehydration salts,Pilibhit,Uttar Pradesh,12.354765740780936,244.87732931220373,0.00020822581757603674,False,0.949490193676175,0.002802827515331533,low
FAC0151,Ringer lactate,Pilibhit,Uttar Pradesh,51.262756227689245,950.3754231501248,0.0008078547967333753,False,0.9511626242914364,0.0062062129428946565,low
FAC0151,Metformin,Pilibhit,Uttar Pradesh,0.0,0.0,0.0004496985330229622,False,0.9306651174226421,0.5749525849374875,high
FAC0151,Amlodipine,Pilibhit,Uttar Pradesh,41.7565397391344,435.9186490611838,0.00040086192366381,False,0.9752054361951026,0.002765447167500951,low
FAC0151,Atenolol,Pilibhit,Uttar Pradesh,30.03914009926172,800.7699497905837,0.00017956854249190541,False,0.9467681673267307,0.0016822714461229363,low
FAC0151,Oxytocin,Pilibhit,Uttar Pradesh,0.0,0.0,0.00044176892702734973,False,0.9450742313580152,0.9989812160769865,critical
FAC0151,Snake Venom Antiserum,Pilibhit,Uttar Pradesh,48.26690860957068,1245.6037438435267,-0.0006186867743407922,False,0.9333101092105838,0.0016822714461229363,low
FAC0151,Insulin (Soluble),Pilibhit,Uttar Pradesh,0.0,0.0,0.00010416292088225619,False,0.939310570414809,0.9989499124544557,critical
FAC0152,Isoniazid,Pilibhit,Uttar Pradesh,21.61094206175091,586.170464794585,0.0006154099071428712,False,0.9528860825581713,0.0016346203858688885,low
FAC0152,Rifampicin,Pilibhit,Uttar Pradesh,26.572376061567354,586.9254274503684,0.00010871385238040507,False,0.9690071297324644,0.0018136807318770939,low
FAC0152,Ethambutol,Pilibhit,Uttar Pradesh,0.0,0.0,0.0003382435773069381,False,0.9537863230009869,0.0343419030958211,low
FAC0152,Pyrazinamide,Pilibhit,Uttar Pradesh,28.024165456457894,494.6916994786623,-0.0007666621191133342,False,0.9363027207547387,0.9989856121038498,critical
FAC0152,Amoxicillin,Pilibhit,Uttar Pradesh,0.0,0.0,0.0008708013610188298,False,0.9624799651676665,0.9989913495266076,critical
FAC0152,Ciprofloxacin,Pilibhit,Uttar Pradesh,0.0,0.0,3.820615623744234e-06,False,0.9632009526167455,0.9989691683833717,critical
FAC0152,Metronidazole,Pilibhit,Uttar Pradesh,51.84371483007283,970.2126001441803,-0.00037466225992360895,False,0.9672030677531246,0.0018136807318770939,low
FAC0152,Azithromycin,Pilibhit,Uttar Pradesh,55.61767729920366,836.6605996523995,0.001144694954937827,False,0.9600546634208109,0.0017911765503069049,low
FAC0152,Doxycycline,Pilibhit,Uttar Pradesh,46.780012335821255,656.3992324126659,2.868514971994267e-05,False,0.9449601332063216,0.002948054540187332,low
FAC0152,Paracetamol,Pilibhit,Uttar Pradesh,0.0,0.0,0.0004929060827623124,False,0.9579490394141066,0.7798229684834808,critical
FAC0152,Ibuprofen,Pilibhit,Uttar Pradesh,0.36150914731974154,9.313747000750823,-0.0015258964603543541,False,0.961656671593436,0.005808918730539019,low
FAC0152,Diclofenac,Pilibhit,Uttar Pradesh,25.23136051606363,363.02274624735605,0.0005742216426961619,False,0.9554810854404595,0.0016756366835673257,low
FAC0152,Oral rehydration salts,Pilibhit,Uttar Pradesh,34.49985770898948,587.2300721526946,0.0002626414355443559,False,0.9275392645900863,0.04062499727668132,low
FAC0152,Ringer lactate,Pilibhit,Uttar Pradesh,0.0,0.0,0.0002895657193010065,False,0.9511052443990331,0.998986748769554,critical
FAC0152,Metformin,Pilibhit,Uttar Pradesh,5.262608208473485,67.63552362110596,-4.0044559305127486e-05,False,0.9640500758231292,0.002765447167500951,low
FAC0152,Amlodipine,Pilibhit,Uttar Pradesh,0.0,0.0,-0.00017089002931003244,False,0.9755308606411565,0.9990010002486744,critical
FAC0152,Atenolol,Pilibhit,Uttar Pradesh,38.85920474055105,790.8912846791352,0.0003119470772377053,False,0.9245137920086512,0.0015632154103178096,low
FAC0152,Oxytocin,Pilibhit,Uttar Pradesh,22.15136989539117,249.75287196024158,0.000990785985063311,False,0.9717171659603937,0.0017173851221956348,low
FAC0152,Snake Venom Antiserum,Pilibhit,Uttar Pradesh,49.59764950075709,1252.2208577684235,-0.0002006783662705424,False,0.9667497351831285,0.0058246808671276575,low
FAC0152,Insulin (Soluble),Pilibhit,Uttar Pradesh,53.858453723418236,679.8120168644027,-0.0003363143342986548,False,0.9623669108508193,0.0017173851221956348,low
FAC0153,Isoniazid,Pilibhit,Uttar Pradesh,17.773123562914698,237.50251382729783,9.251594772251476e-05,False,0.9731774239443609,0.0017173851221956348,low
FAC0153,Rifampicin,Pilibhit,Uttar Pradesh,26.14294863026956,301.64891929564146,0.0006720901459869308,False,0.949248359783113,0.001628767418528461,low
FAC0153,Ethambutol,Pilibhit,Uttar Pradesh,50.12998527754812,1401.145792222454,0.0006781949602028761,False,0.9565989572258149,0.004308966634378851,low
FAC0153,Pyrazinamide,Pilibhit,Uttar Pradesh,19.184514851586535,349.71479410405567,-0.00034238332382851216,False,0.9582799435955218,0.0017173851221956348,low
FAC0153,Amoxicillin,Pilibhit,Uttar Pradesh,0.0,0.0,0.0003079109928925365,False,0.9646803383791294,0.9990010002486744,critical
FAC0153,Ciprofloxacin,Pilibhit,Uttar Pradesh,17.708698537684768,456.9298769337255,-0.0010513392536790312,False,0.9514605675675691,0.002025314700308853,low
FAC0153,Metronidazole,Pilibhit,Uttar Pradesh,28.67560687861501,461.9047411883762,-7.321103439205008e-05,False,0.953508125868195,0.001628767418528461,low
FAC0153,Azithromycin,Pilibhit,Uttar Pradesh,45.571229860873,650.9637151011622,-0.00012349173866194703,False,0.9574164866807049,0.0015616563216611747,low
FAC0153,Doxycycline,Pilibhit,Uttar Pradesh,63.971455559459805,936.1895159619902,-0.0009300186709720607,False,0.9712356755739845,0.0018109485906974423,low
FAC0153,Paracetamol,Pilibhit,Uttar Pradesh,0.0,0.0,-0.0005742891045956742,False,0.9607585748431466,0.9989913495266076,critical
FAC0153,Ibuprofen,Pilibhit,Uttar Pradesh,49.976308883713074,729.6394196562411,4.437935960436478e-05,False,0.9540871908529402,0.0015616563216611747,low
FAC0153,Diclofenac,Pilibhit,Uttar Pradesh,36.18684025188905,676.5400347997927,0.00033235785598152137,False,0.97503011599139,0.0016691611122206737,low
FAC0153,Oral rehydration salts,Pilibhit,Uttar Pradesh,55.659616603890555,1025.0241415342732,5.04963254059499e-06,False,0.9639270797823125,0.002629967680940968,low
FAC0153,Ringer lactate,Pilibhit,Uttar Pradesh,46.2434677310251,852.1794996525509,0.0008063320846492304,False,0.9581031120595993,0.0029203368187203176,low
FAC0153,Metformin,Pilibhit,Uttar Pradesh,0.0,0.0,0.000706690122031365,False,0.9464173953023489,0.998978703948104,critical
FAC0153,Amlodipine,Pilibhit,Uttar Pradesh,34.48005176955234,341.28991680930716,0.00039808450686588015,False,0.9743907288662998,0.0017173851221956348,low
FAC0153,Atenolol,Pilibhit,Uttar Pradesh,23.576374052592026,554.7315035177689,-8.489946279931729e-05,False,0.9139089118816838,0.0017363971094989004,low
FAC0153,Oxytocin,Pilibhit,Uttar Pradesh,0.0,0.0,-0.001479179900940306,False,0.9541549079784739,0.9989500478397608,critical
FAC0153,Snake Venom Antiserum,Pilibhit,Uttar Pradesh,27.750135494903247,420.4309609555595,0.0005594192394405048,False,0.9600852222729399,0.9990195808295564,critical
FAC0153,Insulin (Soluble),Pilibhit,Uttar Pradesh,16.109358800393522,256.54893497652233,-0.000889134578430819,False,0.9548194253718163,0.001917804180027648,low
FAC0154,Isoniazid,Pilibhit,Uttar Pradesh,25.6594219174973,559.0587439782446,-0.0003487245327769682,False,0.9495011116538016,0.001649234477620837,low
FAC0154,Rifampicin,Pilibhit,Uttar Pradesh,36.08561574087085,792.3136057657164,0.00041549229077708573,False,0.9613037150788959,0.9990010002486744,critical
FAC0154,Ethambutol,Pilibhit,Uttar Pradesh,0.0,0.0,5.058182661585349e-05,False,0.9627951394808396,0.999003874847152,critical
FAC0154,Pyrazinamide,Pilibhit,Uttar Pradesh,33.1416455050923,842.5186356188129,0.0005594456875188321,False,0.9617475071717652,0.001058688008577345,low
FAC0154,Amoxicillin,Pilibhit,Uttar Pradesh,42.54180022442705,662.8793721476068,-0.0002203932305414539,False,0.9381826612794473,0.012775496035723397,low
FAC0154,Ciprofloxacin,Pilibhit,Uttar Pradesh,71.7836280636068,1313.7897038408978,0.00014010741903869455,False,0.9640505776277524,0.0017911765503069049,low
FAC0154,Metronidazole,Pilibhit,Uttar Pradesh,19.557208352215827,231.82195892109814,0.00018213705212043543,False,0.9557230702181267,0.0018187300286896786,low
FAC0154,Azithromycin,Pilibhit,Uttar Pradesh,35.51536157058791,460.49112758340124,0.00024629985019732347,False,0.9521147765909781,0.005878073478005267,low
FAC0154,Doxycycline,Pilibhit,Uttar Pradesh,0.0,0.0,-0.000522179052013498,False,0.9430837359212717,0.9989812160769865,critical
FAC0154,Paracetamol,Pilibhit,Uttar Pradesh,0.0,0.0,0.0012782343788326545,False,0.9547586820625933,0.9989556149693484,critical
FAC0154,Ibuprofen,Pilibhit,Uttar Pradesh,27.10074761643007,402.6605054385263,-0.0007389689883435216,False,0.9713296334265642,0.0017173851221956348,low
FAC0154,Diclofenac,Pilibhit,Uttar Pradesh,0.0,0.0,-2.8460620253706596e-05,False,0.9722069603708059,0.9990400951522176,critical
FAC0154,Oral rehydration salts,Pilibhit,Uttar Pradesh,57.3020157781483,1166.143252354389,-0.0005716592900825979,False,0.9545092681475553,0.0028380058523052977,low
FAC0154,Ringer lactate,Pilibhit,Uttar Pradesh,48.98285614726183,1046.1767989436469,-0.0003259357559411418,False,0.955647898081011,0.001649234477620837,low
FAC0154,Metformin,Pilibhit,Uttar Pradesh,39.55343206056878,985.0351399190515,-0.0002096905307889951,False,0.9626524429788035,0.0029203368187203176,low
FAC0154,Amlodipine,Pilibhit,Uttar Pradesh,37.59374094660686,738.293282705084,5.9803842960093014e-05,False,0.9458092433771053,0.0016822714461229363,low
FAC0154,Atenolol,Pilibhit,Uttar Pradesh,25.787384177073378,455.33818164257065,-0.0003465339558224554,False,0.9551516729935261,0.001628767418528461,low
FAC0154,Oxytocin,Pilibhit,Uttar Pradesh,0.0,0.0,0.00028490054587812546,False,0.9618261130999823,0.999003874847152,critical
FAC0154,Snake Venom Antiserum,Pilibhit,Uttar Pradesh,0.0,0.0,0.0005927298127841265,False,0.9365308327442681,0.999009150133478,critical
FAC0154,Insulin (Soluble),Pilibhit,Uttar Pradesh,31.7972102561158,528.2353396764421,0.00044442950049267994,False,0.9085413854692332,0.0021493766820548715,low
FAC0155,Isoniazid,Pilibhit,Uttar Pradesh,40.92416309205801,777.9765689668703,-0.00130631638384363,False,0.9641172513624287,0.9989380726611945,critical
FAC0155,Rifampicin,Pilibhit,Uttar Pradesh,51.547364008799896,1025.6543009836473,6.67086028314636e-05,False,0.963838021288549,0.0058246808671276575,low
FAC0155,Ethambutol,Pilibhit,Uttar Pradesh,22.260310464946794,520.4345634299347,-0.00012812804974861398,False,0.9538983008889208,0.0016756366835673257,low
FAC0155,Pyrazinamide,Pilibhit,Uttar Pradesh,32.7168931533698,368.2181965705086,-0.0008311296552934571,False,0.9539774783164126,0.998960121349353,critical
FAC0155,Amoxicillin,Pilibhit,Uttar Pradesh,0.0,0.0,-0.00012680041317574982,False,0.9537431277205848,0.9989556149693484,critical
FAC0155,Ciprofloxacin,Pilibhit,Uttar Pradesh,42.49720166915923,965.5501794318848,-0.0011655526974557473,False,0.9661993853527877,0.0018087529930174407,low
FAC0155,Metronidazole,Pilibhit,Uttar Pradesh,0.0,0.0,-0.00033645032607007157,False,0.9432439377595302,0.22857395379344014,low
FAC0155,Azithromycin,Pilibhit,Uttar Pradesh,35.90672275441183,320.5774047649626,-0.001288633361443091,False,0.9736950753948572,0.0022750878510886825,low
FAC0155,Doxycycline,Pilibhit,Uttar Pradesh,24.628056485820945,469.4275314589452,0.0003187444168508151,False,0.9628336116277949,0.0018136807318770939,low
FAC0155,Paracetamol,Pilibhit,Uttar Pradesh,0.0,0.0,-0.00022908364802606238,False,0.9752981310059751,0.9989913495266076,critical
FAC0155,Ibuprofen,Pilibhit,Uttar Pradesh,41.39850086707422,423.8187498816958,-2.603984510098355e-05,False,0.9503595170230966,0.002947185346579827,low
FAC0155,Diclofenac,Pilibhit,Uttar Pradesh,16.292781611407484,177.8919941614061,0.0008611979251794556,False,0.94321811967294,0.0025371317435016467,low
FAC0155,Oral rehydration salts,Pilibhit,Uttar Pradesh,0.0,0.0,-0.00011345248817107511,False,0.9520889721181844,0.1650161199097195,low
FAC0155,Ringer lactate,Pilibhit,Uttar Pradesh,26.874449260563573,307.18179151681204,0.0008835780607457505,False,0.9745242240979296,0.0017173851221956348,low
FAC0155,Metformin,Pilibhit,Uttar Pradesh,0.0,0.0,-0.0010829868523684648,False,0.9712934209878787,0.9990081731990669,critical
FAC0155,Amlodipine,Pilibhit,Uttar Pradesh,39.10081144133801,1054.6736174159255,0.0006157881347472167,False,0.9449612889318363,0.9989654544360933,critical
FAC0155,Atenolol,Pilibhit,Uttar Pradesh,26.44517750366363,608.2832980775534,0.00020888204550038894,False,0.9666470765470028,0.0017911765503069049,low
FAC0155,Oxytocin,Pilibhit,Uttar Pradesh,58.24793704310411,1590.6361558118656,-0.0005068144610687105,False,0.9614477797757497,0.0022432093690816085,low
FAC0155,Snake Venom Antiserum,Pilibhit,Uttar Pradesh,0.0,0.0,0.0003692633260399512,False,0.9598395197050197,0.9989913495266076,critical
FAC0155,Insulin (Soluble),Pilibhit,Uttar Pradesh,0.0,0.0,0.0009289297600149782,False,0.9563211173255888,0.9989556149693484,critical
FAC0156,Isoniazid,Pilibhit,Uttar Pradesh,0.0,0.0,0.000607787004585782,False,0.9280206456854964,0.998978703948104,critical
FAC0156,Rifampicin,Pilibhit,Uttar Pradesh,61.24553051471165,1544.5731236706936,0.0002278074955798776,False,0.947811543877119,0.003467889031640726,low
FAC0156,Ethambutol,Pilibhit,Uttar Pradesh,51.73247826455424,927.5042668954443,-0.0004046103582523492,False,0.9296715825346259,0.004661407109372229,low
FAC0156,Pyrazinamide,Pilibhit,Uttar Pradesh,33.85367366063477,379.4583402550077,-0.0017099946134276384,False,0.96478667712945,0.001712718567906267,low
FAC0156,Amoxicillin,Pilibhit,Uttar Pradesh,0.0,0.0,4.54455113176791e-05,False,0.9463565213614603,0.9989812160769865,critical
FAC0156,Ciprofloxacin,Pilibhit,Uttar Pradesh,38.49495260057298,734.171136930113,-0.0003589557288211348,False,0.9231859230994242,0.0016822714461229363,low
FAC0156,Metronidazole,Pilibhit,Uttar Pradesh,60.72977311218706,1290.1568119288443,0.00022742262766987605,False,0.9659359311968154,0.0026629822448786073,low
FAC0156,Azithromycin,Pilibhit,Uttar Pradesh,33.64043825311402,814.264688989167,-0.0004955147185890806,False,0.9552504473026147,0.2679642260517136,medium
FAC0156,Doxycycline,Pilibhit,Uttar Pradesh,0.0,0.0,0.0001549350279335527,False,0.9676454327320695,0.9989913495266076,critical
FAC0156,Paracetamol,Pilibhit,Uttar Pradesh,0.0,0.0,0.0003789574103702611,False,0.9620223255129151,0.9989732667328307,critical
FAC0156,Ibuprofen,Pilibhit,Uttar Pradesh,0.0,0.0,0.0002432235268807189,False,0.9708896977500889,0.999003874847152,critical
FAC0156,Diclofenac,Pilibhit,Uttar Pradesh,0.0,0.0,-0.0006105533823849381,False,0.9333274521020811,0.9989812160769865,critical
FAC0156,Oral rehydration salts,Pilibhit,Uttar Pradesh,0.0,0.0,0.000890835810520581,False,0.9550718437752286,0.9989556149693484,critical
FAC0156,Ringer lactate,Pilibhit,Uttar Pradesh,0.0,0.0,-0.0007118761804372601,False,0.9777805097818094,0.9989183537913765,critical
FAC0156,Metformin,Pilibhit,Uttar Pradesh,0.0,0.0,-0.000986706429480036,False,0.9460973106678696,0.9989856121038498,critical
FAC0156,Amlodipine,Pilibhit,Uttar Pradesh,19.891604551306315,362.21405597303965,0.00045374621759063495,False,0.957458039771256,0.001628767418528461,low
FAC0156,Atenolol,Pilibhit,Uttar Pradesh,28.46683626581372,340.3636328016718,-0.00036506987676888794,False,0.9395285093849284,0.9989499124544557,critical
FAC0156,Oxytocin,Pilibhit,Uttar Pradesh,34.477870238520346,881.0277082861734,0.0008407047690810762,False,0.9494715263051223,0.0016549424084851161,low
FAC0156,Snake Venom Antiserum,Pilibhit,Uttar Pradesh,0.0,0.0,0.0004956148242036013,False,0.9311006825562076,0.9989499124544557,critical
FAC0156,Insulin (Soluble),Pilibhit,Uttar Pradesh,0.0,0.0,-2.4960987317884633e-05,False,0.9535287908117864,0.9989556149693484,critical
FAC0157,Isoniazid,Pilibhit,Uttar Pradesh,0.0,0.0,0.00016934294053056636,False,0.9686170414877059,0.999003874847152,critical
FAC0157,Rifampicin,Pilibhit,Uttar Pradesh,59.50359976601209,598.4002821769785,-0.00013511658312275382,False,0.958459812276998,0.0021241568855766934,low
FAC0157,Ethambutol,Pilibhit,Uttar Pradesh,0.0,0.0,-0.0001232638947744884,False,0.9532129587497703,0.9989740083261341,critical
FAC0157,Pyrazinamide,Pilibhit,Uttar Pradesh,19.31247142173041,334.19801529376565,0.00027932022716243974,False,0.963546346802411,0.001958100324347705,low
FAC0157,Amoxicillin,Pilibhit,Uttar Pradesh,35.275224455736705,337.46755374915995,0.0008604191875583161,False,0.9633766035291256,0.9989732667328307,critical
FAC0157,Ciprofloxacin,Pilibhit,Uttar Pradesh,0.0,0.0,-0.00030291387071887345,False,0.9439634939569546,0.9989684061382977,critical
FAC0157,Metronidazole,Pilibhit,Uttar Pradesh,42.10515493892923,873.9009995542161,0.0001498040895083713,False,0.965340795032993,0.0016691611122206737,low
FAC0157,Azithromycin,Pilibhit,Uttar Pradesh,23.352786989313817,404.01368273397645,0.0007125479854248439,False,0.9729477641008145,0.9989732667328307,critical
FAC0157,Doxycycline,Pilibhit,Uttar Pradesh,40.74931222775736,782.717415325619,0.0005336371343353536,False,0.9385656295501619,0.0017296643226455356,low
FAC0157,Paracetamol,Pilibhit,Uttar Pradesh,7.86726721060972,176.68676046945455,-0.0006848056518853884,False,0.9493230572861124,0.003112222186103269,low
FAC0157,Ibuprofen,Pilibhit,Uttar Pradesh,25.14500054041573,388.87104746599044,0.0001901250801448456,False,0.9711006349597942,0.0017911765503069049,low
FAC0157,Diclofenac,Pilibhit,Uttar Pradesh,0.0,0.0,-0.00019639590569966938,False,0.9606974298603271,0.9989732667328307,critical
FAC0157,Oral rehydration salts,Pilibhit,Uttar Pradesh,0.0,0.0,0.0003161921043943869,False,0.9385502944676244,0.6237996111737103,high
FAC0157,Ringer lactate,Pilibhit,Uttar Pradesh,39.39740972658959,1018.0128873266334,-0.0006175698363011891,False,0.9279538222874877,0.9989812160769865,critical
FAC0157,Metformin,Pilibhit,Uttar Pradesh,0.0,0.0,-0.0005498468776674204,False,0.9694806280060295,0.9990591064464109,critical
FAC0157,Amlodipine,Pilibhit,Uttar Pradesh,36.25421807180919,851.690435651964,0.0005186998752850236,False,0.9591216862306224,0.0018136807318770939,low
FAC0157,Atenolol,Pilibhit,Uttar Pradesh,0.0,0.0,0.0003340763674387843,False,0.9478350220517555,0.9989828324286959,critical
FAC0157,Oxytocin,Pilibhit,Uttar Pradesh,47.94324181946578,1012.6541476507258,-0.0007993107367973332,False,0.946444825596521,0.0033452175843809986,low
FAC0157,Snake Venom Antiserum,Pilibhit,Uttar Pradesh,72.43620145685215,636.8828287850847,0.0003085161320148746,False,0.9478432005613104,0.002179173730786283,low
FAC0157,Insulin (Soluble),Pilibhit,Uttar Pradesh,0.0,0.0,0.0010135269017258995,False,0.9463893812955144,0.998978703948104,critical
FAC0158,Isoniazid,Pilibhit,Uttar Pradesh,59.588988917357135,564.4651238709772,-0.0006257326308651316,False,0.9650267043945986,0.0022694252252603545,low
FAC0158,Rifampicin,Pilibhit,Uttar Pradesh,0.0,0.0,-0.0002764107253194192,False,0.9470617952709215,0.8740049134284658,critical
FAC0158,Ethambutol,Pilibhit,Uttar Pradesh,20.03502639676899,503.6420168290471,-0.0003747114598293918,False,0.9548469525619254,0.001649234477620837,low
FAC0158,Pyrazinamide,Pilibhit,Uttar Pradesh,0.0,0.0,0.0014112333371419877,False,0.9336676823282459,0.999009150133478,critical
FAC0158,Amoxicillin,Pilibhit,Uttar Pradesh,34.09468708774409,523.915183740546,0.0001609141892310952,False,0.9592131134413956,0.03192053404862181,low
FAC0158,Ciprofloxacin,Pilibhit,Uttar Pradesh,6.773932808705095,145.8170737659964,0.0001904290574717078,False,0.9294911260614127,0.0031422248993850446,low
FAC0158,Metronidazole,Pilibhit,Uttar Pradesh,27.007056394021294,625.8881148340977,-0.00077108012533936,False,0.9584430150294498,0.0019124803530110117,low
FAC0158,Azithromycin,Pilibhit,Uttar Pradesh,24.001114525366486,315.4052232696914,0.00027090270160254543,False,0.9714946882233144,0.0017173851221956348,low
FAC0158,Doxycycline,Pilibhit,Uttar Pradesh,51.208333340393516,893.0185086248846,0.0008683564899761772,False,0.9678166386288914,0.002922715424401609,low
FAC0158,Paracetamol,Pilibhit,Uttar Pradesh,0.0,0.0,0.0001959770307782646,False,0.9488471219800736,0.9989627745201658,critical
FAC0158,Ibuprofen,Pilibhit,Uttar Pradesh,0.0,0.0,-0.0012356939120186047,False,0.9684216670665361,0.9989512588739833,critical
FAC0158,Diclofenac,Pilibhit,Uttar Pradesh,17.247738536803045,359.3965131425496,0.0008386548859370098,False,0.9574409313039853,0.0023755099422294403,low
FAC0158,Oral rehydration salts,Pilibhit,Uttar Pradesh,24.389458371502744,502.12491123677677,0.0005425200710559687,False,0.9761800116095434,0.0018084661515767406,low
FAC0158,Ringer lactate,Pilibhit,Uttar Pradesh,77.17581227643339,1042.5408502616347,-0.0004459869745783194,False,0.9520307671213275,0.001644491923867851,low
FAC0158,Metformin,Pilibhit,Uttar Pradesh,0.0,0.0,-0.0008383046088991066,False,0.9440584205866277,0.9989728573828895,critical
FAC0158,Amlodipine,Pilibhit,Uttar Pradesh,38.946049528215795,387.81306099958664,-0.00042449043797247846,False,0.9505957484706833,0.005878073478005267,low
FAC0158,Atenolol,Pilibhit,Uttar Pradesh,16.261758387656304,321.088432418658,0.000729928519792586,False,0.94885492151314,0.0018324917856865988,low
FAC0158,Oxytocin,Pilibhit,Uttar Pradesh,0.0,0.0,-4.058900026154652e-05,False,0.9509673180671887,0.9989556149693484,critical
FAC0158,Snake Venom Antiserum,Pilibhit,Uttar Pradesh,0.0,0.0,-0.000407399118959333,False,0.9573914604182603,0.9990235911906975,critical
FAC0158,Insulin (Soluble),Pilibhit,Uttar Pradesh,0.0,0.0,-0.00018300722934679484,False,0.9680897282233152,0.9990010002486744,critical
FAC0159,Isoniazid,Pilibhit,Uttar Pradesh,0.0,0.0,0.00015266011150524386,False,0.9588483954459945,0.9989732667328307,critical
FAC0159,Rifampicin,Pilibhit,Uttar Pradesh,51.9318260272672,1110.4534818946165,-0.00026442319958344733,False,0.97144100643425,0.004116585510301425,low
FAC0159,Ethambutol,Pilibhit,Uttar Pradesh,22.173531168268767,466.2819231888785,0.000522159106533183,False,0.9546415761276793,0.001628767418528461,low
FAC0159,Pyrazinamide,Pilibhit,Uttar Pradesh,0.0,0.0,0.0006090005335118219,False,0.9299654947691147,0.9989966910779933,critical
FAC0159,Amoxicillin,Pilibhit,Uttar Pradesh,35.87595665305411,685.8160718667659,6.334551031056432e-05,False,0.944562572005714,0.3775855794512434,medium
FAC0159,Ciprofloxacin,Pilibhit,Uttar Pradesh,50.96889284171086,753.814668544624,-0.0007964531422196706,False,0.9465981312782139,0.003408715054614735,low
FAC0159,Metronidazole,Pilibhit,Uttar Pradesh,43.58340281311844,1186.776573525686,-0.0010332426312603005,False,0.9433642328678237,0.0017739253142222495,low
FAC0159,Azithromycin,Pilibhit,Uttar Pradesh,0.0,0.0,0.00022139826133028959,False,0.9481123402867894,0.9989971300312774,critical
FAC0159,Doxycycline,Pilibhit,Uttar Pradesh,0.0,0.0,-0.0003027967013705511,False,0.969915371214721,0.9989913495266076,critical
FAC0159,Paracetamol,Pilibhit,Uttar Pradesh,0.0,0.0,-0.00013738212340285493,False,0.9484290664283326,0.8795946594584924,critical
FAC0159,Ibuprofen,Pilibhit,Uttar Pradesh,50.371138147284114,1291.0477044038496,0.0003579086933929161,False,0.9589630846571324,0.0018084661515767406,low
FAC0159,Diclofenac,Pilibhit,Uttar Pradesh,0.0,0.0,0.0002935858953097849,False,0.9614118693824469,0.999003874847152,critical
FAC0159,Oral rehydration salts,Pilibhit,Uttar Pradesh,0.0,0.0,-0.0005895517838426581,False,0.9529495892897055,0.9284670778675436,critical
FAC0159,Ringer lactate,Pilibhit,Uttar Pradesh,0.0,0.0,8.921874979269545e-05,False,0.9551098771532307,0.9989740083261341,critical
FAC0159,Metformin,Pilibhit,Uttar Pradesh,2.8035043180404156,53.75685081572162,-0.00048624169749636063,False,0.9405986277240066,0.005063687862339638,low
FAC0159,Amlodipine,Pilibhit,Uttar Pradesh,42.322972241440375,774.8281232847991,-0.0008769331529592206,False,0.9416577858507538,0.9989728573828895,critical
FAC0159,Atenolol,Pilibhit,Uttar Pradesh,41.057939644225634,718.5193748477659,0.0007064526532147461,False,0.9647314683131472,0.23933407444914068,low
FAC0159,Oxytocin,Pilibhit,Uttar Pradesh,0.0,0.0,9.883286757033032e-05,False,0.9519071044783766,0.998986748769554,critical
FAC0159,Snake Venom Antiserum,Pilibhit,Uttar Pradesh,35.05147193695498,607.6434022673074,0.0001461666324402704,False,0.9593719758301775,0.0016949834033305772,low
FAC0159,Insulin (Soluble),Pilibhit,Uttar Pradesh,26.951430683964205,667.6528082730404,0.0010513336766092263,False,0.9653707498923554,0.0018136807318770939,low
FAC0160,Isoniazid,Pilibhit,Uttar Pradesh,0.0,0.0,-0.0005511328666222116,False,0.9548432827648063,0.998986748769554,critical
FAC0160,Rifampicin,Pilibhit,Uttar Pradesh,21.30456357535546,525.5034115575951,5.0875958589105415e-05,False,0.9368441359588208,0.0016822714461229363,low
FAC0160,Ethambutol,Pilibhit,Uttar Pradesh,32.4286664133394,675.0591660732654,-4.727409119739887e-05,False,0.965282389134728,0.0018136807318770939,low
FAC0160,Pyrazinamide,Pilibhit,Uttar Pradesh,41.96187394079176,1062.9145684031148,-6.639001054302113e-05,False,0.9452302258606718,0.003413849469376124,low
FAC0160,Amoxicillin,Pilibhit,Uttar Pradesh,0.0,0.0,0.0008451833125313628,False,0.9503119308630261,0.5497023208930324,high
FAC0160,Ciprofloxacin,Pilibhit,Uttar Pradesh,0.0,0.0,0.00026477988199334395,False,0.9394791910243387,0.9989812160769865,critical
FAC0160,Metronidazole,Pilibhit,Uttar Pradesh,31.671120359624172,707.2864644043909,-0.00019459265642614315,False,0.9449843220535881,0.0016774340505829163,low
FAC0160,Azithromycin,Pilibhit,Uttar Pradesh,34.921407320685425,723.4141196852936,-0.00016760513385515667,False,0.9619147590921628,0.0018136807318770939,low
FAC0160,Doxycycline,Pilibhit,Uttar Pradesh,39.927395583643424,989.335177843575,0.0006397906469015999,False,0.9614851527564665,0.0016691611122206737,low
FAC0160,Paracetamol,Pilibhit,Uttar Pradesh,33.42838612290032,787.4644369400152,-0.00021428923869384826,False,0.9377415830754547,0.024030225173624856,low
FAC0160,Ibuprofen,Pilibhit,Uttar Pradesh,0.0,0.0,0.00034114394479048047,False,0.9427758569211586,0.9989812160769865,critical
FAC0160,Diclofenac,Pilibhit,Uttar Pradesh,0.0,0.0,0.0003222974565542647,False,0.9538978311074341,0.9989838247992484,critical
FAC0160,Oral rehydration salts,Pilibhit,Uttar Pradesh,60.55782338928645,1211.671407124838,0.0005478995613732384,False,0.9675356584058237,0.002629967680940968,low
FAC0160,Ringer lactate,Pilibhit,Uttar Pradesh,41.790580002074435,537.6801129195744,-1.922961402863758e-05,False,0.94258296680255,0.001592941750087969,low
FAC0160,Metformin,Pilibhit,Uttar Pradesh,0.0,0.0,-0.001317959654465886,False,0.9695182661645039,0.9989893904235221,critical
FAC0160,Amlodipine,Pilibhit,Uttar Pradesh,0.0,0.0,-0.00034422169637041594,False,0.9526602804093272,0.9989740083261341,critical
FAC0160,Atenolol,Pilibhit,Uttar Pradesh,18.119021011555585,228.74328805979422,-0.0004941018244599227,False,0.9498783278049908,0.0021010160495993275,low
FAC0160,Oxytocin,Pilibhit,Uttar Pradesh,0.0,0.0,0.0001775750678240449,False,0.9547276111649318,0.9989556149693484,critical
FAC0160,Snake Venom Antiserum,Pilibhit,Uttar Pradesh,27.982597211845317,508.55378015010245,0.0004574241704378165,False,0.9238256676389653,0.0016613950793456216,low
FAC0160,Insulin (Soluble),Pilibhit,Uttar Pradesh,49.29624806931534,945.6185959092304,-0.00027489610506495934,False,0.9281165577639334,0.0033715574303559335,low
FAC0161,Isoniazid,Pilibhit,Uttar Pradesh,44.71701491664309,1135.6973491279905,-0.0005770308993087754,False,0.9718219441250131,0.0018136807318770939,low
FAC0161,Rifampicin,Pilibhit,Uttar Pradesh,36.85549424931316,958.3183913627535,0.001046999843735375,False,0.9382065713070737,0.0017296643226455356,low
FAC0161,Ethambutol,Pilibhit,Uttar Pradesh,60.918901530884476,904.8827636099934,-0.0011584295075713097,False,0.949980842993962,0.0024996509459694225,low
FAC0161,Pyrazinamide,Pilibhit,Uttar Pradesh,40.89098622059959,935.0542207626477,0.0004909704646011775,False,0.9659547871390892,0.9990400951522176,critical
FAC0161,Amoxicillin,Pilibhit,Uttar Pradesh,2.0955878150627836,56.89056009668502,-0.0006404578282920163,False,0.9521502175462127,0.004985039482363888,low
FAC0161,Ciprofloxacin,Pilibhit,Uttar Pradesh,0.0,0.0,-0.0019463440753389053,False,0.9401608683042448,0.9988293780512879,critical
FAC0161,Metronidazole,Pilibhit,Uttar Pradesh,0.0,0.0,0.0003937560829992184,False,0.9570390852578474,0.9989095328044357,critical
FAC0161,Azithromycin,Pilibhit,Uttar Pradesh,21.322126439335,481.30703271857305,0.00023195645442241662,False,0.968360962206112,0.0018136807318770939,low
FAC0161,Doxycycline,Pilibhit,Uttar Pradesh,35.127090037646504,980.6752287911447,0.00032727233219710455,False,0.9544689165554928,0.998986748769554,critical
FAC0161,Paracetamol,Pilibhit,Uttar Pradesh,0.0,0.0,-0.0001644503385172665,False,0.9570409879218278,0.9989556149693484,critical
FAC0161,Ibuprofen,Pilibhit,Uttar Pradesh,57.19425218235489,662.8685966292599,-0.0006578957293261704,False,0.953120151337101,0.002687471124465227,low
FAC0161,Diclofenac,Pilibhit,Uttar Pradesh,19.960497966330355,209.8555965269386,0.001026023753846804,False,0.9562446572222466,0.0018187300286896786,low
FAC0161,Oral rehydration salts,Pilibhit,Uttar Pradesh,42.44901264468702,823.7670585366328,-0.00011181917494051832,False,0.9378325437654986,0.003413849469376124,low
FAC0161,Ringer lactate,Pilibhit,Uttar Pradesh,31.865183319687635,400.64154978839224,0.00037248638627605514,False,0.9666488727757092,0.0017173851221956348,low
FAC0161,Metformin,Pilibhit,Uttar Pradesh,0.0,0.0,-2.9355311951119602e-05,False,0.965152406862023,0.015253148808413358,low
FAC0161,Amlodipine,Pilibhit,Uttar Pradesh,38.75156964225137,966.4902622764587,-0.00027491582942950347,False,0.9400175661541377,0.9989972789633824,critical
FAC0161,Atenolol,Pilibhit,Uttar Pradesh,33.574710891307475,704.7417217342472,7.235343507242671e-05,False,0.942153435981675,0.0016774340505829163,low
FAC0161,Oxytocin,Pilibhit,Uttar Pradesh,27.544619140764496,633.6623148599183,0.0007605238824365186,False,0.9466516826682534,0.0017296643226455356,low
FAC0161,Snake Venom Antiserum,Pilibhit,Uttar Pradesh,48.100553449270635,950.8043163287797,-0.00019436867224516095,False,0.9586171691641407,0.0016691611122206737,low
FAC0161,Insulin (Soluble),Pilibhit,Uttar Pradesh,21.523364107790698,572.138070184088,-0.00036132357416513735,False,0.9266879009552045,0.0019591613790728084,low
FAC0162,Isoniazid,Pilibhit,Uttar Pradesh,0.0,0.0,-0.0001314483369627612,False,0.9648173542384384,0.9989732667328307,critical
FAC0162,Rifampicin,Pilibhit,Uttar Pradesh,36.48517029118677,586.6853059929869,-0.0011776205751226501,False,0.9414727552804578,0.9989868718441329,critical
FAC0162,Ethambutol,Pilibhit,Uttar Pradesh,0.0,0.0,0.00038842608584315267,False,0.941342497670532,0.9989499124544557,critical
FAC0162,Pyrazinamide,Pilibhit,Uttar Pradesh,0.0,0.0,0.00014710328811255355,False,0.9567951919132336,0.9990027245105887,critical
FAC0162,Amoxicillin,Pilibhit,Uttar Pradesh,0.0,0.0,6.966020775870464e-05,False,0.9355795973018993,0.9989362898214014,critical
FAC0162,Ciprofloxacin,Pilibhit,Uttar Pradesh,31.682705016161023,523.3267975629819,0.0013377115428087037,False,0.9523284070417202,0.46117567912009383,medium
FAC0162,Metronidazole,Pilibhit,Uttar Pradesh,0.0,0.0,-0.0007330577365099666,False,0.944027042528889,0.9989812160769865,critical
FAC0162,Azithromycin,Pilibhit,Uttar Pradesh,40.99295510786304,676.4941915485679,0.0009318742551654362,False,0.9679988345808559,0.0018084661515767406,low
FAC0162,Doxycycline,Pilibhit,Uttar Pradesh,15.096249050900628,288.5630801735854,0.00029989432549730753,False,0.9596893978149637,0.002064534385302296,low
FAC0162,Paracetamol,Pilibhit,Uttar Pradesh,0.0,0.0,-0.0001387772861725184,False,0.9733363076693556,0.9990195808295564,critical
FAC0162,Ibuprofen,Pilibhit,Uttar Pradesh,0.0,0.0,-1.7918022502459104e-05,False,0.948215986105041,0.9989971300312774,critical
FAC0162,Diclofenac,Pilibhit,Uttar Pradesh,30.72744650201211,675.3271329676633,-0.0008834686269362096,False,0.9389923428481449,0.4330704441154308,medium
FAC0162,Oral rehydration salts,Pilibhit,Uttar Pradesh,21.218146074710784,579.3374063480205,-0.0006802125342313479,False,0.9444153752780309,0.0016822714461229363,low
FAC0162,Ringer lactate,Pilibhit,Uttar Pradesh,12.433233613861757,296.0210556957292,-0.0006383109310657833,False,0.9657135617940573,0.0022367626024868033,low
FAC0162,Metformin,Pilibhit,Uttar Pradesh,17.51414364604036,268.2111467998185,0.00022661708987681728,False,0.9364872658452277,0.0018030703569399756,low
FAC0162,Amlodipine,Pilibhit,Uttar Pradesh,31.267848817480164,712.5192473050498,-5.476004450074968e-05,False,0.9413351340189593,0.0015721607248441853,low
FAC0162,Atenolol,Pilibhit,Uttar Pradesh,0.0,0.0,0.0004894632804334289,False,0.9689892184030795,0.999003874847152,critical
FAC0162,Oxytocin,Pilibhit,Uttar Pradesh,0.0,0.0,-0.0004742869840129908,False,0.9420994304487558,0.9989499124544557,critical
FAC0162,Snake Venom Antiserum,Pilibhit,Uttar Pradesh,0.0,0.0,-0.0002852316862817803,False,0.9507203018939728,0.998986748769554,critical
FAC0162,Insulin (Soluble),Pilibhit,Uttar Pradesh,31.456305766560643,528.0167864632758,-0.00037337508107560305,False,0.9604375407946122,0.0017911765503069049,low
FAC0163,Isoniazid,Pilibhit,Uttar Pradesh,68.62141806320403,1633.9898274477116,-0.0007133076953621078,False,0.9445503619047582,0.002605923917871463,low
FAC0163,Rifampicin,Pilibhit,Uttar Pradesh,0.0,0.0,-0.0007138387155308946,False,0.9606331514962245,0.9989732667328307,critical
FAC0163,Ethambutol,Pilibhit,Uttar Pradesh,0.0,0.0,-0.0006230385317846277,False,0.9536640434346425,0.9989740083261341,critical
FAC0163,Pyrazinamide,Pilibhit,Uttar Pradesh,12.791105662421794,313.9105998973822,0.0005699931838178514,False,0.9697121263702821,0.0022432093690816085,low
FAC0163,Amoxicillin,Pilibhit,Uttar Pradesh,0.0,0.0,0.0009357350321349803,False,0.9605948601385248,0.999003874847152,critical
FAC0163,Ciprofloxacin,Pilibhit,Uttar Pradesh,36.56589486366439,656.6220259800931,-0.0006948576465476565,False,0.953305887324284,0.017775003247781584,low
FAC0163,Metronidazole,Pilibhit,Uttar Pradesh,0.0,0.0,-7.897946987583403e-05,False,0.9731342332762398,0.9989732667328307,critical
FAC0163,Azithromycin,Pilibhit,Uttar Pradesh,41.4659945720568,920.7533137064905,0.000236235938034958,False,0.9630547916007739,0.0058246808671276575,low
FAC0163,Doxycycline,Pilibhit,Uttar Pradesh,0.0,0.0,-0.0006164316187863627,False,0.9505341485390646,0.998986748769554,critical
FAC0163,Paracetamol,Pilibhit,Uttar Pradesh,35.86481102574271,678.7029480223312,0.0002604865620510014,False,0.9676033054361556,0.999003874847152,critical
FAC0163,Ibuprofen,Pilibhit,Uttar Pradesh,34.358771741481384,581.80116836572,0.00014924023737593559,False,0.9508393828074257,0.44204869982359435,medium
FAC0163,Diclofenac,Pilibhit,Uttar Pradesh,3.8272227188806576,53.644253743275556,-0.0010149973067195318,False,0.9645806690782571,0.0029159424730944125,low
FAC0163,Oral rehydration salts,Pilibhit,Uttar Pradesh,35.05669435044102,606.4136927437787,-0.00016579369982805024,False,0.934477848979837,0.0016613950793456216,low
FAC0163,Ringer lactate,Pilibhit,Uttar Pradesh,57.481044279850074,1440.4412659416398,-0.00010238902167116143,False,0.9505689496669623,0.0025379242730322695,low
FAC0163,Metformin,Pilibhit,Uttar Pradesh,76.28914417536305,1001.714791010997,-0.0008235474047865912,False,0.9505747863273284,0.001917804180027648,low
FAC0163,Amlodipine,Pilibhit,Uttar Pradesh,0.0,0.0,0.0003430577461203818,False,0.9767792276811392,0.9988500410791309,critical
FAC0163,Atenolol,Pilibhit,Uttar Pradesh,36.71515806590748,482.22361478513636,0.0004334979875888174,False,0.9550532846217731,0.0015616563216611747,low
FAC0163,Oxytocin,Pilibhit,Uttar Pradesh,0.0,0.0,-5.648233548444955e-05,False,0.9526071669971456,0.9989556149693484,critical
FAC0163,Snake Venom Antiserum,Pilibhit,Uttar Pradesh,17.76021681923251,350.81282946232864,-0.0013228932097833217,False,0.9229060701698732,0.0016568804111508945,low
FAC0163,Insulin (Soluble),Pilibhit,Uttar Pradesh,0.0,0.0,-0.00038634139442489797,False,0.9414421310444472,0.9989812160769865,critical
FAC0164,Isoniazid,Pilibhit,Uttar Pradesh,38.96848781445495,1032.5670167775513,0.00026224611145880697,False,0.9611291900981791,0.0018136807318770939,low
FAC0164,Rifampicin,Pilibhit,Uttar Pradesh,0.0,0.0,-0.0007137091686100058,False,0.9576318051645367,0.9989556149693484,critical
FAC0164,Ethambutol,Pilibhit,Uttar Pradesh,53.69857932558226,691.4386537416087,0.0012729138806901966,False,0.9617825351652802,0.0025217077172003106,low
FAC0164,Pyrazinamide,Pilibhit,Uttar Pradesh,49.581528156075976,555.7688942463927,-0.0003028679340290511,False,0.9535462564198853,0.0028397572907002703,low
FAC0164,Amoxicillin,Pilibhit,Uttar Pradesh,0.0,0.0,0.00011058656920871697,False,0.9218557427032152,0.9989499124544557,critical
FAC0164,Ciprofloxacin,Pilibhit,Uttar Pradesh,28.40828750250704,612.4249537088172,-0.0007178123832131762,False,0.949173795167169,0.001649234477620837,low
FAC0164,Metronidazole,Pilibhit,Uttar Pradesh,17.821589859028776,194.15371810961383,0.0004788185656308435,False,0.958301143697462,0.0017173851221956348,low
FAC0164,Azithromycin,Pilibhit,Uttar Pradesh,0.0,0.0,-0.0008379260368437797,False,0.9553750662325788,0.9989911209470986,critical
FAC0164,Doxycycline,Pilibhit,Uttar Pradesh,0.0,0.0,-0.0008092982097755305,False,0.9701783399109336,0.9990053109923387,critical
FAC0164,Paracetamol,Pilibhit,Uttar Pradesh,0.0,0.0,5.441405995613926e-07,False,0.9722035591143726,0.999003874847152,critical
FAC0164,Ibuprofen,Pilibhit,Uttar Pradesh,0.0,0.0,0.00019558785251466335,False,0.9502522233206163,0.998986748769554,critical
FAC0164,Diclofenac,Pilibhit,Uttar Pradesh,38.6542262813784,945.5190181834681,0.0006648227955336916,False,0.9646281449235723,0.999003874847152,critical
FAC0164,Oral rehydration salts,Pilibhit,Uttar Pradesh,30.058274643979143,361.9464624811787,-0.0004178370222460662,False,0.9592888595072129,0.0017173851221956348,low
FAC0164,Ringer lactate,Pilibhit,Uttar Pradesh,0.0,0.0,-0.00030751360196486205,False,0.9467629543263012,0.07814132159529114,low
FAC0164,Metformin,Pilibhit,Uttar Pradesh,32.42147111582559,422.927260547589,-0.0006205738409714885,False,0.9639191068239896,0.0017173851221956348,low
FAC0164,Amlodipine,Pilibhit,Uttar Pradesh,24.055495617227606,521.1126588062427,-9.271576645552236e-05,False,0.9667302407282876,0.0018136807318770939,low
FAC0164,Atenolol,Pilibhit,Uttar Pradesh,36.52397169350699,581.9324920265343,-0.000749793883845685,False,0.9553344062929803,0.001644491923867851,low
FAC0164,Oxytocin,Pilibhit,Uttar Pradesh,0.0,0.0,-0.00012325261095715972,False,0.9456242722339973,0.9989499124544557,critical
FAC0164,Snake Venom Antiserum,Pilibhit,Uttar Pradesh,0.0,0.0,0.0006892879777297787,False,0.97411460430889,0.9989732667328307,critical
FAC0164,Insulin (Soluble),Pilibhit,Uttar Pradesh,27.12092710020473,584.8007769635544,-0.0012637081505301438,False,0.9637077951617781,0.0018087529930174407,low
FAC0165,Isoniazid,Pilibhit,Uttar Pradesh,0.0,0.0,-0.000537068740080119,False,0.9513820923347452,0.9989740083261341,critical
FAC0165,Rifampicin,Pilibhit,Uttar Pradesh,0.0,0.0,0.00015581740919251366,False,0.9586651623932978,0.9989732667328307,critical
FAC0165,Ethambutol,Pilibhit,Uttar Pradesh,0.0,0.0,5.790963848859218e-05,False,0.9600958260651802,0.9990010002486744,critical
FAC0165,Pyrazinamide,Pilibhit,Uttar Pradesh,32.48886031783193,593.7267993174893,-0.0004141086613274947,False,0.941271107802714,0.0016613950793456216,low
FAC0165,Amoxicillin,Pilibhit,Uttar Pradesh,0.0,0.0,-0.0012822401366077592,False,0.9766607380617718,0.48143084383947543,medium
FAC0165,Ciprofloxacin,Pilibhit,Uttar Pradesh,36.67223009839714,515.9780433885153,-0.00021605064774334883,False,0.9565575496186924,0.0015616563216611747,low
FAC0165,Metronidazole,Pilibhit,Uttar Pradesh,47.2890904715402,555.6692710738363,0.00035954495258299756,False,0.9444634912211971,0.00323286962284315,low
FAC0165,Azithromycin,Pilibhit,Uttar Pradesh,20.786937250842815,480.89187185342087,0.00022683286038322427,False,0.9610986975746435,0.0018136807318770939,low
FAC0165,Doxycycline,Pilibhit,Uttar Pradesh,0.0,0.0,0.00014041722509951094,False,0.9453938030016403,0.9989499124544557,critical
FAC0165,Paracetamol,Pilibhit,Uttar Pradesh,0.0,0.0,-0.0007181387967297934,False,0.961484530263083,0.9989732667328307,critical
FAC0165,Ibuprofen,Pilibhit,Uttar Pradesh,36.668966169516686,771.2597286364281,-0.0007825259672390478,False,0.9556612836846949,0.0017340910553743326,low
FAC0165,Diclofenac,Pilibhit,Uttar Pradesh,37.082191533090565,765.9807368805753,0.0007802505680424095,False,0.9496431421539365,0.025122441818313187,low
FAC0165,Oral rehydration salts,Pilibhit,Uttar Pradesh,46.50527674041038,1172.143700936823,-0.00024617130976804455,False,0.9673742087769818,0.0029203368187203176,low
FAC0165,Ringer lactate,Pilibhit,Uttar Pradesh,54.73063109560506,600.6580793093239,-0.0012879885639001149,False,0.9558708711324593,0.002939186963783805,low
FAC0165,Metformin,Pilibhit,Uttar Pradesh,58.692208457347434,1148.1473925414052,-0.0009949650620777219,False,0.9502579635053264,0.0032815268480028,low
FAC0165,Amlodipine,Pilibhit,Uttar Pradesh,40.46959880240851,472.6207973428502,-0.0010890234355966028,False,0.92000908738412,0.9989544434142866,critical
FAC0165,Atenolol,Pilibhit,Uttar Pradesh,0.0,0.0,-0.0009422352749847469,False,0.9723634075987199,0.9990081731990669,critical
FAC0165,Oxytocin,Pilibhit,Uttar Pradesh,0.0,0.0,0.0004966385025931822,False,0.939133915736968,0.9989812160769865,critical
FAC0165,Snake Venom Antiserum,Pilibhit,Uttar Pradesh,32.59070382894847,715.1570794204066,-0.00041719646524334173,False,0.963949828350326,0.0018136807318770939,low
FAC0165,Insulin (Soluble),Pilibhit,Uttar Pradesh,24.67629263561574,462.5995027888688,0.00044342137041741885,False,0.961254381920259,0.0018084661515767406,low
FAC0166,Isoniazid,Pilibhit,Uttar Pradesh,57.78666107701875,1352.3233621843235,0.0002996072922720042,False,0.9470635721739298,0.003467889031640726,low
FAC0166,Rifampicin,Pilibhit,Uttar Pradesh,0.0,0.0,0.00027995846723955197,False,0.9594262477864782,0.9989732667328307,critical
FAC0166,Ethambutol,Pilibhit,Uttar Pradesh,0.0,0.0,-0.0003470104305363919,False,0.949536033666291,0.9989838247992484,critical
FAC0166,Pyrazinamide,Pilibhit,Uttar Pradesh,73.19151818882801,910.5569398417279,0.00021591968816832486,False,0.9653929156789329,0.0017173851221956348,low
FAC0166,Amoxicillin,Pilibhit,Uttar Pradesh,4.580958538568203,77.14069823109098,-0.0016752028722559218,False,0.9615768758365828,0.002876313125037164,low
FAC0166,Ciprofloxacin,Pilibhit,Uttar Pradesh,0.0,0.0,0.0018845321822506375,False,0.9666223036373494,0.9989732667328307,critical
FAC0166,Metronidazole,Pilibhit,Uttar Pradesh,0.0,0.0,0.00046261907742971644,False,0.9142440331678414,0.9989499124544557,critical
FAC0166,Azithromycin,Pilibhit,Uttar Pradesh,57.68289242738125,999.8022738996415,0.001013785885072591,False,0.9648564125316477,0.002765447167500951,low
FAC0166,Doxycycline,Pilibhit,Uttar Pradesh,19.371588101853224,248.53015034593207,-0.0004176056267075854,False,0.9623605565088843,0.0017173851221956348,low
FAC0166,Paracetamol,Pilibhit,Uttar Pradesh,0.0,0.0,-4.394624751129355e-05,False,0.9461542561492917,0.9989684061382977,critical
FAC0166,Ibuprofen,Pilibhit,Uttar Pradesh,0.0,0.0,0.0009460312038561635,False,0.9564266017479326,0.998986748769554,critical
FAC0166,Diclofenac,Pilibhit,Uttar Pradesh,5.027216196017354,74.58504628752392,4.372293287029586e-05,False,0.9789547811665864,0.002625275792715978,low
FAC0166,Oral rehydration salts,Pilibhit,Uttar Pradesh,0.0,0.0,0.0008607613725236451,False,0.9584772066949829,0.9989913495266076,critical
FAC0166,Ringer lactate,Pilibhit,Uttar Pradesh,0.0,0.0,-0.0002183527993662482,False,0.9557664762555094,0.9989740083261341,critical
FAC0166,Metformin,Pilibhit,Uttar Pradesh,27.30849446495177,432.6985508092643,0.000518593446168765,False,0.9279634712242539,0.0017082008341236436,low
FAC0166,Amlodipine,Pilibhit,Uttar Pradesh,0.0,0.0,-0.0008923598244490573,False,0.9586644876355215,0.9989776970258107,critical
FAC0166,Atenolol,Pilibhit,Uttar Pradesh,27.99028534864646,552.7603403194815,0.00013894616503687147,False,0.9373837785752186,0.0014206802071587091,low
FAC0166,Oxytocin,Pilibhit,Uttar Pradesh,26.547796767739165,721.3333473012761,0.0003820235828589553,False,0.9455047264250696,0.0016673650982043234,low
FAC0166,Snake Venom Antiserum,Pilibhit,Uttar Pradesh,60.59050315679801,1235.2533323404082,0.0008144461036689897,False,0.9670544899946528,0.0023965999997160917,low
FAC0166,Insulin (Soluble),Pilibhit,Uttar Pradesh,3.343283290301697,47.57400032486474,-0.000905422628008274,False,0.9594809576826788,0.003041075811703789,low
FAC0167,Isoniazid,Pilibhit,Uttar Pradesh,16.612463355321296,191.7200280095083,-0.0008035405066018325,False,0.9383151689751992,0.001956210514330001,low
FAC0167,Rifampicin,Pilibhit,Uttar Pradesh,0.0,0.0,-0.0004248467817274291,False,0.9476119438671238,0.9989971300312774,critical
FAC0167,Ethambutol,Pilibhit,Uttar Pradesh,46.718085727858934,670.7479647198767,0.0005049488306079323,False,0.959782086166071,0.0017911765503069049,low
FAC0167,Pyrazinamide,Pilibhit,Uttar Pradesh,47.514155601461475,1070.678123456523,0.0012739115869798171,False,0.960746492537581,0.0018084661515767406,low
FAC0167,Amoxicillin,Pilibhit,Uttar Pradesh,38.66532082767111,797.9247609019716,0.00025930632398445623,False,0.9588023426124586,0.0018136807318770939,low
FAC0167,Ciprofloxacin,Pilibhit,Uttar Pradesh,21.311203392689674,382.77240186833757,0.00025668045413110427,False,0.9534170558122814,0.0019151755448466824,low
FAC0167,Metronidazole,Pilibhit,Uttar Pradesh,0.0,0.0,-0.00018633736157378693,False,0.9274353958169175,0.8083951038481161,critical
FAC0167,Azithromycin,Pilibhit,Uttar Pradesh,13.620531937784536,322.1403006941633,-5.992572014336324e-05,False,0.9540956990649618,0.0025064562302146427,low
FAC0167,Doxycycline,Pilibhit,Uttar Pradesh,43.654974702131575,794.8711044056516,0.00015861803065136184,False,0.9492857651104463,0.006129540829464101,low
FAC0167,Paracetamol,Pilibhit,Uttar Pradesh,57.487178210958284,680.703152322548,8.983942141642163e-05,False,0.9736178893343481,0.0022694252252603545,low
FAC0167,Ibuprofen,Pilibhit,Uttar Pradesh,0.0,0.0,0.0003814241492884401,False,0.9598148876378321,0.9989732667328307,critical
FAC0167,Diclofenac,Pilibhit,Uttar Pradesh,52.40209821184332,591.9063417697829,0.0005639470765716422,False,0.9609119411292484,0.0026646259583658002,low
FAC0167,Oral rehydration salts,Pilibhit,Uttar Pradesh,27.916072627212785,530.947071744669,0.0010039003220475387,False,0.962348708414799,0.0017911765503069049,low
FAC0167,Ringer lactate,Pilibhit,Uttar Pradesh,0.0,0.0,0.00040801483573932714,False,0.9619563716488073,0.9989732667328307,critical
FAC0167,Metformin,Pilibhit,Uttar Pradesh,3.232957157143988,36.7162241326536,0.00040804964279147804,False,0.9571696235059435,0.004206456311483028,low
FAC0167,Amlodipine,Pilibhit,Uttar Pradesh,0.0,0.0,0.0012649991826809701,False,0.9482772987378596,0.9990787101312952,critical
FAC0167,Atenolol,Pilibhit,Uttar Pradesh,43.577167129910656,708.5123395422393,-0.0002927126482473492,False,0.9617278239741746,0.0058246808671276575,low
FAC0167,Oxytocin,Pilibhit,Uttar Pradesh,0.0,0.0,0.000992207390037761,False,0.9537975438084434,0.9989556149693484,critical
FAC0167,Snake Venom Antiserum,Pilibhit,Uttar Pradesh,24.671277504567918,375.56563414813826,-0.001777167034219827,False,0.9740345221747027,0.001712718567906267,low
FAC0167,Insulin (Soluble),Pilibhit,Uttar Pradesh,35.03297783544484,938.0002406424339,-0.000988762311619063,False,0.9693289561983098,0.0019124803530110117,low
FAC0168,Isoniazid,Pilibhit,Uttar Pradesh,37.133541661332295,457.95858855535005,0.001496200578416809,False,0.9588919532314568,0.9989732667328307,critical
FAC0168,Rifampicin,Pilibhit,Uttar Pradesh,30.610090347171425,724.4648649582344,0.00022897793306178878,False,0.9424820464903492,0.9989812160769865,critical
FAC0168,Ethambutol,Pilibhit,Uttar Pradesh,52.98497549088535,697.7448215028753,0.0002726739481846856,False,0.9322409516690154,0.001592941750087969,low
FAC0168,Pyrazinamide,Pilibhit,Uttar Pradesh,36.60141503371772,817.6583957699689,0.001119538751346261,False,0.9211202054410226,0.0071819721618603845,low
FAC0168,Amoxicillin,Pilibhit,Uttar Pradesh,40.57895435199934,1041.7936727408464,-0.0009454915935605064,False,0.9560282217458491,0.006524003449026348,low
FAC0168,Ciprofloxacin,Pilibhit,Uttar Pradesh,0.0,0.0,0.00020857524495065363,False,0.9676277681895129,0.8878544659559947,critical
FAC0168,Metronidazole,Pilibhit,Uttar Pradesh,0.0,0.0,0.0008487555323402548,False,0.9331800556963866,0.999009150133478,critical
FAC0168,Azithromycin,Pilibhit,Uttar Pradesh,0.0,0.0,-0.00032263318988167984,False,0.9530255453790925,0.9989556149693484,critical
FAC0168,Doxycycline,Pilibhit,Uttar Pradesh,26.103918149758947,587.9015594777036,-0.0002599776829866356,False,0.9555885272202123,0.001644491923867851,low
FAC0168,Paracetamol,Pilibhit,Uttar Pradesh,0.0,0.0,-0.0012588897744368302,False,0.9709984288437239,0.9989482325972174,critical
FAC0168,Ibuprofen,Pilibhit,Uttar Pradesh,36.18961009963708,595.5152978414476,-0.0010003475970334083,False,0.9474414654226702,0.001796871413664213,low
FAC0168,Diclofenac,Pilibhit,Uttar Pradesh,0.0,0.0,0.0010247672828741716,False,0.9373774986307508,0.998978703948104,critical
FAC0168,Oral rehydration salts,Pilibhit,Uttar Pradesh,52.22219694350422,1319.9244917344956,0.0005370385110835234,False,0.9426592833145262,0.0017296643226455356,low
FAC0168,Ringer lactate,Pilibhit,Uttar Pradesh,64.13623044943839,1080.1595888814422,-0.0005924852335467633,False,0.9517323256570489,0.0019514367163468356,low
FAC0168,Metformin,Pilibhit,Uttar Pradesh,37.20173822769697,790.005661918595,0.0005651191274764141,False,0.9703130969436056,0.0018136807318770939,low
FAC0168,Amlodipine,Pilibhit,Uttar Pradesh,0.0,0.0,-0.0002895150060523864,False,0.9426304605392508,0.9989812160769865,critical
FAC0168,Atenolol,Pilibhit,Uttar Pradesh,6.247217510003428,59.62523805120478,0.00035431089683037926,False,0.9715921013608741,0.002765447167500951,low
FAC0168,Oxytocin,Pilibhit,Uttar Pradesh,18.252743209873916,413.6220459917593,0.00020403666112187575,False,0.9535122280743218,0.001920697221855157,low
FAC0168,Snake Venom Antiserum,Pilibhit,Uttar Pradesh,0.0,0.0,-0.0001918292585609629,False,0.9598525223261756,0.7108126318758976,high
FAC0168,Insulin (Soluble),Pilibhit,Uttar Pradesh,62.11974042288148,1015.8947671192506,0.0003861642490145633,False,0.9637625645073071,0.0021241568855766934,low
FAC0169,Isoniazid,Pilibhit,Uttar Pradesh,41.1890727380447,303.03509298834075,-0.0011748759178382502,False,0.9007816268993285,0.002055260949094148,low
FAC0169,Rifampicin,Pilibhit,Uttar Pradesh,0.0,0.0,0.0010224749283236417,False,0.9390352426874476,0.998978703948104,critical
FAC0169,Ethambutol,Pilibhit,Uttar Pradesh,49.36410573574349,668.1211289273175,-0.00012064585761522411,False,0.9405925043010379,0.011382192024930952,low
FAC0169,Pyrazinamide,Pilibhit,Uttar Pradesh,69.64753687878961,740.944219368179,2.842478311166017e-05,False,0.8924154211766031,0.00420317914102851,low
FAC0169,Amoxicillin,Pilibhit,Uttar Pradesh,35.32106892051775,211.1341551140942,1.1583828837803038e-05,False,0.9141761918418697,0.3594109411676594,medium
FAC0169,Ciprofloxacin,Pilibhit,Uttar Pradesh,38.99090382062748,278.77357722467974,-0.00016603256215918757,False,0.9152669236015649,0.0047956653178230346,low
FAC0169,Metronidazole,Pilibhit,Uttar Pradesh,13.359036357555217,130.7782682347168,0.0006605872680763644,False,0.939927376203141,0.0025371317435016467,low
FAC0169,Azithromycin,Pilibhit,Uttar Pradesh,38.232057557921955,533.6801286662595,-3.6590043336688574e-05,False,0.9361601388580626,0.001592941750087969,low
FAC0169,Doxycycline,Pilibhit,Uttar Pradesh,27.848777851659612,392.7395771260616,0.0002282755979230727,False,0.9276195131552835,0.4606433655760932,medium
FAC0169,Paracetamol,Pilibhit,Uttar Pradesh,0.0,0.0,0.0009295230640515022,False,0.941660034053444,0.998978703948104,critical
FAC0169,Ibuprofen,Pilibhit,Uttar Pradesh,41.76411363036673,328.42824096973584,-1.3549437319625107e-05,False,0.9291337595090572,0.001592941750087969,low
FAC0169,Diclofenac,Pilibhit,Uttar Pradesh,0.0,0.0,-0.0010135867339864848,False,0.905959761964005,0.9990068110537083,critical
FAC0169,Oral rehydration salts,Pilibhit,Uttar Pradesh,0.0,0.0,-0.00013680991606923056,False,0.9321435340727744,0.9989499124544557,critical
FAC0169,Ringer lactate,Pilibhit,Uttar Pradesh,57.04938860957604,728.9800855426262,0.00023279288876126413,False,0.9247390052152215,0.001592941750087969,low
FAC0169,Metformin,Pilibhit,Uttar Pradesh,43.069064810534,439.1136988300557,-0.0016173786215090678,False,0.915236525941738,0.025285814058110787,low
FAC0169,Amlodipine,Pilibhit,Uttar Pradesh,40.111593006824506,451.86211580456205,-0.00014624609541070434,False,0.9389134794584673,0.9989499124544557,critical
FAC0169,Atenolol,Pilibhit,Uttar Pradesh,46.790534768183925,542.3537303907059,0.001053650511387322,False,0.8928751950218929,0.004831206352119713,low
FAC0169,Oxytocin,Pilibhit,Uttar Pradesh,0.0,0.0,-0.00033862036619360553,False,0.8994564061342687,0.9989118440218858,critical
FAC0169,Snake Venom Antiserum,Pilibhit,Uttar Pradesh,44.39683198742727,252.84114008395977,0.0005531535518650964,False,0.9097319785371012,0.010953245485403756,low
FAC0169,Insulin (Soluble),Pilibhit,Uttar Pradesh,24.983157159475958,180.49390412817334,-0.00047123875255189874,False,0.9309891710859717,0.001592941750087969,low
FAC0170,Isoniazid,Pilibhit,Uttar Pradesh,0.0,0.0,-0.0004023343895935779,False,0.8880995649636375,0.3463047661820993,medium
FAC0170,Rifampicin,Pilibhit,Uttar Pradesh,0.0,0.0,0.0001643351907570442,False,0.9072821635847466,0.4635649268858868,medium
FAC0170,Ethambutol,Pilibhit,Uttar Pradesh,15.387894381025434,169.5004418068154,0.0009974280744726837,False,0.8735629675567094,0.004126517882880301,low
FAC0170,Pyrazinamide,Pilibhit,Uttar Pradesh,0.0,0.0,0.0009047679640873385,False,0.9010597564695493,0.7597259742682371,critical
FAC0170,Amoxicillin,Pilibhit,Uttar Pradesh,22.78052485566287,283.0402816045288,2.675602487971208e-05,False,0.9231563590417349,0.001592941750087969,low
FAC0170,Ciprofloxacin,Pilibhit,Uttar Pradesh,14.360475220041328,85.65847743151771,-0.0002218838589652929,False,0.9382404792514658,0.002467668915951495,low
FAC0170,Metronidazole,Pilibhit,Uttar Pradesh,0.7374693039092814,10.246652749099809,-0.00022609168601165808,False,0.9359128974489757,0.006699854759289654,low
FAC0170,Azithromycin,Pilibhit,Uttar Pradesh,33.72308601271699,367.50790189614963,0.0008200752063385845,False,0.932622842372485,0.0016378221630543237,low
FAC0170,Doxycycline,Pilibhit,Uttar Pradesh,38.427890031934346,506.2786889014784,-0.0005134607687331122,False,0.9163781591772397,0.006699854759289654,low
FAC0170,Paracetamol,Pilibhit,Uttar Pradesh,36.61806019083078,261.4561037124177,0.0007457420971257248,False,0.9236718940416051,0.0016378221630543237,low
FAC0170,Ibuprofen,Pilibhit,Uttar Pradesh,0.0,0.0,-3.589961763144983e-05,False,0.9654821177271413,0.9990471589449882,critical
FAC0170,Diclofenac,Pilibhit,Uttar Pradesh,40.603832215600676,405.5692403316563,-0.00024762793031117206,False,0.9259801962056309,0.001592941750087969,low
FAC0170,Oral rehydration salts,Pilibhit,Uttar Pradesh,16.796353558995786,137.11895215573162,-0.0004923021058503329,False,0.9477914878663898,0.002506768578176761,low
FAC0170,Ringer lactate,Pilibhit,Uttar Pradesh,0.0,0.0,0.0002531518424636682,False,0.9312727462720171,0.9989684061382977,critical
FAC0170,Metformin,Pilibhit,Uttar Pradesh,42.781680188797424,266.3269182390709,0.00032181812188385915,False,0.9243872884824276,0.00323286962284315,low
FAC0170,Amlodipine,Pilibhit,Uttar Pradesh,58.31265882135953,314.13194966748296,-0.00011266571280586505,False,0.8723851505965748,0.004589862663921889,low
FAC0170,Atenolol,Pilibhit,Uttar Pradesh,0.0,0.0,-0.0014771840943235532,False,0.9351026099609825,0.9988944493072186,critical
FAC0170,Oxytocin,Pilibhit,Uttar Pradesh,21.503998999012875,241.1522018148862,0.00010547027070177849,False,0.9297658979131012,0.001592941750087969,low
FAC0170,Snake Venom Antiserum,Pilibhit,Uttar Pradesh,44.08532935661046,635.845979403945,-0.0009996021581340588,False,0.8876886942703337,0.005409862335215709,low
FAC0170,Insulin (Soluble),Pilibhit,Uttar Pradesh,46.38801185767666,613.4125429305886,-0.0008117610077727401,False,0.938359694997213,0.00394288549774409,low
FAC0171,Isoniazid,Pilibhit,Uttar Pradesh,0.0,0.0,-0.0008360794534675076,False,0.8566991884883651,0.9988714458659433,critical
FAC0171,Rifampicin,Pilibhit,Uttar Pradesh,57.51410985681467,237.9537449612317,-4.6429981976491724e-05,False,0.9096415540230662,0.003920979801973972,low
FAC0171,Ethambutol,Pilibhit,Uttar Pradesh,19.298148685791414,160.04730464270523,6.967294883102359e-05,False,0.932666708904129,0.0018551559718524215,low
FAC0171,Pyrazinamide,Pilibhit,Uttar Pradesh,6.271784648569521,27.26358209427373,-0.00034954304224859515,False,0.8076126795344452,0.00524275031856557,low
FAC0171,Amoxicillin,Pilibhit,Uttar Pradesh,0.0,0.0,-0.000508502080938573,False,0.8677078168517183,0.9988665556411285,critical
FAC0171,Ciprofloxacin,Pilibhit,Uttar Pradesh,57.46932137241514,363.345818206312,7.674268160217115e-05,False,0.8804968683442329,0.005625867580111974,low
FAC0171,Metronidazole,Pilibhit,Uttar Pradesh,11.562040271543609,95.72156038331234,3.2913378449077965e-05,False,0.8586515804328159,0.004589862663921889,low
FAC0171,Azithromycin,Pilibhit,Uttar Pradesh,0.0,0.0,0.00044974865197911873,False,0.8932046233787567,0.9989663430823373,critical
FAC0171,Doxycycline,Pilibhit,Uttar Pradesh,0.0,0.0,0.0005839700109536017,False,0.8959395478537966,0.9991040400898503,critical
FAC0171,Paracetamol,Pilibhit,Uttar Pradesh,40.96567137435742,239.60512381523662,0.001025481930253109,False,0.8745033765572034,0.005783715625165966,low
FAC0171,Ibuprofen,Pilibhit,Uttar Pradesh,0.0,0.0,-0.00032131875672690717,False,0.9148327028190562,0.9989499124544557,critical
FAC0171,Diclofenac,Pilibhit,Uttar Pradesh,30.76597532679137,247.75360107738385,0.00033877146908592215,False,0.8961211229524975,0.9989118440218858,critical
FAC0171,Oral rehydration salts,Pilibhit,Uttar Pradesh,53.22582590309547,193.24613341746942,0.0009339639162671659,False,0.8898174096577267,0.006986722365328918,low
FAC0171,Ringer lactate,Pilibhit,Uttar Pradesh,26.675990503218237,211.8473916076788,-0.0003867060175786282,False,0.8544296307979256,0.002250899008702195,low
FAC0171,Metformin,Pilibhit,Uttar Pradesh,0.0,0.0,-0.0013528480400375696,False,0.8455052060190918,0.9988498056824,critical
FAC0171,Amlodipine,Pilibhit,Uttar Pradesh,37.54339966468603,329.45914048617857,-0.001308282936366711,False,0.8991535187960931,0.002055260949094148,low
FAC0171,Atenolol,Pilibhit,Uttar Pradesh,36.55318030766616,221.12560681690252,0.0005117636526371022,False,0.8815158391035889,0.002314274100042546,low
FAC0171,Oxytocin,Pilibhit,Uttar Pradesh,39.62364820094716,338.7783463889856,5.785666067934136e-05,False,0.9190926750254931,0.001592941750087969,low
FAC0171,Snake Venom Antiserum,Pilibhit,Uttar Pradesh,32.391410647558274,245.62712431988763,-0.0002501849711497501,False,0.8735103134956452,0.002250899008702195,low
FAC0171,Insulin (Soluble),Pilibhit,Uttar Pradesh,0.0,0.0,0.0005893289209856163,False,0.8685744441939751,0.9245990721913889,critical
FAC0172,Isoniazid,Pilibhit,Uttar Pradesh,47.478693280187244,361.06059647615734,0.000395652605999291,False,0.926786882418614,0.002948054540187332,low
FAC0172,Rifampicin,Pilibhit,Uttar Pradesh,0.0,0.0,-0.0007606925669043756,False,0.8650163491808736,0.9988714458659433,critical
FAC0172,Ethambutol,Pilibhit,Uttar Pradesh,18.419540353753952,153.63428292837955,-0.000991066226084351,False,0.9162585405388237,0.001956210514330001,low
FAC0172,Pyrazinamide,Pilibhit,Uttar Pradesh,29.974450334680874,204.5943252245756,4.842776393822995e-05,False,0.9043634439942544,0.002060858883896676,low
FAC0172,Amoxicillin,Pilibhit,Uttar Pradesh,31.704906240082313,276.6461644043237,-0.00018553860203046534,False,0.8729978869252619,0.002250899008702195,low
FAC0172,Ciprofloxacin,Pilibhit,Uttar Pradesh,1.45918436900635,9.719355201517384,0.0008133919915345036,False,0.8960437447035317,0.021106537156740168,low
FAC0172,Metronidazole,Pilibhit,Uttar Pradesh,40.168302439490176,138.47848528729605,-0.0008118703081817485,False,0.9042607579064146,0.024017382549718882,low
FAC0172,Azithromycin,Pilibhit,Uttar Pradesh,8.112709413760898,44.87429819245154,-0.0008434405779814575,False,0.8430110921893702,0.005611693544760992,low
FAC0172,Doxycycline,Pilibhit,Uttar Pradesh,16.581947689456197,58.258419151566045,-0.00027714466834608047,False,0.8939185646859449,0.0030661782601463967,low
FAC0172,Paracetamol,Pilibhit,Uttar Pradesh,42.57635786730723,235.91570567988063,-8.220597370484565e-05,False,0.8490502305863659,0.0047557114868049324,low
FAC0172,Ibuprofen,Pilibhit,Uttar Pradesh,0.0,0.0,-0.00047249133827939035,False,0.932388836690855,0.9989499124544557,critical
FAC0172,Diclofenac,Pilibhit,Uttar Pradesh,0.0,0.0,0.000620913413782544,False,0.8793261287843538,0.998897630105124,critical
FAC0172,Oral rehydration salts,Pilibhit,Uttar Pradesh,0.0,0.0,-0.0011078612483028812,False,0.9011920242997913,0.9989544434142866,critical
FAC0172,Ringer lactate,Pilibhit,Uttar Pradesh,0.0,0.0,-2.786268804017652e-05,False,0.8930535095249004,0.9989118440218858,critical
FAC0172,Metformin,Pilibhit,Uttar Pradesh,0.0,0.0,-0.00047959015600043176,False,0.8348920843590977,0.5009728413983727,high
FAC0172,Amlodipine,Pilibhit,Uttar Pradesh,61.83613779600753,274.4715337838608,-0.0005018435805899543,False,0.9003674639328575,0.0046992311349578425,low
FAC0172,Atenolol,Pilibhit,Uttar Pradesh,25.961012855265388,140.2594560044987,0.00017336262858530573,False,0.8902319405149203,0.002060858883896676,low
FAC0172,Oxytocin,Pilibhit,Uttar Pradesh,26.538741846907417,103.84538796363819,0.00031008347680709506,False,0.8916058189812768,0.0017188003573292345,low
FAC0172,Snake Venom Antiserum,Pilibhit,Uttar Pradesh,15.512839135197783,89.90309903292938,0.0007283985800432038,False,0.8983526506088717,0.0037787217207441008,low
FAC0172,Insulin (Soluble),Pilibhit,Uttar Pradesh,0.0,0.0,8.36440794370054e-06,False,0.8834270688265953,0.9989233204740638,critical
FAC0173,Isoniazid,Pilibhit,Uttar Pradesh,0.0,0.0,5.040622010493197e-05,False,0.9549690808358877,0.9989556149693484,critical
FAC0173,Rifampicin,Pilibhit,Uttar Pradesh,0.0,0.0,-0.0006817250366345955,False,0.8989617968535804,0.9989118440218858,critical
FAC0173,Ethambutol,Pilibhit,Uttar Pradesh,66.24383860423548,538.3062798139728,-0.0010475822154334797,False,0.8719784809542317,0.00453014766613317,low
FAC0173,Pyrazinamide,Pilibhit,Uttar Pradesh,61.62653038245708,181.77554041998482,-0.0002480236608832702,False,0.9211698612233888,0.0027903877251509923,low
FAC0173,Amoxicillin,Pilibhit,Uttar Pradesh,0.7027233082007319,4.629404625204689,-0.0005233025713014592,False,0.908633903405071,0.01065582376529151,low
FAC0173,Ciprofloxacin,Pilibhit,Uttar Pradesh,0.0,0.0,-0.0002501253932339189,False,0.8659943908644112,0.9988665556411285,critical
FAC0173,Metronidazole,Pilibhit,Uttar Pradesh,36.324293991611874,150.76701541480483,-0.0004961094393280261,False,0.8941004245590991,0.0017188003573292345,low
FAC0173,Azithromycin,Pilibhit,Uttar Pradesh,18.28212571211238,106.25493328462859,-0.00028499544661677114,False,0.8657680542309859,0.0026211352693666476,low
FAC0173,Doxycycline,Pilibhit,Uttar Pradesh,39.50974640615137,334.89724516563496,0.0004957328767931821,False,0.8660636576976011,0.9988665556411285,critical
FAC0173,Paracetamol,Pilibhit,Uttar Pradesh,21.898733803886095,176.0841008810885,0.0001479683808893015,False,0.8626526995396735,0.002250899008702195,low
FAC0173,Ibuprofen,Pilibhit,Uttar Pradesh,0.0,0.0,-3.716913873541614e-05,False,0.8447117095259156,0.9989074982683116,critical
FAC0173,Diclofenac,Pilibhit,Uttar Pradesh,22.224424974878197,196.635823669711,0.00029334462928227236,False,0.8997361227116695,0.002060858883896676,low
FAC0173,Oral rehydration salts,Pilibhit,Uttar Pradesh,0.0,0.0,-0.0013373159474634262,False,0.8530961062228104,0.9988498056824,critical
FAC0173,Ringer lactate,Pilibhit,Uttar Pradesh,26.71993524017111,195.49332905126107,0.000332405100054361,False,0.8837262992000825,0.9988665556411285,critical
FAC0173,Metformin,Pilibhit,Uttar Pradesh,0.0,0.0,-0.0001293994589041588,False,0.8328505532749342,0.9989831784591707,critical
FAC0173,Amlodipine,Pilibhit,Uttar Pradesh,22.61319857584772,81.8806876822281,0.0005034417741489075,False,0.9129222921927205,0.002001690634400544,low
FAC0173,Atenolol,Pilibhit,Uttar Pradesh,44.55935802884239,256.2835111575841,8.554142912655945e-05,False,0.8638439116233971,0.010542873520086534,low
FAC0173,Oxytocin,Pilibhit,Uttar Pradesh,26.978225991579436,171.22512080848668,-0.00019204494114442118,False,0.900668573433454,0.002060858883896676,low
FAC0173,Snake Venom Antiserum,Pilibhit,Uttar Pradesh,0.0,0.0,0.0001976301954469927,False,0.893081620937958,0.9989118440218858,critical
FAC0173,Insulin (Soluble),Pilibhit,Uttar Pradesh,0.0,0.0,-0.0001808176674850901,False,0.8656106214048898,0.9988665556411285,critical
FAC0174,Isoniazid,Pilibhit,Uttar Pradesh,19.376149360874923,87.5358531009672,-0.0009344592015195088,False,0.8905387840387071,0.0018124407881269042,low
FAC0174,Rifampicin,Pilibhit,Uttar Pradesh,31.404443426564182,284.8616234196782,0.00023804352321296087,False,0.9234396215795855,0.001592941750087969,low
FAC0174,Ethambutol,Pilibhit,Uttar Pradesh,33.908424096574834,111.87231768845983,-0.00013288129528077073,False,0.8906079964166878,0.5422591231553026,high
FAC0174,Pyrazinamide,Pilibhit,Uttar Pradesh,0.0,0.0,0.0002329923670828475,False,0.863497004725474,0.9988665556411285,critical
FAC0174,Amoxicillin,Pilibhit,Uttar Pradesh,61.17096537336227,426.2982078211302,-0.0007754550721100829,False,0.8956744794143382,0.004431567956707725,low
FAC0174,Ciprofloxacin,Pilibhit,Uttar Pradesh,43.76270553671971,369.33444531084797,-0.0006760243548070259,False,0.8886743881211184,0.402605231166356,medium
FAC0174,Metronidazole,Pilibhit,Uttar Pradesh,36.49698212213896,126.56833233923807,-0.0005650557629263497,False,0.8831858896202837,0.0019894430608057728,low
FAC0174,Azithromycin,Pilibhit,Uttar Pradesh,13.704434606876445,55.83411132051381,-3.413054432167067e-05,False,0.8650382999605494,0.003584872982423771,low
FAC0174,Doxycycline,Pilibhit,Uttar Pradesh,27.530906661503625,132.56354137012352,-2.3029993975486333e-05,False,0.8253104357769355,0.002335152281664401,low
FAC0174,Paracetamol,Pilibhit,Uttar Pradesh,0.0,0.0,0.0003839825267393952,False,0.8484833468561382,0.9989074982683116,critical
FAC0174,Ibuprofen,Pilibhit,Uttar Pradesh,0.0,0.0,0.00010461659895456347,False,0.8823544564609208,0.9988665556411285,critical
FAC0174,Diclofenac,Pilibhit,Uttar Pradesh,0.0,0.0,-0.0003967004050077653,False,0.8665178170143806,0.9988665556411285,critical
FAC0174,Oral rehydration salts,Pilibhit,Uttar Pradesh,0.0,0.0,-0.0004629256556278719,False,0.8889143605129075,0.998883139871477,critical
FAC0174,Ringer lactate,Pilibhit,Uttar Pradesh,4.032543617591287,19.77688368519878,-5.3986699678546954e-05,False,0.837381185329426,0.005835710231758394,low
FAC0174,Metformin,Pilibhit,Uttar Pradesh,29.693738760328188,94.98535334330226,8.573129485644214e-05,False,0.8493349428707216,0.3654421125351427,medium
FAC0174,Amlodipine,Pilibhit,Uttar Pradesh,15.798417645507014,142.20042567261197,0.00024455294042770716,False,0.8863946839915728,0.0026211352693666476,low
FAC0174,Atenolol,Pilibhit,Uttar Pradesh,25.681497308363745,174.72127175899763,0.0003116634270361727,False,0.8821155883848535,0.002250899008702195,low
FAC0174,Oxytocin,Pilibhit,Uttar Pradesh,34.04510048164012,190.88115242756038,0.0006316007552474377,False,0.842221294553311,0.9989374514449662,critical
FAC0174,Snake Venom Antiserum,Pilibhit,Uttar Pradesh,17.34194975892875,155.91531241978345,0.0002452689684010035,False,0.8768118037550998,0.004296700294515511,low
FAC0174,Insulin (Soluble),Pilibhit,Uttar Pradesh,44.30184270529532,239.30387548478672,0.0007067820949262717,False,0.886528660734516,0.005783715625165966,low
FAC0175,Isoniazid,Pilibhit,Uttar Pradesh,0.0,0.0,-0.00021746386851881979,False,0.865985484540747,0.9988665556411285,critical
FAC0175,Rifampicin,Pilibhit,Uttar Pradesh,11.217916142710921,49.646362970666175,-0.00038328163748822293,False,0.8534161466042576,0.004281813219638819,low
FAC0175,Ethambutol,Pilibhit,Uttar Pradesh,11.796714700263504,66.10937671441627,-0.0002465310957981448,False,0.8367511788351203,0.004761247766822642,low
FAC0175,Pyrazinamide,Pilibhit,Uttar Pradesh,50.3444527504488,368.3558014192659,-0.00015976272109242148,False,0.8927635740664752,0.01065582376529151,low
FAC0175,Amoxicillin,Pilibhit,Uttar Pradesh,24.22576037099589,176.4087038956816,-0.00021468687471664196,False,0.9018049525510101,0.002060858883896676,low
FAC0175,Ciprofloxacin,Pilibhit,Uttar Pradesh,21.9853028664263,151.3734274693424,-0.0002954465544114315,False,0.8527096495174896,0.002335152281664401,low
FAC0175,Metronidazole,Pilibhit,Uttar Pradesh,0.0,0.0,0.0004965999049102421,False,0.8349065416171249,0.03671240954675187,low
FAC0175,Azithromycin,Pilibhit,Uttar Pradesh,22.372369664577917,84.91020648759589,-0.00022648876394457216,False,0.886396313253463,0.0018773572222909117,low
FAC0175,Doxycycline,Pilibhit,Uttar Pradesh,47.298671231080284,378.8683070117882,0.0004968502732123878,False,0.8519888260244414,0.002335152281664401,low
FAC0175,Paracetamol,Pilibhit,Uttar Pradesh,69.1061173011211,611.6746237710391,0.0009622670115950013,False,0.9150403366348081,0.0027105661821422013,low
FAC0175,Ibuprofen,Pilibhit,Uttar Pradesh,0.0,0.0,-0.0010450762461384046,False,0.8837291692218925,0.9988714458659433,critical
FAC0175,Diclofenac,Pilibhit,Uttar Pradesh,66.07236517870155,502.8365517988913,0.0005828793406199461,False,0.8528630737040979,0.004582396618335709,low
FAC0175,Oral rehydration salts,Pilibhit,Uttar Pradesh,28.051530661808346,232.96262771573623,0.00043672763218184494,False,0.8666797511987792,0.9988665556411285,critical
FAC0175,Ringer lactate,Pilibhit,Uttar Pradesh,0.0,0.0,0.0005117987173162544,False,0.8766121884626745,0.9988459225942693,critical
FAC0175,Metformin,Pilibhit,Uttar Pradesh,0.0,0.0,0.0002800449441078342,False,0.8316310285327468,0.9990589920198214,critical
FAC0175,Amlodipine,Pilibhit,Uttar Pradesh,0.0,0.0,0.0007447768957700294,False,0.8924832860077285,0.9989137601573382,critical
FAC0175,Atenolol,Pilibhit,Uttar Pradesh,43.149209110072604,393.84536374936204,0.0009064919397004822,False,0.8502745126379663,0.011239202562976714,low
FAC0175,Oxytocin,Pilibhit,Uttar Pradesh,0.0,0.0,-0.001411470471449982,False,0.8484721016953072,0.6200142790231059,high
FAC0175,Snake Venom Antiserum,Pilibhit,Uttar Pradesh,0.0,0.0,-0.00010370051041473424,False,0.9103026406437235,0.9989499124544557,critical
FAC0175,Insulin (Soluble),Pilibhit,Uttar Pradesh,0.0,0.0,0.0010268881993353211,False,0.8822836382074603,0.998897630105124,critical
FAC0176,Isoniazid,Pilibhit,Uttar Pradesh,15.160763979846479,52.07294262164527,-0.0006070849226832393,False,0.8527170206081425,0.0039404697375367195,low
FAC0176,Rifampicin,Pilibhit,Uttar Pradesh,28.516545179696784,185.92673412739236,0.0008996398497158428,False,0.9012591360839382,0.0021188946716590067,low
FAC0176,Ethambutol,Pilibhit,Uttar Pradesh,0.0,0.0,-0.00018943025353502927,False,0.895437046915966,0.9989872234772891,critical
FAC0176,Pyrazinamide,Pilibhit,Uttar Pradesh,20.911780181857313,171.6590724674181,0.0001402273365554989,False,0.9539939747017785,0.0017507553435071638,low
FAC0176,Amoxicillin,Pilibhit,Uttar Pradesh,26.00085511461641,97.76665911396242,0.0006907523183670216,False,0.893838053566556,0.0017672205030221575,low
FAC0176,Ciprofloxacin,Pilibhit,Uttar Pradesh,57.888027361334835,476.8427687530376,-0.001246253152964609,False,0.887964457162906,0.005117419742555413,low
FAC0176,Metronidazole,Pilibhit,Uttar Pradesh,27.312002073323963,153.32683890305051,0.0004738703352892659,False,0.8738264578718292,0.9988665556411285,critical
FAC0176,Azithromycin,Pilibhit,Uttar Pradesh,55.600766997736145,299.99604199200905,0.0003540904304774844,False,0.9002887359085998,0.005152355217691332,low
FAC0176,Doxycycline,Pilibhit,Uttar Pradesh,40.4396365220142,169.6554161074902,-0.0006431532466881116,False,0.8688341292267131,0.00458452474895357,low
FAC0176,Paracetamol,Pilibhit,Uttar Pradesh,31.429632585767415,89.75472726161038,-0.0006421695544559073,False,0.918562597915491,0.0014078038029867017,low
FAC0176,Ibuprofen,Pilibhit,Uttar Pradesh,0.0,0.0,0.00043971888939123543,False,0.8758403551425737,0.9988665556411285,critical
FAC0176,Diclofenac,Pilibhit,Uttar Pradesh,0.0,0.0,0.0006278372791678806,False,0.9217680886154391,0.9990298576569923,critical
FAC0176,Oral rehydration salts,Pilibhit,Uttar Pradesh,30.545015698498364,203.62341213402127,0.00034024767376857946,False,0.8404352759225358,0.9989074982683116,critical
FAC0176,Ringer lactate,Pilibhit,Uttar Pradesh,50.897927017579676,287.55994614030755,-2.5124288831870353e-05,False,0.8429443750779255,0.004761247766822642,low
FAC0176,Metformin,Pilibhit,Uttar Pradesh,0.0,0.0,0.00011881544314016801,False,0.9144159697968349,0.552695432067454,high
FAC0176,Amlodipine,Pilibhit,Uttar Pradesh,14.73457914713658,49.90643980640213,-0.0004738490675552319,False,0.8843235170983045,0.004178337402751799,low
FAC0176,Atenolol,Pilibhit,Uttar Pradesh,54.412041282262464,318.2494815895192,-8.05166240458892e-05,False,0.9048069561093992,0.0046992311349578425,low
FAC0176,Oxytocin,Pilibhit,Uttar Pradesh,1.6883925492705352,6.722123345662104,-0.000578158083684508,False,0.881754079476369,0.008599268244269024,low
FAC0176,Snake Venom Antiserum,Pilibhit,Uttar Pradesh,0.0,0.0,0.0011922477929574389,False,0.8551581534957478,0.998897630105124,critical
FAC0176,Insulin (Soluble),Pilibhit,Uttar Pradesh,17.834569989870165,106.62580357999288,7.399746100183492e-05,False,0.8705941965855233,0.004296700294515511,low
FAC0177,Isoniazid,Pilibhit,Uttar Pradesh,34.91023292532704,203.9466660476303,-0.0005710879140263131,False,0.8679194375041649,0.002250899008702195,low
FAC0177,Rifampicin,Pilibhit,Uttar Pradesh,0.0,0.0,-0.0005515480643738452,False,0.8475567288927133,0.9989074982683116,critical
FAC0177,Ethambutol,Pilibhit,Uttar Pradesh,44.60590314763188,221.22831976101247,-0.0002127278581646772,False,0.8322676799347652,0.002335152281664401,low
FAC0177,Pyrazinamide,Pilibhit,Uttar Pradesh,17.043150442801487,131.0434340115753,0.0006753440561267246,False,0.8691339154700222,0.004417420837434717,low
FAC0177,Amoxicillin,Pilibhit,Uttar Pradesh,24.07129060131641,88.89541193750718,-0.00046752162065885454,False,0.8276169936488014,0.002147738414238763,low
FAC0177,Ciprofloxacin,Pilibhit,Uttar Pradesh,0.0,0.0,-0.000703273843528715,False,0.8666868923609441,0.9988665556411285,critical
FAC0177,Metronidazole,Pilibhit,Uttar Pradesh,35.66911693800874,165.55087986477642,0.00018005609062710513,False,0.8781300268405634,0.9988665556411285,critical
FAC0177,Azithromycin,Pilibhit,Uttar Pradesh,0.0,0.0,-0.00037479283610691036,False,0.8928481820178522,0.9989663430823373,critical
FAC0177,Doxycycline,Pilibhit,Uttar Pradesh,36.37826038739755,218.65174844937732,-2.6093337202384636e-05,False,0.9140205945992532,0.011382192024930952,low
FAC0177,Paracetamol,Pilibhit,Uttar Pradesh,0.0,0.0,-0.00017956901616487562,False,0.8907667324849387,0.998883139871477,critical
FAC0177,Ibuprofen,Pilibhit,Uttar Pradesh,0.0,0.0,0.00030785966389934436,False,0.8471694952143674,0.9989074982683116,critical
FAC0177,Diclofenac,Pilibhit,Uttar Pradesh,1.4797593527046073,8.256995525848671,-0.00024953719178791555,False,0.9117728859368052,0.01065582376529151,low
FAC0177,Oral rehydration salts,Pilibhit,Uttar Pradesh,0.0,0.0,-6.357146448583367e-05,False,0.882436111810952,0.998813392290028,critical
FAC0177,Ringer lactate,Pilibhit,Uttar Pradesh,51.94584970466698,440.5129095465828,0.000569257707609952,False,0.8229834273933523,0.005472201797313714,low
FAC0177,Metformin,Pilibhit,Uttar Pradesh,0.0,0.0,-0.0011084649903135976,False,0.8295688561336669,0.9989122120392873,critical
FAC0177,Amlodipine,Pilibhit,Uttar Pradesh,57.79054961821722,433.2499084950816,-0.001268955135248427,False,0.8455286028506973,0.008622496456757224,low
FAC0177,Atenolol,Pilibhit,Uttar Pradesh,0.0,0.0,0.0006697940362292938,False,0.8565447574664368,0.5110766350606338,high
FAC0177,Oxytocin,Pilibhit,Uttar Pradesh,38.84280411823562,246.00872745212212,-0.0006896405684273337,False,0.9094050343752524,0.002060858883896676,low
FAC0177,Snake Venom Antiserum,Pilibhit,Uttar Pradesh,0.0,0.0,-0.0006056012012198751,False,0.9021333235721851,0.9989499124544557,critical
FAC0177,Insulin (Soluble),Pilibhit,Uttar Pradesh,0.0,0.0,-0.001014580418484845,False,0.945137817992364,0.9989544434142866,critical
FAC0178,Isoniazid,Pilibhit,Uttar Pradesh,39.00988564381721,339.16239811966705,-3.0853386552532175e-05,False,0.9042548658336168,0.002060858883896676,low
FAC0178,Rifampicin,Pilibhit,Uttar Pradesh,53.20567479323054,178.24546714524493,0.00023399161238528822,False,0.8460340540147744,0.0050387792061468584,low
FAC0178,Ethambutol,Pilibhit,Uttar Pradesh,14.60723088875474,51.187272407519735,-0.00020686072894700452,False,0.9113426805567413,0.0034782687591729837,low
FAC0178,Pyrazinamide,Pilibhit,Uttar Pradesh,0.0,0.0,-0.0005923808663005715,False,0.9130264337698758,0.9989499124544557,critical
FAC0178,Amoxicillin,Pilibhit,Uttar Pradesh,0.0,0.0,-0.0005745694774520538,False,0.8337725546599943,0.4033868269695398,medium
FAC0178,Ciprofloxacin,Pilibhit,Uttar Pradesh,16.913751371660442,58.049409591275904,-0.001458619542084852,False,0.8736971237938476,0.002216636420513184,low
FAC0178,Metronidazole,Pilibhit,Uttar Pradesh,29.98066170796091,244.1751278208519,-0.0005149700867167415,False,0.9058095905402606,0.002060858883896676,low
FAC0178,Azithromycin,Pilibhit,Uttar Pradesh,21.500636823987293,70.77904627700703,0.000667589145557271,False,0.8590248334554886,0.002699563815710641,low
FAC0178,Doxycycline,Pilibhit,Uttar Pradesh,67.3075547430713,323.1131192377185,0.0002416857039650092,False,0.8747045441905706,0.004296700294515511,low
FAC0178,Paracetamol,Pilibhit,Uttar Pradesh,0.0,0.0,-0.0005242822578626928,False,0.85591603947759,0.9988665556411285,critical
FAC0178,Ibuprofen,Pilibhit,Uttar Pradesh,18.069349482468944,83.55706505145203,-0.00027946770105872603,False,0.8736535674953502,0.0026211352693666476,low
FAC0178,Diclofenac,Pilibhit,Uttar Pradesh,45.68884561063394,221.6204719607848,-0.0009004528504856227,False,0.8814475537054116,0.005309225239339572,low
FAC0178,Oral rehydration salts,Pilibhit,Uttar Pradesh,28.707466372669614,249.02177680760883,-0.0009005871849418125,False,0.8648789956128211,0.9988714458659433,critical
FAC0178,Ringer lactate,Pilibhit,Uttar Pradesh,60.395534266355035,349.58300731723705,0.0006712840243706193,False,0.8628408791894631,0.002314274100042546,low
FAC0178,Metformin,Pilibhit,Uttar Pradesh,23.88118915161657,187.92883985037753,0.000540650327360086,False,0.9104114998827475,0.0021188946716590067,low
FAC0178,Amlodipine,Pilibhit,Uttar Pradesh,0.0,0.0,0.000570541705203579,False,0.9170203033128949,0.9989307951979437,critical
FAC0178,Atenolol,Pilibhit,Uttar Pradesh,8.072139037023202,37.80324496056101,-0.0008029531603736498,False,0.8779042269813131,0.004514455417226436,low
FAC0178,Oxytocin,Pilibhit,Uttar Pradesh,0.3070919355551317,1.1080458462923923,0.00017630008252116568,False,0.8537031777912691,0.029902592946787238,low
FAC0178,Snake Venom Antiserum,Pilibhit,Uttar Pradesh,32.53220037124217,269.6784780598839,-0.0005943991301663358,False,0.9137508335654007,0.7126526220063414,high
FAC0178,Insulin (Soluble),Pilibhit,Uttar Pradesh,34.121215572759695,163.52800197292493,5.601259225834761e-05,False,0.8782513720122476,0.0018773572222909117,low
FAC0179,Isoniazid,Pilibhit,Uttar Pradesh,24.213179813434728,192.65255288823093,2.6003694753543536e-05,False,0.908109527209534,0.9989499124544557,critical
FAC0179,Rifampicin,Pilibhit,Uttar Pradesh,19.706888170550194,71.98812740792104,6.758360856877086e-06,False,0.9316846235606171,0.0015471867984699977,low
FAC0179,Ethambutol,Pilibhit,Uttar Pradesh,28.851423715902317,251.66922727438407,0.0001580361519654626,False,0.901020001076315,0.002060858883896676,low
FAC0179,Pyrazinamide,Pilibhit,Uttar Pradesh,19.936766705096893,76.84973252077715,0.00016488478390691525,False,0.917643685712303,0.0015471867984699977,low
FAC0179,Amoxicillin,Pilibhit,Uttar Pradesh,28.756751898116132,107.38434718973522,0.0003411100694407333,False,0.8975808173112751,0.9989663430823373,critical
FAC0179,Ciprofloxacin,Pilibhit,Uttar Pradesh,9.420280265976439,60.83568553325948,-0.0007458973273226712,False,0.8577804242536174,0.004589862663921889,low
FAC0179,Metronidazole,Pilibhit,Uttar Pradesh,24.51430028456228,127.00571193247612,-6.962809235783414e-05,False,0.8882191230550514,0.002250899008702195,low
FAC0179,Azithromycin,Pilibhit,Uttar Pradesh,30.936179369502042,173.45273147364745,-0.0012158810217685193,False,0.8595270468797718,0.0022447860268824025,low
FAC0179,Doxycycline,Pilibhit,Uttar Pradesh,33.01366846301516,141.7402095352816,0.0008362854609743561,False,0.9103023634781502,0.0017672205030221575,low
FAC0179,Paracetamol,Pilibhit,Uttar Pradesh,0.0,0.0,0.0005674560511226054,False,0.9447989340608474,0.998978703948104,critical
FAC0179,Ibuprofen,Pilibhit,Uttar Pradesh,23.787355504814965,182.072784800694,-0.0004902738375858497,False,0.925121509417927,0.001592941750087969,low
FAC0179,Diclofenac,Pilibhit,Uttar Pradesh,0.0,0.0,2.062383190301897e-05,False,0.9190887396104459,0.9989006545886058,critical
FAC0179,Oral rehydration salts,Pilibhit,Uttar Pradesh,0.0,0.0,0.00025217686271017343,False,0.8823972487911848,0.9988665556411285,critical
FAC0179,Ringer lactate,Pilibhit,Uttar Pradesh,14.70513619146138,74.66603778894283,-0.0004935469734057601,False,0.8897748148827782,0.004296700294515511,low
FAC0179,Metformin,Pilibhit,Uttar Pradesh,0.0,0.0,0.0005142340647559298,False,0.8588492955700011,0.1958731633930785,low
FAC0179,Amlodipine,Pilibhit,Uttar Pradesh,79.97691368434296,353.2804138522163,-0.000182159478045886,False,0.8473293318179377,0.00271920906616763,low
FAC0179,Atenolol,Pilibhit,Uttar Pradesh,0.0,0.0,-0.0003745992577251973,False,0.8944432987417914,0.5150256403353572,high
FAC0179,Oxytocin,Pilibhit,Uttar Pradesh,0.0,0.0,0.00013895527156110248,False,0.8505212721623363,0.9989831784591707,critical
FAC0179,Snake Venom Antiserum,Pilibhit,Uttar Pradesh,29.061441010999577,120.5755771847025,-0.00013130650338424803,False,0.9048463256575401,0.0017188003573292345,low
FAC0179,Insulin (Soluble),Pilibhit,Uttar Pradesh,54.85026152581833,370.2533930871427,0.0002208478398050314,False,0.866919772126892,0.004589862663921889,low
FAC0180,Isoniazid,Pilibhit,Uttar Pradesh,0.0,0.0,0.0010335554829967056,False,0.8298019267124144,0.9989374514449662,critical
FAC0180,Rifampicin,Pilibhit,Uttar Pradesh,0.0,0.0,-0.001468146943176748,False,0.9008646120621928,0.9988543724957524,critical
FAC0180,Ethambutol,Pilibhit,Uttar Pradesh,0.0,0.0,-0.0002360579692993654,False,0.9006522435908733,0.9989118440218858,critical
FAC0180,Pyrazinamide,Pilibhit,Uttar Pradesh,0.0,0.0,0.0007932064382676468,False,0.9190474602877856,0.998978703948104,critical
FAC0180,Amoxicillin,Pilibhit,Uttar Pradesh,80.560084483694,626.953913420824,-0.0004290214080365552,False,0.8818339377744278,0.004013715169161638,low
FAC0180,Ciprofloxacin,Pilibhit,Uttar Pradesh,0.0,0.0,0.00012023778459224495,False,0.8609926985490106,0.9988665556411285,critical
FAC0180,Metronidazole,Pilibhit,Uttar Pradesh,0.0,0.0,0.0004976759350780008,False,0.8801070608587072,0.998813392290028,critical
FAC0180,Azithromycin,Pilibhit,Uttar Pradesh,53.23558349084851,334.92636929213853,0.0013605276850560861,False,0.8828975563744816,0.005783715625165966,low
FAC0180,Doxycycline,Pilibhit,Uttar Pradesh,11.692072075345102,51.66676571751009,-0.00030673381790445185,False,0.8965812317130331,0.0046992311349578425,low
FAC0180,Paracetamol,Pilibhit,Uttar Pradesh,0.0,0.0,0.0007253087098487105,False,0.9190968154783286,0.998978703948104,critical
FAC0180,Ibuprofen,Pilibhit,Uttar Pradesh,25.521502669178556,117.16123775457324,-0.0009175234768192558,False,0.8979487775474394,0.9989708032196787,critical
FAC0180,Diclofenac,Pilibhit,Uttar Pradesh,0.0,0.0,-9.571418616658441e-06,False,0.879510209244579,0.9219013500493232,critical
FAC0180,Oral rehydration salts,Pilibhit,Uttar Pradesh,19.70018454784313,71.8186124877429,2.4981692933520134e-05,False,0.9038005613702265,0.001821436983128792,low
FAC0180,Ringer lactate,Pilibhit,Uttar Pradesh,0.0,0.0,-0.00021306511970713097,False,0.8336333488474608,0.9989074982683116,critical
FAC0180,Metformin,Pilibhit,Uttar Pradesh,0.0,0.0,0.0003868216969279332,False,0.8589770362079507,0.9988665556411285,critical
FAC0180,Amlodipine,Pilibhit,Uttar Pradesh,34.439124994669136,228.1536519089195,-0.0007405727793098754,False,0.8943181930574888,0.37216248212037245,medium
FAC0180,Atenolol,Pilibhit,Uttar Pradesh,0.0,0.0,0.00026686675587379773,False,0.8232478596322927,0.9989074982683116,critical
FAC0180,Oxytocin,Pilibhit,Uttar Pradesh,0.0,0.0,0.00017244198883688538,False,0.9384072811053925,0.9990025068044593,critical
FAC0180,Snake Venom Antiserum,Pilibhit,Uttar Pradesh,0.0,0.0,0.0003010893554299623,False,0.8626947272097998,0.9988665556411285,critical
FAC0180,Insulin (Soluble),Pilibhit,Uttar Pradesh,28.585843775120583,204.98958314798986,0.0008870242742750183,False,0.8542771150890349,0.002314274100042546,low
