facility_id,facility_name,facility_type,district,state,lat,lon,osm_id,source
FAC0001,"Government Hospital, Girisagar",General Hospital,Bagalkote,Karnataka,16.3537264,75.7045791,7205356303,"OpenStreetMap Overpass API, government-facility-filtered (real, live-fetched)"
FAC0002,Kaladagi PHC,PHC,Bagalkote,Karnataka,16.2077401,75.4990676,7205356342,"OpenStreetMap Overpass API, government-facility-filtered (real, live-fetched)"
FAC0003,Kolara PHC,PHC,Bagalkote,Karnataka,16.471051,75.69474,7205356374,"OpenStreetMap Overpass API, government-facility-filtered (real, live-fetched)"
FAC0004,Ronihal PHC,PHC,Bagalkote,Karnataka,16.5101507,75.6955938,7205356381,"OpenStreetMap Overpass API, government-facility-filtered (real, live-fetched)"
FAC0005,"PHC, Galagali",PHC,Bagalkote,Karnataka,16.4170557,75.4376196,7205356392,"OpenStreetMap Overpass API, government-facility-filtered (real, live-fetched)"
FAC0006,"PHC, Katageri",PHC,Bagalkote,Karnataka,16.073799,75.645941,7205448418,"OpenStreetMap Overpass API, government-facility-filtered (real, live-fetched)"
FAC0007,Lokapur PHC,PHC,Bagalkote,Karnataka,16.1610939,75.3671267,7205448437,"OpenStreetMap Overpass API, government-facility-filtered (real, live-fetched)"
FAC0008,Government Ayurvedic Hospital,General Hospital,Bagalkote,Karnataka,16.3247629,75.6689126,8188036749,"OpenStreetMap Overpass API, government-facility-filtered (real, live-fetched)"
FAC0009,Government Hospital,General Hospital,Bagalkote,Karnataka,16.2486332,75.4900595,8188036774,"OpenStreetMap Overpass API, government-facility-filtered (real, live-fetched)"
FAC0010,Government Hospital,General Hospital,Bagalkote,Karnataka,16.2077702,75.4990711,8188036788,"OpenStreetMap Overpass API, government-facility-filtered (real, live-fetched)"
FAC0011,Government Hospital,General Hospital,Bagalkote,Karnataka,16.0738211,75.6458425,8188036865,"OpenStreetMap Overpass API, government-facility-filtered (real, live-fetched)"
FAC0012,Governmental Hospital,General Hospital,Ballari,Karnataka,15.3534219,76.4920804,1802646087,"OpenStreetMap Overpass API, government-facility-filtered (real, live-fetched)"
FAC0013,Kampli A health subcentre,Sub-Centre,Ballari,Karnataka,15.4068677,76.6038476,6179056375,"OpenStreetMap Overpass API, government-facility-filtered (real, live-fetched)"
FAC0014,Bukkasagara Health Subcentre,Sub-Centre,Ballari,Karnataka,15.3750638,76.5718047,6179056377,"OpenStreetMap Overpass API, government-facility-filtered (real, live-fetched)"
FAC0015,Sanapura Health Subcentre,Sub-Centre,Ballari,Karnataka,15.4397,76.6479,6179056378,"OpenStreetMap Overpass API, government-facility-filtered (real, live-fetched)"
FAC0016,"Government Hospital,D.Hirehal",General Hospital,Ballari,Karnataka,15.005934,76.834643,7113926750,"OpenStreetMap Overpass API, government-facility-filtered (real, live-fetched)"
FAC0017,CHC Sriramanagar,CHC,Ballari,Karnataka,15.5018992,76.5942575,7205430731,"OpenStreetMap Overpass API, government-facility-filtered (real, live-fetched)"
FAC0018,Kampli Government Hospital,General Hospital,Ballari,Karnataka,15.4064959,76.6036531,7205430732,"OpenStreetMap Overpass API, government-facility-filtered (real, live-fetched)"
FAC0019,"Government Hospital, Kurugodu",General Hospital,Ballari,Karnataka,15.3450797,76.8333559,7205430748,"OpenStreetMap Overpass API, government-facility-filtered (real, live-fetched)"
FAC0020,Siddamanahalli PHC,PHC,Ballari,Karnataka,15.268914,76.78441,7205430755,"OpenStreetMap Overpass API, government-facility-filtered (real, live-fetched)"
FAC0021,Hoskera PHC,PHC,Ballari,Karnataka,15.499949,76.5668134,7205430756,"OpenStreetMap Overpass API, government-facility-filtered (real, live-fetched)"
FAC0022,"Government Subdivision Hospital, Gangavathi",General Hospital,Ballari,Karnataka,15.4258693,76.5290112,7205430761,"OpenStreetMap Overpass API, government-facility-filtered (real, live-fetched)"
FAC0023,"PHC, Gadiganur",PHC,Ballari,Karnataka,15.2247259,76.5931476,7205430769,"OpenStreetMap Overpass API, government-facility-filtered (real, live-fetched)"
FAC0024,Moka Government Hospital,General Hospital,Ballari,Karnataka,15.2359708,77.0515274,7205430773,"OpenStreetMap Overpass API, government-facility-filtered (real, live-fetched)"
FAC0025,Sidiginmola PHC,PHC,Ballari,Karnataka,15.173362,77.07347,7205430778,"OpenStreetMap Overpass API, government-facility-filtered (real, live-fetched)"
FAC0026,Ramasagar Government Hospital,General Hospital,Ballari,Karnataka,15.374023,76.572042,7205430780,"OpenStreetMap Overpass API, government-facility-filtered (real, live-fetched)"
FAC0027,Government Hospital,General Hospital,Ballari,Karnataka,15.3031209,76.714412,7205430789,"OpenStreetMap Overpass API, government-facility-filtered (real, live-fetched)"
FAC0028,Kuduthini PHC,PHC,Ballari,Karnataka,15.198551,76.7594283,7205430792,"OpenStreetMap Overpass API, government-facility-filtered (real, live-fetched)"
FAC0029,Urban Primary Health Centre Ballari,PHC,Ballari,Karnataka,15.137783,76.932683,7205430797,"OpenStreetMap Overpass API, government-facility-filtered (real, live-fetched)"
FAC0030,Mokagonala PHC,PHC,Ballari,Karnataka,15.2695049,77.126248,7205430806,"OpenStreetMap Overpass API, government-facility-filtered (real, live-fetched)"
FAC0031,Korlagundi PHC,PHC,Ballari,Karnataka,15.277433,76.9698431,7205430810,"OpenStreetMap Overpass API, government-facility-filtered (real, live-fetched)"
FAC0032,Government Hospital Takkelakote,General Hospital,Ballari,Karnataka,15.5372388,76.8821612,7205430811,"OpenStreetMap Overpass API, government-facility-filtered (real, live-fetched)"
FAC0033,Government Hospital Thoranagallu,General Hospital,Ballari,Karnataka,15.1972303,76.676132,7205430815,"OpenStreetMap Overpass API, government-facility-filtered (real, live-fetched)"
FAC0034,"PHC, Anegundi",PHC,Ballari,Karnataka,15.3532967,76.4920959,7205430827,"OpenStreetMap Overpass API, government-facility-filtered (real, live-fetched)"
FAC0035,PHC Karur,PHC,Ballari,Karnataka,15.4344638,76.9509785,7205430840,"OpenStreetMap Overpass API, government-facility-filtered (real, live-fetched)"
FAC0036,Sirigeri PHC,PHC,Ballari,Karnataka,15.440353,76.838034,7205430846,"OpenStreetMap Overpass API, government-facility-filtered (real, live-fetched)"
FAC0037,Mushtur PHC,PHC,Ballari,Karnataka,15.457077,76.640991,7205430855,"OpenStreetMap Overpass API, government-facility-filtered (real, live-fetched)"
FAC0038,Salgunda Government Hospital,General Hospital,Ballari,Karnataka,15.669152,76.8308866,7205448343,"OpenStreetMap Overpass API, government-facility-filtered (real, live-fetched)"
FAC0039,"Government Hospital, Dadesagur",General Hospital,Ballari,Karnataka,15.694651,76.895716,7205448376,"OpenStreetMap Overpass API, government-facility-filtered (real, live-fetched)"
FAC0040,"Government Hospital, Budagumpa",General Hospital,Ballari,Karnataka,15.5721922,76.699345,7205448380,"OpenStreetMap Overpass API, government-facility-filtered (real, live-fetched)"
FAC0041,"Government Hospital, Karatagi",General Hospital,Ballari,Karnataka,15.604166,76.6601554,7205448411,"OpenStreetMap Overpass API, government-facility-filtered (real, live-fetched)"
FAC0042,Siruguppa Taluk Hospital,Taluk Hospital,Ballari,Karnataka,15.636892,76.894829,7205448444,"OpenStreetMap Overpass API, government-facility-filtered (real, live-fetched)"
FAC0043,"PHC, Ballari",PHC,Ballari,Karnataka,15.138188,76.907105,7569754229,"OpenStreetMap Overpass API, government-facility-filtered (real, live-fetched)"
FAC0044,Government Hospital,General Hospital,Ballari,Karnataka,15.1532729,76.9252722,7569754284,"OpenStreetMap Overpass API, government-facility-filtered (real, live-fetched)"
FAC0045,Government Hospital,General Hospital,Ballari,Karnataka,15.1400842,76.9210396,7569754299,"OpenStreetMap Overpass API, government-facility-filtered (real, live-fetched)"
FAC0046,Primary Health Centre,PHC,Ballari,Karnataka,15.3296536,77.156144,7813207039,"OpenStreetMap Overpass API, government-facility-filtered (real, live-fetched)"
FAC0047,Government Hospital,General Hospital,Ballari,Karnataka,15.2378693,77.1541663,7813207042,"OpenStreetMap Overpass API, government-facility-filtered (real, live-fetched)"
FAC0048,Government Hospital,General Hospital,Ballari,Karnataka,15.5014121,76.5942483,8188037182,"OpenStreetMap Overpass API, government-facility-filtered (real, live-fetched)"
FAC0049,Government Hospital,General Hospital,Ballari,Karnataka,15.4571499,76.6410367,8188037197,"OpenStreetMap Overpass API, government-facility-filtered (real, live-fetched)"
FAC0050,Government Hospital,General Hospital,Ballari,Karnataka,15.4003732,76.9671293,8188037259,"OpenStreetMap Overpass API, government-facility-filtered (real, live-fetched)"
FAC0051,Primary Health Centre,PHC,Ballari,Karnataka,15.2689079,76.7844561,8188037361,"OpenStreetMap Overpass API, government-facility-filtered (real, live-fetched)"
FAC0052,Community Health Centre,CHC,Ballari,Karnataka,15.2399599,77.0535628,8188037387,"OpenStreetMap Overpass API, government-facility-filtered (real, live-fetched)"
FAC0053,Primary Health Center,PHC,Ballari,Karnataka,15.2247,76.5931,8188037388,"OpenStreetMap Overpass API, government-facility-filtered (real, live-fetched)"
FAC0054,PHC Kudithini,PHC,Ballari,Karnataka,15.1986199,76.759817,8188037394,"OpenStreetMap Overpass API, government-facility-filtered (real, live-fetched)"
FAC0055,"CHC, Kabburu",CHC,Belagavi,Karnataka,16.3494826,74.7259333,1472154947,"OpenStreetMap Overpass API, government-facility-filtered (real, live-fetched)"
FAC0056,"Government Hospital, Hallur",General Hospital,Belagavi,Karnataka,16.372917,75.0063727,7205356283,"OpenStreetMap Overpass API, government-facility-filtered (real, live-fetched)"
FAC0057,"PHC, Balobal",PHC,Belagavi,Karnataka,16.216996,74.877179,7205356291,"OpenStreetMap Overpass API, government-facility-filtered (real, live-fetched)"
FAC0058,Naganur PHC,PHC,Belagavi,Karnataka,16.3134103,74.9200517,7205356295,"OpenStreetMap Overpass API, government-facility-filtered (real, live-fetched)"
FAC0059,Mahalingapur CHC,CHC,Belagavi,Karnataka,16.3792441,75.1148823,7205356312,"OpenStreetMap Overpass API, government-facility-filtered (real, live-fetched)"
FAC0060,"PHC, Bhairanatti",PHC,Belagavi,Karnataka,16.288267,75.009849,7205356314,"OpenStreetMap Overpass API, government-facility-filtered (real, live-fetched)"
FAC0061,"PHC, Konnur",PHC,Belagavi,Karnataka,16.2004603,74.745066,7205356337,"OpenStreetMap Overpass API, government-facility-filtered (real, live-fetched)"
FAC0062,"PHC, Ammanagi",PHC,Belagavi,Karnataka,16.2911489,74.5498665,7205356341,"OpenStreetMap Overpass API, government-facility-filtered (real, live-fetched)"
FAC0063,Mugulkhod CHC,CHC,Belagavi,Karnataka,16.4353535,74.963283,7205356344,"OpenStreetMap Overpass API, government-facility-filtered (real, live-fetched)"
FAC0064,"CHC, Mudalagi",CHC,Belagavi,Karnataka,16.336182,74.956406,7205356349,"OpenStreetMap Overpass API, government-facility-filtered (real, live-fetched)"
FAC0065,"Kuligod ,Government Hospital",General Hospital,Belagavi,Karnataka,16.244215,75.042448,7205356358,"OpenStreetMap Overpass API, government-facility-filtered (real, live-fetched)"
FAC0066,"Government Hospital, Melavanki",General Hospital,Belagavi,Karnataka,16.1814181,74.8818469,7205356359,"OpenStreetMap Overpass API, government-facility-filtered (real, live-fetched)"
FAC0067,"PHC, Belagali",PHC,Belagavi,Karnataka,16.3833051,75.1628165,7205356361,"OpenStreetMap Overpass API, government-facility-filtered (real, live-fetched)"
FAC0068,Hulloli PHC,PHC,Belagavi,Karnataka,16.2648342,74.6539168,7205356363,"OpenStreetMap Overpass API, government-facility-filtered (real, live-fetched)"
FAC0069,"Government Hospital, Shindikurbet",General Hospital,Belagavi,Karnataka,16.2154846,74.7988488,7205356369,"OpenStreetMap Overpass API, government-facility-filtered (real, live-fetched)"
FAC0070,"PHC, Karaganv",PHC,Belagavi,Karnataka,16.336789,74.6335283,7205356375,"OpenStreetMap Overpass API, government-facility-filtered (real, live-fetched)"
FAC0071,"Government Civil Hospital, Raibag",General Hospital,Belagavi,Karnataka,16.4908426,74.7790466,7205356379,"OpenStreetMap Overpass API, government-facility-filtered (real, live-fetched)"
FAC0072,"Government Hospital, Tukkanatti",General Hospital,Belagavi,Karnataka,16.3154341,74.872858,7205356397,"OpenStreetMap Overpass API, government-facility-filtered (real, live-fetched)"
FAC0073,Hidakal Government Hospital,General Hospital,Belagavi,Karnataka,16.4739227,74.9370712,7205356399,"OpenStreetMap Overpass API, government-facility-filtered (real, live-fetched)"
FAC0074,Malali PHC,PHC,Belagavi,Karnataka,16.3472009,75.2051676,7205356400,"OpenStreetMap Overpass API, government-facility-filtered (real, live-fetched)"
FAC0075,Hebbal Primary Health Centre,PHC,Belagavi,Karnataka,16.2198806,74.5239387,7205356403,"OpenStreetMap Overpass API, government-facility-filtered (real, live-fetched)"
FAC0076,Noginhal PHC,PHC,Belagavi,Karnataka,16.1934791,74.6803233,7205356407,"OpenStreetMap Overpass API, government-facility-filtered (real, live-fetched)"
FAC0077,"Government Hospital, Harugeri",General Hospital,Belagavi,Karnataka,16.5130686,74.9491495,7205356408,"OpenStreetMap Overpass API, government-facility-filtered (real, live-fetched)"
FAC0078,Government Hospital Tavag,General Hospital,Belagavi,Karnataka,16.0819242,74.807116,7205448342,"OpenStreetMap Overpass API, government-facility-filtered (real, live-fetched)"
FAC0079,"Hulakund, Government Hospital",General Hospital,Belagavi,Karnataka,16.1454176,75.1256857,7205448353,"OpenStreetMap Overpass API, government-facility-filtered (real, live-fetched)"
FAC0080,Khanagaon PHC,PHC,Belagavi,Karnataka,16.0220852,74.8268344,7205448355,"OpenStreetMap Overpass API, government-facility-filtered (real, live-fetched)"
FAC0081,"Government Hospital, Gokak",General Hospital,Belagavi,Karnataka,16.1626449,74.814992,7205448358,"OpenStreetMap Overpass API, government-facility-filtered (real, live-fetched)"
FAC0082,Murgod PHC,PHC,Belagavi,Karnataka,15.8919345,74.9258526,7205448362,"OpenStreetMap Overpass API, government-facility-filtered (real, live-fetched)"
FAC0083,Government Hospital Tallur,General Hospital,Belagavi,Karnataka,15.9161945,75.0171562,7205448365,"OpenStreetMap Overpass API, government-facility-filtered (real, live-fetched)"
FAC0084,Paschapur PHC,PHC,Belagavi,Karnataka,16.0983767,74.6927675,7205448371,"OpenStreetMap Overpass API, government-facility-filtered (real, live-fetched)"
FAC0085,Kadabi PHC,PHC,Belagavi,Karnataka,16.0057958,74.9581854,7205448379,"OpenStreetMap Overpass API, government-facility-filtered (real, live-fetched)"
FAC0086,"PHC, Akkatangerahala",PHC,Belagavi,Karnataka,16.037897,74.705899,7205448387,"OpenStreetMap Overpass API, government-facility-filtered (real, live-fetched)"
FAC0087,"PHC, Deshnur",PHC,Belagavi,Karnataka,15.9137295,74.7424813,7205448388,"OpenStreetMap Overpass API, government-facility-filtered (real, live-fetched)"
FAC0088,"PHC, Budnur",PHC,Belagavi,Karnataka,16.077594,75.232061,7205448394,"OpenStreetMap Overpass API, government-facility-filtered (real, live-fetched)"
FAC0089,Yaragatti Government Hospital,General Hospital,Belagavi,Karnataka,15.964997,75.024109,7205448401,"OpenStreetMap Overpass API, government-facility-filtered (real, live-fetched)"
FAC0090,Government Hospital Hudali,General Hospital,Belagavi,Karnataka,15.9846229,74.6641955,7205448402,"OpenStreetMap Overpass API, government-facility-filtered (real, live-fetched)"
FAC0091,Inchal PHC,PHC,Belagavi,Karnataka,15.880917,74.8370653,7205448407,"OpenStreetMap Overpass API, government-facility-filtered (real, live-fetched)"
FAC0092,"Madlur, Government Hospital",General Hospital,Belagavi,Karnataka,15.88567,75.064559,7205448412,"OpenStreetMap Overpass API, government-facility-filtered (real, live-fetched)"
FAC0093,Government Hospital Hosur,General Hospital,Belagavi,Karnataka,15.8181335,74.9305287,7205448423,"OpenStreetMap Overpass API, government-facility-filtered (real, live-fetched)"
FAC0094,Government Hospital Sulebhavi,General Hospital,Belagavi,Karnataka,15.891369,74.661601,7205448441,"OpenStreetMap Overpass API, government-facility-filtered (real, live-fetched)"
FAC0095,Islampur PHC,PHC,Belagavi,Karnataka,16.0492425,74.5687322,7205448443,"OpenStreetMap Overpass API, government-facility-filtered (real, live-fetched)"
FAC0096,Primary Health Centre Naganur,PHC,Belagavi,Karnataka,16.3133179,74.9199826,8188036753,"OpenStreetMap Overpass API, government-facility-filtered (real, live-fetched)"
FAC0097,Government Hospital,General Hospital,Belagavi,Karnataka,16.0379348,74.7059516,8188036877,"OpenStreetMap Overpass API, government-facility-filtered (real, live-fetched)"
FAC0098,Doddaballapur Government Hospital,General Hospital,Bengaluru North,Karnataka,13.2922861,77.5440493,6948612047,"OpenStreetMap Overpass API, government-facility-filtered (real, live-fetched)"
FAC0099,"Govt hospital,Rajanukunte",General Hospital,Bengaluru North,Karnataka,13.175209,77.564562,7202935764,"OpenStreetMap Overpass API, government-facility-filtered (real, live-fetched)"
FAC0100,Hesaraghatta Primary Health Centre,PHC,Bengaluru North,Karnataka,13.1374708,77.491628,7202935773,"OpenStreetMap Overpass API, government-facility-filtered (real, live-fetched)"
FAC0101,PHC Bettahalasuru,PHC,Bengaluru North,Karnataka,13.159233,77.611078,7202935785,"OpenStreetMap Overpass API, government-facility-filtered (real, live-fetched)"
FAC0102,Karuna Trust PHC,PHC,Bengaluru North,Karnataka,13.2085184,77.380834,7202935805,"OpenStreetMap Overpass API, government-facility-filtered (real, live-fetched)"
FAC0103,Sadahalli PHC,PHC,Bengaluru North,Karnataka,13.206189,77.6458547,7202935873,"OpenStreetMap Overpass API, government-facility-filtered (real, live-fetched)"
FAC0104,"PHC, Aradeshanahalli",PHC,Bengaluru North,Karnataka,13.220204,77.561736,7202935874,"OpenStreetMap Overpass API, government-facility-filtered (real, live-fetched)"
FAC0105,"PHC, Dodda Tumkur",PHC,Bengaluru North,Karnataka,13.226201,77.527476,7202935884,"OpenStreetMap Overpass API, government-facility-filtered (real, live-fetched)"
FAC0106,Chikkajala Primary Health Centre,PHC,Bengaluru North,Karnataka,13.1734414,77.6343099,7202935901,"OpenStreetMap Overpass API, government-facility-filtered (real, live-fetched)"
FAC0107,Kanasavadi PHC,PHC,Bengaluru North,Karnataka,13.204508,77.435678,7202935904,"OpenStreetMap Overpass API, government-facility-filtered (real, live-fetched)"
FAC0108,Sonnenahalli Primary Health Centre,PHC,Bengaluru North,Karnataka,13.1939965,77.5017962,7202935905,"OpenStreetMap Overpass API, government-facility-filtered (real, live-fetched)"
FAC0109,Maralenahalli PHC,PHC,Bengaluru North,Karnataka,13.3282724,77.473145,7202986968,"OpenStreetMap Overpass API, government-facility-filtered (real, live-fetched)"
FAC0110,Kundana PHC,PHC,Bengaluru North,Karnataka,13.257421,77.619129,7202986984,"OpenStreetMap Overpass API, government-facility-filtered (real, live-fetched)"
FAC0111,"Government Hospital, Hosahalli",General Hospital,Bengaluru North,Karnataka,13.438696,77.4605012,7202987008,"OpenStreetMap Overpass API, government-facility-filtered (real, live-fetched)"
FAC0112,Kallinayakana Halli Phc,PHC,Bengaluru North,Karnataka,13.470516,77.5144384,7202987015,"OpenStreetMap Overpass API, government-facility-filtered (real, live-fetched)"
FAC0113,Government Hospital Tubagere PHC,PHC,Bengaluru North,Karnataka,13.3718928,77.5690161,7202987017,"OpenStreetMap Overpass API, government-facility-filtered (real, live-fetched)"
FAC0114,Koira PHC,PHC,Bengaluru North,Karnataka,13.304895,77.6408518,7202987026,"OpenStreetMap Overpass API, government-facility-filtered (real, live-fetched)"
FAC0115,S.S.Ghati PHC,PHC,Bengaluru North,Karnataka,13.41005,77.530724,7202987067,"OpenStreetMap Overpass API, government-facility-filtered (real, live-fetched)"
FAC0116,Koneghatta PHC,PHC,Bengaluru North,Karnataka,13.3125316,77.6013685,7202987100,"OpenStreetMap Overpass API, government-facility-filtered (real, live-fetched)"
FAC0117,PHC Doddahejjaji,PHC,Bengaluru North,Karnataka,13.2711993,77.4161573,7202987130,"OpenStreetMap Overpass API, government-facility-filtered (real, live-fetched)"
FAC0118,Primary Health Centre,PHC,Bengaluru North,Karnataka,13.1870435,77.5501808,7579683211,"OpenStreetMap Overpass API, government-facility-filtered (real, live-fetched)"
FAC0119,Government Hospital,General Hospital,Bengaluru South,Karnataka,12.680279,77.4693911,1466742313,"OpenStreetMap Overpass API, government-facility-filtered (real, live-fetched)"
FAC0120,"Government Hospital, Harohalli",General Hospital,Bengaluru South,Karnataka,12.6855324,77.4732538,7202721810,"OpenStreetMap Overpass API, government-facility-filtered (real, live-fetched)"
FAC0121,Sugganahalli Primary Health Centre,PHC,Bengaluru South,Karnataka,12.7983332,77.3215887,7202723917,"OpenStreetMap Overpass API, government-facility-filtered (real, live-fetched)"
FAC0122,Jaalamangala government hospital,General Hospital,Bengaluru South,Karnataka,12.8171676,77.2229377,7202723922,"OpenStreetMap Overpass API, government-facility-filtered (real, live-fetched)"
FAC0123,Government Hospital Kailancha,General Hospital,Bengaluru South,Karnataka,12.6689543,77.3280542,7202723923,"OpenStreetMap Overpass API, government-facility-filtered (real, live-fetched)"
FAC0124,Honganur Primary Health Centre,PHC,Bengaluru South,Karnataka,12.598783,77.217958,7202723932,"OpenStreetMap Overpass API, government-facility-filtered (real, live-fetched)"
FAC0125,Ramanagara District Hospital,District Hospital,Bengaluru South,Karnataka,12.7184139,77.2808582,7202723933,"OpenStreetMap Overpass API, government-facility-filtered (real, live-fetched)"
FAC0126,"Government Hospital, Channapatna",General Hospital,Bengaluru South,Karnataka,12.6564697,77.2026888,7202723952,"OpenStreetMap Overpass API, government-facility-filtered (real, live-fetched)"
FAC0127,"Government Hospital, Mylanayakana Hosahalli",General Hospital,Bengaluru South,Karnataka,12.6779968,77.163067,7202723956,"OpenStreetMap Overpass API, government-facility-filtered (real, live-fetched)"
FAC0128,"Government Hospital, Gankal",General Hospital,Bengaluru South,Karnataka,12.8502574,77.351978,7202723961,"OpenStreetMap Overpass API, government-facility-filtered (real, live-fetched)"
FAC0129,Tungani PHC,PHC,Bengaluru South,Karnataka,12.5926337,77.4324442,7202723968,"OpenStreetMap Overpass API, government-facility-filtered (real, live-fetched)"
FAC0130,"Government Hospital, Byramangala",General Hospital,Bengaluru South,Karnataka,12.7501642,77.4223844,7202723969,"OpenStreetMap Overpass API, government-facility-filtered (real, live-fetched)"
FAC0131,"Government Hospital, Channapatna TH",General Hospital,Bengaluru South,Karnataka,12.6571439,77.2039557,7202723985,"OpenStreetMap Overpass API, government-facility-filtered (real, live-fetched)"
FAC0132,Primary Health Centre Ajjanahalli,PHC,Bengaluru South,Karnataka,12.8577741,77.2485273,7202724000,"OpenStreetMap Overpass API, government-facility-filtered (real, live-fetched)"
FAC0133,Paduvanagare Primary Health Centre,PHC,Bengaluru South,Karnataka,12.6133351,77.4599703,7202724008,"OpenStreetMap Overpass API, government-facility-filtered (real, live-fetched)"
FAC0134,"Primary Health Centre, Chikkamudavadi",PHC,Bengaluru South,Karnataka,12.616485,77.375025,7202724014,"OpenStreetMap Overpass API, government-facility-filtered (real, live-fetched)"
FAC0135,"Government Hospital, Bidadi",General Hospital,Bengaluru South,Karnataka,12.7962258,77.3850964,7202724016,"OpenStreetMap Overpass API, government-facility-filtered (real, live-fetched)"
FAC0136,Primary Health Centre Akkuru,PHC,Bengaluru South,Karnataka,12.8197336,77.1760075,7202724029,"OpenStreetMap Overpass API, government-facility-filtered (real, live-fetched)"
FAC0137,Primary Health Centre,PHC,Bengaluru South,Karnataka,12.8387341,77.2960447,7202724032,"OpenStreetMap Overpass API, government-facility-filtered (real, live-fetched)"
FAC0138,Government Hospital B. V. Halli,General Hospital,Bengaluru South,Karnataka,12.5830507,77.2563419,7202724036,"OpenStreetMap Overpass API, government-facility-filtered (real, live-fetched)"
FAC0139,Santhe Mogenahalli Primary Health Centre,PHC,Bengaluru South,Karnataka,12.590012,77.20805,7202724040,"OpenStreetMap Overpass API, government-facility-filtered (real, live-fetched)"
FAC0140,Government Hospital SRS Betta,General Hospital,Bengaluru South,Karnataka,12.6414152,77.3299069,7202724054,"OpenStreetMap Overpass API, government-facility-filtered (real, live-fetched)"
FAC0141,"Government Hospital, Gejjagaraguppe",General Hospital,Bengaluru South,Karnataka,12.853136,77.196963,7202724068,"OpenStreetMap Overpass API, government-facility-filtered (real, live-fetched)"
FAC0142,Kanva Government Hospital,PHC,Bengaluru South,Karnataka,12.7340585,77.1928328,7202724073,"OpenStreetMap Overpass API, government-facility-filtered (real, live-fetched)"
FAC0143,Government Primary Health Centre,PHC,Bengaluru Urban,Karnataka,12.9503234,77.6162619,663604723,"OpenStreetMap Overpass API, government-facility-filtered (real, live-fetched)"
FAC0144,Government Maternity Hospital,General Hospital,Bengaluru Urban,Karnataka,12.9988604,77.5817424,1101622501,"OpenStreetMap Overpass API, government-facility-filtered (real, live-fetched)"
FAC0145,ESI Hospital,General Hospital,Bengaluru Urban,Karnataka,12.995242,77.6523255,1436177631,"OpenStreetMap Overpass API, government-facility-filtered (real, live-fetched)"
FAC0146,Government Primary Health Centre,PHC,Bengaluru Urban,Karnataka,13.003447,77.504284,1794166166,"OpenStreetMap Overpass API, government-facility-filtered (real, live-fetched)"
FAC0147,"Government Primary Healthcare Center, Begur",General Hospital,Bengaluru Urban,Karnataka,12.8778532,77.6246582,1818494842,"OpenStreetMap Overpass API, government-facility-filtered (real, live-fetched)"
FAC0148,ESi Hospital,General Hospital,Bengaluru Urban,Karnataka,13.0077936,77.6923101,2475284844,"OpenStreetMap Overpass API, government-facility-filtered (real, live-fetched)"
FAC0149,Konanakunte Government Hospital,General Hospital,Bengaluru Urban,Karnataka,12.8840897,77.5664029,3100475907,"OpenStreetMap Overpass API, government-facility-filtered (real, live-fetched)"
FAC0150,Government Hospital,General Hospital,Bengaluru Urban,Karnataka,12.8870605,77.603414,3607116665,"OpenStreetMap Overpass API, government-facility-filtered (real, live-fetched)"
FAC0151,NH Narayana municipal clinic,PHC,Bengaluru Urban,Karnataka,12.8490202,77.6575628,3633415015,"OpenStreetMap Overpass API, government-facility-filtered (real, live-fetched)"
FAC0152,CGHS Dispensary No.10,PHC,Bengaluru Urban,Karnataka,12.9871041,77.6620214,4141966889,"OpenStreetMap Overpass API, government-facility-filtered (real, live-fetched)"
FAC0153,CGHS Dispensary,PHC,Bengaluru Urban,Karnataka,12.9605285,77.640123,4322754690,"OpenStreetMap Overpass API, government-facility-filtered (real, live-fetched)"
FAC0154,CGHS Dispensary No.1,PHC,Bengaluru Urban,Karnataka,12.9805291,77.6032027,4446306461,"OpenStreetMap Overpass API, government-facility-filtered (real, live-fetched)"
FAC0155,Yemaluru Primary Health Centre,PHC,Bengaluru Urban,Karnataka,12.9446323,77.678789,4446533643,"OpenStreetMap Overpass API, government-facility-filtered (real, live-fetched)"
FAC0156,Government Hospital,PHC,Bengaluru Urban,Karnataka,12.907453,77.5785311,4456310690,"OpenStreetMap Overpass API, government-facility-filtered (real, live-fetched)"
FAC0157,Agarahara Government Hospital,General Hospital,Bengaluru Urban,Karnataka,13.0957329,77.6273067,4544234694,"OpenStreetMap Overpass API, government-facility-filtered (real, live-fetched)"
FAC0158,Government Maternity Home,General Hospital,Bengaluru Urban,Karnataka,12.9983402,77.6200927,4577045761,"OpenStreetMap Overpass API, government-facility-filtered (real, live-fetched)"
FAC0159,Government Health Center,PHC,Bengaluru Urban,Karnataka,12.984816,77.6656733,4680308696,"OpenStreetMap Overpass API, government-facility-filtered (real, live-fetched)"
FAC0160,Government Hospital,General Hospital,Bengaluru Urban,Karnataka,12.966103,77.5549647,5259407821,"OpenStreetMap Overpass API, government-facility-filtered (real, live-fetched)"
FAC0161,Kannamangala Primary Health Center,PHC,Bengaluru Urban,Karnataka,13.0308849,77.7599564,5356991434,"OpenStreetMap Overpass API, government-facility-filtered (real, live-fetched)"
FAC0162,Ward 113 PHC,PHC,Bengaluru Urban,Karnataka,12.9611724,77.6346628,5469022921,"OpenStreetMap Overpass API, government-facility-filtered (real, live-fetched)"
FAC0163,Kengeri Upanagara Government Hospital,General Hospital,Bengaluru Urban,Karnataka,12.9156896,77.4808065,6809801083,"OpenStreetMap Overpass API, government-facility-filtered (real, live-fetched)"
FAC0164,National Institute of Mental Health and Neuro Sciences,General Hospital,Bengaluru Urban,Karnataka,12.9386321,77.5944105,6938777910,"OpenStreetMap Overpass API, government-facility-filtered (real, live-fetched)"
FAC0165,CGHS Dispensary No.9,PHC,Bengaluru Urban,Karnataka,13.0228314,77.5863478,6938864296,"OpenStreetMap Overpass API, government-facility-filtered (real, live-fetched)"
FAC0166,CGHS Dispensary No.6,PHC,Bengaluru Urban,Karnataka,12.9417462,77.580349,6938864297,"OpenStreetMap Overpass API, government-facility-filtered (real, live-fetched)"
FAC0167,CGHS Dispensary No.5,PHC,Bengaluru Urban,Karnataka,12.973992,77.5410224,6938864298,"OpenStreetMap Overpass API, government-facility-filtered (real, live-fetched)"
FAC0168,CGHS Dispensary No.4,PHC,Bengaluru Urban,Karnataka,12.976032,77.6254061,6938864303,"OpenStreetMap Overpass API, government-facility-filtered (real, live-fetched)"
FAC0169,CGHS Dispensary No.7,PHC,Bengaluru Urban,Karnataka,12.9251521,77.6245022,6939418124,"OpenStreetMap Overpass API, government-facility-filtered (real, live-fetched)"
FAC0170,J.P.Nursing Home,General Hospital,Bengaluru Urban,Karnataka,13.0098352,77.5384723,6944543261,"OpenStreetMap Overpass API, government-facility-filtered (real, live-fetched)"
FAC0171,Roopena Agrahara Government Hospital,General Hospital,Bengaluru Urban,Karnataka,12.9102142,77.6244654,7202723905,"OpenStreetMap Overpass API, government-facility-filtered (real, live-fetched)"
FAC0172,Yamluru Urban Primary Health Centre,PHC,Bengaluru Urban,Karnataka,12.9445539,77.6788678,7202723921,"OpenStreetMap Overpass API, government-facility-filtered (real, live-fetched)"
FAC0173,Vishweshwarapura PHC,PHC,Bengaluru Urban,Karnataka,12.9531492,77.5771021,7202723925,"OpenStreetMap Overpass API, government-facility-filtered (real, live-fetched)"
FAC0174,"PHC, Gottigere",PHC,Bengaluru Urban,Karnataka,12.8562745,77.5886615,7202723931,"OpenStreetMap Overpass API, government-facility-filtered (real, live-fetched)"
FAC0175,Hebbagodi Urban Primary Health Centre,PHC,Bengaluru Urban,Karnataka,12.8178149,77.6687749,7202723958,"OpenStreetMap Overpass API, government-facility-filtered (real, live-fetched)"
FAC0176,Marathalli PHC,PHC,Bengaluru Urban,Karnataka,12.953839,77.693524,7202723960,"OpenStreetMap Overpass API, government-facility-filtered (real, live-fetched)"
FAC0177,Uttarahalli Primary Health Centre,PHC,Bengaluru Urban,Karnataka,12.9065346,77.5436318,7202723976,"OpenStreetMap Overpass API, government-facility-filtered (real, live-fetched)"
FAC0178,Government Hospital SULIKERE,General Hospital,Bengaluru Urban,Karnataka,12.938541,77.4485,7202723984,"OpenStreetMap Overpass API, government-facility-filtered (real, live-fetched)"
FAC0179,Kengeri Community Health Centre,CHC,Bengaluru Urban,Karnataka,12.9097728,77.4821494,7202724010,"OpenStreetMap Overpass API, government-facility-filtered (real, live-fetched)"
FAC0180,"PHC, Bommanahalli",PHC,Bengaluru Urban,Karnataka,12.9002942,77.6198236,7202724013,"OpenStreetMap Overpass API, government-facility-filtered (real, live-fetched)"
FAC0181,Yalechenahalli Urban Primary Health Centre,PHC,Bengaluru Urban,Karnataka,12.9005095,77.5704067,7202724050,"OpenStreetMap Overpass API, government-facility-filtered (real, live-fetched)"
FAC0182,"Government Hospital, Gunjur",General Hospital,Bengaluru Urban,Karnataka,12.922327,77.736038,7202724055,"OpenStreetMap Overpass API, government-facility-filtered (real, live-fetched)"
FAC0183,Kadugondanhalli CHC,CHC,Bengaluru Urban,Karnataka,13.0207209,77.6187971,7202935746,"OpenStreetMap Overpass API, government-facility-filtered (real, live-fetched)"
FAC0184,Thippenalli Government Hospital,General Hospital,Bengaluru Urban,Karnataka,13.031132,77.483923,7202935749,"OpenStreetMap Overpass API, government-facility-filtered (real, live-fetched)"
FAC0185,Kuvempunagara PHC,PHC,Bengaluru Urban,Karnataka,13.0613988,77.5513738,7202935755,"OpenStreetMap Overpass API, government-facility-filtered (real, live-fetched)"
FAC0186,CHC Avalahalli,CHC,Bengaluru Urban,Karnataka,13.0369579,77.7368249,7202935778,"OpenStreetMap Overpass API, government-facility-filtered (real, live-fetched)"
FAC0187,Vibuthipura PHC,PHC,Bengaluru Urban,Karnataka,12.964719,77.677864,7202935788,"OpenStreetMap Overpass API, government-facility-filtered (real, live-fetched)"
FAC0188,"PHC, Chikkabanavara",PHC,Bengaluru Urban,Karnataka,13.088688,77.495298,7202935794,"OpenStreetMap Overpass API, government-facility-filtered (real, live-fetched)"
FAC0189,Laggere Government Hospital,General Hospital,Bengaluru Urban,Karnataka,13.009817,77.5231852,7202935803,"OpenStreetMap Overpass API, government-facility-filtered (real, live-fetched)"
FAC0190,Seegehalli Government Hospital,General Hospital,Bengaluru Urban,Karnataka,13.0164321,77.7169887,7202935809,"OpenStreetMap Overpass API, government-facility-filtered (real, live-fetched)"
FAC0191,Jalahalli PHC,PHC,Bengaluru Urban,Karnataka,13.0476459,77.5494918,7202935816,"OpenStreetMap Overpass API, government-facility-filtered (real, live-fetched)"
FAC0192,K Narayanapura Urban Primary Health Centre,PHC,Bengaluru Urban,Karnataka,13.0631921,77.6423476,7202935818,"OpenStreetMap Overpass API, government-facility-filtered (real, live-fetched)"
FAC0193,Ullalu Government Hospital,General Hospital,Bengaluru Urban,Karnataka,12.9629127,77.4751834,7202935821,"OpenStreetMap Overpass API, government-facility-filtered (real, live-fetched)"
FAC0194,K.C. General Hospital,General Hospital,Bengaluru Urban,Karnataka,12.993382,77.5694167,7202935829,"OpenStreetMap Overpass API, government-facility-filtered (real, live-fetched)"
FAC0195,Herohalli Urban Primary Health Centre,PHC,Bengaluru Urban,Karnataka,12.987823,77.493408,7202935832,"OpenStreetMap Overpass API, government-facility-filtered (real, live-fetched)"
FAC0196,Urban Primary Health Centre Atturu,PHC,Bengaluru Urban,Karnataka,13.102752,77.566548,7202935833,"OpenStreetMap Overpass API, government-facility-filtered (real, live-fetched)"
FAC0197,NELAMAHESHWARI Government Hospital,General Hospital,Bengaluru Urban,Karnataka,13.049152,77.510442,7202935849,"OpenStreetMap Overpass API, government-facility-filtered (real, live-fetched)"
FAC0198,Mallathahalli Urban Primary Health Centre,PHC,Bengaluru Urban,Karnataka,12.9631252,77.5044235,7202935856,"OpenStreetMap Overpass API, government-facility-filtered (real, live-fetched)"
FAC0199,Kodigehalli Urban Primary Health Centre,PHC,Bengaluru Urban,Karnataka,13.059614,77.576746,7202935857,"OpenStreetMap Overpass API, government-facility-filtered (real, live-fetched)"
FAC0200,M S Palya Urban Primary Health Centre,PHC,Bengaluru Urban,Karnataka,13.08035,77.553445,7202935858,"OpenStreetMap Overpass API, government-facility-filtered (real, live-fetched)"
FAC0201,Siddapura PHC,PHC,Bengaluru Urban,Karnataka,12.9555995,77.7317039,7202935889,"OpenStreetMap Overpass API, government-facility-filtered (real, live-fetched)"
FAC0202,PHC Bidarahalli,PHC,Bengaluru Urban,Karnataka,13.0598642,77.716249,7202935892,"OpenStreetMap Overpass API, government-facility-filtered (real, live-fetched)"
FAC0203,Kadugodi Urban Primary Health Centre,PHC,Bengaluru Urban,Karnataka,12.997295,77.7615296,7202935906,"OpenStreetMap Overpass API, government-facility-filtered (real, live-fetched)"
FAC0204,Government Hospital,General Hospital,Bengaluru Urban,Karnataka,12.9780731,77.5251934,7572526703,"OpenStreetMap Overpass API, government-facility-filtered (real, live-fetched)"
FAC0205,"PHC, Kalarani",PHC,Bengaluru Urban,Karnataka,12.978877,77.5373969,7572526721,"OpenStreetMap Overpass API, government-facility-filtered (real, live-fetched)"
FAC0206,Government Hospital,General Hospital,Bengaluru Urban,Karnataka,12.9639829,77.5188899,7572526783,"OpenStreetMap Overpass API, government-facility-filtered (real, live-fetched)"
FAC0207,Corporation Hospital,General Hospital,Bengaluru Urban,Karnataka,12.961345,77.560893,7576958043,"OpenStreetMap Overpass API, government-facility-filtered (real, live-fetched)"
FAC0208,Government Hospital,General Hospital,Bengaluru Urban,Karnataka,12.9609494,77.5613939,7576958052,"OpenStreetMap Overpass API, government-facility-filtered (real, live-fetched)"
FAC0209,"Government Hospital, Banglore",General Hospital,Bengaluru Urban,Karnataka,12.9587464,77.5573456,7576958061,"OpenStreetMap Overpass API, government-facility-filtered (real, live-fetched)"
FAC0210,Government Hospital,General Hospital,Bengaluru Urban,Karnataka,12.949104,77.563226,7576958066,"OpenStreetMap Overpass API, government-facility-filtered (real, live-fetched)"
FAC0211,ESI Hospital,General Hospital,Bengaluru Urban,Karnataka,12.972126,77.573351,7576958095,"OpenStreetMap Overpass API, government-facility-filtered (real, live-fetched)"
FAC0212,Government Hospital,General Hospital,Bengaluru Urban,Karnataka,13.0903942,77.4966765,8188038448,"OpenStreetMap Overpass API, government-facility-filtered (real, live-fetched)"
FAC0213,Government Hospital,General Hospital,Bengaluru Urban,Karnataka,13.0803204,77.5535057,8188038457,"OpenStreetMap Overpass API, government-facility-filtered (real, live-fetched)"
FAC0214,Government Hospital,General Hospital,Bengaluru Urban,Karnataka,13.070554,77.5388968,8188038473,"OpenStreetMap Overpass API, government-facility-filtered (real, live-fetched)"
FAC0215,Esi Dispensary,General Hospital,Bengaluru Urban,Karnataka,13.0439933,77.5065494,8188038553,"OpenStreetMap Overpass API, government-facility-filtered (real, live-fetched)"
FAC0216,Esi Hospital Peenya 1st Stage,General Hospital,Bengaluru Urban,Karnataka,13.0280728,77.5231858,8188038584,"OpenStreetMap Overpass API, government-facility-filtered (real, live-fetched)"
FAC0217,ESI Hospital,General Hospital,Bengaluru Urban,Karnataka,13.004596,77.5540033,8188038681,"OpenStreetMap Overpass API, government-facility-filtered (real, live-fetched)"
FAC0218,K.C.General Hospital,General Hospital,Bengaluru Urban,Karnataka,12.9960244,77.5693714,8188038718,"OpenStreetMap Overpass API, government-facility-filtered (real, live-fetched)"
FAC0219,Government Hospital,General Hospital,Bengaluru Urban,Karnataka,12.9905045,77.5566355,8188038742,"OpenStreetMap Overpass API, government-facility-filtered (real, live-fetched)"
FAC0220,Esi Hospital Bangalore,General Hospital,Bengaluru Urban,Karnataka,12.9904985,77.5530924,8188038743,"OpenStreetMap Overpass API, government-facility-filtered (real, live-fetched)"
FAC0221,Government Hospital,General Hospital,Bengaluru Urban,Karnataka,12.9844963,77.5551801,8188038786,"OpenStreetMap Overpass API, government-facility-filtered (real, live-fetched)"
FAC0222,My Dentist,General Hospital,Bengaluru Urban,Karnataka,12.9429852,77.5460604,9934012104,"OpenStreetMap Overpass API, government-facility-filtered (real, live-fetched)"
FAC0223,NIMHANS Department Of Psychiatric and Neuro Rehabilitation,General Hospital,Bengaluru Urban,Karnataka,12.9400516,77.5954768,11295071515,"OpenStreetMap Overpass API, government-facility-filtered (real, live-fetched)"
FAC0224,Nimhans Mr-pet Center,General Hospital,Bengaluru Urban,Karnataka,12.9396498,77.5967825,11295217457,"OpenStreetMap Overpass API, government-facility-filtered (real, live-fetched)"
FAC0225,NIMHANS Physiotherapy Center,General Hospital,Bengaluru Urban,Karnataka,12.9402037,77.5954721,11295246682,"OpenStreetMap Overpass API, government-facility-filtered (real, live-fetched)"
FAC0226,Namma Clinic,PHC,Bengaluru Urban,Karnataka,13.097981,77.5696584,12412564743,"OpenStreetMap Overpass API, government-facility-filtered (real, live-fetched)"
FAC0227,Namma Clinic,PHC,Bengaluru Urban,Karnataka,12.9645507,77.748775,13976772623,"OpenStreetMap Overpass API, government-facility-filtered (real, live-fetched)"
FAC0228,Government Hospital,General Hospital,Bidar,Karnataka,17.7736144,77.1248676,2844055109,"OpenStreetMap Overpass API, government-facility-filtered (real, live-fetched)"
FAC0229,Muchalamba Primary Health Centre,PHC,Bidar,Karnataka,17.9455522,77.0382228,7205339596,"OpenStreetMap Overpass API, government-facility-filtered (real, live-fetched)"
FAC0230,Hulsoor CHC,CHC,Bidar,Karnataka,18.0113894,77.0039886,7205339597,"OpenStreetMap Overpass API, government-facility-filtered (real, live-fetched)"
FAC0231,Nittur B CHC,CHC,Bidar,Karnataka,18.1016032,77.3517881,7205339601,"OpenStreetMap Overpass API, government-facility-filtered (real, live-fetched)"
FAC0232,Aurad Government Taluk Hospital,Taluk Hospital,Bidar,Karnataka,18.2510173,77.413347,7205339605,"OpenStreetMap Overpass API, government-facility-filtered (real, live-fetched)"
FAC0233,Hedgapur Government Hospital,General Hospital,Bidar,Karnataka,18.1194738,77.3787284,7205339637,"OpenStreetMap Overpass API, government-facility-filtered (real, live-fetched)"
FAC0234,Lakhangaon Primary Health Centre,PHC,Bidar,Karnataka,18.1755985,77.1287072,7205339641,"OpenStreetMap Overpass API, government-facility-filtered (real, live-fetched)"
FAC0235,Mudhol B Primary Health Centre,PHC,Bidar,Karnataka,18.224751,77.30878,7205339680,"OpenStreetMap Overpass API, government-facility-filtered (real, live-fetched)"
FAC0236,"Primary Health Centre, Halbarga",PHC,Bidar,Karnataka,17.9933281,77.3263551,7205339712,"OpenStreetMap Overpass API, government-facility-filtered (real, live-fetched)"
FAC0237,Primary Health Centre Bhatambra,PHC,Bidar,Karnataka,18.06317,77.171425,7205339713,"OpenStreetMap Overpass API, government-facility-filtered (real, live-fetched)"
FAC0238,Thana Kushnuru Primary Health Centre,PHC,Bidar,Karnataka,18.1567392,77.3291781,7205339717,"OpenStreetMap Overpass API, government-facility-filtered (real, live-fetched)"
FAC0239,"Government Hospital, Chillargi",General Hospital,Bidar,Karnataka,17.9944941,77.6213286,7205339751,"OpenStreetMap Overpass API, government-facility-filtered (real, live-fetched)"
FAC0240,Janawada PHC,PHC,Bidar,Karnataka,18.0011793,77.4818462,7205339752,"OpenStreetMap Overpass API, government-facility-filtered (real, live-fetched)"
FAC0241,Santhpur CHC,CHC,Bidar,Karnataka,18.1609879,77.4383027,7205339756,"OpenStreetMap Overpass API, government-facility-filtered (real, live-fetched)"
FAC0242,Kamathana Primary Health Centre,PHC,Bidar,Karnataka,17.8578984,77.4478237,7205437062,"OpenStreetMap Overpass API, government-facility-filtered (real, live-fetched)"
FAC0243,Primary Health Centre Ghatboral,PHC,Bidar,Karnataka,17.8992689,77.076719,7205437066,"OpenStreetMap Overpass API, government-facility-filtered (real, live-fetched)"
FAC0244,Government Hospital,General Hospital,Bidar,Karnataka,17.9167731,77.5305489,7205437072,"OpenStreetMap Overpass API, government-facility-filtered (real, live-fetched)"
FAC0245,Kheni Ranjol Primary Health Centre,PHC,Bidar,Karnataka,17.797992,77.318143,7205437073,"OpenStreetMap Overpass API, government-facility-filtered (real, live-fetched)"
FAC0246,Kodambal Primary Health Centre,PHC,Bidar,Karnataka,17.6963301,77.2134338,7205437092,"OpenStreetMap Overpass API, government-facility-filtered (real, live-fetched)"
FAC0247,"Primary Health Centre, Anadoor",PHC,Bidar,Karnataka,17.913605,77.402028,7205437095,"OpenStreetMap Overpass API, government-facility-filtered (real, live-fetched)"
FAC0248,CHC Mannekhalli,CHC,Bidar,Karnataka,17.7268043,77.3666067,7205437096,"OpenStreetMap Overpass API, government-facility-filtered (real, live-fetched)"
FAC0249,Kankatta Primary Health Centre,PHC,Bidar,Karnataka,17.8312317,77.0911776,7205437100,"OpenStreetMap Overpass API, government-facility-filtered (real, live-fetched)"
FAC0250,Kitta Primary Health Centre,PHC,Bidar,Karnataka,17.8821963,77.0116732,7205437118,"OpenStreetMap Overpass API, government-facility-filtered (real, live-fetched)"
FAC0251,Manhalli Primary Health Centre,PHC,Bidar,Karnataka,17.7627981,77.5045458,7205437122,"OpenStreetMap Overpass API, government-facility-filtered (real, live-fetched)"
FAC0252,Basavakalyan Government Taluk Hospital,Taluk Hospital,Bidar,Karnataka,17.865194,76.945862,7205437139,"OpenStreetMap Overpass API, government-facility-filtered (real, live-fetched)"
FAC0253,Nirna Primary Health Centre,PHC,Bidar,Karnataka,17.6832809,77.3128786,7205437141,"OpenStreetMap Overpass API, government-facility-filtered (real, live-fetched)"
FAC0254,Urban Primary Health Centre Bidri Colony,PHC,Bidar,Karnataka,17.894416,77.5008698,7205437144,"OpenStreetMap Overpass API, government-facility-filtered (real, live-fetched)"
FAC0255,Hudagi Government Hospital,General Hospital,Bidar,Karnataka,17.761915,77.17663,7205437145,"OpenStreetMap Overpass API, government-facility-filtered (real, live-fetched)"
FAC0256,Government Hospital Warwatti,General Hospital,Bidar,Karnataka,17.9429012,77.118815,7205437149,"OpenStreetMap Overpass API, government-facility-filtered (real, live-fetched)"
FAC0257,Rajeshwar CHC,CHC,Bidar,Karnataka,17.7894342,77.0338349,7205437150,"OpenStreetMap Overpass API, government-facility-filtered (real, live-fetched)"
FAC0258,K. Chincholli Primary Health Centre,PHC,Bidar,Karnataka,17.892687,77.2044583,7205437167,"OpenStreetMap Overpass API, government-facility-filtered (real, live-fetched)"
FAC0259,Chitaguppa CHC,CHC,Bidar,Karnataka,17.6962349,77.2132876,7205437168,"OpenStreetMap Overpass API, government-facility-filtered (real, live-fetched)"
FAC0260,Kanaji Government Hospital,General Hospital,Bidar,Karnataka,17.9093843,77.3039695,7205437172,"OpenStreetMap Overpass API, government-facility-filtered (real, live-fetched)"
FAC0261,"PHC, Walandi",PHC,Bidar,Karnataka,18.2289665,76.9623627,7226627689,"OpenStreetMap Overpass API, government-facility-filtered (real, live-fetched)"
FAC0262,Government Hospital Aurad Sha,General Hospital,Bidar,Karnataka,18.056546,76.928506,7226627693,"OpenStreetMap Overpass API, government-facility-filtered (real, live-fetched)"
FAC0263,Shree Basaveshwara Children and General Hospital,General Hospital,Bidar,Karnataka,17.914339,77.5125868,7568674111,"OpenStreetMap Overpass API, government-facility-filtered (real, live-fetched)"
FAC0264,"Government Hospital, Togari",General Hospital,Bidar,Karnataka,18.2802244,77.1560879,7611025080,"OpenStreetMap Overpass API, government-facility-filtered (real, live-fetched)"
FAC0265,"Primary Health Centre, Borol",PHC,Bidar,Karnataka,18.2213052,77.1131146,7611830019,"OpenStreetMap Overpass API, government-facility-filtered (real, live-fetched)"
FAC0266,Government Hospital,General Hospital,Bidar,Karnataka,17.8991726,77.0767951,8188036274,"OpenStreetMap Overpass API, government-facility-filtered (real, live-fetched)"
FAC0267,Government Hospital,General Hospital,Bidar,Karnataka,17.7681879,77.1428724,8188036314,"OpenStreetMap Overpass API, government-facility-filtered (real, live-fetched)"
FAC0268,"Government Hospital, Karasguthy",General Hospital,Bidar,Karnataka,18.071227,77.6083606,8733738978,"OpenStreetMap Overpass API, government-facility-filtered (real, live-fetched)"
FAC0269,"Primary Health Centre, Mahekara",PHC,Bidar,Karnataka,18.0999767,77.0184182,10538803360,"OpenStreetMap Overpass API, government-facility-filtered (real, live-fetched)"
FAC0270,Primary Health Centre,PHC,Bidar,Karnataka,17.7096247,77.140232,10542481048,"OpenStreetMap Overpass API, government-facility-filtered (real, live-fetched)"
FAC0271,Government Health Subcentre,Sub-Centre,Bidar,Karnataka,18.0000187,77.5916693,11272624510,"OpenStreetMap Overpass API, government-facility-filtered (real, live-fetched)"
FAC0272,Government Health Subcentre,Sub-Centre,Bidar,Karnataka,17.9549916,77.1581955,11272659806,"OpenStreetMap Overpass API, government-facility-filtered (real, live-fetched)"
FAC0273,Government Health Subcentre,Sub-Centre,Bidar,Karnataka,17.9903204,77.26518,11272659837,"OpenStreetMap Overpass API, government-facility-filtered (real, live-fetched)"
FAC0274,Government Health Subcentre,Sub-Centre,Bidar,Karnataka,17.9437534,77.6043729,11272659838,"OpenStreetMap Overpass API, government-facility-filtered (real, live-fetched)"
FAC0275,Government Health Subcentre,Sub-Centre,Bidar,Karnataka,17.7808333,77.020918,11273031713,"OpenStreetMap Overpass API, government-facility-filtered (real, live-fetched)"
FAC0276,Government Health Subcentre,Sub-Centre,Bidar,Karnataka,17.9464193,77.0321759,11273031715,"OpenStreetMap Overpass API, government-facility-filtered (real, live-fetched)"
FAC0277,Government Health Subcentre,Sub-Centre,Bidar,Karnataka,18.1630771,76.9654338,11273031716,"OpenStreetMap Overpass API, government-facility-filtered (real, live-fetched)"
FAC0278,"PHC, Harave",PHC,Chamarajanagara,Karnataka,11.9391104,76.8069766,7202979367,"OpenStreetMap Overpass API, government-facility-filtered (real, live-fetched)"
FAC0279,Ummatturu PHC,PHC,Chamarajanagara,Karnataka,12.0629362,76.9057024,7202979379,"OpenStreetMap Overpass API, government-facility-filtered (real, live-fetched)"
FAC0280,Honnuru PHC,PHC,Chamarajanagara,Karnataka,12.061361,77.006829,7202979381,"OpenStreetMap Overpass API, government-facility-filtered (real, live-fetched)"
FAC0281,"PHC, Hallikere hundi",PHC,Chamarajanagara,Karnataka,12.1252221,76.8642246,7202979383,"OpenStreetMap Overpass API, government-facility-filtered (real, live-fetched)"
FAC0282,Government Hospital,General Hospital,Chamarajanagara,Karnataka,11.8422816,76.7065684,7202979389,"OpenStreetMap Overpass API, government-facility-filtered (real, live-fetched)"
FAC0283,"PHC, Chandakavadi",PHC,Chamarajanagara,Karnataka,11.9337147,77.0119154,7202979396,"OpenStreetMap Overpass API, government-facility-filtered (real, live-fetched)"
FAC0284,Honganooru PHC,PHC,Chamarajanagara,Karnataka,11.9844059,77.0413906,7202979401,"OpenStreetMap Overpass API, government-facility-filtered (real, live-fetched)"
FAC0285,Kuderu PHC,PHC,Chamarajanagara,Karnataka,12.0442654,76.9372043,7202979405,"OpenStreetMap Overpass API, government-facility-filtered (real, live-fetched)"
FAC0286,Hedathale PHC,PHC,Chamarajanagara,Karnataka,12.0494197,76.7368624,7202979412,"OpenStreetMap Overpass API, government-facility-filtered (real, live-fetched)"
FAC0287,Muguru Community Health Centre,CHC,Chamarajanagara,Karnataka,12.1309927,76.9422979,7202979420,"OpenStreetMap Overpass API, government-facility-filtered (real, live-fetched)"
FAC0288,"Government Hospital, Beguru",General Hospital,Chamarajanagara,Karnataka,11.9345404,76.6721646,7202979432,"OpenStreetMap Overpass API, government-facility-filtered (real, live-fetched)"
FAC0289,Panyadahundi PHC,PHC,Chamarajanagara,Karnataka,11.9932652,76.8592962,7202979436,"OpenStreetMap Overpass API, government-facility-filtered (real, live-fetched)"
FAC0290,Kaagalvadi PHC,PHC,Chamarajanagara,Karnataka,11.9602812,77.0189262,7202979438,"OpenStreetMap Overpass API, government-facility-filtered (real, live-fetched)"
FAC0291,Santemarahalli CHC,CHC,Chamarajanagara,Karnataka,12.047097,76.981691,7202979440,"OpenStreetMap Overpass API, government-facility-filtered (real, live-fetched)"
FAC0292,"PHC, Dasanur",PHC,Chamarajanagara,Karnataka,12.0313471,76.8929562,7202979443,"OpenStreetMap Overpass API, government-facility-filtered (real, live-fetched)"
FAC0293,"PHC, Chamarajanagar",PHC,Chamarajanagara,Karnataka,12.1202255,77.0198838,7202979449,"OpenStreetMap Overpass API, government-facility-filtered (real, live-fetched)"
FAC0294,"Government Hospital, Terakanambi",General Hospital,Chamarajanagara,Karnataka,11.8139493,76.7901583,7202979458,"OpenStreetMap Overpass API, government-facility-filtered (real, live-fetched)"
FAC0295,Kabballi Chc,CHC,Chamarajanagara,Karnataka,11.8938102,76.7463013,7202979462,"OpenStreetMap Overpass API, government-facility-filtered (real, live-fetched)"
FAC0296,Padaguru Primary Health Centre,PHC,Chamarajanagara,Karnataka,11.8551998,76.7383634,7202979465,"OpenStreetMap Overpass API, government-facility-filtered (real, live-fetched)"
FAC0297,"PHC, Doodakavalande",PHC,Chamarajanagara,Karnataka,12.0327263,76.7997688,7202979477,"OpenStreetMap Overpass API, government-facility-filtered (real, live-fetched)"
FAC0298,Government Hospital Tagadur,General Hospital,Chamarajanagara,Karnataka,12.0871358,76.8172676,7202979488,"OpenStreetMap Overpass API, government-facility-filtered (real, live-fetched)"
FAC0299,Vatalu PHC,PHC,Chamarajanagara,Karnataka,12.15761,76.888383,7202979490,"OpenStreetMap Overpass API, government-facility-filtered (real, live-fetched)"
FAC0300,Udigaala PHC,PHC,Chamarajanagara,Karnataka,11.873494,76.834489,7202979499,"OpenStreetMap Overpass API, government-facility-filtered (real, live-fetched)"
FAC0301,"Government Hospital, Venkatayyana Chatra",General Hospital,Chamarajanagara,Karnataka,11.8595569,76.9573348,7202979502,"OpenStreetMap Overpass API, government-facility-filtered (real, live-fetched)"
FAC0302,"PHC, Gumballi Tribal",PHC,Chamarajanagara,Karnataka,12.040964,77.046191,7202979512,"OpenStreetMap Overpass API, government-facility-filtered (real, live-fetched)"
FAC0303,Government Hospital Yelandur,General Hospital,Chamarajanagara,Karnataka,12.0587104,77.0327776,7202979519,"OpenStreetMap Overpass API, government-facility-filtered (real, live-fetched)"
FAC0304,Heggadahalli Government Hospital,General Hospital,Chamarajanagara,Karnataka,11.880163,76.6854297,7202979531,"OpenStreetMap Overpass API, government-facility-filtered (real, live-fetched)"
FAC0305,Talavady PHC,PHC,Chamarajanagara,Karnataka,11.7750646,77.0041928,7262949116,"OpenStreetMap Overpass API, government-facility-filtered (real, live-fetched)"
FAC0306,Painapuram PHC,PHC,Chamarajanagara,Karnataka,11.6992803,76.8908912,7265222569,"OpenStreetMap Overpass API, government-facility-filtered (real, live-fetched)"
FAC0307,Government Primary Health Centre,PHC,Chikkaballapura,Karnataka,12.9503234,77.6162619,663604723,"OpenStreetMap Overpass API, government-facility-filtered (real, live-fetched)"
FAC0308,Government Maternity Hospital,General Hospital,Chikkaballapura,Karnataka,12.9988604,77.5817424,1101622501,"OpenStreetMap Overpass API, government-facility-filtered (real, live-fetched)"
FAC0309,Nelamangala General Hospital,General Hospital,Chikkaballapura,Karnataka,13.0987847,77.3912296,1471781389,"OpenStreetMap Overpass API, government-facility-filtered (real, live-fetched)"
FAC0310,Government Primary Health Centre,PHC,Chikkaballapura,Karnataka,13.003447,77.504284,1794166166,"OpenStreetMap Overpass API, government-facility-filtered (real, live-fetched)"
FAC0311,Government Primary Health Center,PHC,Chikkaballapura,Karnataka,13.2299873,77.2418476,2279036340,"OpenStreetMap Overpass API, government-facility-filtered (real, live-fetched)"
FAC0312,"Government Health Center, Thyamagondulu",General Hospital,Chikkaballapura,Karnataka,13.2160246,77.3009625,2432511314,"OpenStreetMap Overpass API, government-facility-filtered (real, live-fetched)"
FAC0313,CGHS Dispensary No.1,PHC,Chikkaballapura,Karnataka,12.9805291,77.6032027,4446306461,"OpenStreetMap Overpass API, government-facility-filtered (real, live-fetched)"
FAC0314,Government Hospital,PHC,Chikkaballapura,Karnataka,12.907453,77.5785311,4456310690,"OpenStreetMap Overpass API, government-facility-filtered (real, live-fetched)"
FAC0315,Agarahara Government Hospital,General Hospital,Chikkaballapura,Karnataka,13.0957329,77.6273067,4544234694,"OpenStreetMap Overpass API, government-facility-filtered (real, live-fetched)"
FAC0316,Government Maternity Home,General Hospital,Chikkaballapura,Karnataka,12.9983402,77.6200927,4577045761,"OpenStreetMap Overpass API, government-facility-filtered (real, live-fetched)"
FAC0317,Government Hospital,General Hospital,Chikkaballapura,Karnataka,12.966103,77.5549647,5259407821,"OpenStreetMap Overpass API, government-facility-filtered (real, live-fetched)"
FAC0318,Kengeri Upanagara Government Hospital,General Hospital,Chikkaballapura,Karnataka,12.9156896,77.4808065,6809801083,"OpenStreetMap Overpass API, government-facility-filtered (real, live-fetched)"
FAC0319,National Institute of Mental Health and Neuro Sciences,General Hospital,Chikkaballapura,Karnataka,12.9386321,77.5944105,6938777910,"OpenStreetMap Overpass API, government-facility-filtered (real, live-fetched)"
FAC0320,CGHS Dispensary No.9,PHC,Chikkaballapura,Karnataka,13.0228314,77.5863478,6938864296,"OpenStreetMap Overpass API, government-facility-filtered (real, live-fetched)"
FAC0321,CGHS Dispensary No.6,PHC,Chikkaballapura,Karnataka,12.9417462,77.580349,6938864297,"OpenStreetMap Overpass API, government-facility-filtered (real, live-fetched)"
FAC0322,CGHS Dispensary No.5,PHC,Chikkaballapura,Karnataka,12.973992,77.5410224,6938864298,"OpenStreetMap Overpass API, government-facility-filtered (real, live-fetched)"
FAC0323,CGHS Dispensary No.4,PHC,Chikkaballapura,Karnataka,12.976032,77.6254061,6938864303,"OpenStreetMap Overpass API, government-facility-filtered (real, live-fetched)"
FAC0324,J.P.Nursing Home,General Hospital,Chikkaballapura,Karnataka,13.0098352,77.5384723,6944543261,"OpenStreetMap Overpass API, government-facility-filtered (real, live-fetched)"
FAC0325,"Taluk Hospital, Magadi",Taluk Hospital,Chikkaballapura,Karnataka,12.9576726,77.2261727,6947073234,"OpenStreetMap Overpass API, government-facility-filtered (real, live-fetched)"
FAC0326,Doddaballapur Government Hospital,General Hospital,Chikkaballapura,Karnataka,13.2922861,77.5440493,6948612047,"OpenStreetMap Overpass API, government-facility-filtered (real, live-fetched)"
FAC0327,Vishweshwarapura PHC,PHC,Chikkaballapura,Karnataka,12.9531492,77.5771021,7202723925,"OpenStreetMap Overpass API, government-facility-filtered (real, live-fetched)"
FAC0328,"Government Hospital, Gankal",General Hospital,Chikkaballapura,Karnataka,12.8502574,77.351978,7202723961,"OpenStreetMap Overpass API, government-facility-filtered (real, live-fetched)"
FAC0329,Uttarahalli Primary Health Centre,PHC,Chikkaballapura,Karnataka,12.9065346,77.5436318,7202723976,"OpenStreetMap Overpass API, government-facility-filtered (real, live-fetched)"
FAC0330,Government Hospital SULIKERE,General Hospital,Chikkaballapura,Karnataka,12.938541,77.4485,7202723984,"OpenStreetMap Overpass API, government-facility-filtered (real, live-fetched)"
FAC0331,Kengeri Community Health Centre,CHC,Chikkaballapura,Karnataka,12.9097728,77.4821494,7202724010,"OpenStreetMap Overpass API, government-facility-filtered (real, live-fetched)"
FAC0332,Viragaudanadoddi Primary Health Centre,PHC,Chikkaballapura,Karnataka,12.9002628,77.2780094,7202724044,"OpenStreetMap Overpass API, government-facility-filtered (real, live-fetched)"
FAC0333,Yalechenahalli Urban Primary Health Centre,PHC,Chikkaballapura,Karnataka,12.9005095,77.5704067,7202724050,"OpenStreetMap Overpass API, government-facility-filtered (real, live-fetched)"
FAC0334,Kadugondanhalli CHC,CHC,Chikkaballapura,Karnataka,13.0207209,77.6187971,7202935746,"OpenStreetMap Overpass API, government-facility-filtered (real, live-fetched)"
FAC0335,Thippenalli Government Hospital,General Hospital,Chikkaballapura,Karnataka,13.031132,77.483923,7202935749,"OpenStreetMap Overpass API, government-facility-filtered (real, live-fetched)"
FAC0336,Kuvempunagara PHC,PHC,Chikkaballapura,Karnataka,13.0613988,77.5513738,7202935755,"OpenStreetMap Overpass API, government-facility-filtered (real, live-fetched)"
FAC0337,"Govt hospital,Rajanukunte",General Hospital,Chikkaballapura,Karnataka,13.175209,77.564562,7202935764,"OpenStreetMap Overpass API, government-facility-filtered (real, live-fetched)"
FAC0338,Kuduru PHC,PHC,Chikkaballapura,Karnataka,13.1056476,77.1653618,7202935767,"OpenStreetMap Overpass API, government-facility-filtered (real, live-fetched)"
FAC0339,Hesaraghatta Primary Health Centre,PHC,Chikkaballapura,Karnataka,13.1374708,77.491628,7202935773,"OpenStreetMap Overpass API, government-facility-filtered (real, live-fetched)"
FAC0340,PHC Bettahalasuru,PHC,Chikkaballapura,Karnataka,13.159233,77.611078,7202935785,"OpenStreetMap Overpass API, government-facility-filtered (real, live-fetched)"
FAC0341,"PHC, Chikkabanavara",PHC,Chikkaballapura,Karnataka,13.088688,77.495298,7202935794,"OpenStreetMap Overpass API, government-facility-filtered (real, live-fetched)"
FAC0342,"PHC, Hasurvalli",PHC,Chikkaballapura,Karnataka,13.19209,77.3640395,7202935800,"OpenStreetMap Overpass API, government-facility-filtered (real, live-fetched)"
FAC0343,Laggere Government Hospital,General Hospital,Chikkaballapura,Karnataka,13.009817,77.5231852,7202935803,"OpenStreetMap Overpass API, government-facility-filtered (real, live-fetched)"
FAC0344,Karuna Trust PHC,PHC,Chikkaballapura,Karnataka,13.2085184,77.380834,7202935805,"OpenStreetMap Overpass API, government-facility-filtered (real, live-fetched)"
FAC0345,Government Hospital Tadasigatta,General Hospital,Chikkaballapura,Karnataka,13.2258309,77.3478756,7202935811,"OpenStreetMap Overpass API, government-facility-filtered (real, live-fetched)"
FAC0346,Jalahalli PHC,PHC,Chikkaballapura,Karnataka,13.0476459,77.5494918,7202935816,"OpenStreetMap Overpass API, government-facility-filtered (real, live-fetched)"
FAC0347,K Narayanapura Urban Primary Health Centre,PHC,Chikkaballapura,Karnataka,13.0631921,77.6423476,7202935818,"OpenStreetMap Overpass API, government-facility-filtered (real, live-fetched)"
FAC0348,Karuna Trust Government Hospital,General Hospital,Chikkaballapura,Karnataka,13.158289,77.132298,7202935819,"OpenStreetMap Overpass API, government-facility-filtered (real, live-fetched)"
FAC0349,Ullalu Government Hospital,General Hospital,Chikkaballapura,Karnataka,12.9629127,77.4751834,7202935821,"OpenStreetMap Overpass API, government-facility-filtered (real, live-fetched)"
FAC0350,Thippasandra Primary Health Centre,PHC,Chikkaballapura,Karnataka,13.0653328,77.1268437,7202935826,"OpenStreetMap Overpass API, government-facility-filtered (real, live-fetched)"
FAC0351,K.C. General Hospital,General Hospital,Chikkaballapura,Karnataka,12.993382,77.5694167,7202935829,"OpenStreetMap Overpass API, government-facility-filtered (real, live-fetched)"
FAC0352,Herohalli Urban Primary Health Centre,PHC,Chikkaballapura,Karnataka,12.987823,77.493408,7202935832,"OpenStreetMap Overpass API, government-facility-filtered (real, live-fetched)"
FAC0353,Urban Primary Health Centre Atturu,PHC,Chikkaballapura,Karnataka,13.102752,77.566548,7202935833,"OpenStreetMap Overpass API, government-facility-filtered (real, live-fetched)"
FAC0354,Sondekoppa Phc,PHC,Chikkaballapura,Karnataka,13.0226445,77.3845083,7202935843,"OpenStreetMap Overpass API, government-facility-filtered (real, live-fetched)"
FAC0355,NELAMAHESHWARI Government Hospital,General Hospital,Chikkaballapura,Karnataka,13.049152,77.510442,7202935849,"OpenStreetMap Overpass API, government-facility-filtered (real, live-fetched)"
FAC0356,Maragondanahalli PHC,PHC,Chikkaballapura,Karnataka,13.156274,77.262349,7202935852,"OpenStreetMap Overpass API, government-facility-filtered (real, live-fetched)"
FAC0357,Mallathahalli Urban Primary Health Centre,PHC,Chikkaballapura,Karnataka,12.9631252,77.5044235,7202935856,"OpenStreetMap Overpass API, government-facility-filtered (real, live-fetched)"
FAC0358,Kodigehalli Urban Primary Health Centre,PHC,Chikkaballapura,Karnataka,13.059614,77.576746,7202935857,"OpenStreetMap Overpass API, government-facility-filtered (real, live-fetched)"
FAC0359,M S Palya Urban Primary Health Centre,PHC,Chikkaballapura,Karnataka,13.08035,77.553445,7202935858,"OpenStreetMap Overpass API, government-facility-filtered (real, live-fetched)"
FAC0360,Shivagange PHC,PHC,Chikkaballapura,Karnataka,13.178882,77.231093,7202935861,"OpenStreetMap Overpass API, government-facility-filtered (real, live-fetched)"
FAC0361,"PHC, Aradeshanahalli",PHC,Chikkaballapura,Karnataka,13.220204,77.561736,7202935874,"OpenStreetMap Overpass API, government-facility-filtered (real, live-fetched)"
FAC0362,"PHC, Dodda Tumkur",PHC,Chikkaballapura,Karnataka,13.226201,77.527476,7202935884,"OpenStreetMap Overpass API, government-facility-filtered (real, live-fetched)"
FAC0363,Soluru Government Hospital,General Hospital,Chikkaballapura,Karnataka,13.0693431,77.2417858,7202935895,"OpenStreetMap Overpass API, government-facility-filtered (real, live-fetched)"
FAC0364,Chikkajala Primary Health Centre,PHC,Chikkaballapura,Karnataka,13.1734414,77.6343099,7202935901,"OpenStreetMap Overpass API, government-facility-filtered (real, live-fetched)"
FAC0365,Kanasavadi PHC,PHC,Chikkaballapura,Karnataka,13.204508,77.435678,7202935904,"OpenStreetMap Overpass API, government-facility-filtered (real, live-fetched)"
FAC0366,Sonnenahalli Primary Health Centre,PHC,Chikkaballapura,Karnataka,13.1939965,77.5017962,7202935905,"OpenStreetMap Overpass API, government-facility-filtered (real, live-fetched)"
FAC0367,Maralenahalli PHC,PHC,Chikkaballapura,Karnataka,13.3282724,77.473145,7202986968,"OpenStreetMap Overpass API, government-facility-filtered (real, live-fetched)"
FAC0368,Hulikunte PHC,PHC,Chikkaballapura,Karnataka,13.2718264,77.3523685,7202986987,"OpenStreetMap Overpass API, government-facility-filtered (real, live-fetched)"
FAC0369,Yelachigere Primary Health Centre,PHC,Chikkaballapura,Karnataka,13.3332706,77.3184994,7202986999,"OpenStreetMap Overpass API, government-facility-filtered (real, live-fetched)"
FAC0370,Manne PHC,PHC,Chikkaballapura,Karnataka,13.2524136,77.2967995,7202987043,"OpenStreetMap Overpass API, government-facility-filtered (real, live-fetched)"
FAC0371,PHC Doddahejjaji,PHC,Chikkaballapura,Karnataka,13.2711993,77.4161573,7202987130,"OpenStreetMap Overpass API, government-facility-filtered (real, live-fetched)"
FAC0372,Government Hospital,General Hospital,Chikkaballapura,Karnataka,12.9780731,77.5251934,7572526703,"OpenStreetMap Overpass API, government-facility-filtered (real, live-fetched)"
FAC0373,"PHC, Kalarani",PHC,Chikkaballapura,Karnataka,12.978877,77.5373969,7572526721,"OpenStreetMap Overpass API, government-facility-filtered (real, live-fetched)"
FAC0374,Government Hospital,General Hospital,Chikkaballapura,Karnataka,12.9639829,77.5188899,7572526783,"OpenStreetMap Overpass API, government-facility-filtered (real, live-fetched)"
FAC0375,Corporation Hospital,General Hospital,Chikkaballapura,Karnataka,12.961345,77.560893,7576958043,"OpenStreetMap Overpass API, government-facility-filtered (real, live-fetched)"
FAC0376,Government Hospital,General Hospital,Chikkaballapura,Karnataka,12.9609494,77.5613939,7576958052,"OpenStreetMap Overpass API, government-facility-filtered (real, live-fetched)"
FAC0377,"Government Hospital, Banglore",General Hospital,Chikkaballapura,Karnataka,12.9587464,77.5573456,7576958061,"OpenStreetMap Overpass API, government-facility-filtered (real, live-fetched)"
FAC0378,Government Hospital,General Hospital,Chikkaballapura,Karnataka,12.949104,77.563226,7576958066,"OpenStreetMap Overpass API, government-facility-filtered (real, live-fetched)"
FAC0379,ESI Hospital,General Hospital,Chikkaballapura,Karnataka,12.972126,77.573351,7576958095,"OpenStreetMap Overpass API, government-facility-filtered (real, live-fetched)"
FAC0380,Urban Primary Health Centre,PHC,Chikkaballapura,Karnataka,12.9359025,77.5767364,7576958100,"OpenStreetMap Overpass API, government-facility-filtered (real, live-fetched)"
FAC0381,Primary Health Centre,PHC,Chikkaballapura,Karnataka,13.1870435,77.5501808,7579683211,"OpenStreetMap Overpass API, government-facility-filtered (real, live-fetched)"
FAC0382,Primary Health Centre,PHC,Chikkaballapura,Karnataka,13.2523862,77.2968345,8188038311,"OpenStreetMap Overpass API, government-facility-filtered (real, live-fetched)"
FAC0383,Community Health Centre,CHC,Chikkaballapura,Karnataka,13.2158806,77.3005209,8188038348,"OpenStreetMap Overpass API, government-facility-filtered (real, live-fetched)"
FAC0384,Primary Health Centre,PHC,Chikkaballapura,Karnataka,13.178885,77.231133,8188038364,"OpenStreetMap Overpass API, government-facility-filtered (real, live-fetched)"
FAC0385,Government Hospital,General Hospital,Chikkaballapura,Karnataka,13.0903942,77.4966765,8188038448,"OpenStreetMap Overpass API, government-facility-filtered (real, live-fetched)"
FAC0386,Government Hospital,General Hospital,Chikkaballapura,Karnataka,13.0803204,77.5535057,8188038457,"OpenStreetMap Overpass API, government-facility-filtered (real, live-fetched)"
FAC0387,Government Hospital,General Hospital,Chikkaballapura,Karnataka,13.070554,77.5388968,8188038473,"OpenStreetMap Overpass API, government-facility-filtered (real, live-fetched)"
FAC0388,Esi Dispensary,General Hospital,Chikkaballapura,Karnataka,13.0439933,77.5065494,8188038553,"OpenStreetMap Overpass API, government-facility-filtered (real, live-fetched)"
FAC0389,Esi Hospital Peenya 1st Stage,General Hospital,Chikkaballapura,Karnataka,13.0280728,77.5231858,8188038584,"OpenStreetMap Overpass API, government-facility-filtered (real, live-fetched)"
FAC0390,ESI Hospital,General Hospital,Chikkaballapura,Karnataka,13.004596,77.5540033,8188038681,"OpenStreetMap Overpass API, government-facility-filtered (real, live-fetched)"
FAC0391,K.C.General Hospital,General Hospital,Chikkaballapura,Karnataka,12.9960244,77.5693714,8188038718,"OpenStreetMap Overpass API, government-facility-filtered (real, live-fetched)"
FAC0392,Government Hospital,General Hospital,Chikkaballapura,Karnataka,12.9905045,77.5566355,8188038742,"OpenStreetMap Overpass API, government-facility-filtered (real, live-fetched)"
FAC0393,Esi Hospital Bangalore,General Hospital,Chikkaballapura,Karnataka,12.9904985,77.5530924,8188038743,"OpenStreetMap Overpass API, government-facility-filtered (real, live-fetched)"
FAC0394,Government Hospital,General Hospital,Chikkaballapura,Karnataka,12.9844963,77.5551801,8188038786,"OpenStreetMap Overpass API, government-facility-filtered (real, live-fetched)"
FAC0395,My Dentist,General Hospital,Chikkaballapura,Karnataka,12.9429852,77.5460604,9934012104,"OpenStreetMap Overpass API, government-facility-filtered (real, live-fetched)"
FAC0396,NIMHANS Department Of Psychiatric and Neuro Rehabilitation,General Hospital,Chikkaballapura,Karnataka,12.9400516,77.5954768,11295071515,"OpenStreetMap Overpass API, government-facility-filtered (real, live-fetched)"
FAC0397,Nimhans Mr-pet Center,General Hospital,Chikkaballapura,Karnataka,12.9396498,77.5967825,11295217457,"OpenStreetMap Overpass API, government-facility-filtered (real, live-fetched)"
FAC0398,NIMHANS Physiotherapy Center,General Hospital,Chikkaballapura,Karnataka,12.9402037,77.5954721,11295246682,"OpenStreetMap Overpass API, government-facility-filtered (real, live-fetched)"
FAC0399,Namma Clinic,PHC,Chikkaballapura,Karnataka,13.097981,77.5696584,12412564743,"OpenStreetMap Overpass API, government-facility-filtered (real, live-fetched)"
FAC0400,Sondekoppa Government Hospital,General Hospital,Chikkaballapura,Karnataka,13.0230115,77.3845954,12617711001,"OpenStreetMap Overpass API, government-facility-filtered (real, live-fetched)"
FAC0401,Primary Health Centre Hospete,PHC,Chikmagalur,Karnataka,13.481438,75.806392,6575254186,"OpenStreetMap Overpass API, government-facility-filtered (real, live-fetched)"
FAC0402,"Government Hospital, Belur",General Hospital,Chikmagalur,Karnataka,13.1644909,75.8650317,7202935761,"OpenStreetMap Overpass API, government-facility-filtered (real, live-fetched)"
FAC0403,"PHC, Hagare",PHC,Chikmagalur,Karnataka,13.1310236,75.9953709,7202935808,"OpenStreetMap Overpass API, government-facility-filtered (real, live-fetched)"
FAC0404,"PHC, Bylahalli",PHC,Chikmagalur,Karnataka,13.0488901,75.983683,7202935814,"OpenStreetMap Overpass API, government-facility-filtered (real, live-fetched)"
FAC0405,PHC Belagodu,PHC,Chikmagalur,Karnataka,12.9788127,75.8775136,7202935828,"OpenStreetMap Overpass API, government-facility-filtered (real, live-fetched)"
FAC0406,"Government Hospital, Halebeedu",General Hospital,Chikmagalur,Karnataka,13.2137,75.992653,7202935878,"OpenStreetMap Overpass API, government-facility-filtered (real, live-fetched)"
FAC0407,PHC Bikkodu,PHC,Chikmagalur,Karnataka,13.0808592,75.8658308,7202935893,"OpenStreetMap Overpass API, government-facility-filtered (real, live-fetched)"
FAC0408,Hulikere Primary Health Centre,PHC,Chikmagalur,Karnataka,13.3893933,75.9554079,7202986985,"OpenStreetMap Overpass API, government-facility-filtered (real, live-fetched)"
FAC0409,Nidagatta Phc,PHC,Chikmagalur,Karnataka,13.4023207,76.0450168,7202986989,"OpenStreetMap Overpass API, government-facility-filtered (real, live-fetched)"
FAC0410,Kolagunda PHC,PHC,Chikmagalur,Karnataka,13.344024,76.115753,7202987011,"OpenStreetMap Overpass API, government-facility-filtered (real, live-fetched)"
FAC0411,Government Hospital Attigundi,General Hospital,Chikmagalur,Karnataka,13.4302868,75.7416124,7202987035,"OpenStreetMap Overpass API, government-facility-filtered (real, live-fetched)"
FAC0412,"Government Hospital, S.Bidre",General Hospital,Chikmagalur,Karnataka,13.3367158,76.0147273,7202987037,"OpenStreetMap Overpass API, government-facility-filtered (real, live-fetched)"
FAC0413,"Government Hospital, Balehonnur",General Hospital,Chikmagalur,Karnataka,13.3478824,75.4616697,7202987040,"OpenStreetMap Overpass API, government-facility-filtered (real, live-fetched)"
FAC0414,Javagal Government Hospital,General Hospital,Chikmagalur,Karnataka,13.3009248,76.0551059,7202987056,"OpenStreetMap Overpass API, government-facility-filtered (real, live-fetched)"
FAC0415,Government Hospital Sakarayapatna,General Hospital,Chikmagalur,Karnataka,13.4343154,75.9192477,7202987070,"OpenStreetMap Overpass API, government-facility-filtered (real, live-fetched)"
FAC0416,Thangali Primary Health Centre,PHC,Chikmagalur,Karnataka,13.5321265,76.0405862,7202987071,"OpenStreetMap Overpass API, government-facility-filtered (real, live-fetched)"
FAC0417,"PHC, Birur",PHC,Chikmagalur,Karnataka,13.598404,75.97264,7202987076,"OpenStreetMap Overpass API, government-facility-filtered (real, live-fetched)"
FAC0418,"Government Hospital, Devanuru",General Hospital,Chikmagalur,Karnataka,13.4270524,76.0909884,7202987109,"OpenStreetMap Overpass API, government-facility-filtered (real, live-fetched)"
FAC0419,"PHC, Avathi",PHC,Chikmagalur,Karnataka,13.341175,75.632305,7202987112,"OpenStreetMap Overpass API, government-facility-filtered (real, live-fetched)"
FAC0420,Hogarehally Primary Health Centre,PHC,Chikmagalur,Karnataka,13.575472,75.889961,7202987113,"OpenStreetMap Overpass API, government-facility-filtered (real, live-fetched)"
FAC0421,"Government Hospital, Balehole",General Hospital,Chikmagalur,Karnataka,13.2678348,75.4179266,7202987124,"OpenStreetMap Overpass API, government-facility-filtered (real, live-fetched)"
FAC0422,Primary Health Center,PHC,Chikmagalur,Karnataka,13.1310262,75.9953811,8188038415,"OpenStreetMap Overpass API, government-facility-filtered (real, live-fetched)"
FAC0423,"Government Taluk General Hospital, Challakere",General Hospital,Chitradurga,Karnataka,14.3164057,76.6504137,2688039709,"OpenStreetMap Overpass API, government-facility-filtered (real, live-fetched)"
FAC0424,Primary Health Centre Aimangala,PHC,Chitradurga,Karnataka,14.0924212,76.5349681,7202876163,"OpenStreetMap Overpass API, government-facility-filtered (real, live-fetched)"
FAC0425,"PHC, Maskal",PHC,Chitradurga,Karnataka,14.1225921,76.6529307,7202876168,"OpenStreetMap Overpass API, government-facility-filtered (real, live-fetched)"
FAC0426,"Government hospital, Maradihalli",General Hospital,Chitradurga,Karnataka,14.129819,76.527683,7202876173,"OpenStreetMap Overpass API, government-facility-filtered (real, live-fetched)"
FAC0427,"PHC, Sanikere",PHC,Chitradurga,Karnataka,14.1911834,76.6666287,7202876181,"OpenStreetMap Overpass API, government-facility-filtered (real, live-fetched)"
FAC0428,"Government Hospital, Doddachellur",General Hospital,Chitradurga,Karnataka,14.188113,76.8773234,7202876185,"OpenStreetMap Overpass API, government-facility-filtered (real, live-fetched)"
FAC0429,"PHC, Abbinahole",PHC,Chitradurga,Karnataka,14.0389271,76.7516502,7202876191,"OpenStreetMap Overpass API, government-facility-filtered (real, live-fetched)"
FAC0430,"Government Hospital, Gopanahally",General Hospital,Chitradurga,Karnataka,14.2353433,76.6919473,7202876193,"OpenStreetMap Overpass API, government-facility-filtered (real, live-fetched)"
FAC0431,"PHC, Horakedevarapura",PHC,Chitradurga,Karnataka,14.0315054,76.3277804,7202876194,"OpenStreetMap Overpass API, government-facility-filtered (real, live-fetched)"
FAC0432,"Government Hospital, Yaraballi",General Hospital,Chitradurga,Karnataka,14.1059811,76.6519502,7202876206,"OpenStreetMap Overpass API, government-facility-filtered (real, live-fetched)"
FAC0433,"PHC, Godabanahal",PHC,Chitradurga,Karnataka,14.1328924,76.3428105,7202876249,"OpenStreetMap Overpass API, government-facility-filtered (real, live-fetched)"
FAC0434,"PHC, Guilal",PHC,Chitradurga,Karnataka,14.0489622,76.5633899,7202876264,"OpenStreetMap Overpass API, government-facility-filtered (real, live-fetched)"
FAC0435,"PHC, Pandarahalli",PHC,Chitradurga,Karnataka,14.1663201,76.3299067,7202876286,"OpenStreetMap Overpass API, government-facility-filtered (real, live-fetched)"
FAC0436,"PHC, Kyasapura",PHC,Chitradurga,Karnataka,14.2468439,76.3091375,7202876296,"OpenStreetMap Overpass API, government-facility-filtered (real, live-fetched)"
FAC0437,Government Hospital Mustur,General Hospital,Chitradurga,Karnataka,14.4710465,76.434878,7205339598,"OpenStreetMap Overpass API, government-facility-filtered (real, live-fetched)"
FAC0438,Sirigere CHC,CHC,Chitradurga,Karnataka,14.2832349,76.2030944,7205339602,"OpenStreetMap Overpass API, government-facility-filtered (real, live-fetched)"
FAC0439,Meerasabihalli PHC,PHC,Chitradurga,Karnataka,14.3180107,76.7367901,7205339608,"OpenStreetMap Overpass API, government-facility-filtered (real, live-fetched)"
FAC0440,"PHC, Chikkagondanahally",PHC,Chitradurga,Karnataka,14.380085,76.366808,7205339615,"OpenStreetMap Overpass API, government-facility-filtered (real, live-fetched)"
FAC0441,Hudem PHC,PHC,Chitradurga,Karnataka,14.6275858,76.5740749,7205339627,"OpenStreetMap Overpass API, government-facility-filtered (real, live-fetched)"
FAC0442,Ramajogihalli Government Hospital,General Hospital,Chitradurga,Karnataka,14.2871785,76.5460085,7205339638,"OpenStreetMap Overpass API, government-facility-filtered (real, live-fetched)"
FAC0443,"Government Hospital, Bedareddihalli",General Hospital,Chitradurga,Karnataka,14.4872587,76.7191126,7205339643,"OpenStreetMap Overpass API, government-facility-filtered (real, live-fetched)"
FAC0444,Jajur PHC,PHC,Chitradurga,Karnataka,14.3783927,76.851728,7205339653,"OpenStreetMap Overpass API, government-facility-filtered (real, live-fetched)"
FAC0445,"PHC, Doddaullarthi",PHC,Chitradurga,Karnataka,14.399972,76.739278,7205339658,"OpenStreetMap Overpass API, government-facility-filtered (real, live-fetched)"
FAC0446,Kondlahalli PHC,PHC,Chitradurga,Karnataka,14.599705,76.710516,7205339659,"OpenStreetMap Overpass API, government-facility-filtered (real, live-fetched)"
FAC0447,Talaku PHC,PHC,Chitradurga,Karnataka,14.4474071,76.6728386,7205339669,"OpenStreetMap Overpass API, government-facility-filtered (real, live-fetched)"
FAC0448,Government Hospital Yalagodu,General Hospital,Chitradurga,Karnataka,14.3798288,76.3055822,7205339692,"OpenStreetMap Overpass API, government-facility-filtered (real, live-fetched)"
FAC0449,Government Hospital Turuvanuru,General Hospital,Chitradurga,Karnataka,14.400557,76.435994,7205339697,"OpenStreetMap Overpass API, government-facility-filtered (real, live-fetched)"
FAC0450,"PHC, Kasavarahatti",PHC,Chitradurga,Karnataka,14.273697,76.487557,7205339705,"OpenStreetMap Overpass API, government-facility-filtered (real, live-fetched)"
FAC0451,Nayakanahatti CHC,CHC,Chitradurga,Karnataka,14.4716813,76.542062,7205339714,"OpenStreetMap Overpass API, government-facility-filtered (real, live-fetched)"
FAC0452,Jaglur Government Hospital,General Hospital,Chitradurga,Karnataka,14.5200319,76.3406977,7205339726,"OpenStreetMap Overpass API, government-facility-filtered (real, live-fetched)"
FAC0453,CHC Bharamasagara,CHC,Chitradurga,Karnataka,14.37229,76.19206,7205339728,"OpenStreetMap Overpass API, government-facility-filtered (real, live-fetched)"
FAC0454,Government Hospital Bommagondanakere,General Hospital,Chitradurga,Karnataka,14.5870923,76.6679492,7205339733,"OpenStreetMap Overpass API, government-facility-filtered (real, live-fetched)"
FAC0455,Parashurampura CHC,CHC,Chitradurga,Karnataka,14.254155,76.8838013,7205339738,"OpenStreetMap Overpass API, government-facility-filtered (real, live-fetched)"
FAC0456,PHC Belagatta,PHC,Chitradurga,Karnataka,14.3055448,76.4525834,7205339761,"OpenStreetMap Overpass API, government-facility-filtered (real, live-fetched)"
FAC0457,"Government Hospital, Bidara Kere",General Hospital,Chitradurga,Karnataka,14.4321293,76.2929651,7205339783,"OpenStreetMap Overpass API, government-facility-filtered (real, live-fetched)"
FAC0458,Hosahalli Government Hospital,General Hospital,Chitradurga,Karnataka,14.6502215,76.4611329,7205339784,"OpenStreetMap Overpass API, government-facility-filtered (real, live-fetched)"
FAC0459,Urban Primary Health Centre,PHC,Chitradurga,Karnataka,14.2135188,76.4083151,7566828346,"OpenStreetMap Overpass API, government-facility-filtered (real, live-fetched)"
FAC0460,Government Hospital,General Hospital,Chitradurga,Karnataka,14.30558,76.4525834,8188037725,"OpenStreetMap Overpass API, government-facility-filtered (real, live-fetched)"
FAC0461,Government Hospital,General Hospital,Chitradurga,Karnataka,14.2899417,76.2893069,8188037729,"OpenStreetMap Overpass API, government-facility-filtered (real, live-fetched)"
FAC0462,Government Hospital,General Hospital,Chitradurga,Karnataka,14.2830449,76.2031527,8188037735,"OpenStreetMap Overpass API, government-facility-filtered (real, live-fetched)"
FAC0463,Health Subcenter,Sub-Centre,Dakshina Kannada,Karnataka,13.0094356,74.7961309,4447552234,"OpenStreetMap Overpass API, government-facility-filtered (real, live-fetched)"
FAC0464,Vijaya Clinic General Hospital,General Hospital,Dakshina Kannada,Karnataka,12.8760085,74.8480497,6938880545,"OpenStreetMap Overpass API, government-facility-filtered (real, live-fetched)"
FAC0465,CHC Mudbidri,CHC,Dakshina Kannada,Karnataka,13.0662337,74.9956362,6950185752,"OpenStreetMap Overpass API, government-facility-filtered (real, live-fetched)"
FAC0466,"PHC, Bondel",PHC,Dakshina Kannada,Karnataka,12.9243306,74.8694491,7202723909,"OpenStreetMap Overpass API, government-facility-filtered (real, live-fetched)"
FAC0467,Sajipanadu Government Hospital,General Hospital,Dakshina Kannada,Karnataka,12.8531288,74.999686,7202723924,"OpenStreetMap Overpass API, government-facility-filtered (real, live-fetched)"
FAC0468,Bunder Urban Primary Health Centre,PHC,Dakshina Kannada,Karnataka,12.866504,74.8333959,7202723934,"OpenStreetMap Overpass API, government-facility-filtered (real, live-fetched)"
FAC0469,Navooru PHC,PHC,Dakshina Kannada,Karnataka,12.8908275,75.0835274,7202723941,"OpenStreetMap Overpass API, government-facility-filtered (real, live-fetched)"
FAC0470,Panjikallu PHC,PHC,Dakshina Kannada,Karnataka,12.9310764,75.0575889,7202723951,"OpenStreetMap Overpass API, government-facility-filtered (real, live-fetched)"
FAC0471,Peruvai PHC,PHC,Dakshina Kannada,Karnataka,12.704207,75.0599952,7202723962,"OpenStreetMap Overpass API, government-facility-filtered (real, live-fetched)"
FAC0472,Jeppu Urban Primary Health Centre,PHC,Dakshina Kannada,Karnataka,12.849728,74.848879,7202723963,"OpenStreetMap Overpass API, government-facility-filtered (real, live-fetched)"
FAC0473,Ladyhill PHC,PHC,Dakshina Kannada,Karnataka,12.891307,74.8416876,7202723973,"OpenStreetMap Overpass API, government-facility-filtered (real, live-fetched)"
FAC0474,PHC Kotekar,PHC,Dakshina Kannada,Karnataka,12.7858257,74.8623026,7202724019,"OpenStreetMap Overpass API, government-facility-filtered (real, live-fetched)"
FAC0475,Natekal PHC,PHC,Dakshina Kannada,Karnataka,12.8020234,74.9037226,7202724025,"OpenStreetMap Overpass API, government-facility-filtered (real, live-fetched)"
FAC0476,Kalladka Balthila PHC,PHC,Dakshina Kannada,Karnataka,12.8579608,75.1036564,7202724038,"OpenStreetMap Overpass API, government-facility-filtered (real, live-fetched)"
FAC0477,Kurnad PHC,PHC,Dakshina Kannada,Karnataka,12.8050675,74.9633409,7202724059,"OpenStreetMap Overpass API, government-facility-filtered (real, live-fetched)"
FAC0478,"Urban Primary Health Centre, Padil, Mangaluru",PHC,Dakshina Kannada,Karnataka,12.8720021,74.8862282,7202724077,"OpenStreetMap Overpass API, government-facility-filtered (real, live-fetched)"
FAC0479,Sacheripete PHC,PHC,Dakshina Kannada,Karnataka,13.1129665,74.9047006,7202935740,"OpenStreetMap Overpass API, government-facility-filtered (real, live-fetched)"
FAC0480,Vamadapadav Chc,CHC,Dakshina Kannada,Karnataka,12.9644417,75.0979511,7202935758,"OpenStreetMap Overpass API, government-facility-filtered (real, live-fetched)"
FAC0481,"PHC, Kateel",PHC,Dakshina Kannada,Karnataka,13.05285,74.869558,7202935781,"OpenStreetMap Overpass API, government-facility-filtered (real, live-fetched)"
FAC0482,PHC Atturu Kemral,PHC,Dakshina Kannada,Karnataka,13.0410558,74.8231702,7202935846,"OpenStreetMap Overpass API, government-facility-filtered (real, live-fetched)"
FAC0483,Paladka PHC,PHC,Dakshina Kannada,Karnataka,13.093877,74.942559,7202935863,"OpenStreetMap Overpass API, government-facility-filtered (real, live-fetched)"
FAC0484,PHC Ganjimata,PHC,Dakshina Kannada,Karnataka,12.976989,74.950676,7202935898,"OpenStreetMap Overpass API, government-facility-filtered (real, live-fetched)"
FAC0485,Taluk General Hospital,General Hospital,Dakshina Kannada,Karnataka,12.8940214,75.0415582,7213565706,"OpenStreetMap Overpass API, government-facility-filtered (real, live-fetched)"
FAC0486,"Primary Health Centre 24x7, Bayar",PHC,Dakshina Kannada,Karnataka,12.6969951,75.0177972,7470730530,"OpenStreetMap Overpass API, government-facility-filtered (real, live-fetched)"
FAC0487,"Primary Health Centre, Meenja",PHC,Dakshina Kannada,Karnataka,12.7127981,74.9529637,7470853277,"OpenStreetMap Overpass API, government-facility-filtered (real, live-fetched)"
FAC0488,"Family Health Centre, Vorkady",General Hospital,Dakshina Kannada,Karnataka,12.7599293,74.9310362,7471790594,"OpenStreetMap Overpass API, government-facility-filtered (real, live-fetched)"
FAC0489,Community Health Centre,CHC,Dakshina Kannada,Karnataka,12.7163055,74.8893187,7719654130,"OpenStreetMap Overpass API, government-facility-filtered (real, live-fetched)"
FAC0490,Government Homoeo Dispensary,PHC,Dakshina Kannada,Karnataka,12.7151318,74.8892306,7719654135,"OpenStreetMap Overpass API, government-facility-filtered (real, live-fetched)"
FAC0491,Government Homoeo Dispensary,PHC,Dakshina Kannada,Karnataka,12.6781796,74.9072972,7719654139,"OpenStreetMap Overpass API, government-facility-filtered (real, live-fetched)"
FAC0492,Primary Health Centre,PHC,Dakshina Kannada,Karnataka,12.700177,75.014877,7719654142,"OpenStreetMap Overpass API, government-facility-filtered (real, live-fetched)"
FAC0493,Government Homoeo Dispensary,PHC,Dakshina Kannada,Karnataka,12.7131969,74.9526073,7719654147,"OpenStreetMap Overpass API, government-facility-filtered (real, live-fetched)"
FAC0494,Government Hospital,General Hospital,Dakshina Kannada,Karnataka,12.9049935,74.9819402,8188035990,"OpenStreetMap Overpass API, government-facility-filtered (real, live-fetched)"
FAC0495,Government Hospital,General Hospital,Dakshina Kannada,Karnataka,12.8908752,75.0835468,8188036026,"OpenStreetMap Overpass API, government-facility-filtered (real, live-fetched)"
FAC0496,R R Maternity & General Hospital,General Hospital,Dakshina Kannada,Karnataka,12.8635753,75.0517889,8188036099,"OpenStreetMap Overpass API, government-facility-filtered (real, live-fetched)"
FAC0497,Primary Health Centre,PHC,Dakshina Kannada,Karnataka,12.8051096,74.9633264,8188036160,"OpenStreetMap Overpass API, government-facility-filtered (real, live-fetched)"
FAC0498,Primary Health Centre,PHC,Dakshina Kannada,Karnataka,12.9769641,74.9506667,8188038828,"OpenStreetMap Overpass API, government-facility-filtered (real, live-fetched)"
FAC0499,Government Hospital,General Hospital,Dakshina Kannada,Karnataka,12.9645651,75.0978624,8188038873,"OpenStreetMap Overpass API, government-facility-filtered (real, live-fetched)"
FAC0500,Government Primary Health Palliative care Unit,PHC,Dakshina Kannada,Karnataka,12.6601505,74.9184348,10020673676,"OpenStreetMap Overpass API, government-facility-filtered (real, live-fetched)"
FAC0501,Paivalike Government Homoeo Dispensary,PHC,Dakshina Kannada,Karnataka,12.6772731,74.9928965,10978033363,"OpenStreetMap Overpass API, government-facility-filtered (real, live-fetched)"
FAC0502,Aayush PHC Vorkady,PHC,Dakshina Kannada,Karnataka,12.7527747,74.9516062,10978273572,"OpenStreetMap Overpass API, government-facility-filtered (real, live-fetched)"
FAC0503,"Government Hospital, Harihar Taluk Hospital",Taluk Hospital,Davanagere,Karnataka,14.5039199,75.8094779,1463977135,"OpenStreetMap Overpass API, government-facility-filtered (real, live-fetched)"
FAC0504,Chigateri General Hospital,General Hospital,Davanagere,Karnataka,14.4573717,75.9168998,1472217311,"OpenStreetMap Overpass API, government-facility-filtered (real, live-fetched)"
FAC0505,"Government Hospital, Channagiri",General Hospital,Davanagere,Karnataka,14.024666,75.9304154,1711081183,"OpenStreetMap Overpass API, government-facility-filtered (real, live-fetched)"
FAC0506,Esi Hospital Nituvalli,General Hospital,Davanagere,Karnataka,14.452459,75.9278318,1782284238,"OpenStreetMap Overpass API, government-facility-filtered (real, live-fetched)"
FAC0507,"PHC, Sasvehalli",PHC,Davanagere,Karnataka,14.1549971,75.717568,7202876143,"OpenStreetMap Overpass API, government-facility-filtered (real, live-fetched)"
FAC0508,"Government Hospital, Daginakatte",General Hospital,Davanagere,Karnataka,14.1992576,75.7837082,7202876146,"OpenStreetMap Overpass API, government-facility-filtered (real, live-fetched)"
FAC0509,"Government Hospital, Basavapattana",General Hospital,Davanagere,Karnataka,14.2018764,75.8123435,7202876152,"OpenStreetMap Overpass API, government-facility-filtered (real, live-fetched)"
FAC0510,"Government Hospital, Honnali",General Hospital,Davanagere,Karnataka,14.2380857,75.6364818,7202876155,"OpenStreetMap Overpass API, government-facility-filtered (real, live-fetched)"
FAC0511,"Government Hospital, Govinakovi",General Hospital,Davanagere,Karnataka,14.16435,75.6675773,7202876177,"OpenStreetMap Overpass API, government-facility-filtered (real, live-fetched)"
FAC0512,Thyavanige PHC,PHC,Davanagere,Karnataka,14.2504284,75.884254,7202876197,"OpenStreetMap Overpass API, government-facility-filtered (real, live-fetched)"
FAC0513,"Government Hospital, Chilur",General Hospital,Davanagere,Karnataka,14.1055453,75.684363,7202876208,"OpenStreetMap Overpass API, government-facility-filtered (real, live-fetched)"
FAC0514,Tanigere PHC,PHC,Davanagere,Karnataka,14.2362737,75.9947587,7202876231,"OpenStreetMap Overpass API, government-facility-filtered (real, live-fetched)"
FAC0515,"Primary Health Centre, Sanyasi Kodamaggi",PHC,Davanagere,Karnataka,14.0430923,75.6974744,7202876234,"OpenStreetMap Overpass API, government-facility-filtered (real, live-fetched)"
FAC0516,Kerebilachi CHC,CHC,Davanagere,Karnataka,14.1496352,75.8996429,7202876246,"OpenStreetMap Overpass API, government-facility-filtered (real, live-fetched)"
FAC0517,"Government Hospital, Benakanahalli",General Hospital,Davanagere,Karnataka,14.2118953,75.7128665,7202876260,"OpenStreetMap Overpass API, government-facility-filtered (real, live-fetched)"
FAC0518,Holalur CHC,CHC,Davanagere,Karnataka,14.0397035,75.6786726,7202876266,"OpenStreetMap Overpass API, government-facility-filtered (real, live-fetched)"
FAC0519,"Government Hospital, Devarahalli",General Hospital,Davanagere,Karnataka,14.0981811,75.9683663,7202876268,"OpenStreetMap Overpass API, government-facility-filtered (real, live-fetched)"
FAC0520,"Government Hospital, Santhebennur",General Hospital,Davanagere,Karnataka,14.1686797,76.007358,7202876282,"OpenStreetMap Overpass API, government-facility-filtered (real, live-fetched)"
FAC0521,"PHC, Arabagatte",PHC,Davanagere,Karnataka,14.1944987,75.6293036,7202876289,"OpenStreetMap Overpass API, government-facility-filtered (real, live-fetched)"
FAC0522,"PHC, Hirekogaluru",PHC,Davanagere,Karnataka,14.1997045,75.9506305,7202876294,"OpenStreetMap Overpass API, government-facility-filtered (real, live-fetched)"
FAC0523,"PHC, Nallur",PHC,Davanagere,Karnataka,14.088628,75.8767882,7202876304,"OpenStreetMap Overpass API, government-facility-filtered (real, live-fetched)"
FAC0524,Kagaturu PHC,PHC,Davanagere,Karnataka,14.1202578,75.919507,7202876310,"OpenStreetMap Overpass API, government-facility-filtered (real, live-fetched)"
FAC0525,Malebennur CHC,CHC,Davanagere,Karnataka,14.3572492,75.7410757,7205339611,"OpenStreetMap Overpass API, government-facility-filtered (real, live-fetched)"
FAC0526,"PHC, Anagodu",PHC,Davanagere,Karnataka,14.394897,76.041456,7205339619,"OpenStreetMap Overpass API, government-facility-filtered (real, live-fetched)"
FAC0527,Tolahunase PHC,PHC,Davanagere,Karnataka,14.411851,75.956955,7205339620,"OpenStreetMap Overpass API, government-facility-filtered (real, live-fetched)"
FAC0528,PHC Bhanuvalli,PHC,Davanagere,Karnataka,14.435753,75.762206,7205339626,"OpenStreetMap Overpass API, government-facility-filtered (real, live-fetched)"
FAC0529,PHC,PHC,Davanagere,Karnataka,14.4469955,76.0085879,7205339629,"OpenStreetMap Overpass API, government-facility-filtered (real, live-fetched)"
FAC0530,PHC Belludi,PHC,Davanagere,Karnataka,14.4596696,75.7838838,7205339634,"OpenStreetMap Overpass API, government-facility-filtered (real, live-fetched)"
FAC0531,Kariganur PHC,PHC,Davanagere,Karnataka,14.2973753,75.7657662,7205339642,"OpenStreetMap Overpass API, government-facility-filtered (real, live-fetched)"
FAC0532,Kodaganuru PHC,PHC,Davanagere,Karnataka,14.3343584,76.0381915,7205339648,"OpenStreetMap Overpass API, government-facility-filtered (real, live-fetched)"
FAC0533,"PHC, Devarabelakere",PHC,Davanagere,Karnataka,14.396543,75.8330023,7205339657,"OpenStreetMap Overpass API, government-facility-filtered (real, live-fetched)"
FAC0534,Government Hospital Bilasanur,General Hospital,Davanagere,Karnataka,14.4803168,75.7356842,7205339678,"OpenStreetMap Overpass API, government-facility-filtered (real, live-fetched)"
FAC0535,Lokikere PHC,PHC,Davanagere,Karnataka,14.303781,75.928007,7205339681,"OpenStreetMap Overpass API, government-facility-filtered (real, live-fetched)"
FAC0536,"Shri Malatesh Rao Kulkarni,Government Hospital",General Hospital,Davanagere,Karnataka,14.5117097,75.7456567,7205339688,"OpenStreetMap Overpass API, government-facility-filtered (real, live-fetched)"
FAC0537,K. Bevinahalli PHC,PHC,Davanagere,Karnataka,14.436235,75.818429,7205339706,"OpenStreetMap Overpass API, government-facility-filtered (real, live-fetched)"
FAC0538,Urban Primary Health Centre Azad Nagar,PHC,Davanagere,Karnataka,14.4776421,75.9253197,7205339715,"OpenStreetMap Overpass API, government-facility-filtered (real, live-fetched)"
FAC0539,Huvinamadu PHC,PHC,Davanagere,Karnataka,14.294666,75.905948,7205339718,"OpenStreetMap Overpass API, government-facility-filtered (real, live-fetched)"
FAC0540,PHC Doddabathi,PHC,Davanagere,Karnataka,14.488568,75.849408,7205339721,"OpenStreetMap Overpass API, government-facility-filtered (real, live-fetched)"
FAC0541,"Government Hospital, Hadadi",General Hospital,Davanagere,Karnataka,14.365106,75.888947,7205339725,"OpenStreetMap Overpass API, government-facility-filtered (real, live-fetched)"
FAC0542,Honnuru PHC,PHC,Davanagere,Karnataka,14.4187692,75.9963572,7205339735,"OpenStreetMap Overpass API, government-facility-filtered (real, live-fetched)"
FAC0543,Holesirigere PHC,PHC,Davanagere,Karnataka,14.4442611,75.7002448,7205339743,"OpenStreetMap Overpass API, government-facility-filtered (real, live-fetched)"
FAC0544,Mayakonda PHC,PHC,Davanagere,Karnataka,14.282474,76.086132,7205339746,"OpenStreetMap Overpass API, government-facility-filtered (real, live-fetched)"
FAC0545,Urban Primary Health Centre Bharath Colony,PHC,Davanagere,Karnataka,14.4672736,75.9318544,7205339753,"OpenStreetMap Overpass API, government-facility-filtered (real, live-fetched)"
FAC0546,Kulambi PHC,PHC,Davanagere,Karnataka,14.296844,75.802478,7205339757,"OpenStreetMap Overpass API, government-facility-filtered (real, live-fetched)"
FAC0547,"PHC, Hallur",PHC,Davanagere,Karnataka,14.3333356,75.6200492,7205339764,"OpenStreetMap Overpass API, government-facility-filtered (real, live-fetched)"
FAC0548,"Government Hospital, Harihar",General Hospital,Davanagere,Karnataka,14.5201557,75.8086001,7205339767,"OpenStreetMap Overpass API, government-facility-filtered (real, live-fetched)"
FAC0549,Esi Dispensary City,General Hospital,Davanagere,Karnataka,14.4755344,75.9058798,8188037633,"OpenStreetMap Overpass API, government-facility-filtered (real, live-fetched)"
FAC0550,Government Hospital,General Hospital,Davanagere,Karnataka,14.334255,76.0380718,8188037707,"OpenStreetMap Overpass API, government-facility-filtered (real, live-fetched)"
FAC0551,Government Hospital,General Hospital,Davanagere,Karnataka,14.2848023,75.9750174,8188037734,"OpenStreetMap Overpass API, government-facility-filtered (real, live-fetched)"
FAC0552,Government Hospital,General Hospital,Davanagere,Karnataka,14.2362266,75.9948007,8188037749,"OpenStreetMap Overpass API, government-facility-filtered (real, live-fetched)"
FAC0553,Government Hospital,General Hospital,Davanagere,Karnataka,14.100692,75.9681831,8188037794,"OpenStreetMap Overpass API, government-facility-filtered (real, live-fetched)"
FAC0554,Government Hospital,General Hospital,Davanagere,Karnataka,14.0886176,75.8768717,8188037804,"OpenStreetMap Overpass API, government-facility-filtered (real, live-fetched)"
FAC0555,Government Veterinary Hospital,General Hospital,Dharwad,Karnataka,15.4613452,75.009595,2327083933,"OpenStreetMap Overpass API, government-facility-filtered (real, live-fetched)"
FAC0556,Dr Gokavi Maternity and General Hospital,General Hospital,Dharwad,Karnataka,15.3487422,75.1361592,6944292506,"OpenStreetMap Overpass API, government-facility-filtered (real, live-fetched)"
FAC0557,"Kamat General Hospital, Hubli",General Hospital,Dharwad,Karnataka,15.3609212,75.1477866,6947452017,"OpenStreetMap Overpass API, government-facility-filtered (real, live-fetched)"
FAC0558,Government Hospital Tergaon,General Hospital,Dharwad,Karnataka,15.3693454,74.765307,7205430729,"OpenStreetMap Overpass API, government-facility-filtered (real, live-fetched)"
FAC0559,"PHC, Annigeri",PHC,Dharwad,Karnataka,15.430838,75.431341,7205430735,"OpenStreetMap Overpass API, government-facility-filtered (real, live-fetched)"
FAC0560,Government Hospital Aralikatti,General Hospital,Dharwad,Karnataka,15.2105101,75.16366,7205430739,"OpenStreetMap Overpass API, government-facility-filtered (real, live-fetched)"
FAC0561,"Government Hospital, Byahatti",General Hospital,Dharwad,Karnataka,15.4489,75.209468,7205430746,"OpenStreetMap Overpass API, government-facility-filtered (real, live-fetched)"
FAC0562,"PHC, Adargunchi",PHC,Dharwad,Karnataka,15.2812358,75.1513047,7205430759,"OpenStreetMap Overpass API, government-facility-filtered (real, live-fetched)"
FAC0563,Mukkal Government Hospital,General Hospital,Dharwad,Karnataka,15.123348,75.0094779,7205430766,"OpenStreetMap Overpass API, government-facility-filtered (real, live-fetched)"
FAC0564,Government Maternity Hospital,General Hospital,Dharwad,Karnataka,15.459487,75.010166,7205430775,"OpenStreetMap Overpass API, government-facility-filtered (real, live-fetched)"
FAC0565,Hebballi Primary Health Centre,PHC,Dharwad,Karnataka,15.482085,75.129696,7205430779,"OpenStreetMap Overpass API, government-facility-filtered (real, live-fetched)"
FAC0566,Noolvi PHC,PHC,Dharwad,Karnataka,15.272396,75.160817,7205430782,"OpenStreetMap Overpass API, government-facility-filtered (real, live-fetched)"
FAC0567,Government Hospital Attigeri,General Hospital,Dharwad,Karnataka,15.105561,75.334496,7205430787,"OpenStreetMap Overpass API, government-facility-filtered (real, live-fetched)"
FAC0568,Purohith Nagara PHC,PHC,Dharwad,Karnataka,15.4325938,75.0114706,7205430788,"OpenStreetMap Overpass API, government-facility-filtered (real, live-fetched)"
FAC0569,"Government Taluka Hospital, Haliyal",General Hospital,Dharwad,Karnataka,15.3322945,74.7699131,7205430791,"OpenStreetMap Overpass API, government-facility-filtered (real, live-fetched)"
FAC0570,"District Hospital, Dharwad",District Hospital,Dharwad,Karnataka,15.4436571,75.0080157,7205430794,"OpenStreetMap Overpass API, government-facility-filtered (real, live-fetched)"
FAC0571,"PHC, Doddakeri",PHC,Dharwad,Karnataka,15.3365045,75.1489348,7205430795,"OpenStreetMap Overpass API, government-facility-filtered (real, live-fetched)"
FAC0572,"Government Hospital, Belavatagi",General Hospital,Dharwad,Karnataka,15.250993,74.853609,7205430800,"OpenStreetMap Overpass API, government-facility-filtered (real, live-fetched)"
FAC0573,Police Head Quarters PHC,PHC,Dharwad,Karnataka,15.467978,74.987543,7205430802,"OpenStreetMap Overpass API, government-facility-filtered (real, live-fetched)"
FAC0574,"Government Hospital, Ramalingaeshwara Nagar",General Hospital,Dharwad,Karnataka,15.355835,75.103767,7205430804,"OpenStreetMap Overpass API, government-facility-filtered (real, live-fetched)"
FAC0575,Ingalahalli PHC,PHC,Dharwad,Karnataka,15.4052517,75.3049755,7205430812,"OpenStreetMap Overpass API, government-facility-filtered (real, live-fetched)"
FAC0576,Hulagur PHC,PHC,Dharwad,Karnataka,15.092269,75.280498,7205430813,"OpenStreetMap Overpass API, government-facility-filtered (real, live-fetched)"
FAC0577,Ingalagi PHC,PHC,Dharwad,Karnataka,15.118951,75.228037,7205430816,"OpenStreetMap Overpass API, government-facility-filtered (real, live-fetched)"
FAC0578,Saunshi PHC,PHC,Dharwad,Karnataka,15.2081061,75.3054051,7205430820,"OpenStreetMap Overpass API, government-facility-filtered (real, live-fetched)"
FAC0579,Government Hospital Tadas,General Hospital,Dharwad,Karnataka,15.129051,75.125949,7205430821,"OpenStreetMap Overpass API, government-facility-filtered (real, live-fetched)"
FAC0580,Government Hospital Hubli,General Hospital,Dharwad,Karnataka,15.3365994,75.130484,7205430823,"OpenStreetMap Overpass API, government-facility-filtered (real, live-fetched)"
FAC0581,Mishrikoti PHC,PHC,Dharwad,Karnataka,15.246297,75.06188,7205430824,"OpenStreetMap Overpass API, government-facility-filtered (real, live-fetched)"
FAC0582,Yaliwal PHC,PHC,Dharwad,Karnataka,15.1745851,75.1953602,7205430829,"OpenStreetMap Overpass API, government-facility-filtered (real, live-fetched)"
FAC0583,"Government Hospital, Dotihal, Dhundsi",General Hospital,Dharwad,Karnataka,15.028377,75.141956,7205430831,"OpenStreetMap Overpass API, government-facility-filtered (real, live-fetched)"
FAC0584,Murkwad PHC,PHC,Dharwad,Karnataka,15.2748751,74.8340436,7205430834,"OpenStreetMap Overpass API, government-facility-filtered (real, live-fetched)"
FAC0585,PHC Belahar,PHC,Dharwad,Karnataka,15.49978,75.334775,7205430835,"OpenStreetMap Overpass API, government-facility-filtered (real, live-fetched)"
FAC0586,Yaraguppi PHC,PHC,Dharwad,Karnataka,15.3132068,75.3128342,7205430841,"OpenStreetMap Overpass API, government-facility-filtered (real, live-fetched)"
FAC0587,"Heggeri,Esi Hospital",General Hospital,Dharwad,Karnataka,15.340232,75.1269666,7205430852,"OpenStreetMap Overpass API, government-facility-filtered (real, live-fetched)"
FAC0588,Shiraguppi Government Hospital,General Hospital,Dharwad,Karnataka,15.362052,75.280975,7205430857,"OpenStreetMap Overpass API, government-facility-filtered (real, live-fetched)"
FAC0589,"PHC, Dodwad",PHC,Dharwad,Karnataka,15.678408,74.960968,7205448372,"OpenStreetMap Overpass API, government-facility-filtered (real, live-fetched)"
FAC0590,Navalgund Sub-District Hospital,District Hospital,Dharwad,Karnataka,15.5561647,75.3581193,7205448428,"OpenStreetMap Overpass API, government-facility-filtered (real, live-fetched)"
FAC0591,PHC Garag,PHC,Dharwad,Karnataka,15.573683,74.930265,7205448430,"OpenStreetMap Overpass API, government-facility-filtered (real, live-fetched)"
FAC0592,"Government Hospital, Morab",General Hospital,Dharwad,Karnataka,15.580144,75.1583631,7205448435,"OpenStreetMap Overpass API, government-facility-filtered (real, live-fetched)"
FAC0593,Government Hospital Uppin Betager,General Hospital,Dharwad,Karnataka,15.611345,75.0045838,7205448440,"OpenStreetMap Overpass API, government-facility-filtered (real, live-fetched)"
FAC0594,"PHC, Budarakatti",PHC,Dharwad,Karnataka,15.6611445,74.9157641,7205448448,"OpenStreetMap Overpass API, government-facility-filtered (real, live-fetched)"
FAC0595,Kotur PHC,PHC,Dharwad,Karnataka,15.53986,74.907015,7205448456,"OpenStreetMap Overpass API, government-facility-filtered (real, live-fetched)"
FAC0596,Javoor PHC,PHC,Dharwad,Karnataka,15.6186295,75.2376116,7205448470,"OpenStreetMap Overpass API, government-facility-filtered (real, live-fetched)"
FAC0597,Government Hospital Neharu Nagar,General Hospital,Dharwad,Karnataka,15.4488228,74.9735087,8188037203,"OpenStreetMap Overpass API, government-facility-filtered (real, live-fetched)"
FAC0598,Government Hospital,General Hospital,Dharwad,Karnataka,15.4485979,74.9745836,8188037204,"OpenStreetMap Overpass API, government-facility-filtered (real, live-fetched)"
FAC0599,Government Hospital Barakotri,General Hospital,Dharwad,Karnataka,15.4463406,74.993815,8188037207,"OpenStreetMap Overpass API, government-facility-filtered (real, live-fetched)"
FAC0600,ESI Hospital,General Hospital,Dharwad,Karnataka,15.4451226,75.0112581,8188037209,"OpenStreetMap Overpass API, government-facility-filtered (real, live-fetched)"
FAC0601,Urban Primary Health Centre,PHC,Dharwad,Karnataka,15.3959057,75.0815085,8188037260,"OpenStreetMap Overpass API, government-facility-filtered (real, live-fetched)"
FAC0602,Government Veterinary Hospital,General Hospital,Dharwad,Karnataka,15.3753454,75.144122,8188037265,"OpenStreetMap Overpass API, government-facility-filtered (real, live-fetched)"
FAC0603,Urban Primary Health Center,PHC,Dharwad,Karnataka,15.3417943,75.1056394,8188037317,"OpenStreetMap Overpass API, government-facility-filtered (real, live-fetched)"
FAC0604,Government Hospital Koliwad,General Hospital,Dharwad,Karnataka,15.3386095,75.4220176,8188037320,"OpenStreetMap Overpass API, government-facility-filtered (real, live-fetched)"
FAC0605,Primary Health Center,PHC,Dharwad,Karnataka,15.318674,75.008475,8188037333,"OpenStreetMap Overpass API, government-facility-filtered (real, live-fetched)"
FAC0606,Government Veterinary Hospital,General Hospital,Dharwad,Karnataka,15.1796875,74.9694237,8188037401,"OpenStreetMap Overpass API, government-facility-filtered (real, live-fetched)"
FAC0607,"Primary Health Sub-Center, Malligawad",Sub-Centre,Dharwad,Karnataka,15.3370225,75.4338652,9274807120,"OpenStreetMap Overpass API, government-facility-filtered (real, live-fetched)"
FAC0608,Mulagund Government Hospital,General Hospital,Gadag,Karnataka,15.2829522,75.5254909,7205430734,"OpenStreetMap Overpass API, government-facility-filtered (real, live-fetched)"
FAC0609,"PHC, Annigeri",PHC,Gadag,Karnataka,15.430838,75.431341,7205430735,"OpenStreetMap Overpass API, government-facility-filtered (real, live-fetched)"
FAC0610,"Government Hospital, Dambal",General Hospital,Gadag,Karnataka,15.296009,75.777204,7205430763,"OpenStreetMap Overpass API, government-facility-filtered (real, live-fetched)"
FAC0611,"PHC, Betigeri",PHC,Gadag,Karnataka,15.440584,75.65446,7205430767,"OpenStreetMap Overpass API, government-facility-filtered (real, live-fetched)"
FAC0612,Taluka Government Hospital,General Hospital,Gadag,Karnataka,15.2338377,75.5793469,7205430796,"OpenStreetMap Overpass API, government-facility-filtered (real, live-fetched)"
FAC0613,"PHC, Chikenakoppa",PHC,Gadag,Karnataka,15.4922693,75.8915605,7205430807,"OpenStreetMap Overpass API, government-facility-filtered (real, live-fetched)"
FAC0614,Yalavatti PHC,PHC,Gadag,Karnataka,15.2527353,75.4875568,7205430828,"OpenStreetMap Overpass API, government-facility-filtered (real, live-fetched)"
FAC0615,Kurtakoti PHC,PHC,Gadag,Karnataka,15.36589,75.525118,7205430832,"OpenStreetMap Overpass API, government-facility-filtered (real, live-fetched)"
FAC0616,Hulkoti PHC,PHC,Gadag,Karnataka,15.418971,75.541628,7205430838,"OpenStreetMap Overpass API, government-facility-filtered (real, live-fetched)"
FAC0617,Naregal Government Hospital,General Hospital,Gadag,Karnataka,15.573794,75.813523,7205448406,"OpenStreetMap Overpass API, government-facility-filtered (real, live-fetched)"
FAC0618,Savadi PHC,PHC,Gadag,Karnataka,15.650021,75.67368,7205448419,"OpenStreetMap Overpass API, government-facility-filtered (real, live-fetched)"
FAC0619,Shalwadi PHC,PHC,Gadag,Karnataka,15.5793054,75.4741101,7205448462,"OpenStreetMap Overpass API, government-facility-filtered (real, live-fetched)"
FAC0620,Kadadi Government Hospital,General Hospital,Gadag,Karnataka,15.585813,75.630419,7205448466,"OpenStreetMap Overpass API, government-facility-filtered (real, live-fetched)"
FAC0621,Phc Betageri,PHC,Gadag,Karnataka,15.4405284,75.6545169,8188037213,"OpenStreetMap Overpass API, government-facility-filtered (real, live-fetched)"
FAC0622,Government Hospital Koliwad,General Hospital,Gadag,Karnataka,15.3386095,75.4220176,8188037320,"OpenStreetMap Overpass API, government-facility-filtered (real, live-fetched)"
FAC0623,"Primary Health Sub-Center, Malligawad",Sub-Centre,Gadag,Karnataka,15.3370225,75.4338652,9274807120,"OpenStreetMap Overpass API, government-facility-filtered (real, live-fetched)"
FAC0624,Government Hospital,General Hospital,Hassan,Karnataka,13.0165784,76.3780635,1814603134,"OpenStreetMap Overpass API, government-facility-filtered (real, live-fetched)"
FAC0625,Government Primary Health Centre,PHC,Hassan,Karnataka,13.1521519,76.2302569,3013736082,"OpenStreetMap Overpass API, government-facility-filtered (real, live-fetched)"
FAC0626,Sri Chamarajendra District Hospital Blood Bank,District Hospital,Hassan,Karnataka,13.004742,76.104439,6893280892,"OpenStreetMap Overpass API, government-facility-filtered (real, live-fetched)"
FAC0627,Phc Malali,PHC,Hassan,Karnataka,12.9308397,76.2323551,7202723915,"OpenStreetMap Overpass API, government-facility-filtered (real, live-fetched)"
FAC0628,Kunduru-Channapura PHC,PHC,Hassan,Karnataka,12.8654125,75.9627983,7202723937,"OpenStreetMap Overpass API, government-facility-filtered (real, live-fetched)"
FAC0629,"Government Hospital, Channarayapattana TH",General Hospital,Hassan,Karnataka,12.905698,76.386383,7202723945,"OpenStreetMap Overpass API, government-facility-filtered (real, live-fetched)"
FAC0630,"Government Hospital, Hangarahalli",PHC,Hassan,Karnataka,12.8510834,76.1626434,7202723993,"OpenStreetMap Overpass API, government-facility-filtered (real, live-fetched)"
FAC0631,Holenarasipura Government Hospital,General Hospital,Hassan,Karnataka,12.786087,76.244037,7202724056,"OpenStreetMap Overpass API, government-facility-filtered (real, live-fetched)"
FAC0632,Primary Health Centre Palya,PHC,Hassan,Karnataka,12.949554,75.941978,7202724063,"OpenStreetMap Overpass API, government-facility-filtered (real, live-fetched)"
FAC0633,"Government hospital, Gorur",PHC,Hassan,Karnataka,12.8267283,76.0637396,7202724065,"OpenStreetMap Overpass API, government-facility-filtered (real, live-fetched)"
FAC0634,PHC Bidare,PHC,Hassan,Karnataka,13.1420186,76.388229,7202935747,"OpenStreetMap Overpass API, government-facility-filtered (real, live-fetched)"
FAC0635,"CHC, Gandasi",CHC,Hassan,Karnataka,13.1579418,76.305898,7202935750,"OpenStreetMap Overpass API, government-facility-filtered (real, live-fetched)"
FAC0636,Heragu PHC,PHC,Hassan,Karnataka,13.057232,76.267492,7202935757,"OpenStreetMap Overpass API, government-facility-filtered (real, live-fetched)"
FAC0637,Alur Government Hospital,General Hospital,Hassan,Karnataka,12.977882,75.989566,7202935762,"OpenStreetMap Overpass API, government-facility-filtered (real, live-fetched)"
FAC0638,CHC Dudda,CHC,Hassan,Karnataka,13.0880881,76.2046264,7202935763,"OpenStreetMap Overpass API, government-facility-filtered (real, live-fetched)"
FAC0639,"PHC, Hagare",PHC,Hassan,Karnataka,13.1310236,75.9953709,7202935808,"OpenStreetMap Overpass API, government-facility-filtered (real, live-fetched)"
FAC0640,"PHC, Basavaghatta",PHC,Hassan,Karnataka,13.1417734,76.1920681,7202935810,"OpenStreetMap Overpass API, government-facility-filtered (real, live-fetched)"
FAC0641,"PHC, Bylahalli",PHC,Hassan,Karnataka,13.0488901,75.983683,7202935814,"OpenStreetMap Overpass API, government-facility-filtered (real, live-fetched)"
FAC0642,"Community Health Centre, Udayapura",CHC,Hassan,Karnataka,12.9712264,76.3235368,7202935817,"OpenStreetMap Overpass API, government-facility-filtered (real, live-fetched)"
FAC0643,Salagame Government Hospital,General Hospital,Hassan,Karnataka,13.082675,76.090603,7202935822,"OpenStreetMap Overpass API, government-facility-filtered (real, live-fetched)"
FAC0644,Government Hospital Valagerahalli,General Hospital,Hassan,Karnataka,13.1421425,76.4165112,7202935844,"OpenStreetMap Overpass API, government-facility-filtered (real, live-fetched)"
FAC0645,Kalkere PHC,PHC,Hassan,Karnataka,12.9626951,76.4172224,7202935851,"OpenStreetMap Overpass API, government-facility-filtered (real, live-fetched)"
FAC0646,Kondenalu PHC,PHC,Hassan,Karnataka,13.1583913,76.345364,7202935855,"OpenStreetMap Overpass API, government-facility-filtered (real, live-fetched)"
FAC0647,PHC Doddagenigere,PHC,Hassan,Karnataka,12.980184,76.154614,7202935859,"OpenStreetMap Overpass API, government-facility-filtered (real, live-fetched)"
FAC0648,"PHC, Boovanahalli",PHC,Hassan,Karnataka,13.004975,76.1403916,7202935876,"OpenStreetMap Overpass API, government-facility-filtered (real, live-fetched)"
FAC0649,"Government Hospital, Halebeedu",General Hospital,Hassan,Karnataka,13.2137,75.992653,7202935878,"OpenStreetMap Overpass API, government-facility-filtered (real, live-fetched)"
FAC0650,Tholaluthore PHC,PHC,Hassan,Karnataka,13.235558,76.287341,7202935880,"OpenStreetMap Overpass API, government-facility-filtered (real, live-fetched)"
FAC0651,"PHC, Bagur",PHC,Hassan,Karnataka,13.016684,76.377588,7202935881,"OpenStreetMap Overpass API, government-facility-filtered (real, live-fetched)"
FAC0652,Kundurumata PHC,PHC,Hassan,Karnataka,13.030636,76.317062,7202935885,"OpenStreetMap Overpass API, government-facility-filtered (real, live-fetched)"
FAC0653,ESI Hospital,General Hospital,Hassan,Karnataka,13.0148775,76.1297842,7559701843,"OpenStreetMap Overpass API, government-facility-filtered (real, live-fetched)"
FAC0654,Government Hospital,General Hospital,Hassan,Karnataka,12.8509591,76.1626711,8188036117,"OpenStreetMap Overpass API, government-facility-filtered (real, live-fetched)"
FAC0655,Community Health Centre,CHC,Hassan,Karnataka,12.8186,76.1651,8188036143,"OpenStreetMap Overpass API, government-facility-filtered (real, live-fetched)"
FAC0656,Government Hospital,General Hospital,Hassan,Karnataka,13.1579118,76.3058823,8188038390,"OpenStreetMap Overpass API, government-facility-filtered (real, live-fetched)"
FAC0657,Primary Health Center,PHC,Hassan,Karnataka,13.1310262,75.9953811,8188038415,"OpenStreetMap Overpass API, government-facility-filtered (real, live-fetched)"
FAC0658,Primary Health Centre Heragu,PHC,Hassan,Karnataka,13.0572563,76.2674563,8188038517,"OpenStreetMap Overpass API, government-facility-filtered (real, live-fetched)"
FAC0659,Primary Health Centre Gopanahalli,PHC,Hassan,Karnataka,13.054045,76.2434197,8188038527,"OpenStreetMap Overpass API, government-facility-filtered (real, live-fetched)"
FAC0660,Doddagenigere Govt. Primary Hospital,General Hospital,Hassan,Karnataka,12.9805638,76.1546751,8188038813,"OpenStreetMap Overpass API, government-facility-filtered (real, live-fetched)"
FAC0661,Primary Health Center,PHC,Hassan,Karnataka,12.949568,75.941992,8188038950,"OpenStreetMap Overpass API, government-facility-filtered (real, live-fetched)"
FAC0662,Primary Health Center,PHC,Hassan,Karnataka,12.9377,76.1273,8188038998,"OpenStreetMap Overpass API, government-facility-filtered (real, live-fetched)"
FAC0663,Urban Primary Health Center,PHC,Hassan,Karnataka,13.0122914,76.110732,8856180017,"OpenStreetMap Overpass API, government-facility-filtered (real, live-fetched)"
FAC0664,Primary Health Care Center,PHC,Hassan,Karnataka,13.032199,76.0653576,10114175062,"OpenStreetMap Overpass API, government-facility-filtered (real, live-fetched)"
FAC0665,Kaginelli PHC,PHC,Haveri,Karnataka,14.6853205,75.363599,7205339599,"OpenStreetMap Overpass API, government-facility-filtered (real, live-fetched)"
FAC0666,Government Hospital Shankaripur,General Hospital,Haveri,Karnataka,14.7007019,75.4288732,7205339600,"OpenStreetMap Overpass API, government-facility-filtered (real, live-fetched)"
FAC0667,Yalagere Primary Health Centre,PHC,Haveri,Karnataka,14.487041,75.2495668,7205339606,"OpenStreetMap Overpass API, government-facility-filtered (real, live-fetched)"
FAC0668,Government Hospital Adur,General Hospital,Haveri,Karnataka,14.7733633,75.2479467,7205339610,"OpenStreetMap Overpass API, government-facility-filtered (real, live-fetched)"
FAC0669,Koda PHC,PHC,Haveri,Karnataka,14.513456,75.446776,7205339612,"OpenStreetMap Overpass API, government-facility-filtered (real, live-fetched)"
FAC0670,CHC Bankapura,CHC,Haveri,Karnataka,14.922868,75.258262,7205339631,"OpenStreetMap Overpass API, government-facility-filtered (real, live-fetched)"
FAC0671,"PHC, Katenahalli",PHC,Haveri,Karnataka,14.776176,75.493081,7205339647,"OpenStreetMap Overpass API, government-facility-filtered (real, live-fetched)"
FAC0672,"PHC, Chikkerur",PHC,Haveri,Karnataka,14.5229952,75.3040491,7205339651,"OpenStreetMap Overpass API, government-facility-filtered (real, live-fetched)"
FAC0673,"PHC, Hangala Tribal",PHC,Haveri,Karnataka,14.8225746,75.1148235,7205339652,"OpenStreetMap Overpass API, government-facility-filtered (real, live-fetched)"
FAC0674,"Government Hospital, Anavatti",General Hospital,Haveri,Karnataka,14.5652741,75.1507135,7205339654,"OpenStreetMap Overpass API, government-facility-filtered (real, live-fetched)"
FAC0675,Naregal PHC,PHC,Haveri,Karnataka,14.8242595,75.2802665,7205339655,"OpenStreetMap Overpass API, government-facility-filtered (real, live-fetched)"
FAC0676,Government Hospital Hosaritti,General Hospital,Haveri,Karnataka,14.8958589,75.5490592,7205339667,"OpenStreetMap Overpass API, government-facility-filtered (real, live-fetched)"
FAC0677,"Taluk Hospital, Byadgi",Taluk Hospital,Haveri,Karnataka,14.6685887,75.4838009,7205339673,"OpenStreetMap Overpass API, government-facility-filtered (real, live-fetched)"
FAC0678,Government Hospital Hattimattur,General Hospital,Haveri,Karnataka,14.944626,75.4273048,7205339674,"OpenStreetMap Overpass API, government-facility-filtered (real, live-fetched)"
FAC0679,Kusanur PHC,PHC,Haveri,Karnataka,14.6896947,75.2333049,7205339676,"OpenStreetMap Overpass API, government-facility-filtered (real, live-fetched)"
FAC0680,"Government Hospital, Devihosur",General Hospital,Haveri,Karnataka,14.7917948,75.3337531,7205339691,"OpenStreetMap Overpass API, government-facility-filtered (real, live-fetched)"
FAC0681,Government Hospital Sunakalbidari,General Hospital,Haveri,Karnataka,14.5574508,75.5257308,7205339693,"OpenStreetMap Overpass API, government-facility-filtered (real, live-fetched)"
FAC0682,"Government Hospital, Belagalapeth",General Hospital,Haveri,Karnataka,14.83579,75.20389,7205339695,"OpenStreetMap Overpass API, government-facility-filtered (real, live-fetched)"
FAC0683,PHC Karjgi,PHC,Haveri,Karnataka,14.8593501,75.4513973,7205339699,"OpenStreetMap Overpass API, government-facility-filtered (real, live-fetched)"
FAC0684,Shadaguppi PHC,PHC,Haveri,Karnataka,14.6804337,75.1882918,7205339711,"OpenStreetMap Overpass API, government-facility-filtered (real, live-fetched)"
FAC0685,Housbhavi PHC,PHC,Haveri,Karnataka,14.5674508,75.3621485,7205339732,"OpenStreetMap Overpass API, government-facility-filtered (real, live-fetched)"
FAC0686,Kalasura PHC,PHC,Haveri,Karnataka,14.8832096,75.3996737,7205339737,"OpenStreetMap Overpass API, government-facility-filtered (real, live-fetched)"
FAC0687,Tilavalli PHC,PHC,Haveri,Karnataka,14.621193,75.234516,7205339740,"OpenStreetMap Overpass API, government-facility-filtered (real, live-fetched)"
FAC0688,"Government Hospital, Devaragudda",General Hospital,Haveri,Karnataka,14.6645856,75.5732957,7205339748,"OpenStreetMap Overpass API, government-facility-filtered (real, live-fetched)"
FAC0689,"CHC, Akki Alur",CHC,Haveri,Karnataka,14.7288019,75.1631639,7205339759,"OpenStreetMap Overpass API, government-facility-filtered (real, live-fetched)"
FAC0690,Honnati PHC,PHC,Haveri,Karnataka,14.7433584,75.6389415,7205339763,"OpenStreetMap Overpass API, government-facility-filtered (real, live-fetched)"
FAC0691,PHC Araleshwar,PHC,Haveri,Karnataka,14.786992,75.179895,7205339768,"OpenStreetMap Overpass API, government-facility-filtered (real, live-fetched)"
FAC0692,Hirekerur Government Hospital,General Hospital,Haveri,Karnataka,14.4562395,75.3952205,7205339790,"OpenStreetMap Overpass API, government-facility-filtered (real, live-fetched)"
FAC0693,Government Hospital Shirgod,General Hospital,Haveri,Karnataka,14.6717301,75.1138251,7205339791,"OpenStreetMap Overpass API, government-facility-filtered (real, live-fetched)"
FAC0694,Savanuru Government Hospital,General Hospital,Haveri,Karnataka,14.9763829,75.3340924,7205430847,"OpenStreetMap Overpass API, government-facility-filtered (real, live-fetched)"
FAC0695,Urban Primary Health Centre,PHC,Haveri,Karnataka,14.8044084,75.4084219,7568266689,"OpenStreetMap Overpass API, government-facility-filtered (real, live-fetched)"
FAC0696,ESI Hospital,General Hospital,Haveri,Karnataka,14.799133,75.3932703,7568266718,"OpenStreetMap Overpass API, government-facility-filtered (real, live-fetched)"
FAC0697,Government Hospital,General Hospital,Kalaburagi,Karnataka,17.1224905,76.9417851,3555467165,"OpenStreetMap Overpass API, government-facility-filtered (real, live-fetched)"
FAC0698,Tipu Sultan Maternity and General Hospital,General Hospital,Kalaburagi,Karnataka,17.3585389,76.8547592,6948336113,"OpenStreetMap Overpass API, government-facility-filtered (real, live-fetched)"
FAC0699,Khaja Bandanawaz Teaching and General Hospital,General Hospital,Kalaburagi,Karnataka,17.3261257,76.833681,6950126778,"OpenStreetMap Overpass API, government-facility-filtered (real, live-fetched)"
FAC0700,Hiresavalgi PHC,PHC,Kalaburagi,Karnataka,17.346378,76.7334789,7205437060,"OpenStreetMap Overpass API, government-facility-filtered (real, live-fetched)"
FAC0701,Nelogi CHC,CHC,Kalaburagi,Karnataka,17.0595396,76.6081085,7205437061,"OpenStreetMap Overpass API, government-facility-filtered (real, live-fetched)"
FAC0702,Hebbal CHC,CHC,Kalaburagi,Karnataka,17.3786196,77.049396,7205437065,"OpenStreetMap Overpass API, government-facility-filtered (real, live-fetched)"
FAC0703,Koodi Darga Government Hospital,General Hospital,Kalaburagi,Karnataka,17.1335839,76.7510466,7205437067,"OpenStreetMap Overpass API, government-facility-filtered (real, live-fetched)"
FAC0704,Kadaganchi PHC,PHC,Kalaburagi,Karnataka,17.4444537,76.6709228,7205437070,"OpenStreetMap Overpass API, government-facility-filtered (real, live-fetched)"
FAC0705,"Government Hospital, Ganwar",General Hospital,Kalaburagi,Karnataka,16.9088899,76.8204642,7205437074,"OpenStreetMap Overpass API, government-facility-filtered (real, live-fetched)"
FAC0706,Gundgurthi CHC,CHC,Kalaburagi,Karnataka,17.244143,77.056019,7205437076,"OpenStreetMap Overpass API, government-facility-filtered (real, live-fetched)"
FAC0707,"Government Hospital, Gobbur(B)",General Hospital,Kalaburagi,Karnataka,17.257045,76.631624,7205437077,"OpenStreetMap Overpass API, government-facility-filtered (real, live-fetched)"
FAC0708,"Government Hospital, Mandevala",General Hospital,Kalaburagi,Karnataka,17.0050243,76.547492,7205437082,"OpenStreetMap Overpass API, government-facility-filtered (real, live-fetched)"
FAC0709,Korwar PHC,PHC,Kalaburagi,Karnataka,17.3199791,77.0581693,7205437085,"OpenStreetMap Overpass API, government-facility-filtered (real, live-fetched)"
FAC0710,Government Hospital,General Hospital,Kalaburagi,Karnataka,17.0578666,76.6100065,7205437087,"OpenStreetMap Overpass API, government-facility-filtered (real, live-fetched)"
FAC0711,Madyala PHC,PHC,Kalaburagi,Karnataka,17.3895003,76.4895528,7205437093,"OpenStreetMap Overpass API, government-facility-filtered (real, live-fetched)"
FAC0712,"Government Hospital, Farhatabad",General Hospital,Kalaburagi,Karnataka,17.182993,76.791694,7205437094,"OpenStreetMap Overpass API, government-facility-filtered (real, live-fetched)"
FAC0713,PHC Bhusnoor,PHC,Kalaburagi,Karnataka,17.469806,76.527264,7205437102,"OpenStreetMap Overpass API, government-facility-filtered (real, live-fetched)"
FAC0714,Nimbarga CHC,CHC,Kalaburagi,Karnataka,17.3892686,76.584873,7205437116,"OpenStreetMap Overpass API, government-facility-filtered (real, live-fetched)"
FAC0715,"Government Hospital, Dandhoti",General Hospital,Kalaburagi,Karnataka,17.1835083,77.100965,7205437121,"OpenStreetMap Overpass API, government-facility-filtered (real, live-fetched)"
FAC0716,Revoor B PHC,PHC,Kalaburagi,Karnataka,17.3236256,76.4621222,7205437134,"OpenStreetMap Overpass API, government-facility-filtered (real, live-fetched)"
FAC0717,Ravoor PHC,PHC,Kalaburagi,Karnataka,17.090907,76.99748,7205437140,"OpenStreetMap Overpass API, government-facility-filtered (real, live-fetched)"
FAC0718,"Government Hospital, Chitapur",General Hospital,Kalaburagi,Karnataka,17.1253512,77.0835502,7205437143,"OpenStreetMap Overpass API, government-facility-filtered (real, live-fetched)"
FAC0719,"Government Hospital, Harsur",General Hospital,Kalaburagi,Karnataka,17.4274351,76.9737121,7205437147,"OpenStreetMap Overpass API, government-facility-filtered (real, live-fetched)"
FAC0720,Korhalli PHC,PHC,Kalaburagi,Karnataka,17.4865328,76.5760683,7205437153,"OpenStreetMap Overpass API, government-facility-filtered (real, live-fetched)"
FAC0721,Government Hospital Atnoor,General Hospital,Kalaburagi,Karnataka,17.2429948,76.4834768,7205437154,"OpenStreetMap Overpass API, government-facility-filtered (real, live-fetched)"
FAC0722,Jewargi Government Hospital,General Hospital,Kalaburagi,Karnataka,17.015116,76.7748644,7205437160,"OpenStreetMap Overpass API, government-facility-filtered (real, live-fetched)"
FAC0723,Government Hospital Wadi,General Hospital,Kalaburagi,Karnataka,17.0420146,77.0002163,7205437163,"OpenStreetMap Overpass API, government-facility-filtered (real, live-fetched)"
FAC0724,Tengli PHC,PHC,Kalaburagi,Karnataka,17.3589499,76.8241951,7205437166,"OpenStreetMap Overpass API, government-facility-filtered (real, live-fetched)"
FAC0725,Kalhipparaga PHC,PHC,Kalaburagi,Karnataka,17.4161871,77.0478601,7205437170,"OpenStreetMap Overpass API, government-facility-filtered (real, live-fetched)"
FAC0726,PHC Aurad(B),PHC,Kalaburagi,Karnataka,17.444783,76.885912,7205437173,"OpenStreetMap Overpass API, government-facility-filtered (real, live-fetched)"
FAC0727,Narona CHC,CHC,Kalaburagi,Karnataka,17.5131613,76.7164274,7205437176,"OpenStreetMap Overpass API, government-facility-filtered (real, live-fetched)"
FAC0728,Aisha Maternity & General Hospital,General Hospital,Kalaburagi,Karnataka,17.3367972,76.8158001,7548301097,"OpenStreetMap Overpass API, government-facility-filtered (real, live-fetched)"
FAC0729,Gulbarga District Government Hospital,General Hospital,Kalaburagi,Karnataka,17.331378,76.84019,7548301099,"OpenStreetMap Overpass API, government-facility-filtered (real, live-fetched)"
FAC0730,Suraksha Maternity & General Hospital,General Hospital,Kalaburagi,Karnataka,17.3135651,76.8656277,7548301103,"OpenStreetMap Overpass API, government-facility-filtered (real, live-fetched)"
FAC0731,Al Ameen Aminabai Maternity & General Hospital,General Hospital,Kalaburagi,Karnataka,17.3504444,76.84752,7548301105,"OpenStreetMap Overpass API, government-facility-filtered (real, live-fetched)"
FAC0732,Syed Barey Maternity & General Hospital,General Hospital,Kalaburagi,Karnataka,17.3452489,76.8433902,7548301116,"OpenStreetMap Overpass API, government-facility-filtered (real, live-fetched)"
FAC0733,Al-Nisa Maternity & General Hospital,General Hospital,Kalaburagi,Karnataka,17.345479,76.8474025,7548301171,"OpenStreetMap Overpass API, government-facility-filtered (real, live-fetched)"
FAC0734,Pearls Child Care and General Hospital,General Hospital,Kalaburagi,Karnataka,17.352025,76.848618,7548301174,"OpenStreetMap Overpass API, government-facility-filtered (real, live-fetched)"
FAC0735,Sri Venkat Sai Surgical & General Hospital,General Hospital,Kalaburagi,Karnataka,17.3103824,76.8010837,7548301200,"OpenStreetMap Overpass API, government-facility-filtered (real, live-fetched)"
FAC0736,Meenaz Maternity & General Hospital,General Hospital,Kalaburagi,Karnataka,17.3511117,76.8528018,7548301203,"OpenStreetMap Overpass API, government-facility-filtered (real, live-fetched)"
FAC0737,Government Hospital,General Hospital,Kalaburagi,Karnataka,17.44483,76.8858989,8188036349,"OpenStreetMap Overpass API, government-facility-filtered (real, live-fetched)"
FAC0738,Kakotuparambu Primary Health Centre,PHC,Kodagu,Karnataka,12.256,75.7595,7202979466,"OpenStreetMap Overpass API, government-facility-filtered (real, live-fetched)"
FAC0739,Government Hospital Napoklu,General Hospital,Kodagu,Karnataka,12.3061737,75.6884194,7202979473,"OpenStreetMap Overpass API, government-facility-filtered (real, live-fetched)"
FAC0740,Government Hospital,General Hospital,Kodagu,Karnataka,12.4187855,75.741458,8188037468,"OpenStreetMap Overpass API, government-facility-filtered (real, live-fetched)"
FAC0741,Sri Narshima Raja District Hospital,District Hospital,Kolar,Karnataka,13.1291236,78.1342614,6947682069,"OpenStreetMap Overpass API, government-facility-filtered (real, live-fetched)"
FAC0742,"PHC, Ramasamudram",PHC,Kolar,Karnataka,13.368773,78.424443,7113926764,"OpenStreetMap Overpass API, government-facility-filtered (real, live-fetched)"
FAC0743,"PHC, Andersonpet",PHC,Kolar,Karnataka,12.9351991,78.2690685,7202724060,"OpenStreetMap Overpass API, government-facility-filtered (real, live-fetched)"
FAC0744,Kyasambally PHC,PHC,Kolar,Karnataka,12.9534688,78.3484397,7202724066,"OpenStreetMap Overpass API, government-facility-filtered (real, live-fetched)"
FAC0745,Uphc Kolar Phc,PHC,Kolar,Karnataka,13.136113,78.132185,7202935742,"OpenStreetMap Overpass API, government-facility-filtered (real, live-fetched)"
FAC0746,Huttur PHC,PHC,Kolar,Karnataka,13.1318735,78.2543982,7202935744,"OpenStreetMap Overpass API, government-facility-filtered (real, live-fetched)"
FAC0747,"Government Hospital, Doddachinnahalli",General Hospital,Kolar,Karnataka,12.958055,78.226823,7202935751,"OpenStreetMap Overpass API, government-facility-filtered (real, live-fetched)"
FAC0748,Oorukuntemittur Government Hospital,General Hospital,Kolar,Karnataka,13.0714406,78.3342008,7202935759,"OpenStreetMap Overpass API, government-facility-filtered (real, live-fetched)"
FAC0749,"Government Hospital, Avani",General Hospital,Kolar,Karnataka,13.1070737,78.331434,7202935772,"OpenStreetMap Overpass API, government-facility-filtered (real, live-fetched)"
FAC0750,Tayaluru Government Hospital,General Hospital,Kolar,Karnataka,13.0571302,78.425643,7202935786,"OpenStreetMap Overpass API, government-facility-filtered (real, live-fetched)"
FAC0751,Nangali Government Hospital,General Hospital,Kolar,Karnataka,13.199042,78.515335,7202935797,"OpenStreetMap Overpass API, government-facility-filtered (real, live-fetched)"
FAC0752,Bethamangala CHC,CHC,Kolar,Karnataka,13.006704,78.326628,7202935807,"OpenStreetMap Overpass API, government-facility-filtered (real, live-fetched)"
FAC0753,Vemagal PHC,PHC,Kolar,Karnataka,13.1929603,78.0177705,7202935834,"OpenStreetMap Overpass API, government-facility-filtered (real, live-fetched)"
FAC0754,Uttanur PHC,PHC,Kolar,Karnataka,13.210836,78.28678,7202935836,"OpenStreetMap Overpass API, government-facility-filtered (real, live-fetched)"
FAC0755,Narasapura Government Hospital,General Hospital,Kolar,Karnataka,13.1389495,78.00346,7202935847,"OpenStreetMap Overpass API, government-facility-filtered (real, live-fetched)"
FAC0756,"PHC, Bairakuru",PHC,Kolar,Karnataka,13.239453,78.490904,7202935850,"OpenStreetMap Overpass API, government-facility-filtered (real, live-fetched)"
FAC0757,"General Hospital, Bangarapet",General Hospital,Kolar,Karnataka,12.9895093,78.1775931,7202935864,"OpenStreetMap Overpass API, government-facility-filtered (real, live-fetched)"
FAC0758,Dargamohalla Urban Primary Health Centre,PHC,Kolar,Karnataka,13.1316084,78.1244478,7202935879,"OpenStreetMap Overpass API, government-facility-filtered (real, live-fetched)"
FAC0759,Mulbagal Urban PHC,PHC,Kolar,Karnataka,13.162136,78.392569,7202935890,"OpenStreetMap Overpass API, government-facility-filtered (real, live-fetched)"
FAC0760,Vakkaleri PHC,PHC,Kolar,Karnataka,13.0726726,78.038652,7202935896,"OpenStreetMap Overpass API, government-facility-filtered (real, live-fetched)"
FAC0761,PHC Kannasandra,PHC,Kolar,Karnataka,13.086547,78.410221,7202935902,"OpenStreetMap Overpass API, government-facility-filtered (real, live-fetched)"
FAC0762,Sugatur PHC,PHC,Kolar,Karnataka,13.20793,78.101186,7202935908,"OpenStreetMap Overpass API, government-facility-filtered (real, live-fetched)"
FAC0763,Ronur PHC,PHC,Kolar,Karnataka,13.447445,78.2974666,7202986980,"OpenStreetMap Overpass API, government-facility-filtered (real, live-fetched)"
FAC0764,Muttakapalli Government Hospital,General Hospital,Kolar,Karnataka,13.32545,78.3350134,7202987002,"OpenStreetMap Overpass API, government-facility-filtered (real, live-fetched)"
FAC0765,Holur PHC,PHC,Kolar,Karnataka,13.2457217,78.2123498,7202987010,"OpenStreetMap Overpass API, government-facility-filtered (real, live-fetched)"
FAC0766,PHC Lakshmipura,PHC,Kolar,Karnataka,13.4475267,78.2976426,7202987048,"OpenStreetMap Overpass API, government-facility-filtered (real, live-fetched)"
FAC0767,Pulugurkota Government hospital,General Hospital,Kolar,Karnataka,13.431571,78.3568269,7202987073,"OpenStreetMap Overpass API, government-facility-filtered (real, live-fetched)"
FAC0768,Hogalagere PHC,PHC,Kolar,Karnataka,13.3344108,78.2900961,7202987108,"OpenStreetMap Overpass API, government-facility-filtered (real, live-fetched)"
FAC0769,Government Hospital Yeldur,General Hospital,Kolar,Karnataka,13.2805545,78.2953617,7202987127,"OpenStreetMap Overpass API, government-facility-filtered (real, live-fetched)"
FAC0770,Kuruboor PHC,PHC,Kolar,Karnataka,13.3135256,78.07497,7202987135,"OpenStreetMap Overpass API, government-facility-filtered (real, live-fetched)"
FAC0771,Governmental Hospital,General Hospital,Koppal,Karnataka,15.3534219,76.4920804,1802646087,"OpenStreetMap Overpass API, government-facility-filtered (real, live-fetched)"
FAC0772,Kampli A health subcentre,Sub-Centre,Koppal,Karnataka,15.4068677,76.6038476,6179056375,"OpenStreetMap Overpass API, government-facility-filtered (real, live-fetched)"
FAC0773,Bukkasagara Health Subcentre,Sub-Centre,Koppal,Karnataka,15.3750638,76.5718047,6179056377,"OpenStreetMap Overpass API, government-facility-filtered (real, live-fetched)"
FAC0774,Sanapura Health Subcentre,Sub-Centre,Koppal,Karnataka,15.4397,76.6479,6179056378,"OpenStreetMap Overpass API, government-facility-filtered (real, live-fetched)"
FAC0775,"CHC, Kuknoor",CHC,Koppal,Karnataka,15.492909,75.995446,7205430728,"OpenStreetMap Overpass API, government-facility-filtered (real, live-fetched)"
FAC0776,Malapanagudi PHC,PHC,Koppal,Karnataka,15.2775292,76.4311244,7205430730,"OpenStreetMap Overpass API, government-facility-filtered (real, live-fetched)"
FAC0777,CHC Sriramanagar,CHC,Koppal,Karnataka,15.5018992,76.5942575,7205430731,"OpenStreetMap Overpass API, government-facility-filtered (real, live-fetched)"
FAC0778,Kampli Government Hospital,General Hospital,Koppal,Karnataka,15.4064959,76.6036531,7205430732,"OpenStreetMap Overpass API, government-facility-filtered (real, live-fetched)"
FAC0779,Kinnala PHC,PHC,Koppal,Karnataka,15.4384731,76.1383952,7205430737,"OpenStreetMap Overpass API, government-facility-filtered (real, live-fetched)"
FAC0780,"Government Hospital, Benakal",General Hospital,Koppal,Karnataka,15.443029,76.0444523,7205430741,"OpenStreetMap Overpass API, government-facility-filtered (real, live-fetched)"
FAC0781,Irkalgada PHC,PHC,Koppal,Karnataka,15.465214,76.217819,7205430751,"OpenStreetMap Overpass API, government-facility-filtered (real, live-fetched)"
FAC0782,PHC Bhagyanagar,PHC,Koppal,Karnataka,15.368333,76.1445547,7205430753,"OpenStreetMap Overpass API, government-facility-filtered (real, live-fetched)"
FAC0783,Hoskera PHC,PHC,Koppal,Karnataka,15.499949,76.5668134,7205430756,"OpenStreetMap Overpass API, government-facility-filtered (real, live-fetched)"
FAC0784,"Government Hospital, Mangalore",General Hospital,Koppal,Karnataka,15.5183744,76.1510225,7205430760,"OpenStreetMap Overpass API, government-facility-filtered (real, live-fetched)"
FAC0785,"Government Subdivision Hospital, Gangavathi",General Hospital,Koppal,Karnataka,15.4258693,76.5290112,7205430761,"OpenStreetMap Overpass API, government-facility-filtered (real, live-fetched)"
FAC0786,Indaragi PHC,PHC,Koppal,Karnataka,15.4439047,76.3235604,7205430771,"OpenStreetMap Overpass API, government-facility-filtered (real, live-fetched)"
FAC0787,"Government Hospital, Ginigera",General Hospital,Koppal,Karnataka,15.35329,76.250666,7205430777,"OpenStreetMap Overpass API, government-facility-filtered (real, live-fetched)"
FAC0788,Ramasagar Government Hospital,General Hospital,Koppal,Karnataka,15.374023,76.572042,7205430780,"OpenStreetMap Overpass API, government-facility-filtered (real, live-fetched)"
FAC0789,"Government Hospital, Hiresingodi",General Hospital,Koppal,Karnataka,15.2952461,76.0941147,7205430785,"OpenStreetMap Overpass API, government-facility-filtered (real, live-fetched)"
FAC0790,Itagi PHC,PHC,Koppal,Karnataka,15.4460023,75.9670282,7205430798,"OpenStreetMap Overpass API, government-facility-filtered (real, live-fetched)"
FAC0791,Kukanapalli PHC,PHC,Koppal,Karnataka,15.4347501,76.2962684,7205430817,"OpenStreetMap Overpass API, government-facility-filtered (real, live-fetched)"
FAC0792,"PHC, Anegundi",PHC,Koppal,Karnataka,15.3532967,76.4920959,7205430827,"OpenStreetMap Overpass API, government-facility-filtered (real, live-fetched)"
FAC0793,Munirabad CHC,CHC,Koppal,Karnataka,15.2785323,76.3260433,7205430837,"OpenStreetMap Overpass API, government-facility-filtered (real, live-fetched)"
FAC0794,Hitnal PHC,PHC,Koppal,Karnataka,15.329528,76.311661,7205430843,"OpenStreetMap Overpass API, government-facility-filtered (real, live-fetched)"
FAC0795,Mushtur PHC,PHC,Koppal,Karnataka,15.457077,76.640991,7205430855,"OpenStreetMap Overpass API, government-facility-filtered (real, live-fetched)"
FAC0796,Mudhol PHC,PHC,Koppal,Karnataka,15.6384198,75.9520156,7205448339,"OpenStreetMap Overpass API, government-facility-filtered (real, live-fetched)"
FAC0797,PHC Bevoor,PHC,Koppal,Karnataka,15.5657243,76.1716156,7205448351,"OpenStreetMap Overpass API, government-facility-filtered (real, live-fetched)"
FAC0798,CHC Kanakagiri,CHC,Koppal,Karnataka,15.567121,76.417334,7205448352,"OpenStreetMap Overpass API, government-facility-filtered (real, live-fetched)"
FAC0799,"Government Hospital, Chikwankal Kunta",General Hospital,Koppal,Karnataka,15.6380221,76.2273341,7205448364,"OpenStreetMap Overpass API, government-facility-filtered (real, live-fetched)"
FAC0800,"Government Hospital, Gunnal",General Hospital,Koppal,Karnataka,15.590883,76.232691,7205448384,"OpenStreetMap Overpass API, government-facility-filtered (real, live-fetched)"
FAC0801,Kushtagi Government Hospital,General Hospital,Koppal,Karnataka,15.7543994,76.1895042,7205448386,"OpenStreetMap Overpass API, government-facility-filtered (real, live-fetched)"
FAC0802,Government Hospital Thurvihal,General Hospital,Koppal,Karnataka,15.7609361,76.5941272,7205448389,"OpenStreetMap Overpass API, government-facility-filtered (real, live-fetched)"
FAC0803,Navali PHC,PHC,Koppal,Karnataka,15.6511374,76.5409776,7205448395,"OpenStreetMap Overpass API, government-facility-filtered (real, live-fetched)"
FAC0804,"Government Hospital, Dotihal",General Hospital,Koppal,Karnataka,15.862482,76.2092496,7205448404,"OpenStreetMap Overpass API, government-facility-filtered (real, live-fetched)"
FAC0805,"Government Hospital, Karatagi",General Hospital,Koppal,Karnataka,15.604166,76.6601554,7205448411,"OpenStreetMap Overpass API, government-facility-filtered (real, live-fetched)"
FAC0806,"Old Government Hospital, Yelburga",General Hospital,Koppal,Karnataka,15.613397,76.011243,7205448415,"OpenStreetMap Overpass API, government-facility-filtered (real, live-fetched)"
FAC0807,Hiremannapur PHC,PHC,Koppal,Karnataka,15.762852,76.270082,7205448442,"OpenStreetMap Overpass API, government-facility-filtered (real, live-fetched)"
FAC0808,Primary Health Centre,PHC,Koppal,Karnataka,15.891187,76.298713,7205448467,"OpenStreetMap Overpass API, government-facility-filtered (real, live-fetched)"
FAC0809,Yashoda Maternity and General Hospital,General Hospital,Koppal,Karnataka,15.3514973,76.1643589,7569754278,"OpenStreetMap Overpass API, government-facility-filtered (real, live-fetched)"
FAC0810,Primary Health Center,PHC,Koppal,Karnataka,15.608212,76.011503,8188037160,"OpenStreetMap Overpass API, government-facility-filtered (real, live-fetched)"
FAC0811,Primary Health Center,PHC,Koppal,Karnataka,15.54003,76.323391,8188037177,"OpenStreetMap Overpass API, government-facility-filtered (real, live-fetched)"
FAC0812,Government Hospital,General Hospital,Koppal,Karnataka,15.5014121,76.5942483,8188037182,"OpenStreetMap Overpass API, government-facility-filtered (real, live-fetched)"
FAC0813,Government Hospital,General Hospital,Koppal,Karnataka,15.4571499,76.6410367,8188037197,"OpenStreetMap Overpass API, government-facility-filtered (real, live-fetched)"
FAC0814,Government Hospital,General Hospital,Koppal,Karnataka,15.2784818,76.3258372,8188037341,"OpenStreetMap Overpass API, government-facility-filtered (real, live-fetched)"
FAC0815,Government hospital kuknur,General Hospital,Koppal,Karnataka,15.4928862,75.9943398,14019703001,"OpenStreetMap Overpass API, government-facility-filtered (real, live-fetched)"
FAC0816,Government Hospital,General Hospital,Mandya,Karnataka,12.5246186,76.8998873,659001946,"OpenStreetMap Overpass API, government-facility-filtered (real, live-fetched)"
FAC0817,Government District Ayurveda Hospital,General Hospital,Mandya,Karnataka,12.5166576,76.8939801,6779095989,"OpenStreetMap Overpass API, government-facility-filtered (real, live-fetched)"
FAC0818,PHC B. Hosur,PHC,Mandya,Karnataka,12.610928,76.874244,7202723902,"OpenStreetMap Overpass API, government-facility-filtered (real, live-fetched)"
FAC0819,"Government Hospital, Brahmadevarahalli",General Hospital,Mandya,Karnataka,12.7507047,76.7278825,7202723903,"OpenStreetMap Overpass API, government-facility-filtered (real, live-fetched)"
FAC0820,Keragodu PHC,PHC,Mandya,Karnataka,12.6390402,76.9152121,7202723913,"OpenStreetMap Overpass API, government-facility-filtered (real, live-fetched)"
FAC0821,PHC Aghalaya,PHC,Mandya,Karnataka,12.80695,76.526479,7202723914,"OpenStreetMap Overpass API, government-facility-filtered (real, live-fetched)"
FAC0822,Sindhaghatta PHC,PHC,Mandya,Karnataka,12.6933705,76.5457603,7202723920,"OpenStreetMap Overpass API, government-facility-filtered (real, live-fetched)"
FAC0823,Shivanahalli Primary Health Centre,PHC,Mandya,Karnataka,12.585091,76.8236327,7202723926,"OpenStreetMap Overpass API, government-facility-filtered (real, live-fetched)"
FAC0824,Hulivana PHC,PHC,Mandya,Karnataka,12.5910251,76.9033805,7202723935,"OpenStreetMap Overpass API, government-facility-filtered (real, live-fetched)"
FAC0825,Government Hospital Thendekere,General Hospital,Mandya,Karnataka,12.59482,76.556945,7202723966,"OpenStreetMap Overpass API, government-facility-filtered (real, live-fetched)"
FAC0826,Narayanapura Government Hospital,General Hospital,Mandya,Karnataka,12.6053018,76.6235809,7202723974,"OpenStreetMap Overpass API, government-facility-filtered (real, live-fetched)"
FAC0827,Santhebachalli PHC,PHC,Mandya,Karnataka,12.8085947,76.5824713,7202723986,"OpenStreetMap Overpass API, government-facility-filtered (real, live-fetched)"
FAC0828,PHC Bidarakote,PHC,Mandya,Karnataka,12.6817931,76.9305617,7202723989,"OpenStreetMap Overpass API, government-facility-filtered (real, live-fetched)"
FAC0829,"PHC, Basaralu",PHC,Mandya,Karnataka,12.7069509,76.8174744,7202723994,"OpenStreetMap Overpass API, government-facility-filtered (real, live-fetched)"
FAC0830,Keelara PHC,PHC,Mandya,Karnataka,12.5956347,76.939768,7202723999,"OpenStreetMap Overpass API, government-facility-filtered (real, live-fetched)"
FAC0831,"CHC, Bindiganavile",CHC,Mandya,Karnataka,12.8823108,76.6346562,7202724001,"OpenStreetMap Overpass API, government-facility-filtered (real, live-fetched)"
FAC0832,"Government Hospital, Bommanahalli",General Hospital,Mandya,Karnataka,12.7556968,76.891525,7202724007,"OpenStreetMap Overpass API, government-facility-filtered (real, live-fetched)"
FAC0833,Government Hospital Seelanere,General Hospital,Mandya,Karnataka,12.634737,76.559052,7202724011,"OpenStreetMap Overpass API, government-facility-filtered (real, live-fetched)"
FAC0834,"PHC, Besagara Halli",PHC,Mandya,Karnataka,12.639157,76.9944876,7202724021,"OpenStreetMap Overpass API, government-facility-filtered (real, live-fetched)"
FAC0835,Krishnarajpet Government Hospital,General Hospital,Mandya,Karnataka,12.654322,76.485068,7202724024,"OpenStreetMap Overpass API, government-facility-filtered (real, live-fetched)"
FAC0836,Melukote PHC,PHC,Mandya,Karnataka,12.6674392,76.6485271,7202724028,"OpenStreetMap Overpass API, government-facility-filtered (real, live-fetched)"
FAC0837,"PHC, Doddayagti",PHC,Mandya,Karnataka,12.7505041,76.7933517,7202724047,"OpenStreetMap Overpass API, government-facility-filtered (real, live-fetched)"
FAC0838,PHC Bellale,PHC,Mandya,Karnataka,12.60713,76.673084,7202724048,"OpenStreetMap Overpass API, government-facility-filtered (real, live-fetched)"
FAC0839,"PHC, Goravale",PHC,Mandya,Karnataka,12.5834679,76.8467652,7202724072,"OpenStreetMap Overpass API, government-facility-filtered (real, live-fetched)"
FAC0840,"Government Hospital, Koppa",General Hospital,Mandya,Karnataka,12.7093527,76.9583313,7202724076,"OpenStreetMap Overpass API, government-facility-filtered (real, live-fetched)"
FAC0841,Kodiyala PHC,PHC,Mandya,Karnataka,12.4533496,76.8413259,7202979366,"OpenStreetMap Overpass API, government-facility-filtered (real, live-fetched)"
FAC0842,Pandavapura Government Hospital,General Hospital,Mandya,Karnataka,12.498917,76.674528,7202979374,"OpenStreetMap Overpass API, government-facility-filtered (real, live-fetched)"
FAC0843,Government Hospital Mahadevapur,General Hospital,Mandya,Karnataka,12.3971086,76.775446,7202979386,"OpenStreetMap Overpass API, government-facility-filtered (real, live-fetched)"
FAC0844,Government hospital Thaggahalli,General Hospital,Mandya,Karnataka,12.486381,76.936931,7202979402,"OpenStreetMap Overpass API, government-facility-filtered (real, live-fetched)"
FAC0845,Kyatumgere PHC,PHC,Mandya,Karnataka,12.5136619,76.8785828,7202979409,"OpenStreetMap Overpass API, government-facility-filtered (real, live-fetched)"
FAC0846,Holalu PHC,PHC,Mandya,Karnataka,12.552582,76.851489,7202979410,"OpenStreetMap Overpass API, government-facility-filtered (real, live-fetched)"
FAC0847,Honaganahalli PHC,PHC,Mandya,Karnataka,12.5780697,76.9020947,7202979415,"OpenStreetMap Overpass API, government-facility-filtered (real, live-fetched)"
FAC0848,"Government Hospital, Bookanakere",General Hospital,Mandya,Karnataka,12.5623893,76.5273672,7202979419,"OpenStreetMap Overpass API, government-facility-filtered (real, live-fetched)"
FAC0849,"PHC, Bannangadi",PHC,Mandya,Karnataka,12.474788,76.563506,7202979437,"OpenStreetMap Overpass API, government-facility-filtered (real, live-fetched)"
FAC0850,Government Hospital,General Hospital,Mandya,Karnataka,12.5135565,76.8786146,7202979445,"OpenStreetMap Overpass API, government-facility-filtered (real, live-fetched)"
FAC0851,"PHC, Hanakere",PHC,Mandya,Karnataka,12.5634882,76.9815782,7202979451,"OpenStreetMap Overpass API, government-facility-filtered (real, live-fetched)"
FAC0852,Kothathi PHC,PHC,Mandya,Karnataka,12.4703686,76.8637459,7202979464,"OpenStreetMap Overpass API, government-facility-filtered (real, live-fetched)"
FAC0853,PHC Aralakuppe,PHC,Mandya,Karnataka,12.4577229,76.6169518,7202979468,"OpenStreetMap Overpass API, government-facility-filtered (real, live-fetched)"
FAC0854,Soonagahalli PHC,PHC,Mandya,Karnataka,12.508278,76.964063,7202979475,"OpenStreetMap Overpass API, government-facility-filtered (real, live-fetched)"
FAC0855,"Government Hospital, Chikkabyadarahalli",General Hospital,Mandya,Karnataka,12.501586,76.7314755,7202979478,"OpenStreetMap Overpass API, government-facility-filtered (real, live-fetched)"
FAC0856,"Government Hospital, Chinakurali",General Hospital,Mandya,Karnataka,12.539843,76.599375,7202979481,"OpenStreetMap Overpass API, government-facility-filtered (real, live-fetched)"
FAC0857,Government Hospital Srirangapatna,General Hospital,Mandya,Karnataka,12.4183969,76.6932024,7202979495,"OpenStreetMap Overpass API, government-facility-filtered (real, live-fetched)"
FAC0858,PHC Kyathanahalli,PHC,Mandya,Karnataka,12.461992,76.653383,7202979501,"OpenStreetMap Overpass API, government-facility-filtered (real, live-fetched)"
FAC0859,Yeliyur Government Hospital (PHC),PHC,Mandya,Karnataka,12.5093486,76.8131446,7202979511,"OpenStreetMap Overpass API, government-facility-filtered (real, live-fetched)"
FAC0860,Pandavapura Chc,CHC,Mandya,Karnataka,12.5397242,76.5990686,7202979514,"OpenStreetMap Overpass API, government-facility-filtered (real, live-fetched)"
FAC0861,Sathanur PHC,PHC,Mandya,Karnataka,12.5573473,76.8983718,7202979518,"OpenStreetMap Overpass API, government-facility-filtered (real, live-fetched)"
FAC0862,"PHC, Halebudanur",PHC,Mandya,Karnataka,12.545897,76.955778,7202979520,"OpenStreetMap Overpass API, government-facility-filtered (real, live-fetched)"
FAC0863,CHC Arkere,CHC,Mandya,Karnataka,12.4117345,76.8152445,7202979522,"OpenStreetMap Overpass API, government-facility-filtered (real, live-fetched)"
FAC0864,Government Hospital Hosuru T.M.Hosur,General Hospital,Mandya,Karnataka,12.4462335,76.7597507,7202979530,"OpenStreetMap Overpass API, government-facility-filtered (real, live-fetched)"
FAC0865,ESI Hospital,General Hospital,Mandya,Karnataka,12.523573,76.892258,7562741464,"OpenStreetMap Overpass API, government-facility-filtered (real, live-fetched)"
FAC0866,Urban Primary Health Centre,PHC,Mandya,Karnataka,12.5273208,76.9123538,7562741482,"OpenStreetMap Overpass API, government-facility-filtered (real, live-fetched)"
FAC0867,"PHC, Mandya",PHC,Mandya,Karnataka,12.4948054,76.7927407,7562741510,"OpenStreetMap Overpass API, government-facility-filtered (real, live-fetched)"
FAC0868,Government Primary Health Centre,PHC,Mandya,Karnataka,12.457708,76.6170242,8188037290,"OpenStreetMap Overpass API, government-facility-filtered (real, live-fetched)"
FAC0869,ESI Hospital,General Hospital,Mysuru,Karnataka,12.3383212,76.6323943,465192842,"OpenStreetMap Overpass API, government-facility-filtered (real, live-fetched)"
FAC0870,Government Hospital,General Hospital,Mysuru,Karnataka,12.5246186,76.8998873,659001946,"OpenStreetMap Overpass API, government-facility-filtered (real, live-fetched)"
FAC0871,Health Sub Center,Sub-Centre,Mysuru,Karnataka,12.1868,76.3733,2621952290,"OpenStreetMap Overpass API, government-facility-filtered (real, live-fetched)"
FAC0872,Health Sub Center,Sub-Centre,Mysuru,Karnataka,12.1942,76.3217,2621952291,"OpenStreetMap Overpass API, government-facility-filtered (real, live-fetched)"
FAC0873,Health Sub Center,Sub-Centre,Mysuru,Karnataka,12.2025,76.3342,2621952294,"OpenStreetMap Overpass API, government-facility-filtered (real, live-fetched)"
FAC0874,Health Sub Center,Sub-Centre,Mysuru,Karnataka,12.2027,76.3794,2621952295,"OpenStreetMap Overpass API, government-facility-filtered (real, live-fetched)"
FAC0875,Health Sub Center,Sub-Centre,Mysuru,Karnataka,12.2212691,76.4108111,2621952299,"OpenStreetMap Overpass API, government-facility-filtered (real, live-fetched)"
FAC0876,Health Sub Center,Sub-Centre,Mysuru,Karnataka,12.229,76.3149,2621952301,"OpenStreetMap Overpass API, government-facility-filtered (real, live-fetched)"
FAC0877,Health Sub Center,Sub-Centre,Mysuru,Karnataka,12.2372,76.38,2621952303,"OpenStreetMap Overpass API, government-facility-filtered (real, live-fetched)"
FAC0878,Health Sub Center,Sub-Centre,Mysuru,Karnataka,12.2384,76.3398,2621952304,"OpenStreetMap Overpass API, government-facility-filtered (real, live-fetched)"
FAC0879,Health Sub Center,Sub-Centre,Mysuru,Karnataka,12.2545,76.3281,2621952308,"OpenStreetMap Overpass API, government-facility-filtered (real, live-fetched)"
FAC0880,Health Sub Center,Sub-Centre,Mysuru,Karnataka,12.2606,76.3819,2621952311,"OpenStreetMap Overpass API, government-facility-filtered (real, live-fetched)"
FAC0881,Health Sub Center,Sub-Centre,Mysuru,Karnataka,12.2768,76.4127,2621952312,"OpenStreetMap Overpass API, government-facility-filtered (real, live-fetched)"
FAC0882,Health Sub Center,Sub-Centre,Mysuru,Karnataka,12.2797,76.3553,2621952313,"OpenStreetMap Overpass API, government-facility-filtered (real, live-fetched)"
FAC0883,Health Sub Center,Sub-Centre,Mysuru,Karnataka,12.2944,76.4591,2621952316,"OpenStreetMap Overpass API, government-facility-filtered (real, live-fetched)"
FAC0884,Health Sub Center,Sub-Centre,Mysuru,Karnataka,12.2959,76.2907,2621952318,"OpenStreetMap Overpass API, government-facility-filtered (real, live-fetched)"
FAC0885,Health Sub Center,Sub-Centre,Mysuru,Karnataka,12.2991,76.4206,2621952320,"OpenStreetMap Overpass API, government-facility-filtered (real, live-fetched)"
FAC0886,Health Sub Center,Sub-Centre,Mysuru,Karnataka,12.2998,76.3011,2621952321,"OpenStreetMap Overpass API, government-facility-filtered (real, live-fetched)"
FAC0887,Health Sub Center,Sub-Centre,Mysuru,Karnataka,12.303,76.2927,2621952322,"OpenStreetMap Overpass API, government-facility-filtered (real, live-fetched)"
FAC0888,Health Sub Center,Sub-Centre,Mysuru,Karnataka,12.3056,76.2926,2621952323,"OpenStreetMap Overpass API, government-facility-filtered (real, live-fetched)"
FAC0889,Health Sub Center,Sub-Centre,Mysuru,Karnataka,12.3065,76.2908,2621952324,"OpenStreetMap Overpass API, government-facility-filtered (real, live-fetched)"
FAC0890,Health Sub Center,Sub-Centre,Mysuru,Karnataka,12.3105,76.3118,2621952326,"OpenStreetMap Overpass API, government-facility-filtered (real, live-fetched)"
FAC0891,Health Sub Center,Sub-Centre,Mysuru,Karnataka,12.3174,76.3263,2621952330,"OpenStreetMap Overpass API, government-facility-filtered (real, live-fetched)"
FAC0892,Health Sub Center,Sub-Centre,Mysuru,Karnataka,12.3192,76.3578,2621952331,"OpenStreetMap Overpass API, government-facility-filtered (real, live-fetched)"
FAC0893,Health Sub Center,Sub-Centre,Mysuru,Karnataka,12.3206,76.341,2621952332,"OpenStreetMap Overpass API, government-facility-filtered (real, live-fetched)"
FAC0894,Health Sub Center,Sub-Centre,Mysuru,Karnataka,12.3262,76.3547,2621952333,"OpenStreetMap Overpass API, government-facility-filtered (real, live-fetched)"
FAC0895,Health Sub Center,Sub-Centre,Mysuru,Karnataka,12.3306,76.363,2621952334,"OpenStreetMap Overpass API, government-facility-filtered (real, live-fetched)"
FAC0896,Health Sub Center,Sub-Centre,Mysuru,Karnataka,12.3317,76.4861,2621952335,"OpenStreetMap Overpass API, government-facility-filtered (real, live-fetched)"
FAC0897,Health Sub Center,Sub-Centre,Mysuru,Karnataka,12.3341,76.4542,2621952336,"OpenStreetMap Overpass API, government-facility-filtered (real, live-fetched)"
FAC0898,Health Sub Center,Sub-Centre,Mysuru,Karnataka,12.3355,76.451,2621952337,"OpenStreetMap Overpass API, government-facility-filtered (real, live-fetched)"
FAC0899,Health Sub Center,Sub-Centre,Mysuru,Karnataka,12.3368,76.4546,2621952342,"OpenStreetMap Overpass API, government-facility-filtered (real, live-fetched)"
FAC0900,Health Sub Center,Sub-Centre,Mysuru,Karnataka,12.3409,76.4667,2621952345,"OpenStreetMap Overpass API, government-facility-filtered (real, live-fetched)"
FAC0901,Health Sub Center,Sub-Centre,Mysuru,Karnataka,12.3417,76.4007,2621952347,"OpenStreetMap Overpass API, government-facility-filtered (real, live-fetched)"
FAC0902,Health Sub Center,Sub-Centre,Mysuru,Karnataka,12.355,76.2913,2621952349,"OpenStreetMap Overpass API, government-facility-filtered (real, live-fetched)"
FAC0903,Health Sub Center,Sub-Centre,Mysuru,Karnataka,12.3553,76.3163,2621952350,"OpenStreetMap Overpass API, government-facility-filtered (real, live-fetched)"
FAC0904,Health Sub Center,Sub-Centre,Mysuru,Karnataka,12.3604,76.4589,2621952351,"OpenStreetMap Overpass API, government-facility-filtered (real, live-fetched)"
FAC0905,Health Sub Center,Sub-Centre,Mysuru,Karnataka,12.3645,76.4201,2621952352,"OpenStreetMap Overpass API, government-facility-filtered (real, live-fetched)"
FAC0906,Health Sub Center,Sub-Centre,Mysuru,Karnataka,12.3661,76.4182,2621952353,"OpenStreetMap Overpass API, government-facility-filtered (real, live-fetched)"
FAC0907,Health Sub Center,Sub-Centre,Mysuru,Karnataka,12.3702,76.3374,2621952354,"OpenStreetMap Overpass API, government-facility-filtered (real, live-fetched)"
FAC0908,Health Sub Center,Sub-Centre,Mysuru,Karnataka,12.3707,76.3651,2621952355,"OpenStreetMap Overpass API, government-facility-filtered (real, live-fetched)"
FAC0909,Health Sub Center,Sub-Centre,Mysuru,Karnataka,12.3777,76.3215,2621952357,"OpenStreetMap Overpass API, government-facility-filtered (real, live-fetched)"
FAC0910,Health Sub Center,Sub-Centre,Mysuru,Karnataka,12.3819,76.4441,2621952358,"OpenStreetMap Overpass API, government-facility-filtered (real, live-fetched)"
FAC0911,Health Sub Center,Sub-Centre,Mysuru,Karnataka,12.395,76.4014,2621952361,"OpenStreetMap Overpass API, government-facility-filtered (real, live-fetched)"
FAC0912,Health Sub Center,Sub-Centre,Mysuru,Karnataka,12.397,76.3374,2621952362,"OpenStreetMap Overpass API, government-facility-filtered (real, live-fetched)"
FAC0913,Health Sub Center,Sub-Centre,Mysuru,Karnataka,12.4017,76.4441,2621952363,"OpenStreetMap Overpass API, government-facility-filtered (real, live-fetched)"
FAC0914,Health Sub Center,Sub-Centre,Mysuru,Karnataka,12.402,76.3505,2621952364,"OpenStreetMap Overpass API, government-facility-filtered (real, live-fetched)"
FAC0915,Health Sub Center,Sub-Centre,Mysuru,Karnataka,12.4206,76.3411,2621952366,"OpenStreetMap Overpass API, government-facility-filtered (real, live-fetched)"
FAC0916,Primary Health Center,PHC,Mysuru,Karnataka,12.1989,76.3768,2621952367,"OpenStreetMap Overpass API, government-facility-filtered (real, live-fetched)"
FAC0917,"Government Hospital, Darma pura",General Hospital,Mysuru,Karnataka,12.2361931,76.3819613,2621952371,"OpenStreetMap Overpass API, government-facility-filtered (real, live-fetched)"
FAC0918,Primary Health Center,PHC,Mysuru,Karnataka,12.2392652,76.3385594,2621952373,"OpenStreetMap Overpass API, government-facility-filtered (real, live-fetched)"
FAC0919,Primary Health Center,PHC,Mysuru,Karnataka,12.2768,76.4126,2621952374,"OpenStreetMap Overpass API, government-facility-filtered (real, live-fetched)"
FAC0920,Hunsur (Rural) PHC,PHC,Mysuru,Karnataka,12.305635,76.2917425,2621952377,"OpenStreetMap Overpass API, government-facility-filtered (real, live-fetched)"
FAC0921,"PHC, Banni kuppe",PHC,Mysuru,Karnataka,12.3261406,76.3551814,2621952379,"OpenStreetMap Overpass API, government-facility-filtered (real, live-fetched)"
FAC0922,Primary Health Center,PHC,Mysuru,Karnataka,12.3356267,76.4504318,2621952380,"OpenStreetMap Overpass API, government-facility-filtered (real, live-fetched)"
FAC0923,Primary Health Center,PHC,Mysuru,Karnataka,12.3552,76.2912,2621952383,"OpenStreetMap Overpass API, government-facility-filtered (real, live-fetched)"
FAC0924,Primary Health Center,PHC,Mysuru,Karnataka,12.3622,76.423,2621952384,"OpenStreetMap Overpass API, government-facility-filtered (real, live-fetched)"
FAC0925,Primary Health Center,PHC,Mysuru,Karnataka,12.388,76.3661,2621952385,"OpenStreetMap Overpass API, government-facility-filtered (real, live-fetched)"
FAC0926,Primary Health Center,PHC,Mysuru,Karnataka,12.3994,76.3395,2621952387,"OpenStreetMap Overpass API, government-facility-filtered (real, live-fetched)"
FAC0927,Government Hospital,General Hospital,Mysuru,Karnataka,12.2594555,76.6449273,3630719491,"OpenStreetMap Overpass API, government-facility-filtered (real, live-fetched)"
FAC0928,Krishnarajanagara Taluk Government Hospital,General Hospital,Mysuru,Karnataka,12.4440053,76.3817087,4590318189,"OpenStreetMap Overpass API, government-facility-filtered (real, live-fetched)"
FAC0929,Government Hospital,General Hospital,Mysuru,Karnataka,12.2918023,76.6359379,5773582342,"OpenStreetMap Overpass API, government-facility-filtered (real, live-fetched)"
FAC0930,Government District Ayurveda Hospital,General Hospital,Mysuru,Karnataka,12.5166576,76.8939801,6779095989,"OpenStreetMap Overpass API, government-facility-filtered (real, live-fetched)"
FAC0931,Railway Hospital Blood Bank,PHC,Mysuru,Karnataka,12.3254997,76.6357286,6891480695,"OpenStreetMap Overpass API, government-facility-filtered (real, live-fetched)"
FAC0932,K. R. Hospital Blood Bank,PHC,Mysuru,Karnataka,12.313557,76.650002,6893117650,"OpenStreetMap Overpass API, government-facility-filtered (real, live-fetched)"
FAC0933,Priyadarshini General Hospital,General Hospital,Mysuru,Karnataka,12.342081,76.6333455,6944507671,"OpenStreetMap Overpass API, government-facility-filtered (real, live-fetched)"
FAC0934,Shivanahalli Primary Health Centre,PHC,Mysuru,Karnataka,12.585091,76.8236327,7202723926,"OpenStreetMap Overpass API, government-facility-filtered (real, live-fetched)"
FAC0935,Government Hospital Thendekere,General Hospital,Mysuru,Karnataka,12.59482,76.556945,7202723966,"OpenStreetMap Overpass API, government-facility-filtered (real, live-fetched)"
FAC0936,Narayanapura Government Hospital,General Hospital,Mysuru,Karnataka,12.6053018,76.6235809,7202723974,"OpenStreetMap Overpass API, government-facility-filtered (real, live-fetched)"
FAC0937,Government Hospital Seelanere,General Hospital,Mysuru,Karnataka,12.634737,76.559052,7202724011,"OpenStreetMap Overpass API, government-facility-filtered (real, live-fetched)"
FAC0938,PHC Bellale,PHC,Mysuru,Karnataka,12.60713,76.673084,7202724048,"OpenStreetMap Overpass API, government-facility-filtered (real, live-fetched)"
FAC0939,"PHC, Goravale",PHC,Mysuru,Karnataka,12.5834679,76.8467652,7202724072,"OpenStreetMap Overpass API, government-facility-filtered (real, live-fetched)"
FAC0940,"Devaraj Government Hopital, Hunsur",General Hospital,Mysuru,Karnataka,12.3052341,76.2915339,7202977639,"OpenStreetMap Overpass API, government-facility-filtered (real, live-fetched)"
FAC0941,Ratnapuri PHC,PHC,Mysuru,Karnataka,12.2360497,76.3404497,7202979361,"OpenStreetMap Overpass API, government-facility-filtered (real, live-fetched)"
FAC0942,Cheluvamba Maternity Government Hospital,General Hospital,Mysuru,Karnataka,12.4412745,76.3802013,7202979362,"OpenStreetMap Overpass API, government-facility-filtered (real, live-fetched)"
FAC0943,Kodiyala PHC,PHC,Mysuru,Karnataka,12.4533496,76.8413259,7202979366,"OpenStreetMap Overpass API, government-facility-filtered (real, live-fetched)"
FAC0944,Hura PHC,PHC,Mysuru,Karnataka,12.0014419,76.5401468,7202979370,"OpenStreetMap Overpass API, government-facility-filtered (real, live-fetched)"
FAC0945,"Government Hospital, Bannur",General Hospital,Mysuru,Karnataka,12.3359785,76.8609916,7202979373,"OpenStreetMap Overpass API, government-facility-filtered (real, live-fetched)"
FAC0946,Pandavapura Government Hospital,General Hospital,Mysuru,Karnataka,12.498917,76.674528,7202979374,"OpenStreetMap Overpass API, government-facility-filtered (real, live-fetched)"
FAC0947,"Government Hospital, Bilikere",PHC,Mysuru,Karnataka,12.335592,76.450465,7202979375,"OpenStreetMap Overpass API, government-facility-filtered (real, live-fetched)"
FAC0948,Ummatturu PHC,PHC,Mysuru,Karnataka,12.0629362,76.9057024,7202979379,"OpenStreetMap Overpass API, government-facility-filtered (real, live-fetched)"
FAC0949,"PHC, Hallikere hundi",PHC,Mysuru,Karnataka,12.1252221,76.8642246,7202979383,"OpenStreetMap Overpass API, government-facility-filtered (real, live-fetched)"
FAC0950,Government Hospital Mahadevapur,General Hospital,Mysuru,Karnataka,12.3971086,76.775446,7202979386,"OpenStreetMap Overpass API, government-facility-filtered (real, live-fetched)"
FAC0951,Suttur PHC,PHC,Mysuru,Karnataka,12.1693738,76.7955345,7202979390,"OpenStreetMap Overpass API, government-facility-filtered (real, live-fetched)"
FAC0952,Siddaramana Hundi PHC,PHC,Mysuru,Karnataka,12.2138352,76.8125537,7202979393,"OpenStreetMap Overpass API, government-facility-filtered (real, live-fetched)"
FAC0953,"PHC, Chamundipuram",PHC,Mysuru,Karnataka,12.2729129,76.6712566,7202979394,"OpenStreetMap Overpass API, government-facility-filtered (real, live-fetched)"
FAC0954,Varuna PHC,PHC,Mysuru,Karnataka,12.2697621,76.7423798,7202979397,"OpenStreetMap Overpass API, government-facility-filtered (real, live-fetched)"
FAC0955,Sosale PHC,PHC,Mysuru,Karnataka,12.2395041,76.9108243,7202979398,"OpenStreetMap Overpass API, government-facility-filtered (real, live-fetched)"
FAC0956,Thippuru PHC,PHC,Mysuru,Karnataka,12.4911649,76.4203745,7202979399,"OpenStreetMap Overpass API, government-facility-filtered (real, live-fetched)"
FAC0957,Government hospital Thaggahalli,General Hospital,Mysuru,Karnataka,12.486381,76.936931,7202979402,"OpenStreetMap Overpass API, government-facility-filtered (real, live-fetched)"
FAC0958,Mellahalli PHC,PHC,Mysuru,Karnataka,12.3206912,76.7809392,7202979406,"OpenStreetMap Overpass API, government-facility-filtered (real, live-fetched)"
FAC0959,Kirugavalu PHC,PHC,Mysuru,Karnataka,12.3743447,76.9417653,7202979408,"OpenStreetMap Overpass API, government-facility-filtered (real, live-fetched)"
FAC0960,Kyatumgere PHC,PHC,Mysuru,Karnataka,12.5136619,76.8785828,7202979409,"OpenStreetMap Overpass API, government-facility-filtered (real, live-fetched)"
FAC0961,Holalu PHC,PHC,Mysuru,Karnataka,12.552582,76.851489,7202979410,"OpenStreetMap Overpass API, government-facility-filtered (real, live-fetched)"
FAC0962,Yelwala PHC,PHC,Mysuru,Karnataka,12.35649,76.5436417,7202979411,"OpenStreetMap Overpass API, government-facility-filtered (real, live-fetched)"
FAC0963,Hedathale PHC,PHC,Mysuru,Karnataka,12.0494197,76.7368624,7202979412,"OpenStreetMap Overpass API, government-facility-filtered (real, live-fetched)"
FAC0964,"Government Hospital, Belagola",General Hospital,Mysuru,Karnataka,12.3941116,76.6064078,7202979413,"OpenStreetMap Overpass API, government-facility-filtered (real, live-fetched)"
FAC0965,Government Hospital Turuganuru,General Hospital,Mysuru,Karnataka,12.3866747,76.9034381,7202979414,"OpenStreetMap Overpass API, government-facility-filtered (real, live-fetched)"
FAC0966,"Government Hospital, Bookanakere",General Hospital,Mysuru,Karnataka,12.5623893,76.5273672,7202979419,"OpenStreetMap Overpass API, government-facility-filtered (real, live-fetched)"
FAC0967,Muguru Community Health Centre,CHC,Mysuru,Karnataka,12.1309927,76.9422979,7202979420,"OpenStreetMap Overpass API, government-facility-filtered (real, live-fetched)"
FAC0968,"PHC, Chikkkamalugudu",PHC,Mysuru,Karnataka,12.4264585,76.9362906,7202979421,"OpenStreetMap Overpass API, government-facility-filtered (real, live-fetched)"
FAC0969,"PHC, Hadinaru",PHC,Mysuru,Karnataka,12.1800521,76.7418565,7202979424,"OpenStreetMap Overpass API, government-facility-filtered (real, live-fetched)"
FAC0970,Kyathanahalli PHC,PHC,Mysuru,Karnataka,12.2158456,76.45074,7202979429,"OpenStreetMap Overpass API, government-facility-filtered (real, live-fetched)"
FAC0971,"PHC, Beerihundi",PHC,Mysuru,Karnataka,12.275193,76.540835,7202979430,"OpenStreetMap Overpass API, government-facility-filtered (real, live-fetched)"
FAC0972,"PHC, Bannangadi",PHC,Mysuru,Karnataka,12.474788,76.563506,7202979437,"OpenStreetMap Overpass API, government-facility-filtered (real, live-fetched)"
FAC0973,"PHC, Dasanur",PHC,Mysuru,Karnataka,12.0313471,76.8929562,7202979443,"OpenStreetMap Overpass API, government-facility-filtered (real, live-fetched)"
FAC0974,Government Hospital,General Hospital,Mysuru,Karnataka,12.5135565,76.8786146,7202979445,"OpenStreetMap Overpass API, government-facility-filtered (real, live-fetched)"
FAC0975,"PHC, Channapille",PHC,Mysuru,Karnataka,12.3609191,76.99039,7202979446,"OpenStreetMap Overpass API, government-facility-filtered (real, live-fetched)"
FAC0976,Hebbalaguppe Primary Health Centre,PHC,Mysuru,Karnataka,12.0571975,76.3935337,7202979447,"OpenStreetMap Overpass API, government-facility-filtered (real, live-fetched)"
FAC0977,Hullanahalli CHC,CHC,Mysuru,Karnataka,12.098328,76.554606,7202979452,"OpenStreetMap Overpass API, government-facility-filtered (real, live-fetched)"
FAC0978,"PHC, Dugganahalli",PHC,Mysuru,Karnataka,12.416768,76.998174,7202979453,"OpenStreetMap Overpass API, government-facility-filtered (real, live-fetched)"
FAC0979,Madapura PHC,PHC,Mysuru,Karnataka,12.210173,76.9668017,7202979463,"OpenStreetMap Overpass API, government-facility-filtered (real, live-fetched)"
FAC0980,Kothathi PHC,PHC,Mysuru,Karnataka,12.4703686,76.8637459,7202979464,"OpenStreetMap Overpass API, government-facility-filtered (real, live-fetched)"
FAC0981,Puregali PHC,PHC,Mysuru,Karnataka,12.2603646,77.0100492,7202979467,"OpenStreetMap Overpass API, government-facility-filtered (real, live-fetched)"
FAC0982,PHC Aralakuppe,PHC,Mysuru,Karnataka,12.4577229,76.6169518,7202979468,"OpenStreetMap Overpass API, government-facility-filtered (real, live-fetched)"
FAC0983,"PHC, Doodakavalande",PHC,Mysuru,Karnataka,12.0327263,76.7997688,7202979477,"OpenStreetMap Overpass API, government-facility-filtered (real, live-fetched)"
FAC0984,"Government Hospital, Chikkabyadarahalli",General Hospital,Mysuru,Karnataka,12.501586,76.7314755,7202979478,"OpenStreetMap Overpass API, government-facility-filtered (real, live-fetched)"
FAC0985,"Government Hospital, Chinakurali",General Hospital,Mysuru,Karnataka,12.539843,76.599375,7202979481,"OpenStreetMap Overpass API, government-facility-filtered (real, live-fetched)"
FAC0986,Bannimantapa Primary Health Centre,PHC,Mysuru,Karnataka,12.339383,76.652224,7202979482,"OpenStreetMap Overpass API, government-facility-filtered (real, live-fetched)"
FAC0987,"Government Hospital, Hampapura",General Hospital,Mysuru,Karnataka,12.121662,76.47407,7202979485,"OpenStreetMap Overpass API, government-facility-filtered (real, live-fetched)"
FAC0988,Government Hospital Tagadur,General Hospital,Mysuru,Karnataka,12.0871358,76.8172676,7202979488,"OpenStreetMap Overpass API, government-facility-filtered (real, live-fetched)"
FAC0989,Vatalu PHC,PHC,Mysuru,Karnataka,12.15761,76.888383,7202979490,"OpenStreetMap Overpass API, government-facility-filtered (real, live-fetched)"
FAC0990,"Krishnarajasagara, Government Hospital",General Hospital,Mysuru,Karnataka,12.4072449,76.5719933,7202979492,"OpenStreetMap Overpass API, government-facility-filtered (real, live-fetched)"
FAC0991,"Government Hospital, Nanjangud",General Hospital,Mysuru,Karnataka,12.1276786,76.6811152,7202979493,"OpenStreetMap Overpass API, government-facility-filtered (real, live-fetched)"
FAC0992,Government Hospital Srirangapatna,General Hospital,Mysuru,Karnataka,12.4183969,76.6932024,7202979495,"OpenStreetMap Overpass API, government-facility-filtered (real, live-fetched)"
FAC0993,"Government Hospital, T.Narasipura",General Hospital,Mysuru,Karnataka,12.2119773,76.8981353,7202979500,"OpenStreetMap Overpass API, government-facility-filtered (real, live-fetched)"
FAC0994,PHC Kyathanahalli,PHC,Mysuru,Karnataka,12.461992,76.653383,7202979501,"OpenStreetMap Overpass API, government-facility-filtered (real, live-fetched)"
FAC0995,Somanathapura PHC,PHC,Mysuru,Karnataka,12.276458,76.881253,7202979503,"OpenStreetMap Overpass API, government-facility-filtered (real, live-fetched)"
FAC0996,CHC Ashokapuram,CHC,Mysuru,Karnataka,12.2880239,76.6430446,7202979510,"OpenStreetMap Overpass API, government-facility-filtered (real, live-fetched)"
FAC0997,Yeliyur Government Hospital (PHC),PHC,Mysuru,Karnataka,12.5093486,76.8131446,7202979511,"OpenStreetMap Overpass API, government-facility-filtered (real, live-fetched)"
FAC0998,Pandavapura Chc,CHC,Mysuru,Karnataka,12.5397242,76.5990686,7202979514,"OpenStreetMap Overpass API, government-facility-filtered (real, live-fetched)"
FAC0999,Sathanur PHC,PHC,Mysuru,Karnataka,12.5573473,76.8983718,7202979518,"OpenStreetMap Overpass API, government-facility-filtered (real, live-fetched)"
FAC1000,CHC Arkere,CHC,Mysuru,Karnataka,12.4117345,76.8152445,7202979522,"OpenStreetMap Overpass API, government-facility-filtered (real, live-fetched)"
FAC1001,"Government Hospital, H.H.Koppalu",General Hospital,Mysuru,Karnataka,12.408064,76.9705011,7202979524,"OpenStreetMap Overpass API, government-facility-filtered (real, live-fetched)"
FAC1002,Government Hospital Hosuru T.M.Hosur,General Hospital,Mysuru,Karnataka,12.4462335,76.7597507,7202979530,"OpenStreetMap Overpass API, government-facility-filtered (real, live-fetched)"
FAC1003,Urban Primary Health Centre,PHC,Mysuru,Karnataka,12.346003,76.6250812,7562027202,"OpenStreetMap Overpass API, government-facility-filtered (real, live-fetched)"
FAC1004,ESI Hospital,General Hospital,Mysuru,Karnataka,12.3079269,76.6471859,7562027211,"OpenStreetMap Overpass API, government-facility-filtered (real, live-fetched)"
FAC1005,Urban Primary Health Centre,PHC,Mysuru,Karnataka,12.2887793,76.6522804,7562027232,"OpenStreetMap Overpass API, government-facility-filtered (real, live-fetched)"
FAC1006,Urban Primary Health Centre,PHC,Mysuru,Karnataka,12.3009104,76.6330988,7562027236,"OpenStreetMap Overpass API, government-facility-filtered (real, live-fetched)"
FAC1007,Urban Community Health Centre,CHC,Mysuru,Karnataka,12.3228962,76.6260626,7562027240,"OpenStreetMap Overpass API, government-facility-filtered (real, live-fetched)"
FAC1008,Urban Primary Health Centre,PHC,Mysuru,Karnataka,12.2593844,76.645345,7562027251,"OpenStreetMap Overpass API, government-facility-filtered (real, live-fetched)"
FAC1009,Urban Primary Health Centre,PHC,Mysuru,Karnataka,12.2950015,76.6258154,7562027271,"OpenStreetMap Overpass API, government-facility-filtered (real, live-fetched)"
FAC1010,Urban Primary Health Centre,PHC,Mysuru,Karnataka,12.3536927,76.6146154,7562027275,"OpenStreetMap Overpass API, government-facility-filtered (real, live-fetched)"
FAC1011,Priyadarshini General Hospital,General Hospital,Mysuru,Karnataka,12.342084,76.633334,7562027314,"OpenStreetMap Overpass API, government-facility-filtered (real, live-fetched)"
FAC1012,Government Panchakarma Hospital,General Hospital,Mysuru,Karnataka,12.3407605,76.6323705,7562027316,"OpenStreetMap Overpass API, government-facility-filtered (real, live-fetched)"
FAC1013,ESI Hospital,General Hospital,Mysuru,Karnataka,12.523573,76.892258,7562741464,"OpenStreetMap Overpass API, government-facility-filtered (real, live-fetched)"
FAC1014,Urban Primary Health Centre,PHC,Mysuru,Karnataka,12.5273208,76.9123538,7562741482,"OpenStreetMap Overpass API, government-facility-filtered (real, live-fetched)"
FAC1015,"PHC, Mandya",PHC,Mysuru,Karnataka,12.4948054,76.7927407,7562741510,"OpenStreetMap Overpass API, government-facility-filtered (real, live-fetched)"
FAC1016,ESI Hospital,General Hospital,Mysuru,Karnataka,12.1329293,76.6760084,8188035988,"OpenStreetMap Overpass API, government-facility-filtered (real, live-fetched)"
FAC1017,Government Hospital,General Hospital,Mysuru,Karnataka,12.4848243,76.3959807,8188037239,"OpenStreetMap Overpass API, government-facility-filtered (real, live-fetched)"
FAC1018,Government Primary Health Centre,PHC,Mysuru,Karnataka,12.457708,76.6170242,8188037290,"OpenStreetMap Overpass API, government-facility-filtered (real, live-fetched)"
FAC1019,Government Hospital,General Hospital,Mysuru,Karnataka,12.4090718,76.488119,8188037586,"OpenStreetMap Overpass API, government-facility-filtered (real, live-fetched)"
FAC1020,Government Hospital,General Hospital,Mysuru,Karnataka,12.356406,76.5437845,8188037703,"OpenStreetMap Overpass API, government-facility-filtered (real, live-fetched)"
FAC1021,V V Puram Esi Hosital Dispensary,General Hospital,Mysuru,Karnataka,12.3230417,76.633185,8188038214,"OpenStreetMap Overpass API, government-facility-filtered (real, live-fetched)"
FAC1022,Government Hospital,General Hospital,Mysuru,Karnataka,12.3127981,76.6162139,8188038332,"OpenStreetMap Overpass API, government-facility-filtered (real, live-fetched)"
FAC1023,Government Hospital,General Hospital,Mysuru,Karnataka,12.3017591,76.6189567,8188038566,"OpenStreetMap Overpass API, government-facility-filtered (real, live-fetched)"
FAC1024,"CHC, Arakera",CHC,Raichur,Karnataka,16.276933,76.950946,7205356285,"OpenStreetMap Overpass API, government-facility-filtered (real, live-fetched)"
FAC1025,"Government Hospital, Gurgunta",General Hospital,Raichur,Karnataka,16.2904167,76.6323772,7205356290,"OpenStreetMap Overpass API, government-facility-filtered (real, live-fetched)"
FAC1026,Masarakal Primary Health Centre,PHC,Raichur,Karnataka,16.3714451,77.0171282,7205356307,"OpenStreetMap Overpass API, government-facility-filtered (real, live-fetched)"
FAC1027,"Government Hospital, Kalmala",General Hospital,Raichur,Karnataka,16.1985334,77.2031136,7205356310,"OpenStreetMap Overpass API, government-facility-filtered (real, live-fetched)"
FAC1028,Hutti Primary Health Centre,PHC,Raichur,Karnataka,16.2028369,76.678641,7205356315,"OpenStreetMap Overpass API, government-facility-filtered (real, live-fetched)"
FAC1029,Sirawara Primary Health Centre,PHC,Raichur,Karnataka,16.1738516,77.0302224,7205356333,"OpenStreetMap Overpass API, government-facility-filtered (real, live-fetched)"
FAC1030,Jalahalli Community Health Centre,CHC,Raichur,Karnataka,16.364373,76.7844571,7205356356,"OpenStreetMap Overpass API, government-facility-filtered (real, live-fetched)"
FAC1031,"Primary Health Centre, Gabbur",PHC,Raichur,Karnataka,16.302283,77.1561644,7205356368,"OpenStreetMap Overpass API, government-facility-filtered (real, live-fetched)"
FAC1032,"Government Hospital, Galag",General Hospital,Raichur,Karnataka,16.2640911,76.8424061,7205356384,"OpenStreetMap Overpass API, government-facility-filtered (real, live-fetched)"
FAC1033,"Government Hospital, Balganuru",General Hospital,Raichur,Karnataka,15.9575042,76.7549561,7205448344,"OpenStreetMap Overpass API, government-facility-filtered (real, live-fetched)"
FAC1034,Taluka General Hospital Manvi,General Hospital,Raichur,Karnataka,15.978541,77.057948,7205448349,"OpenStreetMap Overpass API, government-facility-filtered (real, live-fetched)"
FAC1035,Primary Health CentreHC Gejjalgatta,PHC,Raichur,Karnataka,16.138061,76.675916,7205448377,"OpenStreetMap Overpass API, government-facility-filtered (real, live-fetched)"
FAC1036,Ragalaparvi Primary Health Centre,PHC,Raichur,Karnataka,15.8831433,76.9135981,7205448385,"OpenStreetMap Overpass API, government-facility-filtered (real, live-fetched)"
FAC1037,Potnala Primary Health Centre,PHC,Raichur,Karnataka,15.9235952,76.8902833,7205448392,"OpenStreetMap Overpass API, government-facility-filtered (real, live-fetched)"
FAC1038,Government Hospital Hatcholli,General Hospital,Raichur,Karnataka,15.791586,76.998673,7205448393,"OpenStreetMap Overpass API, government-facility-filtered (real, live-fetched)"
FAC1039,Hire Kotnekal Primary Health Centre,PHC,Raichur,Karnataka,15.962461,76.957325,7205448396,"OpenStreetMap Overpass API, government-facility-filtered (real, live-fetched)"
FAC1040,Pamankallur PHC,PHC,Raichur,Karnataka,16.102744,76.666943,7205448398,"OpenStreetMap Overpass API, government-facility-filtered (real, live-fetched)"
FAC1041,"Government Hospital, Ballatigi",General Hospital,Raichur,Karnataka,16.0813681,76.956811,7205448422,"OpenStreetMap Overpass API, government-facility-filtered (real, live-fetched)"
FAC1042,"Primary Health Centre, Anwari",PHC,Raichur,Karnataka,16.158898,76.744612,7205448432,"OpenStreetMap Overpass API, government-facility-filtered (real, live-fetched)"
FAC1043,Kavital Community Health Centre,CHC,Raichur,Karnataka,16.105902,76.798865,7205448453,"OpenStreetMap Overpass API, government-facility-filtered (real, live-fetched)"
FAC1044,Government Hospital Jawalagera,General Hospital,Raichur,Karnataka,15.865036,76.81715,7205448458,"OpenStreetMap Overpass API, government-facility-filtered (real, live-fetched)"
FAC1045,Primary Health Centre Kallur,PHC,Raichur,Karnataka,16.136014,77.212687,7205448459,"OpenStreetMap Overpass API, government-facility-filtered (real, live-fetched)"
FAC1046,Government Hospital,General Hospital,Raichur,Karnataka,16.3646833,76.7846026,8188036723,"OpenStreetMap Overpass API, government-facility-filtered (real, live-fetched)"
FAC1047,Government Primary Health Centre,PHC,Raichur,Karnataka,16.2028929,76.6787047,8188036795,"OpenStreetMap Overpass API, government-facility-filtered (real, live-fetched)"
FAC1048,Primary Health Center,PHC,Raichur,Karnataka,16.0497618,77.1262369,8188036871,"OpenStreetMap Overpass API, government-facility-filtered (real, live-fetched)"
FAC1049,"Primary Health Centre, Kowthalam",PHC,Raichur,Karnataka,15.7779881,77.1368766,8778687201,"OpenStreetMap Overpass API, government-facility-filtered (real, live-fetched)"
FAC1050,60 Bed Maternity and Child Government Hospital,General Hospital,Raichur,Karnataka,15.9919063,77.0474434,12292249859,"OpenStreetMap Overpass API, government-facility-filtered (real, live-fetched)"
FAC1051,ESI Dispensary,PHC,Shivamogga,Karnataka,13.8427963,75.6996383,2851070313,"OpenStreetMap Overpass API, government-facility-filtered (real, live-fetched)"
FAC1052,"PHC, Sasvehalli",PHC,Shivamogga,Karnataka,14.1549971,75.717568,7202876143,"OpenStreetMap Overpass API, government-facility-filtered (real, live-fetched)"
FAC1053,Thallikatte Primary Health Centre,PHC,Shivamogga,Karnataka,13.9137638,75.7179457,7202876145,"OpenStreetMap Overpass API, government-facility-filtered (real, live-fetched)"
FAC1054,"PHC, Muttinakoppa",PHC,Shivamogga,Karnataka,13.723001,75.468731,7202876150,"OpenStreetMap Overpass API, government-facility-filtered (real, live-fetched)"
FAC1055,Mandagatta Primary Health Centre,PHC,Shivamogga,Karnataka,14.0029425,75.4057814,7202876153,"OpenStreetMap Overpass API, government-facility-filtered (real, live-fetched)"
FAC1056,Kumsi Primary Health Centre,PHC,Shivamogga,Karnataka,14.0531214,75.4008873,7202876160,"OpenStreetMap Overpass API, government-facility-filtered (real, live-fetched)"
FAC1057,Savalanga PHC,PHC,Shivamogga,Karnataka,14.103716,75.5225503,7202876170,"OpenStreetMap Overpass API, government-facility-filtered (real, live-fetched)"
FAC1058,Matturu Primary Health Centre,PHC,Shivamogga,Karnataka,13.8741011,75.5657503,7202876175,"OpenStreetMap Overpass API, government-facility-filtered (real, live-fetched)"
FAC1059,"Government Hospital, Govinakovi",General Hospital,Shivamogga,Karnataka,14.16435,75.6675773,7202876177,"OpenStreetMap Overpass API, government-facility-filtered (real, live-fetched)"
FAC1060,"Government Hospital, Rangenahalli",General Hospital,Shivamogga,Karnataka,13.7065195,75.6972391,7202876182,"OpenStreetMap Overpass API, government-facility-filtered (real, live-fetched)"
FAC1061,"Government Hospital, Chilur",General Hospital,Shivamogga,Karnataka,14.1055453,75.684363,7202876208,"OpenStreetMap Overpass API, government-facility-filtered (real, live-fetched)"
FAC1062,Nyamathi CHC,CHC,Shivamogga,Karnataka,14.149335,75.569666,7202876210,"OpenStreetMap Overpass API, government-facility-filtered (real, live-fetched)"
FAC1063,"Primary Health Centre, Vidya Nagar",PHC,Shivamogga,Karnataka,13.9261488,75.5914847,7202876216,"OpenStreetMap Overpass API, government-facility-filtered (real, live-fetched)"
FAC1064,"Primary Health Centre, Yadehalli",PHC,Shivamogga,Karnataka,13.9914981,75.7653247,7202876220,"OpenStreetMap Overpass API, government-facility-filtered (real, live-fetched)"
FAC1065,"Primary Health Centre, Mandagadde",PHC,Shivamogga,Karnataka,13.7420651,75.4566732,7202876229,"OpenStreetMap Overpass API, government-facility-filtered (real, live-fetched)"
FAC1066,"Primary Health Centre, Sanyasi Kodamaggi",PHC,Shivamogga,Karnataka,14.0430923,75.6974744,7202876234,"OpenStreetMap Overpass API, government-facility-filtered (real, live-fetched)"
FAC1067,"Government Hospital, Kannangi",General Hospital,Shivamogga,Karnataka,13.793209,75.364917,7202876238,"OpenStreetMap Overpass API, government-facility-filtered (real, live-fetched)"
FAC1068,"Government Hospital, Donabhagatta",General Hospital,Shivamogga,Karnataka,13.8924178,75.693454,7202876247,"OpenStreetMap Overpass API, government-facility-filtered (real, live-fetched)"
FAC1069,"Government Hospital, Arabilachi",General Hospital,Shivamogga,Karnataka,13.9410112,75.7541993,7202876252,"OpenStreetMap Overpass API, government-facility-filtered (real, live-fetched)"
FAC1070,"CHC, Ayanur",CHC,Shivamogga,Karnataka,14.0140599,75.4326677,7202876259,"OpenStreetMap Overpass API, government-facility-filtered (real, live-fetched)"
FAC1071,Holalur CHC,CHC,Shivamogga,Karnataka,14.0397035,75.6786726,7202876266,"OpenStreetMap Overpass API, government-facility-filtered (real, live-fetched)"
FAC1072,"PHC, Lakkavalli",PHC,Shivamogga,Karnataka,13.700513,75.65273,7202876279,"OpenStreetMap Overpass API, government-facility-filtered (real, live-fetched)"
FAC1073,B R Project Hospital (Govt Hospital),General Hospital,Shivamogga,Karnataka,13.7177291,75.6357553,7202876287,"OpenStreetMap Overpass API, government-facility-filtered (real, live-fetched)"
FAC1074,"CHC, Holehonnuru",CHC,Shivamogga,Karnataka,13.9887869,75.685098,7202876288,"OpenStreetMap Overpass API, government-facility-filtered (real, live-fetched)"
FAC1075,"PHC, Arabagatte",PHC,Shivamogga,Karnataka,14.1944987,75.6293036,7202876289,"OpenStreetMap Overpass API, government-facility-filtered (real, live-fetched)"
FAC1076,"Primary Health Centre, Bommanakatte",PHC,Shivamogga,Karnataka,13.9637466,75.5642916,7202876291,"OpenStreetMap Overpass API, government-facility-filtered (real, live-fetched)"
FAC1077,"Government Hospital, Guthiyadehalli",General Hospital,Shivamogga,Karnataka,13.742698,75.384651,7202876293,"OpenStreetMap Overpass API, government-facility-filtered (real, live-fetched)"
FAC1078,"PHC, M.C.Halli",PHC,Shivamogga,Karnataka,13.7726,75.7451,7202876297,"OpenStreetMap Overpass API, government-facility-filtered (real, live-fetched)"
FAC1079,Government Hospital,General Hospital,Shivamogga,Karnataka,13.8741736,75.5656754,8188037882,"OpenStreetMap Overpass API, government-facility-filtered (real, live-fetched)"
FAC1080,Government Veterinary Hospital,General Hospital,Shivamogga,Karnataka,13.851088,75.7061591,8188037890,"OpenStreetMap Overpass API, government-facility-filtered (real, live-fetched)"
FAC1081,Government Hospital,General Hospital,Shivamogga,Karnataka,13.7726795,75.7451528,8188037922,"OpenStreetMap Overpass API, government-facility-filtered (real, live-fetched)"
FAC1082,Kyathasandra Government Hospital,General Hospital,Tumakuru,Karnataka,13.3141459,77.1447513,4152623694,"OpenStreetMap Overpass API, government-facility-filtered (real, live-fetched)"
FAC1083,Government Hospital,General Hospital,Tumakuru,Karnataka,13.3646285,77.0962013,6807569104,"OpenStreetMap Overpass API, government-facility-filtered (real, live-fetched)"
FAC1084,"Government Hospital, Dodda Agrahara",General Hospital,Tumakuru,Karnataka,13.6286079,76.8919704,7202876161,"OpenStreetMap Overpass API, government-facility-filtered (real, live-fetched)"
FAC1085,"Government Hospital, Bukkapatna",General Hospital,Tumakuru,Karnataka,13.6491574,76.7424577,7202876240,"OpenStreetMap Overpass API, government-facility-filtered (real, live-fetched)"
FAC1086,"Government Hospital, Dodderi",General Hospital,Tumakuru,Karnataka,13.6778401,77.0922108,7202876243,"OpenStreetMap Overpass API, government-facility-filtered (real, live-fetched)"
FAC1087,"Government Hospital, Panjiganahalli",General Hospital,Tumakuru,Karnataka,13.7701466,76.8409394,7202876263,"OpenStreetMap Overpass API, government-facility-filtered (real, live-fetched)"
FAC1088,"PHC, Kallambella",PHC,Tumakuru,Karnataka,13.6382704,76.9378639,7202876274,"OpenStreetMap Overpass API, government-facility-filtered (real, live-fetched)"
FAC1089,Government Hospital Turavakere,General Hospital,Tumakuru,Karnataka,13.1629561,76.6692145,7202935754,"OpenStreetMap Overpass API, government-facility-filtered (real, live-fetched)"
FAC1090,Government Hospital Thondagere,General Hospital,Tumakuru,Karnataka,13.1586472,77.105285,7202935756,"OpenStreetMap Overpass API, government-facility-filtered (real, live-fetched)"
FAC1091,"PHC, Chikkakunnala",PHC,Tumakuru,Karnataka,13.197538,76.920331,7202935766,"OpenStreetMap Overpass API, government-facility-filtered (real, live-fetched)"
FAC1092,Machenahalli Primary Health Centre,PHC,Tumakuru,Karnataka,13.2221304,76.7041896,7202935779,"OpenStreetMap Overpass API, government-facility-filtered (real, live-fetched)"
FAC1093,Hebburu Primary Health Centre,PHC,Tumakuru,Karnataka,13.1534517,77.0315329,7202935782,"OpenStreetMap Overpass API, government-facility-filtered (real, live-fetched)"
FAC1094,"Government Hospital, Haranapalya",General Hospital,Tumakuru,Karnataka,13.1068053,76.9314915,7202935798,"OpenStreetMap Overpass API, government-facility-filtered (real, live-fetched)"
FAC1095,Sirivara Government Hospital,General Hospital,Tumakuru,Karnataka,13.2132956,77.0028403,7202935802,"OpenStreetMap Overpass API, government-facility-filtered (real, live-fetched)"
FAC1096,Karuna Trust Government Hospital,General Hospital,Tumakuru,Karnataka,13.158289,77.132298,7202935819,"OpenStreetMap Overpass API, government-facility-filtered (real, live-fetched)"
FAC1097,PHC Doddachangavi,PHC,Tumakuru,Karnataka,13.1729395,76.9650263,7202935820,"OpenStreetMap Overpass API, government-facility-filtered (real, live-fetched)"
FAC1098,Nagavalli PHC,PHC,Tumakuru,Karnataka,13.2182867,77.0569411,7202935840,"OpenStreetMap Overpass API, government-facility-filtered (real, live-fetched)"
FAC1099,Kallur Primary Health Centre,PHC,Tumakuru,Karnataka,13.177153,76.835868,7202935865,"OpenStreetMap Overpass API, government-facility-filtered (real, live-fetched)"
FAC1100,Theredakuppe Primary Health Centre,PHC,Tumakuru,Karnataka,13.09776,77.04657,7202935899,"OpenStreetMap Overpass API, government-facility-filtered (real, live-fetched)"
FAC1101,Kuppuru Primary Health Centre,PHC,Tumakuru,Karnataka,13.422052,76.5315644,7202986964,"OpenStreetMap Overpass API, government-facility-filtered (real, live-fetched)"
FAC1102,PHC Bellavi,PHC,Tumakuru,Karnataka,13.413824,77.018037,7202986966,"OpenStreetMap Overpass API, government-facility-filtered (real, live-fetched)"
FAC1103,Hosakere PHC,PHC,Tumakuru,Karnataka,13.4377859,76.8411444,7202986978,"OpenStreetMap Overpass API, government-facility-filtered (real, live-fetched)"
FAC1104,"PHC, Bukkapatna",PHC,Tumakuru,Karnataka,13.5152391,77.1908313,7202986991,"OpenStreetMap Overpass API, government-facility-filtered (real, live-fetched)"
FAC1105,Tovinakere Phc,PHC,Tumakuru,Karnataka,13.5397736,77.0853409,7202987001,"OpenStreetMap Overpass API, government-facility-filtered (real, live-fetched)"
FAC1106,Kuripalya PHC,PHC,Tumakuru,Karnataka,13.335502,77.092626,7202987004,"OpenStreetMap Overpass API, government-facility-filtered (real, live-fetched)"
FAC1107,"PHC, Adalagere",PHC,Tumakuru,Karnataka,13.3567069,76.8194444,7202987014,"OpenStreetMap Overpass API, government-facility-filtered (real, live-fetched)"
FAC1108,"PHC, Hagalavadi",PHC,Tumakuru,Karnataka,13.5010782,76.7614994,7202987021,"OpenStreetMap Overpass API, government-facility-filtered (real, live-fetched)"
FAC1109,Koratagere CHC,CHC,Tumakuru,Karnataka,13.519326,77.234711,7202987024,"OpenStreetMap Overpass API, government-facility-filtered (real, live-fetched)"
FAC1110,"PHC, Gubehall",PHC,Tumakuru,Karnataka,13.5221294,76.5399602,7202987028,"OpenStreetMap Overpass API, government-facility-filtered (real, live-fetched)"
FAC1111,Siddgangamatta Phc,PHC,Tumakuru,Karnataka,13.3243374,77.1462974,7202987029,"OpenStreetMap Overpass API, government-facility-filtered (real, live-fetched)"
FAC1112,Thimmanahalli PHC,PHC,Tumakuru,Karnataka,13.5440479,76.6560587,7202987033,"OpenStreetMap Overpass API, government-facility-filtered (real, live-fetched)"
FAC1113,PHC Doddaguni,PHC,Tumakuru,Karnataka,13.3267571,76.7580381,7202987034,"OpenStreetMap Overpass API, government-facility-filtered (real, live-fetched)"
FAC1114,"PHC, Chelur",PHC,Tumakuru,Karnataka,13.4414309,76.9064222,7202987038,"OpenStreetMap Overpass API, government-facility-filtered (real, live-fetched)"
FAC1115,Government Hospital Urdigere,General Hospital,Tumakuru,Karnataka,13.344241,77.23136,7202987044,"OpenStreetMap Overpass API, government-facility-filtered (real, live-fetched)"
FAC1116,M N Kote Chc,CHC,Tumakuru,Karnataka,13.3823546,76.8493672,7202987049,"OpenStreetMap Overpass API, government-facility-filtered (real, live-fetched)"
FAC1117,Siragate PHC,PHC,Tumakuru,Karnataka,13.361422,77.103496,7202987052,"OpenStreetMap Overpass API, government-facility-filtered (real, live-fetched)"
FAC1118,PHC Biligere,PHC,Tumakuru,Karnataka,13.3065593,76.6274608,7202987063,"OpenStreetMap Overpass API, government-facility-filtered (real, live-fetched)"
FAC1119,Nittur PHC,PHC,Tumakuru,Karnataka,13.3204252,76.8620232,7202987066,"OpenStreetMap Overpass API, government-facility-filtered (real, live-fetched)"
FAC1120,Mallasandra PHC,PHC,Tumakuru,Karnataka,13.3340985,77.0164839,7202987072,"OpenStreetMap Overpass API, government-facility-filtered (real, live-fetched)"
FAC1121,Ramagondanahalli Government Hospital,General Hospital,Tumakuru,Karnataka,13.4371775,77.1150234,7202987078,"OpenStreetMap Overpass API, government-facility-filtered (real, live-fetched)"
FAC1122,PHC Aralaguppe,PHC,Tumakuru,Karnataka,13.2541313,76.6179996,7202987080,"OpenStreetMap Overpass API, government-facility-filtered (real, live-fetched)"
FAC1123,Tyagatur PHC,PHC,Tumakuru,Karnataka,13.36114,76.8410424,7202987085,"OpenStreetMap Overpass API, government-facility-filtered (real, live-fetched)"
FAC1124,"Government Hospital, Godekere",General Hospital,Tumakuru,Karnataka,13.357461,76.6539366,7202987088,"OpenStreetMap Overpass API, government-facility-filtered (real, live-fetched)"
FAC1125,"PHC, Gulur",PHC,Tumakuru,Karnataka,13.2941119,77.0908958,7202987097,"OpenStreetMap Overpass API, government-facility-filtered (real, live-fetched)"
FAC1126,Kesturu PHC,PHC,Tumakuru,Karnataka,13.5013102,77.0767642,7202987099,"OpenStreetMap Overpass API, government-facility-filtered (real, live-fetched)"
FAC1127,Theerthapura Phc,PHC,Tumakuru,Karnataka,13.4442451,76.7071692,7202987116,"OpenStreetMap Overpass API, government-facility-filtered (real, live-fetched)"
FAC1128,Sampige PHC,PHC,Tumakuru,Karnataka,13.2507456,76.7851564,7202987118,"OpenStreetMap Overpass API, government-facility-filtered (real, live-fetched)"
FAC1129,Chikkaayakanhalli Taluk Government Hospital,General Hospital,Tumakuru,Karnataka,13.3575165,76.6369669,7202987125,"OpenStreetMap Overpass API, government-facility-filtered (real, live-fetched)"
FAC1130,Mayasandra PHC,PHC,Tumakuru,Karnataka,13.3891016,76.8786074,7202987128,"OpenStreetMap Overpass API, government-facility-filtered (real, live-fetched)"
FAC1131,Primary Health Centre,PHC,Tumakuru,Karnataka,13.3258253,77.119334,7563136350,"OpenStreetMap Overpass API, government-facility-filtered (real, live-fetched)"
FAC1132,Primary Health Centre,PHC,Tumakuru,Karnataka,13.3631106,77.100256,8188038181,"OpenStreetMap Overpass API, government-facility-filtered (real, live-fetched)"
FAC1133,Esi Dispensary Office,General Hospital,Tumakuru,Karnataka,13.3366362,77.1000586,8188038221,"OpenStreetMap Overpass API, government-facility-filtered (real, live-fetched)"
FAC1134,Government Hospital,General Hospital,Tumakuru,Karnataka,13.3302504,77.1033168,8188038231,"OpenStreetMap Overpass API, government-facility-filtered (real, live-fetched)"
FAC1135,District Hospital,District Hospital,Udupi,Karnataka,13.3340175,74.7423038,1603383345,"OpenStreetMap Overpass API, government-facility-filtered (real, live-fetched)"
FAC1136,Ajekara Primary Health Center,PHC,Udupi,Karnataka,13.321831,74.9958885,2329192644,"OpenStreetMap Overpass API, government-facility-filtered (real, live-fetched)"
FAC1137,PHC Hattiangadi,PHC,Udupi,Karnataka,13.6579769,74.7257812,6397537194,"OpenStreetMap Overpass API, government-facility-filtered (real, live-fetched)"
FAC1138,PHC Siddapura,PHC,Udupi,Karnataka,13.6657064,74.9142906,6403451586,"OpenStreetMap Overpass API, government-facility-filtered (real, live-fetched)"
FAC1139,Sri Raghavendra Maternity and General Hospital,General Hospital,Udupi,Karnataka,13.4616001,74.9829829,6939069015,"OpenStreetMap Overpass API, government-facility-filtered (real, live-fetched)"
FAC1140,"Government Hospital, Hallihole",General Hospital,Udupi,Karnataka,13.7459147,74.9022062,7202876188,"OpenStreetMap Overpass API, government-facility-filtered (real, live-fetched)"
FAC1141,"Government Hospital, Basroor",General Hospital,Udupi,Karnataka,13.631449,74.739063,7202876204,"OpenStreetMap Overpass API, government-facility-filtered (real, live-fetched)"
FAC1142,"Primary Health Center, Aloor",PHC,Udupi,Karnataka,13.7476582,74.7242229,7202876226,"OpenStreetMap Overpass API, government-facility-filtered (real, live-fetched)"
FAC1143,Kundapur Government Hospital,General Hospital,Udupi,Karnataka,13.629259,74.691012,7202876237,"OpenStreetMap Overpass API, government-facility-filtered (real, live-fetched)"
FAC1144,"Government Hospital, Vandse",General Hospital,Udupi,Karnataka,13.7046619,74.7606081,7202876248,"OpenStreetMap Overpass API, government-facility-filtered (real, live-fetched)"
FAC1145,"PHC, Hakkadi",PHC,Udupi,Karnataka,13.7009825,74.704326,7202876315,"OpenStreetMap Overpass API, government-facility-filtered (real, live-fetched)"
FAC1146,Kota PHC,PHC,Udupi,Karnataka,13.5285316,74.7025985,7202986962,"OpenStreetMap Overpass API, government-facility-filtered (real, live-fetched)"
FAC1147,CHC Kota,CHC,Udupi,Karnataka,13.528382,74.702184,7202986965,"OpenStreetMap Overpass API, government-facility-filtered (real, live-fetched)"
FAC1148,"Government Hospital, Halady",General Hospital,Udupi,Karnataka,13.5786896,74.8643722,7202986970,"OpenStreetMap Overpass API, government-facility-filtered (real, live-fetched)"
FAC1149,Korgi PHC,PHC,Udupi,Karnataka,13.5618626,74.7662906,7202986972,"OpenStreetMap Overpass API, government-facility-filtered (real, live-fetched)"
FAC1150,Hiriadka PHC,PHC,Udupi,Karnataka,13.3557697,74.8666517,7202986982,"OpenStreetMap Overpass API, government-facility-filtered (real, live-fetched)"
FAC1151,"PHC, Barkurpete",PHC,Udupi,Karnataka,13.470197,74.754629,7202986983,"OpenStreetMap Overpass API, government-facility-filtered (real, live-fetched)"
FAC1152,Kodibengre PHC,PHC,Udupi,Karnataka,13.436507,74.694818,7202987000,"OpenStreetMap Overpass API, government-facility-filtered (real, live-fetched)"
FAC1153,Kumbhashi PHC,PHC,Udupi,Karnataka,13.5673906,74.7019835,7202987003,"OpenStreetMap Overpass API, government-facility-filtered (real, live-fetched)"
FAC1154,"Government Hospital, Dondarangadi",General Hospital,Udupi,Karnataka,13.352826,74.954822,7202987007,"OpenStreetMap Overpass API, government-facility-filtered (real, live-fetched)"
FAC1155,CHC Hebri,CHC,Udupi,Karnataka,13.4565825,74.9836423,7202987012,"OpenStreetMap Overpass API, government-facility-filtered (real, live-fetched)"
FAC1156,Kemmannu PHC,PHC,Udupi,Karnataka,13.4090814,74.6999503,7202987030,"OpenStreetMap Overpass API, government-facility-filtered (real, live-fetched)"
FAC1157,PHC Bidkalkatte,PHC,Udupi,Karnataka,13.579097,74.815892,7202987036,"OpenStreetMap Overpass API, government-facility-filtered (real, live-fetched)"
FAC1158,CHC Brahmavara,CHC,Udupi,Karnataka,13.4370564,74.7431746,7202987041,"OpenStreetMap Overpass API, government-facility-filtered (real, live-fetched)"
FAC1159,Hebri Primary Health Centre,PHC,Udupi,Karnataka,13.4562318,74.9833737,7202987045,"OpenStreetMap Overpass API, government-facility-filtered (real, live-fetched)"
FAC1160,Malpe PHC,PHC,Udupi,Karnataka,13.3600851,74.7036483,7202987047,"OpenStreetMap Overpass API, government-facility-filtered (real, live-fetched)"
FAC1161,Kokkarne PHC,PHC,Udupi,Karnataka,13.4605411,74.8437335,7202987050,"OpenStreetMap Overpass API, government-facility-filtered (real, live-fetched)"
FAC1162,"PHC, Bailur",PHC,Udupi,Karnataka,13.2844203,74.9181282,7202987051,"OpenStreetMap Overpass API, government-facility-filtered (real, live-fetched)"
FAC1163,"Government Hospital, Mandarthi",General Hospital,Udupi,Karnataka,13.495691,74.810086,7202987054,"OpenStreetMap Overpass API, government-facility-filtered (real, live-fetched)"
FAC1164,Saibrakatte PHC,PHC,Udupi,Karnataka,13.5119907,74.7719099,7202987059,"OpenStreetMap Overpass API, government-facility-filtered (real, live-fetched)"
FAC1165,"Primary Health Centre, Agumbe",PHC,Udupi,Karnataka,13.5068009,75.0944125,7202987062,"OpenStreetMap Overpass API, government-facility-filtered (real, live-fetched)"
FAC1166,Hirebettu Primary Health Centre,PHC,Udupi,Karnataka,13.318575,74.817816,7202987069,"OpenStreetMap Overpass API, government-facility-filtered (real, live-fetched)"
FAC1167,Manipura PHC,PHC,Udupi,Karnataka,13.29446,74.7684398,7202987094,"OpenStreetMap Overpass API, government-facility-filtered (real, live-fetched)"
FAC1168,PHC Avarse,PHC,Udupi,Karnataka,13.5321931,74.854684,7202987102,"OpenStreetMap Overpass API, government-facility-filtered (real, live-fetched)"
FAC1169,"Government Hospital, Pethri",General Hospital,Udupi,Karnataka,13.4217895,74.8243893,7202987104,"OpenStreetMap Overpass API, government-facility-filtered (real, live-fetched)"
FAC1170,"PHC, Belve",PHC,Udupi,Karnataka,13.5243782,74.9248132,7202987105,"OpenStreetMap Overpass API, government-facility-filtered (real, live-fetched)"
FAC1171,Koteshwara PHC,PHC,Udupi,Karnataka,13.5912291,74.7005296,7202987114,"OpenStreetMap Overpass API, government-facility-filtered (real, live-fetched)"
FAC1172,Pernankila PHC,PHC,Udupi,Karnataka,13.2859329,74.852086,7202987133,"OpenStreetMap Overpass API, government-facility-filtered (real, live-fetched)"
FAC1173,ESI Dispensary,Pharmacy/Dispensary,Udupi,Karnataka,13.3392526,74.7512061,7562741476,"OpenStreetMap Overpass API, government-facility-filtered (real, live-fetched)"
FAC1174,Govt. Hospital Hebri,General Hospital,Udupi,Karnataka,13.4573188,74.9917263,8188038117,"OpenStreetMap Overpass API, government-facility-filtered (real, live-fetched)"
FAC1175,Government hospital,General Hospital,Udupi,Karnataka,13.285938,74.852084,8188038272,"OpenStreetMap Overpass API, government-facility-filtered (real, live-fetched)"
FAC1176,"Saligrama PHC, Karkada",PHC,Udupi,Karnataka,13.4948017,74.7214474,10289379545,"OpenStreetMap Overpass API, government-facility-filtered (real, live-fetched)"
FAC1177,Hakladi PHC,PHC,Udupi,Karnataka,13.7011393,74.7044722,12124133754,"OpenStreetMap Overpass API, government-facility-filtered (real, live-fetched)"
FAC1178,Hemmadi Primary Health Center,PHC,Udupi,Karnataka,13.6766314,74.6946247,12415342165,"OpenStreetMap Overpass API, government-facility-filtered (real, live-fetched)"
FAC1179,Primary Health Centre Bali,PHC,Uttara Kannada,Karnataka,15.1508757,74.0197618,2706102713,"OpenStreetMap Overpass API, government-facility-filtered (real, live-fetched)"
FAC1180,"Government Hospital, Gokarna",General Hospital,Uttara Kannada,Karnataka,14.5505324,74.326787,7205339614,"OpenStreetMap Overpass API, government-facility-filtered (real, live-fetched)"
FAC1181,Government Hospital Ulga,General Hospital,Uttara Kannada,Karnataka,14.8798998,74.2445816,7205339622,"OpenStreetMap Overpass API, government-facility-filtered (real, live-fetched)"
FAC1182,Ankola Taluk Hospital,Taluk Hospital,Uttara Kannada,Karnataka,14.6596953,74.3051833,7205339630,"OpenStreetMap Overpass API, government-facility-filtered (real, live-fetched)"
FAC1183,"PHC, Bankikodla",PHC,Uttara Kannada,Karnataka,14.5793447,74.3243481,7205339698,"OpenStreetMap Overpass API, government-facility-filtered (real, live-fetched)"
FAC1184,Hiregutti PHC,PHC,Uttara Kannada,Karnataka,14.569391,74.389154,7205339773,"OpenStreetMap Overpass API, government-facility-filtered (real, live-fetched)"
FAC1185,"PHC, Devalmakki",PHC,Uttara Kannada,Karnataka,14.85233,74.267894,7205339775,"OpenStreetMap Overpass API, government-facility-filtered (real, live-fetched)"
FAC1186,"Government Hospital, Belse",General Hospital,Uttara Kannada,Karnataka,14.6135361,74.3493066,7205339780,"OpenStreetMap Overpass API, government-facility-filtered (real, live-fetched)"
FAC1187,"PHC, Angadi",PHC,Uttara Kannada,Karnataka,14.894676,74.12312,7205339781,"OpenStreetMap Overpass API, government-facility-filtered (real, live-fetched)"
FAC1188,Government Hospital,General Hospital,Uttara Kannada,Karnataka,15.0026942,74.0812635,7673260356,"OpenStreetMap Overpass API, government-facility-filtered (real, live-fetched)"
FAC1189,Primary Health Centre,PHC,Uttara Kannada,Karnataka,14.972566,74.089474,7673260416,"OpenStreetMap Overpass API, government-facility-filtered (real, live-fetched)"
FAC1190,Kadra Primary Health Center,PHC,Uttara Kannada,Karnataka,14.9084207,74.3480927,8188037491,"OpenStreetMap Overpass API, government-facility-filtered (real, live-fetched)"
FAC1191,Government Hospital,General Hospital,Uttara Kannada,Karnataka,14.5693542,74.3890534,8188037596,"OpenStreetMap Overpass API, government-facility-filtered (real, live-fetched)"
FAC1192,Governmental Hospital,General Hospital,Vijayanagara,Karnataka,15.3534219,76.4920804,1802646087,"OpenStreetMap Overpass API, government-facility-filtered (real, live-fetched)"
FAC1193,Kampli A health subcentre,Sub-Centre,Vijayanagara,Karnataka,15.4068677,76.6038476,6179056375,"OpenStreetMap Overpass API, government-facility-filtered (real, live-fetched)"
FAC1194,Bukkasagara Health Subcentre,Sub-Centre,Vijayanagara,Karnataka,15.3750638,76.5718047,6179056377,"OpenStreetMap Overpass API, government-facility-filtered (real, live-fetched)"
FAC1195,Malapanagudi PHC,PHC,Vijayanagara,Karnataka,15.2775292,76.4311244,7205430730,"OpenStreetMap Overpass API, government-facility-filtered (real, live-fetched)"
FAC1196,Kampli Government Hospital,General Hospital,Vijayanagara,Karnataka,15.4064959,76.6036531,7205430732,"OpenStreetMap Overpass API, government-facility-filtered (real, live-fetched)"
FAC1197,Government Hospital Tambrahalli,General Hospital,Vijayanagara,Karnataka,15.1522142,76.1473643,7205430745,"OpenStreetMap Overpass API, government-facility-filtered (real, live-fetched)"
FAC1198,Irkalgada PHC,PHC,Vijayanagara,Karnataka,15.465214,76.217819,7205430751,"OpenStreetMap Overpass API, government-facility-filtered (real, live-fetched)"
FAC1199,PHC Bhagyanagar,PHC,Vijayanagara,Karnataka,15.368333,76.1445547,7205430753,"OpenStreetMap Overpass API, government-facility-filtered (real, live-fetched)"
FAC1200,"Government Subdivision Hospital, Gangavathi",General Hospital,Vijayanagara,Karnataka,15.4258693,76.5290112,7205430761,"OpenStreetMap Overpass API, government-facility-filtered (real, live-fetched)"
FAC1201,Magimavinahalli PHC,PHC,Vijayanagara,Karnataka,15.091731,76.320619,7205430762,"OpenStreetMap Overpass API, government-facility-filtered (real, live-fetched)"
FAC1202,"PHC, Gadiganur",PHC,Vijayanagara,Karnataka,15.2247259,76.5931476,7205430769,"OpenStreetMap Overpass API, government-facility-filtered (real, live-fetched)"
FAC1203,Indaragi PHC,PHC,Vijayanagara,Karnataka,15.4439047,76.3235604,7205430771,"OpenStreetMap Overpass API, government-facility-filtered (real, live-fetched)"
FAC1204,"Government Hospital, Ginigera",General Hospital,Vijayanagara,Karnataka,15.35329,76.250666,7205430777,"OpenStreetMap Overpass API, government-facility-filtered (real, live-fetched)"
FAC1205,Ramasagar Government Hospital,General Hospital,Vijayanagara,Karnataka,15.374023,76.572042,7205430780,"OpenStreetMap Overpass API, government-facility-filtered (real, live-fetched)"
FAC1206,"Primary Health Centre, Mariyammanahalli",PHC,Vijayanagara,Karnataka,15.1611149,76.3584542,7205430801,"OpenStreetMap Overpass API, government-facility-filtered (real, live-fetched)"
FAC1207,Kukanapalli PHC,PHC,Vijayanagara,Karnataka,15.4347501,76.2962684,7205430817,"OpenStreetMap Overpass API, government-facility-filtered (real, live-fetched)"
FAC1208,"PHC, Anegundi",PHC,Vijayanagara,Karnataka,15.3532967,76.4920959,7205430827,"OpenStreetMap Overpass API, government-facility-filtered (real, live-fetched)"
FAC1209,Munirabad CHC,CHC,Vijayanagara,Karnataka,15.2785323,76.3260433,7205430837,"OpenStreetMap Overpass API, government-facility-filtered (real, live-fetched)"
FAC1210,Hitnal PHC,PHC,Vijayanagara,Karnataka,15.329528,76.311661,7205430843,"OpenStreetMap Overpass API, government-facility-filtered (real, live-fetched)"
FAC1211,Yashoda Maternity and General Hospital,General Hospital,Vijayanagara,Karnataka,15.3514973,76.1643589,7569754278,"OpenStreetMap Overpass API, government-facility-filtered (real, live-fetched)"
FAC1212,Government Hospital,General Hospital,Vijayanagara,Karnataka,15.2784818,76.3258372,8188037341,"OpenStreetMap Overpass API, government-facility-filtered (real, live-fetched)"
FAC1213,Primary Health Center,PHC,Vijayanagara,Karnataka,15.2247,76.5931,8188037388,"OpenStreetMap Overpass API, government-facility-filtered (real, live-fetched)"
FAC1214,Government Hospital,General Hospital,Vijayanagara,Karnataka,15.1610667,76.3584372,8188037405,"OpenStreetMap Overpass API, government-facility-filtered (real, live-fetched)"
FAC1215,Government Hospital,General Hospital,Vijayanagara,Karnataka,15.1135805,76.3951579,8188037441,"OpenStreetMap Overpass API, government-facility-filtered (real, live-fetched)"
FAC1216,District Hospital,District Hospital,Vijayapura,Karnataka,16.8254015,75.69243,695101249,"OpenStreetMap Overpass API, government-facility-filtered (real, live-fetched)"
FAC1217,District Hospital Bijapur,District Hospital,Vijayapura,Karnataka,16.8280939,75.6915484,1489335917,"OpenStreetMap Overpass API, government-facility-filtered (real, live-fetched)"
FAC1218,Managuli PHC,PHC,Vijayapura,Karnataka,16.6558299,75.8157308,7205356284,"OpenStreetMap Overpass API, government-facility-filtered (real, live-fetched)"
FAC1219,"Government Hospital, Mulvad",General Hospital,Vijayapura,Karnataka,16.5958721,75.7368282,7205356327,"OpenStreetMap Overpass API, government-facility-filtered (real, live-fetched)"
FAC1220,"PHC, Honaganahalli",PHC,Vijayapura,Karnataka,16.6808382,75.7348573,7205356340,"OpenStreetMap Overpass API, government-facility-filtered (real, live-fetched)"
FAC1221,"Government Hospital, Yalawar",General Hospital,Vijayapura,Karnataka,16.6873978,76.1405539,7205356367,"OpenStreetMap Overpass API, government-facility-filtered (real, live-fetched)"
FAC1222,Ronihal PHC,PHC,Vijayapura,Karnataka,16.5101507,75.6955938,7205356381,"OpenStreetMap Overpass API, government-facility-filtered (real, live-fetched)"
FAC1223,"Government Hospital, Babaleshwar",General Hospital,Vijayapura,Karnataka,16.6671062,75.5797564,7205356388,"OpenStreetMap Overpass API, government-facility-filtered (real, live-fetched)"
FAC1224,"Government Hospital, Kudari Salawadgi",General Hospital,Vijayapura,Karnataka,16.6025842,76.0969192,7205356402,"OpenStreetMap Overpass API, government-facility-filtered (real, live-fetched)"
FAC1225,"PHC, Golasangi",PHC,Vijayapura,Karnataka,16.4936769,75.8763069,7205356404,"OpenStreetMap Overpass API, government-facility-filtered (real, live-fetched)"
FAC1226,Kakhandaki PHC,PHC,Vijayapura,Karnataka,16.6097834,75.6360488,7205356406,"OpenStreetMap Overpass API, government-facility-filtered (real, live-fetched)"
FAC1227,"PHC, Chandakavate",PHC,Vijayapura,Karnataka,16.9610122,76.1419768,7205437078,"OpenStreetMap Overpass API, government-facility-filtered (real, live-fetched)"
FAC1228,Korawara PHC,PHC,Vijayapura,Karnataka,16.7463788,76.2139298,7205437080,"OpenStreetMap Overpass API, government-facility-filtered (real, live-fetched)"
FAC1229,"Government Hospital, D.Hipparagi",General Hospital,Vijayapura,Karnataka,16.810832,76.071041,7205437111,"OpenStreetMap Overpass API, government-facility-filtered (real, live-fetched)"
FAC1230,Government Hospital Tadavalaga,General Hospital,Vijayapura,Karnataka,17.081313,75.9209908,7205437112,"OpenStreetMap Overpass API, government-facility-filtered (real, live-fetched)"
FAC1231,Government Hospital Honnutagi,General Hospital,Vijayapura,Karnataka,16.826108,75.865025,7205437115,"OpenStreetMap Overpass API, government-facility-filtered (real, live-fetched)"
FAC1232,Nagatana PHC,PHC,Vijayapura,Karnataka,16.927978,75.843928,7205437127,"OpenStreetMap Overpass API, government-facility-filtered (real, live-fetched)"
FAC1233,"PHC, Balaganur",PHC,Vijayapura,Karnataka,17.0154524,76.1414031,7205437135,"OpenStreetMap Overpass API, government-facility-filtered (real, live-fetched)"
FAC1234,Government Hospital Ukkali,General Hospital,Vijayapura,Karnataka,16.7289702,75.8737148,7205437178,"OpenStreetMap Overpass API, government-facility-filtered (real, live-fetched)"
FAC1235,Government Hospital Tamba,General Hospital,Vijayapura,Karnataka,16.993877,75.993559,7205437181,"OpenStreetMap Overpass API, government-facility-filtered (real, live-fetched)"
FAC1236,PHC Kannur,PHC,Vijayapura,Karnataka,17.0315278,75.6980659,7205437185,"OpenStreetMap Overpass API, government-facility-filtered (real, live-fetched)"
FAC1237,PHC Kontev Bobalad,PHC,Vijayapura,Karnataka,16.991973,75.6508203,7226642352,"OpenStreetMap Overpass API, government-facility-filtered (real, live-fetched)"
FAC1238,Primary Health Center,PHC,Vijayapura,Karnataka,16.9279723,75.843966,8188036466,"OpenStreetMap Overpass API, government-facility-filtered (real, live-fetched)"
FAC1239,Government Hospital Honagana Halli,General Hospital,Vijayapura,Karnataka,16.6808124,75.7348648,8188036578,"OpenStreetMap Overpass API, government-facility-filtered (real, live-fetched)"
FAC1240,Government Hospital,General Hospital,Vijayapura,Karnataka,16.5750597,75.9690421,8188036604,"OpenStreetMap Overpass API, government-facility-filtered (real, live-fetched)"
FAC1241,Ajalapura Health Sub Centre,Sub-Centre,Yadgiri,Karnataka,16.5887,77.4227,2585646268,"OpenStreetMap Overpass API, government-facility-filtered (real, live-fetched)"
FAC1242,Ajlapur  (24X7) Primary Health Center,PHC,Yadgiri,Karnataka,16.5886,77.4224,2585646270,"OpenStreetMap Overpass API, government-facility-filtered (real, live-fetched)"
FAC1243,Alipur (24X7) Primary Health Center,PHC,Yadgiri,Karnataka,16.8356227,77.0927194,2585646276,"OpenStreetMap Overpass API, government-facility-filtered (real, live-fetched)"
FAC1244,Allipura Health Sub Centre,Sub-Centre,Yadgiri,Karnataka,16.8415,77.0951,2585646278,"OpenStreetMap Overpass API, government-facility-filtered (real, live-fetched)"
FAC1245,Anabi Health Sub Centre,Sub-Centre,Yadgiri,Karnataka,16.8745,76.9001,2585646279,"OpenStreetMap Overpass API, government-facility-filtered (real, live-fetched)"
FAC1246,Arikera(K) Health Sub Centre,Sub-Centre,Yadgiri,Karnataka,16.7617,77.2704,2585646288,"OpenStreetMap Overpass API, government-facility-filtered (real, live-fetched)"
FAC1247,Baddepalli Health Sub Centre,Sub-Centre,Yadgiri,Karnataka,16.5699,77.3703,2585646289,"OpenStreetMap Overpass API, government-facility-filtered (real, live-fetched)"
FAC1248,Badiyala Health Sub Centre,Sub-Centre,Yadgiri,Karnataka,16.4921,77.2753,2585646290,"OpenStreetMap Overpass API, government-facility-filtered (real, live-fetched)"
FAC1249,Balacheda Health Sub Centre,Sub-Centre,Yadgiri,Karnataka,16.5607,77.3137,2585646293,"OpenStreetMap Overpass API, government-facility-filtered (real, live-fetched)"
FAC1250,Balichakra  (24X7) Primary Health Center,PHC,Yadgiri,Karnataka,16.6742,77.2641,2585646295,"OpenStreetMap Overpass API, government-facility-filtered (real, live-fetched)"
FAC1251,Balichakra Health Sub Centre,Sub-Centre,Yadgiri,Karnataka,16.6774796,77.263459,2585646296,"OpenStreetMap Overpass API, government-facility-filtered (real, live-fetched)"
FAC1252,Bandhalli Health Sub Centre,Sub-Centre,Yadgiri,Karnataka,16.8016,77.1426,2585646297,"OpenStreetMap Overpass API, government-facility-filtered (real, live-fetched)"
FAC1253,Health Sub Centre,Sub-Centre,Yadgiri,Karnataka,16.5456,76.8805,2585646301,"OpenStreetMap Overpass API, government-facility-filtered (real, live-fetched)"
FAC1254,Belagera Health Sub Centre,Sub-Centre,Yadgiri,Karnataka,16.9285,77.1364,2585646302,"OpenStreetMap Overpass API, government-facility-filtered (real, live-fetched)"
FAC1255,Belagunda Health Sub Centre,Sub-Centre,Yadgiri,Karnataka,16.5521,77.2199,2585646303,"OpenStreetMap Overpass API, government-facility-filtered (real, live-fetched)"
FAC1256,Bendebomali  (24X7) Primary Health Centre,PHC,Yadgiri,Karnataka,16.4809,77.1661,2585646304,"OpenStreetMap Overpass API, government-facility-filtered (real, live-fetched)"
FAC1257,Bilvar Health Sub Centre,Sub-Centre,Yadgiri,Karnataka,16.5554,77.1583,2585646305,"OpenStreetMap Overpass API, government-facility-filtered (real, live-fetched)"
FAC1258,Borabandi Health Sub Centre,Sub-Centre,Yadgiri,Karnataka,16.832,77.3795,2585646308,"OpenStreetMap Overpass API, government-facility-filtered (real, live-fetched)"
FAC1259,Chapetla Health Sub Centre,Sub-Centre,Yadgiri,Karnataka,16.8755,77.3388,2585646312,"OpenStreetMap Overpass API, government-facility-filtered (real, live-fetched)"
FAC1260,Chatnalli  (24X7) Primary Health Centre,PHC,Yadgiri,Karnataka,16.7614,77.0044,2585646313,"OpenStreetMap Overpass API, government-facility-filtered (real, live-fetched)"
FAC1261,Chatnalli Health Sub Centre,Sub-Centre,Yadgiri,Karnataka,16.7614,77.0047,2585646314,"OpenStreetMap Overpass API, government-facility-filtered (real, live-fetched)"
FAC1262,Chinakara Health Sub Centre,Sub-Centre,Yadgiri,Karnataka,16.7835,77.3765,2585646315,"OpenStreetMap Overpass API, government-facility-filtered (real, live-fetched)"
FAC1263,Chintakunta Health Sub Centre,Sub-Centre,Yadgiri,Karnataka,16.9268,77.2161,2585646316,"OpenStreetMap Overpass API, government-facility-filtered (real, live-fetched)"
FAC1264,Diggi Health Sub Centre,Sub-Centre,Yadgiri,Karnataka,16.7094,76.8026,2585646326,"OpenStreetMap Overpass API, government-facility-filtered (real, live-fetched)"
FAC1265,Doranahalli  (24X7) Primary Health Centre,PHC,Yadgiri,Karnataka,16.7285,76.9122,2585646328,"OpenStreetMap Overpass API, government-facility-filtered (real, live-fetched)"
FAC1266,Doranahalli A Health Sub Centre,Sub-Centre,Yadgiri,Karnataka,16.7285,76.9123,2585646330,"OpenStreetMap Overpass API, government-facility-filtered (real, live-fetched)"
FAC1267,Doranahalli B Health Sub Centre,Sub-Centre,Yadgiri,Karnataka,16.73,76.9143,2585646332,"OpenStreetMap Overpass API, government-facility-filtered (real, live-fetched)"
FAC1268,Duppalli Health Sub Centre,Sub-Centre,Yadgiri,Karnataka,16.5366,77.3895,2585646334,"OpenStreetMap Overpass API, government-facility-filtered (real, live-fetched)"
FAC1269,Gajarakota Health Sub Centre,Sub-Centre,Yadgiri,Karnataka,16.8944,77.2917,2585646335,"OpenStreetMap Overpass API, government-facility-filtered (real, live-fetched)"
FAC1270,Gajarkot (24X7) Primary Health Center,PHC,Yadgiri,Karnataka,16.8946,77.2916,2585646337,"OpenStreetMap Overpass API, government-facility-filtered (real, live-fetched)"
FAC1271,Gondadagi Health Sub Centre,Sub-Centre,Yadgiri,Karnataka,16.5057,77.2132,2585646350,"OpenStreetMap Overpass API, government-facility-filtered (real, live-fetched)"
FAC1272,Gulsram Health Sub Centre,Sub-Centre,Yadgiri,Karnataka,16.7155,77.0968,2585646352,"OpenStreetMap Overpass API, government-facility-filtered (real, live-fetched)"
FAC1273,Gunjanura Health Sub Centre,Sub-Centre,Yadgiri,Karnataka,16.783337,77.3537937,2585646353,"OpenStreetMap Overpass API, government-facility-filtered (real, live-fetched)"
FAC1274,Gurumatkal Community Health Centre,CHC,Yadgiri,Karnataka,16.8682,77.3861,2585646355,"OpenStreetMap Overpass API, government-facility-filtered (real, live-fetched)"
FAC1275,Halgera Health Sub Centre,Sub-Centre,Yadgiri,Karnataka,16.639,77.1192,2585646361,"OpenStreetMap Overpass API, government-facility-filtered (real, live-fetched)"
FAC1276,Hathikuni  (24X7) Primary Health Center,PHC,Yadgiri,Karnataka,16.8481,77.155,2585646365,"OpenStreetMap Overpass API, government-facility-filtered (real, live-fetched)"
FAC1277,Hatthikuni Health Sub Centre,Sub-Centre,Yadgiri,Karnataka,16.8499828,77.1538629,2585646366,"OpenStreetMap Overpass API, government-facility-filtered (real, live-fetched)"
FAC1278,Hattigudur (24X7) Primary Health Centre,PHC,Yadgiri,Karnataka,16.6034,76.8806157,2585646368,"OpenStreetMap Overpass API, government-facility-filtered (real, live-fetched)"
FAC1279,Hattigudur Health Sub Centre,Sub-Centre,Yadgiri,Karnataka,16.6032655,76.8806093,2585646370,"OpenStreetMap Overpass API, government-facility-filtered (real, live-fetched)"
FAC1280,Hayyal (B) Health Sub Centre,Sub-Centre,Yadgiri,Karnataka,16.5620046,76.9573984,2585646372,"OpenStreetMap Overpass API, government-facility-filtered (real, live-fetched)"
FAC1281,Hayyala B (24X7) Primary Health Centre,PHC,Yadgiri,Karnataka,16.5621,76.9574,2585646373,"OpenStreetMap Overpass API, government-facility-filtered (real, live-fetched)"
FAC1282,Honagera (24X7) Primary Health Center,PHC,Yadgiri,Karnataka,16.8193,77.1885,2585646383,"OpenStreetMap Overpass API, government-facility-filtered (real, live-fetched)"
FAC1283,Health Sub Centre,Sub-Centre,Yadgiri,Karnataka,16.8162334,77.1819127,2585646384,"OpenStreetMap Overpass API, government-facility-filtered (real, live-fetched)"
FAC1284,Hotapet Health Sub Centre,Sub-Centre,Yadgiri,Karnataka,16.7622,76.8152,2585646387,"OpenStreetMap Overpass API, government-facility-filtered (real, live-fetched)"
FAC1285,Ibrahimpur Health Sub Centre,Sub-Centre,Yadgiri,Karnataka,16.7405,76.8626,2585646394,"OpenStreetMap Overpass API, government-facility-filtered (real, live-fetched)"
FAC1286,Ikur Health Sub Centre,Sub-Centre,Yadgiri,Karnataka,16.5733788,76.9934176,2585646396,"OpenStreetMap Overpass API, government-facility-filtered (real, live-fetched)"
FAC1287,Health Sub Centre,Sub-Centre,Yadgiri,Karnataka,16.6472,77.4259,2585646398,"OpenStreetMap Overpass API, government-facility-filtered (real, live-fetched)"
FAC1288,Jinakera Health Sub Centre,Sub-Centre,Yadgiri,Karnataka,16.6906,77.2062,2585646399,"OpenStreetMap Overpass API, government-facility-filtered (real, live-fetched)"
FAC1289,Joladadagi Health Sub Centre,Sub-Centre,Yadgiri,Karnataka,16.4877,77.2174,2585646402,"OpenStreetMap Overpass API, government-facility-filtered (real, live-fetched)"
FAC1290,Kadamgera Health Sub Centre,Sub-Centre,Yadgiri,Karnataka,16.6335,77.0125,2585646405,"OpenStreetMap Overpass API, government-facility-filtered (real, live-fetched)"
FAC1291,Kadechuru Primary Health Center,PHC,Yadgiri,Karnataka,16.5176,77.3277,2585646406,"OpenStreetMap Overpass API, government-facility-filtered (real, live-fetched)"
FAC1292,Kadechura Health Sub Centre,Sub-Centre,Yadgiri,Karnataka,16.5192069,77.3298057,2585646408,"OpenStreetMap Overpass API, government-facility-filtered (real, live-fetched)"
FAC1293,Kalabelagundi Health Sub Centre,Sub-Centre,Yadgiri,Karnataka,16.6586949,77.3128745,2585646413,"OpenStreetMap Overpass API, government-facility-filtered (real, live-fetched)"
FAC1294,Kandakoor (24X7) Primary Health Center,PHC,Yadgiri,Karnataka,16.7825475,77.3300617,2585646418,"OpenStreetMap Overpass API, government-facility-filtered (real, live-fetched)"
FAC1295,Kandakura Health Sub Centre,Sub-Centre,Yadgiri,Karnataka,16.7824,77.33,2585646420,"OpenStreetMap Overpass API, government-facility-filtered (real, live-fetched)"
FAC1296,Health Sub Centre,Sub-Centre,Yadgiri,Karnataka,16.6035182,77.3039188,2585646422,"OpenStreetMap Overpass API, government-facility-filtered (real, live-fetched)"
FAC1297,Kanyakollur Health Sub Centre,Sub-Centre,Yadgiri,Karnataka,16.6657,76.8919,2585646425,"OpenStreetMap Overpass API, government-facility-filtered (real, live-fetched)"
FAC1298,Kaulura (24X7) Primary Health Center,PHC,Yadgiri,Karnataka,16.6668,77.1541,2585646429,"OpenStreetMap Overpass API, government-facility-filtered (real, live-fetched)"
FAC1299,Khanapur Health Sub Centre,Sub-Centre,Yadgiri,Karnataka,16.7119,77.0127,2585646438,"OpenStreetMap Overpass API, government-facility-filtered (real, live-fetched)"
FAC1300,Killanakera Health Sub Centre,Sub-Centre,Yadgiri,Karnataka,16.6396,77.2619,2585646440,"OpenStreetMap Overpass API, government-facility-filtered (real, live-fetched)"
FAC1301,Kodala Health Sub Centre,Sub-Centre,Yadgiri,Karnataka,16.4694,77.1456,2585646447,"OpenStreetMap Overpass API, government-facility-filtered (real, live-fetched)"
FAC1302,Kodamanalli Health Sub Centre,Sub-Centre,Yadgiri,Karnataka,16.7607,76.7707,2585646448,"OpenStreetMap Overpass API, government-facility-filtered (real, live-fetched)"
FAC1303,Kollur (M) Health Sub Centre,Sub-Centre,Yadgiri,Karnataka,16.5051,76.9126,2585646455,"OpenStreetMap Overpass API, government-facility-filtered (real, live-fetched)"
FAC1304,Kongandi-A Health Sub Centre,Sub-Centre,Yadgiri,Karnataka,16.4591,77.2395,2585646457,"OpenStreetMap Overpass API, government-facility-filtered (real, live-fetched)"
FAC1305,Kongandi-B Health Sub Centre,Sub-Centre,Yadgiri,Karnataka,16.5782,76.8492,2585646459,"OpenStreetMap Overpass API, government-facility-filtered (real, live-fetched)"
FAC1306,Konkal (24X7) Primary Health Center,PHC,Yadgiri,Karnataka,16.7386,77.3804,2585646461,"OpenStreetMap Overpass API, government-facility-filtered (real, live-fetched)"
FAC1307,Konkal Health Sub Centre,Sub-Centre,Yadgiri,Karnataka,16.5381839,77.0410273,2585646462,"OpenStreetMap Overpass API, government-facility-filtered (real, live-fetched)"
FAC1308,Konkal Health Sub Centre,Sub-Centre,Yadgiri,Karnataka,16.7386006,77.3806241,2585646464,"OpenStreetMap Overpass API, government-facility-filtered (real, live-fetched)"
FAC1309,Konnalli Health Sub Centre,Sub-Centre,Yadgiri,Karnataka,16.5843,77.1176,2585646466,"OpenStreetMap Overpass API, government-facility-filtered (real, live-fetched)"
FAC1310,Kotagera (24X7) Primary Health Center,PHC,Yadgiri,Karnataka,16.8979897,77.2404478,2585646468,"OpenStreetMap Overpass API, government-facility-filtered (real, live-fetched)"
FAC1311,Kotgera Health Sub Centre,Sub-Centre,Yadgiri,Karnataka,16.8958,77.2418,2585646469,"OpenStreetMap Overpass API, government-facility-filtered (real, live-fetched)"
FAC1312,Kowlura Health Sub Centre,Sub-Centre,Yadgiri,Karnataka,16.6679,77.1492,2585646471,"OpenStreetMap Overpass API, government-facility-filtered (real, live-fetched)"
FAC1313,Kurukunda (24X7) Primary Health Centre,PHC,Yadgiri,Karnataka,16.6475,77.0429,2585646475,"OpenStreetMap Overpass API, government-facility-filtered (real, live-fetched)"
FAC1314,Kurukunda Health Sub Centre,Sub-Centre,Yadgiri,Karnataka,16.6477,77.0427,2585646476,"OpenStreetMap Overpass API, government-facility-filtered (real, live-fetched)"
FAC1315,Kyasapnalli Health Sub Centre,Sub-Centre,Yadgiri,Karnataka,16.8347,77.0639,2585646478,"OpenStreetMap Overpass API, government-facility-filtered (real, live-fetched)"
FAC1316,Madhwara Health Sub Centre,Sub-Centre,Yadgiri,Karnataka,16.6466936,77.3379349,2585646485,"OpenStreetMap Overpass API, government-facility-filtered (real, live-fetched)"
FAC1317,Madnal Health Sub Centre,Sub-Centre,Yadgiri,Karnataka,16.7779,76.8458,2585646487,"OpenStreetMap Overpass API, government-facility-filtered (real, live-fetched)"
FAC1318,Madraki Health Sub Centre,Sub-Centre,Yadgiri,Karnataka,16.8011,76.7777,2585646489,"OpenStreetMap Overpass API, government-facility-filtered (real, live-fetched)"
FAC1319,Malhar (24X7) Primary Health Center,PHC,Yadgiri,Karnataka,16.6251,77.1977,2585646492,"OpenStreetMap Overpass API, government-facility-filtered (real, live-fetched)"
FAC1320,Meenasapura Health Sub Centre,Sub-Centre,Yadgiri,Karnataka,16.7856,77.4088,2585646503,"OpenStreetMap Overpass API, government-facility-filtered (real, live-fetched)"
FAC1321,Motnalli Health Sub Centre,Sub-Centre,Yadgiri,Karnataka,16.9063,77.2168,2585646504,"OpenStreetMap Overpass API, government-facility-filtered (real, live-fetched)"
FAC1322,Mudnal (24X7) Primary Health Center,PHC,Yadgiri,Karnataka,16.7809,77.1025,2585646506,"OpenStreetMap Overpass API, government-facility-filtered (real, live-fetched)"
FAC1323,Mudnala Health Sub Centre,Sub-Centre,Yadgiri,Karnataka,16.7816,77.1019,2585646508,"OpenStreetMap Overpass API, government-facility-filtered (real, live-fetched)"
FAC1324,Mundaragi Health Sub Centre,Sub-Centre,Yadgiri,Karnataka,16.7808,77.1839,2585646512,"OpenStreetMap Overpass API, government-facility-filtered (real, live-fetched)"
FAC1325,Mushtura Health Sub Centre,Sub-Centre,Yadgiri,Karnataka,16.6957,77.1683,2585646513,"OpenStreetMap Overpass API, government-facility-filtered (real, live-fetched)"
FAC1326,Mylapura Health Sub Centre,Sub-Centre,Yadgiri,Karnataka,16.7418,77.2429,2585646515,"OpenStreetMap Overpass API, government-facility-filtered (real, live-fetched)"
FAC1327,Naikal Health Sub Centre,Sub-Centre,Yadgiri,Karnataka,16.7241,77.0641,2585646522,"OpenStreetMap Overpass API, government-facility-filtered (real, live-fetched)"
FAC1328,Nasalavai Health Sub Centre,Sub-Centre,Yadgiri,Karnataka,16.6999,77.4469,2585646526,"OpenStreetMap Overpass API, government-facility-filtered (real, live-fetched)"
FAC1329,Health Sub Centre,Sub-Centre,Yadgiri,Karnataka,16.8129627,77.4554133,2585646532,"OpenStreetMap Overpass API, government-facility-filtered (real, live-fetched)"
FAC1330,Ramasamudra Health Sub Centre,Sub-Centre,Yadgiri,Karnataka,16.7727,77.2349,2585646539,"OpenStreetMap Overpass API, government-facility-filtered (real, live-fetched)"
FAC1331,Rastapur Health Sub Centre,Sub-Centre,Yadgiri,Karnataka,16.6321,76.8548,2585646541,"OpenStreetMap Overpass API, government-facility-filtered (real, live-fetched)"
FAC1332,Sagar  2 Health Sub Centre,Sub-Centre,Yadgiri,Karnataka,16.627,76.8012,2585646544,"OpenStreetMap Overpass API, government-facility-filtered (real, live-fetched)"
FAC1333,Saidapur Community Health Centre,CHC,Yadgiri,Karnataka,16.5742,77.252,2585646556,"OpenStreetMap Overpass API, government-facility-filtered (real, live-fetched)"
FAC1334,Saidapur Health Sub Centre,Sub-Centre,Yadgiri,Karnataka,16.5742,77.2521,2585646560,"OpenStreetMap Overpass API, government-facility-filtered (real, live-fetched)"
FAC1335,Savura  Health Sub Centre,Sub-Centre,Yadgiri,Karnataka,16.6077,77.2013,2585646563,"OpenStreetMap Overpass API, government-facility-filtered (real, live-fetched)"
FAC1336,Shiraval-A Health Sub Centre,Sub-Centre,Yadgiri,Karnataka,16.8076,76.8852,2585646570,"OpenStreetMap Overpass API, government-facility-filtered (real, live-fetched)"
FAC1337,Shiraval-B Health Sub Centre,Sub-Centre,Yadgiri,Karnataka,16.81,76.8879,2585646572,"OpenStreetMap Overpass API, government-facility-filtered (real, live-fetched)"
FAC1338,Shiravala (24X7) Primary Health Centre,PHC,Yadgiri,Karnataka,16.8076,76.8851,2585646575,"OpenStreetMap Overpass API, government-facility-filtered (real, live-fetched)"
FAC1339,Shivpura Health Sub Centre,Sub-Centre,Yadgiri,Karnataka,16.4309,77.2356,2585646580,"OpenStreetMap Overpass API, government-facility-filtered (real, live-fetched)"
FAC1340,T Wadagera Health Sub Centre,Sub-Centre,Yadgiri,Karnataka,16.6782,76.9412,2585646615,"OpenStreetMap Overpass API, government-facility-filtered (real, live-fetched)"
FAC1341,Tadibidi Health Sub Centre,Sub-Centre,Yadgiri,Karnataka,16.6875,76.9831,2585646616,"OpenStreetMap Overpass API, government-facility-filtered (real, live-fetched)"
FAC1342,Tanagundi  Health Sub Centre,Sub-Centre,Yadgiri,Karnataka,16.7946,77.0554,2585646618,"OpenStreetMap Overpass API, government-facility-filtered (real, live-fetched)"
FAC1343,Tangadagi Health Sub Centre,Sub-Centre,Yadgiri,Karnataka,16.7917,76.9544,2585646620,"OpenStreetMap Overpass API, government-facility-filtered (real, live-fetched)"
FAC1344,Tidibidi (24X7) Primary Health Centre,PHC,Yadgiri,Karnataka,16.6876,76.9832,2585646622,"OpenStreetMap Overpass API, government-facility-filtered (real, live-fetched)"
FAC1345,Tumkur Health Sub Centre,Sub-Centre,Yadgiri,Karnataka,16.513,77.0879,2585646626,"OpenStreetMap Overpass API, government-facility-filtered (real, live-fetched)"
FAC1346,Ullesugur Health Sub Centre,Sub-Centre,Yadgiri,Karnataka,16.6451,77.0811,2585646630,"OpenStreetMap Overpass API, government-facility-filtered (real, live-fetched)"
FAC1347,Health Sub Centre,Sub-Centre,Yadgiri,Karnataka,16.6089,77.3739,2585646633,"OpenStreetMap Overpass API, government-facility-filtered (real, live-fetched)"
FAC1348,Vibhutinahalli Health Sub Centre,Sub-Centre,Yadgiri,Karnataka,16.6615,76.8569,2585646635,"OpenStreetMap Overpass API, government-facility-filtered (real, live-fetched)"
FAC1349,Wadgera Government Hospital,General Hospital,Yadgiri,Karnataka,16.5888792,77.0989852,2585646637,"OpenStreetMap Overpass API, government-facility-filtered (real, live-fetched)"
FAC1350,Wadagera Health Sub Centre,Sub-Centre,Yadgiri,Karnataka,16.5875,77.0979,2585646639,"OpenStreetMap Overpass API, government-facility-filtered (real, live-fetched)"
FAC1351,Yaddalli  Health Sub Centre,Sub-Centre,Yadgiri,Karnataka,16.8372,77.1476,2585646644,"OpenStreetMap Overpass API, government-facility-filtered (real, live-fetched)"
FAC1352,Yadlapura  Health Sub Centre,Sub-Centre,Yadgiri,Karnataka,16.8777,77.3127,2585646648,"OpenStreetMap Overpass API, government-facility-filtered (real, live-fetched)"
FAC1353,Yalasathi  Health Sub Centre,Sub-Centre,Yadgiri,Karnataka,16.6839,77.3629,2585646653,"OpenStreetMap Overpass API, government-facility-filtered (real, live-fetched)"
FAC1354,Yelheri Health Sub Centre,Sub-Centre,Yadgiri,Karnataka,16.7298,77.3308,2585646655,"OpenStreetMap Overpass API, government-facility-filtered (real, live-fetched)"
FAC1355,Yelheri Primary Health Center,PHC,Yadgiri,Karnataka,16.7299,77.3307,2585646657,"OpenStreetMap Overpass API, government-facility-filtered (real, live-fetched)"
FAC1356,Yergol (24X7) Primary Health Center,PHC,Yadgiri,Karnataka,16.9064,77.0646,2585646659,"OpenStreetMap Overpass API, government-facility-filtered (real, live-fetched)"
FAC1357,Yergol-A  Health Sub Centre,Sub-Centre,Yadgiri,Karnataka,16.9061,77.0651,2585646661,"OpenStreetMap Overpass API, government-facility-filtered (real, live-fetched)"
FAC1358,Yergol-B  Health Sub Centre,Sub-Centre,Yadgiri,Karnataka,16.9061,77.0648,2585646662,"OpenStreetMap Overpass API, government-facility-filtered (real, live-fetched)"
FAC1359,Primary Health Center,PHC,Yadgiri,Karnataka,16.6054006,76.8811663,2635030508,"OpenStreetMap Overpass API, government-facility-filtered (real, live-fetched)"
FAC1360,Old PHC,PHC,Yadgiri,Karnataka,16.6036885,76.8804223,2635030510,"OpenStreetMap Overpass API, government-facility-filtered (real, live-fetched)"
FAC1361,PHC Sub Centre,PHC,Yadgiri,Karnataka,16.632383,76.8537891,2635030514,"OpenStreetMap Overpass API, government-facility-filtered (real, live-fetched)"
FAC1362,Primary Health Center,PHC,Yadgiri,Karnataka,16.5456026,76.8794802,2935115733,"OpenStreetMap Overpass API, government-facility-filtered (real, live-fetched)"
FAC1363,Primary Health Center,PHC,Yadgiri,Karnataka,16.5042295,76.9127055,2935374162,"OpenStreetMap Overpass API, government-facility-filtered (real, live-fetched)"
FAC1364,New Primary Health Center,PHC,Yadgiri,Karnataka,16.5675681,76.9563632,3376096072,"OpenStreetMap Overpass API, government-facility-filtered (real, live-fetched)"
FAC1365,New Primary Health Center,PHC,Yadgiri,Karnataka,16.5717954,76.9932641,3382350598,"OpenStreetMap Overpass API, government-facility-filtered (real, live-fetched)"
FAC1366,Primary Health Center,PHC,Yadgiri,Karnataka,16.5683954,76.9917209,3382350601,"OpenStreetMap Overpass API, government-facility-filtered (real, live-fetched)"
FAC1367,New Primary Health Center,PHC,Yadgiri,Karnataka,16.534341,77.042783,3382375706,"OpenStreetMap Overpass API, government-facility-filtered (real, live-fetched)"
FAC1368,"Primary Health Centre, Damargidda",PHC,Yadgiri,Karnataka,16.820736,77.5083907,6548106752,"OpenStreetMap Overpass API, government-facility-filtered (real, live-fetched)"
FAC1369,"SubCentre, Bhairamkonda",Sub-Centre,Yadgiri,Karnataka,16.731559,77.4609277,6556684599,"OpenStreetMap Overpass API, government-facility-filtered (real, live-fetched)"
FAC1370,"SubCentre, Kanukurthy",Sub-Centre,Yadgiri,Karnataka,16.8842562,77.472353,6557245901,"OpenStreetMap Overpass API, government-facility-filtered (real, live-fetched)"
FAC1371,Ravi's Children Hospital,General Hospital,Yadgiri,Karnataka,16.7439774,77.4951726,6830204352,"OpenStreetMap Overpass API, government-facility-filtered (real, live-fetched)"
FAC1372,Ravi children's hospital - Narayanpet,General Hospital,Yadgiri,Karnataka,16.74085,77.5045388,6830204353,"OpenStreetMap Overpass API, government-facility-filtered (real, live-fetched)"
FAC1373,"Govt Unani Dispensary, Narayanpet H.Qtrs",PHC,Yadgiri,Karnataka,16.74419,77.49306,6830204359,"OpenStreetMap Overpass API, government-facility-filtered (real, live-fetched)"
FAC1374,Govt. Leprosy Hospital,General Hospital,Yadgiri,Karnataka,16.7420357,77.4833029,6830204360,"OpenStreetMap Overpass API, government-facility-filtered (real, live-fetched)"
FAC1375,Koppar PHC,PHC,Yadgiri,Karnataka,16.4932334,77.0234397,7205356301,"OpenStreetMap Overpass API, government-facility-filtered (real, live-fetched)"
FAC1376,"PHC, Hayyala B",PHC,Yadgiri,Karnataka,16.565728,76.956183,7205356319,"OpenStreetMap Overpass API, government-facility-filtered (real, live-fetched)"
FAC1377,"CHC, Doranahalli",CHC,Yadgiri,Karnataka,16.7254513,76.9237561,7205356348,"OpenStreetMap Overpass API, government-facility-filtered (real, live-fetched)"
FAC1378,"PHC, Bendebomali",PHC,Yadgiri,Karnataka,16.48133,77.166433,7205356378,"OpenStreetMap Overpass API, government-facility-filtered (real, live-fetched)"
FAC1379,"Government Hospital, Ganwar",General Hospital,Yadgiri,Karnataka,16.9088899,76.8204642,7205437074,"OpenStreetMap Overpass API, government-facility-filtered (real, live-fetched)"
FAC1380,"CHC, Gurmatkal",CHC,Yadgiri,Karnataka,16.8761891,77.3913673,7205437097,"OpenStreetMap Overpass API, government-facility-filtered (real, live-fetched)"
FAC1381,PHC Alhalli,PHC,Yadgiri,Karnataka,16.9977902,77.0968916,7205437106,"OpenStreetMap Overpass API, government-facility-filtered (real, live-fetched)"
FAC1382,"Government Hospital, Diggaon",General Hospital,Yadgiri,Karnataka,17.0923035,77.1626482,7205437117,"OpenStreetMap Overpass API, government-facility-filtered (real, live-fetched)"
FAC1383,Ravoor PHC,PHC,Yadgiri,Karnataka,17.090907,76.99748,7205437140,"OpenStreetMap Overpass API, government-facility-filtered (real, live-fetched)"
FAC1384,Kollur PHC,PHC,Yadgiri,Karnataka,16.877,76.9519,7205437146,"OpenStreetMap Overpass API, government-facility-filtered (real, live-fetched)"
FAC1385,Yaragola PHC,PHC,Yadgiri,Karnataka,16.9061422,77.064889,7205437151,"OpenStreetMap Overpass API, government-facility-filtered (real, live-fetched)"
FAC1386,Government Hospital,General Hospital,Yadgiri,Karnataka,16.9423145,76.9972543,7205437156,"OpenStreetMap Overpass API, government-facility-filtered (real, live-fetched)"
FAC1387,Mudnal PHC,PHC,Yadgiri,Karnataka,16.7809078,77.1028053,7205437158,"OpenStreetMap Overpass API, government-facility-filtered (real, live-fetched)"
FAC1388,Government Hospital Wadi,General Hospital,Yadgiri,Karnataka,17.0420146,77.0002163,7205437163,"OpenStreetMap Overpass API, government-facility-filtered (real, live-fetched)"
FAC1389,Itkal PHC,PHC,Yadgiri,Karnataka,16.9162985,77.3932485,7205437175,"OpenStreetMap Overpass API, government-facility-filtered (real, live-fetched)"
FAC1390,"PHC, Yelheri",PHC,Yadgiri,Karnataka,16.7309179,77.3269012,7205437179,"OpenStreetMap Overpass API, government-facility-filtered (real, live-fetched)"
FAC1391,Shiravala Government Hospital,General Hospital,Yadgiri,Karnataka,16.807058,76.884722,7205437187,"OpenStreetMap Overpass API, government-facility-filtered (real, live-fetched)"
FAC1392,Kotagera PHC,PHC,Yadgiri,Karnataka,16.8968469,77.2409855,8188036474,"OpenStreetMap Overpass API, government-facility-filtered (real, live-fetched)"
FAC1393,Arakera-b Community Health Centre,CHC,Yadgiri,Karnataka,16.8472786,77.015752,8188036488,"OpenStreetMap Overpass API, government-facility-filtered (real, live-fetched)"
FAC1394,Phc Hongera,PHC,Yadgiri,Karnataka,16.8158369,77.1836841,8188036509,"OpenStreetMap Overpass API, government-facility-filtered (real, live-fetched)"
FAC1395,Government Hospital,General Hospital,Yadgiri,Karnataka,16.8034964,76.9868452,8188036517,"OpenStreetMap Overpass API, government-facility-filtered (real, live-fetched)"
FAC1396,District Hospital,District Hospital,Yadgiri,Karnataka,16.7809025,77.102826,8188036521,"OpenStreetMap Overpass API, government-facility-filtered (real, live-fetched)"
FAC1397,Government Hospital,General Hospital,Yadgiri,Karnataka,16.7639114,77.0041377,8188036527,"OpenStreetMap Overpass API, government-facility-filtered (real, live-fetched)"
FAC1398,District Hospital Yadgiri,District Hospital,Yadgiri,Karnataka,16.7469536,77.1327594,8188036539,"OpenStreetMap Overpass API, government-facility-filtered (real, live-fetched)"
FAC1399,Government Hospital,General Hospital,Yadgiri,Karnataka,16.5676391,76.9563757,8188036613,"OpenStreetMap Overpass API, government-facility-filtered (real, live-fetched)"
FAC1400,Government Hospital Bendebembli,General Hospital,Yadgiri,Karnataka,16.4813426,77.1664255,8188036663,"OpenStreetMap Overpass API, government-facility-filtered (real, live-fetched)"
FAC1401,"Primary Health Centre, Damargidda",PHC,Yadgiri,Karnataka,16.8187398,77.5031121,11074647863,"OpenStreetMap Overpass API, government-facility-filtered (real, live-fetched)"
FAC1402,"Area Hospital, Narayanpet",General Hospital,Yadgiri,Karnataka,16.7445173,77.4960119,11940094070,"OpenStreetMap Overpass API, government-facility-filtered (real, live-fetched)"
FAC1403,"Government Homoeo Dispensary, Kanukurthy",PHC,Yadgiri,Karnataka,16.5304231,77.2825027,11940254271,"OpenStreetMap Overpass API, government-facility-filtered (real, live-fetched)"
