facility_id_from,facility_id_to,district,state,travel_time_min
FAC0001,FAC0002,Sarguja,Chhattisgarh,1.5
FAC0001,FAC0003,Sarguja,Chhattisgarh,0.91
FAC0001,FAC0004,Sarguja,Chhattisgarh,3.29
FAC0001,FAC0005,Sarguja,Chhattisgarh,18.84
FAC0001,FAC0006,Sarguja,Chhattisgarh,4.6
FAC0001,FAC0007,Sarguja,Chhattisgarh,3.67
FAC0001,FAC0008,Sarguja,Chhattisgarh,4.15
FAC0001,FAC0009,Sarguja,Chhattisgarh,20.82
FAC0001,FAC0010,Sarguja,Chhattisgarh,27.95
FAC0001,FAC0011,Sarguja,Chhattisgarh,29.96
FAC0001,FAC0012,Sarguja,Chhattisgarh,15.39
FAC0001,FAC0013,Sarguja,Chhattisgarh,4.33
FAC0001,FAC0014,Sarguja,Chhattisgarh,2.48
FAC0001,FAC0015,Sarguja,Chhattisgarh,2.26
FAC0001,FAC0016,Sarguja,Chhattisgarh,3.32
FAC0001,FAC0017,Sarguja,Chhattisgarh,1.87
FAC0001,FAC0018,Sarguja,Chhattisgarh,4.33
FAC0001,FAC0019,Sarguja,Chhattisgarh,30.36
FAC0001,FAC0020,Sarguja,Chhattisgarh,4.31
FAC0001,FAC0021,Sarguja,Chhattisgarh,2.46
FAC0001,FAC0022,Sarguja,Chhattisgarh,19.73
FAC0001,FAC0023,Sarguja,Chhattisgarh,3.94
FAC0001,FAC0024,Sarguja,Chhattisgarh,2.89
FAC0001,FAC0025,Sarguja,Chhattisgarh,4.57
FAC0001,FAC0026,Sarguja,Chhattisgarh,4.92
FAC0001,FAC0027,Sarguja,Chhattisgarh,5.51
FAC0001,FAC0028,Sarguja,Chhattisgarh,1.68
FAC0001,FAC0029,Sarguja,Chhattisgarh,4.52
FAC0001,FAC0030,Sarguja,Chhattisgarh,3.71
FAC0002,FAC0001,Sarguja,Chhattisgarh,1.6
FAC0002,FAC0003,Sarguja,Chhattisgarh,0.91
FAC0002,FAC0004,Sarguja,Chhattisgarh,2.9
FAC0002,FAC0005,Sarguja,Chhattisgarh,18.84
FAC0002,FAC0006,Sarguja,Chhattisgarh,4.36
FAC0002,FAC0007,Sarguja,Chhattisgarh,2.97
FAC0002,FAC0008,Sarguja,Chhattisgarh,3.92
FAC0002,FAC0009,Sarguja,Chhattisgarh,20.81
FAC0002,FAC0010,Sarguja,Chhattisgarh,27.94
FAC0002,FAC0011,Sarguja,Chhattisgarh,29.57
FAC0002,FAC0012,Sarguja,Chhattisgarh,15.0
FAC0002,FAC0013,Sarguja,Chhattisgarh,3.9
FAC0002,FAC0014,Sarguja,Chhattisgarh,2.34
FAC0002,FAC0015,Sarguja,Chhattisgarh,2.59
FAC0002,FAC0016,Sarguja,Chhattisgarh,3.32
FAC0002,FAC0017,Sarguja,Chhattisgarh,1.47
FAC0002,FAC0018,Sarguja,Chhattisgarh,3.63
FAC0002,FAC0019,Sarguja,Chhattisgarh,30.48
FAC0002,FAC0020,Sarguja,Chhattisgarh,4.07
FAC0002,FAC0021,Sarguja,Chhattisgarh,2.45
FAC0002,FAC0022,Sarguja,Chhattisgarh,19.34
FAC0002,FAC0023,Sarguja,Chhattisgarh,3.7
FAC0002,FAC0024,Sarguja,Chhattisgarh,2.5
FAC0002,FAC0025,Sarguja,Chhattisgarh,4.18
FAC0002,FAC0026,Sarguja,Chhattisgarh,4.68
FAC0002,FAC0027,Sarguja,Chhattisgarh,5.12
FAC0002,FAC0028,Sarguja,Chhattisgarh,1.29
FAC0002,FAC0029,Sarguja,Chhattisgarh,4.1
FAC0002,FAC0030,Sarguja,Chhattisgarh,3.47
FAC0003,FAC0001,Sarguja,Chhattisgarh,1.22
FAC0003,FAC0002,Sarguja,Chhattisgarh,0.59
FAC0003,FAC0004,Sarguja,Chhattisgarh,2.38
FAC0003,FAC0005,Sarguja,Chhattisgarh,18.45
FAC0003,FAC0006,Sarguja,Chhattisgarh,3.96
FAC0003,FAC0007,Sarguja,Chhattisgarh,2.75
FAC0003,FAC0008,Sarguja,Chhattisgarh,3.69
FAC0003,FAC0009,Sarguja,Chhattisgarh,20.43
FAC0003,FAC0010,Sarguja,Chhattisgarh,27.56
FAC0003,FAC0011,Sarguja,Chhattisgarh,29.05
FAC0003,FAC0012,Sarguja,Chhattisgarh,14.48
FAC0003,FAC0013,Sarguja,Chhattisgarh,3.68
FAC0003,FAC0014,Sarguja,Chhattisgarh,2.12
FAC0003,FAC0015,Sarguja,Chhattisgarh,2.2
FAC0003,FAC0016,Sarguja,Chhattisgarh,2.93
FAC0003,FAC0017,Sarguja,Chhattisgarh,0.95
FAC0003,FAC0018,Sarguja,Chhattisgarh,3.41
FAC0003,FAC0019,Sarguja,Chhattisgarh,30.09
FAC0003,FAC0020,Sarguja,Chhattisgarh,3.85
FAC0003,FAC0021,Sarguja,Chhattisgarh,2.07
FAC0003,FAC0022,Sarguja,Chhattisgarh,18.82
FAC0003,FAC0023,Sarguja,Chhattisgarh,3.48
FAC0003,FAC0024,Sarguja,Chhattisgarh,1.98
FAC0003,FAC0025,Sarguja,Chhattisgarh,3.66
FAC0003,FAC0026,Sarguja,Chhattisgarh,4.46
FAC0003,FAC0027,Sarguja,Chhattisgarh,4.6
FAC0003,FAC0028,Sarguja,Chhattisgarh,0.77
FAC0003,FAC0029,Sarguja,Chhattisgarh,3.88
FAC0003,FAC0030,Sarguja,Chhattisgarh,3.25
FAC0004,FAC0001,Sarguja,Chhattisgarh,3.19
FAC0004,FAC0002,Sarguja,Chhattisgarh,2.72
FAC0004,FAC0003,Sarguja,Chhattisgarh,2.5
FAC0004,FAC0005,Sarguja,Chhattisgarh,19.86
FAC0004,FAC0006,Sarguja,Chhattisgarh,5.19
FAC0004,FAC0007,Sarguja,Chhattisgarh,3.98
FAC0004,FAC0008,Sarguja,Chhattisgarh,4.93
FAC0004,FAC0009,Sarguja,Chhattisgarh,21.83
FAC0004,FAC0010,Sarguja,Chhattisgarh,28.96
FAC0004,FAC0011,Sarguja,Chhattisgarh,28.96
FAC0004,FAC0012,Sarguja,Chhattisgarh,12.91
FAC0004,FAC0013,Sarguja,Chhattisgarh,4.91
FAC0004,FAC0014,Sarguja,Chhattisgarh,3.35
FAC0004,FAC0015,Sarguja,Chhattisgarh,4.17
FAC0004,FAC0016,Sarguja,Chhattisgarh,4.9
FAC0004,FAC0017,Sarguja,Chhattisgarh,2.19
FAC0004,FAC0018,Sarguja,Chhattisgarh,4.64
FAC0004,FAC0019,Sarguja,Chhattisgarh,32.06
FAC0004,FAC0020,Sarguja,Chhattisgarh,5.08
FAC0004,FAC0021,Sarguja,Chhattisgarh,4.04
FAC0004,FAC0022,Sarguja,Chhattisgarh,20.05
FAC0004,FAC0023,Sarguja,Chhattisgarh,4.71
FAC0004,FAC0024,Sarguja,Chhattisgarh,2.35
FAC0004,FAC0025,Sarguja,Chhattisgarh,4.89
FAC0004,FAC0026,Sarguja,Chhattisgarh,5.69
FAC0004,FAC0027,Sarguja,Chhattisgarh,3.03
FAC0004,FAC0028,Sarguja,Chhattisgarh,2.0
FAC0004,FAC0029,Sarguja,Chhattisgarh,5.11
FAC0004,FAC0030,Sarguja,Chhattisgarh,4.48
FAC0005,FAC0001,Sarguja,Chhattisgarh,18.71
FAC0005,FAC0002,Sarguja,Chhattisgarh,18.72
FAC0005,FAC0003,Sarguja,Chhattisgarh,18.13
FAC0005,FAC0004,Sarguja,Chhattisgarh,19.92
FAC0005,FAC0006,Sarguja,Chhattisgarh,17.08
FAC0005,FAC0007,Sarguja,Chhattisgarh,17.22
FAC0005,FAC0008,Sarguja,Chhattisgarh,16.63
FAC0005,FAC0009,Sarguja,Chhattisgarh,29.3
FAC0005,FAC0010,Sarguja,Chhattisgarh,36.43
FAC0005,FAC0011,Sarguja,Chhattisgarh,46.58
FAC0005,FAC0012,Sarguja,Chhattisgarh,32.01
FAC0005,FAC0013,Sarguja,Chhattisgarh,16.81
FAC0005,FAC0014,Sarguja,Chhattisgarh,17.33
FAC0005,FAC0015,Sarguja,Chhattisgarh,17.89
FAC0005,FAC0016,Sarguja,Chhattisgarh,18.65
FAC0005,FAC0017,Sarguja,Chhattisgarh,18.49
FAC0005,FAC0018,Sarguja,Chhattisgarh,16.98
FAC0005,FAC0019,Sarguja,Chhattisgarh,46.63
FAC0005,FAC0020,Sarguja,Chhattisgarh,16.79
FAC0005,FAC0021,Sarguja,Chhattisgarh,17.79
FAC0005,FAC0022,Sarguja,Chhattisgarh,31.75
FAC0005,FAC0023,Sarguja,Chhattisgarh,16.42
FAC0005,FAC0024,Sarguja,Chhattisgarh,19.51
FAC0005,FAC0025,Sarguja,Chhattisgarh,18.98
FAC0005,FAC0026,Sarguja,Chhattisgarh,16.18
FAC0005,FAC0027,Sarguja,Chhattisgarh,22.13
FAC0005,FAC0028,Sarguja,Chhattisgarh,18.3
FAC0005,FAC0029,Sarguja,Chhattisgarh,17.0
FAC0005,FAC0030,Sarguja,Chhattisgarh,16.19
FAC0006,FAC0001,Sarguja,Chhattisgarh,4.7
FAC0006,FAC0002,Sarguja,Chhattisgarh,4.36
FAC0006,FAC0003,Sarguja,Chhattisgarh,4.19
FAC0006,FAC0004,Sarguja,Chhattisgarh,5.26
FAC0006,FAC0005,Sarguja,Chhattisgarh,17.01
FAC0006,FAC0007,Sarguja,Chhattisgarh,2.56
FAC0006,FAC0008,Sarguja,Chhattisgarh,0.49
FAC0006,FAC0009,Sarguja,Chhattisgarh,18.98
FAC0006,FAC0010,Sarguja,Chhattisgarh,26.11
FAC0006,FAC0011,Sarguja,Chhattisgarh,31.92
FAC0006,FAC0012,Sarguja,Chhattisgarh,17.36
FAC0006,FAC0013,Sarguja,Chhattisgarh,0.71
FAC0006,FAC0014,Sarguja,Chhattisgarh,2.93
FAC0006,FAC0015,Sarguja,Chhattisgarh,3.39
FAC0006,FAC0016,Sarguja,Chhattisgarh,5.24
FAC0006,FAC0017,Sarguja,Chhattisgarh,3.87
FAC0006,FAC0018,Sarguja,Chhattisgarh,2.01
FAC0006,FAC0019,Sarguja,Chhattisgarh,33.11
FAC0006,FAC0020,Sarguja,Chhattisgarh,0.45
FAC0006,FAC0021,Sarguja,Chhattisgarh,4.38
FAC0006,FAC0022,Sarguja,Chhattisgarh,17.15
FAC0006,FAC0023,Sarguja,Chhattisgarh,0.98
FAC0006,FAC0024,Sarguja,Chhattisgarh,4.86
FAC0006,FAC0025,Sarguja,Chhattisgarh,3.92
FAC0006,FAC0026,Sarguja,Chhattisgarh,1.73
FAC0006,FAC0027,Sarguja,Chhattisgarh,7.48
FAC0006,FAC0028,Sarguja,Chhattisgarh,3.69
FAC0006,FAC0029,Sarguja,Chhattisgarh,0.51
FAC0006,FAC0030,Sarguja,Chhattisgarh,0.89
FAC0007,FAC0001,Sarguja,Chhattisgarh,3.79
FAC0007,FAC0002,Sarguja,Chhattisgarh,3.03
FAC0007,FAC0003,Sarguja,Chhattisgarh,3.11
FAC0007,FAC0004,Sarguja,Chhattisgarh,4.18
FAC0007,FAC0005,Sarguja,Chhattisgarh,17.18
FAC0007,FAC0006,Sarguja,Chhattisgarh,2.46
FAC0007,FAC0008,Sarguja,Chhattisgarh,2.28
FAC0007,FAC0009,Sarguja,Chhattisgarh,19.15
FAC0007,FAC0010,Sarguja,Chhattisgarh,26.28
FAC0007,FAC0011,Sarguja,Chhattisgarh,30.85
FAC0007,FAC0012,Sarguja,Chhattisgarh,16.28
FAC0007,FAC0013,Sarguja,Chhattisgarh,1.75
FAC0007,FAC0014,Sarguja,Chhattisgarh,1.54
FAC0007,FAC0015,Sarguja,Chhattisgarh,2.86
FAC0007,FAC0016,Sarguja,Chhattisgarh,4.75
FAC0007,FAC0017,Sarguja,Chhattisgarh,2.75
FAC0007,FAC0018,Sarguja,Chhattisgarh,1.48
FAC0007,FAC0019,Sarguja,Chhattisgarh,32.58
FAC0007,FAC0020,Sarguja,Chhattisgarh,2.4
FAC0007,FAC0021,Sarguja,Chhattisgarh,3.89
FAC0007,FAC0022,Sarguja,Chhattisgarh,18.94
FAC0007,FAC0023,Sarguja,Chhattisgarh,1.93
FAC0007,FAC0024,Sarguja,Chhattisgarh,3.78
FAC0007,FAC0025,Sarguja,Chhattisgarh,5.46
FAC0007,FAC0026,Sarguja,Chhattisgarh,3.05
FAC0007,FAC0027,Sarguja,Chhattisgarh,6.4
FAC0007,FAC0028,Sarguja,Chhattisgarh,2.57
FAC0007,FAC0029,Sarguja,Chhattisgarh,1.95
FAC0007,FAC0030,Sarguja,Chhattisgarh,1.84
FAC0008,FAC0001,Sarguja,Chhattisgarh,4.25
FAC0008,FAC0002,Sarguja,Chhattisgarh,3.91
FAC0008,FAC0003,Sarguja,Chhattisgarh,3.99
FAC0008,FAC0004,Sarguja,Chhattisgarh,5.06
FAC0008,FAC0005,Sarguja,Chhattisgarh,16.56
FAC0008,FAC0006,Sarguja,Chhattisgarh,0.6
FAC0008,FAC0007,Sarguja,Chhattisgarh,2.36
FAC0008,FAC0009,Sarguja,Chhattisgarh,18.53
FAC0008,FAC0010,Sarguja,Chhattisgarh,25.67
FAC0008,FAC0011,Sarguja,Chhattisgarh,31.73
FAC0008,FAC0012,Sarguja,Chhattisgarh,17.16
FAC0008,FAC0013,Sarguja,Chhattisgarh,0.92
FAC0008,FAC0014,Sarguja,Chhattisgarh,2.48
FAC0008,FAC0015,Sarguja,Chhattisgarh,2.94
FAC0008,FAC0016,Sarguja,Chhattisgarh,4.79
FAC0008,FAC0017,Sarguja,Chhattisgarh,3.64
FAC0008,FAC0018,Sarguja,Chhattisgarh,1.97
FAC0008,FAC0019,Sarguja,Chhattisgarh,32.66
FAC0008,FAC0020,Sarguja,Chhattisgarh,0.54
FAC0008,FAC0021,Sarguja,Chhattisgarh,3.93
FAC0008,FAC0022,Sarguja,Chhattisgarh,16.65
FAC0008,FAC0023,Sarguja,Chhattisgarh,0.53
FAC0008,FAC0024,Sarguja,Chhattisgarh,4.66
FAC0008,FAC0025,Sarguja,Chhattisgarh,3.83
FAC0008,FAC0026,Sarguja,Chhattisgarh,1.29
FAC0008,FAC0027,Sarguja,Chhattisgarh,7.28
FAC0008,FAC0028,Sarguja,Chhattisgarh,3.45
FAC0008,FAC0029,Sarguja,Chhattisgarh,0.94
FAC0008,FAC0030,Sarguja,Chhattisgarh,0.45
FAC0009,FAC0001,Sarguja,Chhattisgarh,20.65
FAC0009,FAC0002,Sarguja,Chhattisgarh,20.66
FAC0009,FAC0003,Sarguja,Chhattisgarh,20.07
FAC0009,FAC0004,Sarguja,Chhattisgarh,21.86
FAC0009,FAC0005,Sarguja,Chhattisgarh,29.34
FAC0009,FAC0006,Sarguja,Chhattisgarh,19.03
FAC0009,FAC0007,Sarguja,Chhattisgarh,19.17
FAC0009,FAC0008,Sarguja,Chhattisgarh,18.58
FAC0009,FAC0010,Sarguja,Chhattisgarh,23.05
FAC0009,FAC0011,Sarguja,Chhattisgarh,48.52
FAC0009,FAC0012,Sarguja,Chhattisgarh,33.96
FAC0009,FAC0013,Sarguja,Chhattisgarh,18.75
FAC0009,FAC0014,Sarguja,Chhattisgarh,19.27
FAC0009,FAC0015,Sarguja,Chhattisgarh,19.83
FAC0009,FAC0016,Sarguja,Chhattisgarh,20.6
FAC0009,FAC0017,Sarguja,Chhattisgarh,20.43
FAC0009,FAC0018,Sarguja,Chhattisgarh,18.92
FAC0009,FAC0019,Sarguja,Chhattisgarh,48.57
FAC0009,FAC0020,Sarguja,Chhattisgarh,18.73
FAC0009,FAC0021,Sarguja,Chhattisgarh,19.73
FAC0009,FAC0022,Sarguja,Chhattisgarh,33.9
FAC0009,FAC0023,Sarguja,Chhattisgarh,18.36
FAC0009,FAC0024,Sarguja,Chhattisgarh,21.46
FAC0009,FAC0025,Sarguja,Chhattisgarh,20.93
FAC0009,FAC0026,Sarguja,Chhattisgarh,18.13
FAC0009,FAC0027,Sarguja,Chhattisgarh,24.08
FAC0009,FAC0028,Sarguja,Chhattisgarh,20.25
FAC0009,FAC0029,Sarguja,Chhattisgarh,18.95
FAC0009,FAC0030,Sarguja,Chhattisgarh,18.13
FAC0010,FAC0001,Sarguja,Chhattisgarh,27.76
FAC0010,FAC0002,Sarguja,Chhattisgarh,27.77
FAC0010,FAC0003,Sarguja,Chhattisgarh,27.18
FAC0010,FAC0004,Sarguja,Chhattisgarh,28.97
FAC0010,FAC0005,Sarguja,Chhattisgarh,36.45
FAC0010,FAC0006,Sarguja,Chhattisgarh,26.14
FAC0010,FAC0007,Sarguja,Chhattisgarh,26.28
FAC0010,FAC0008,Sarguja,Chhattisgarh,25.69
FAC0010,FAC0009,Sarguja,Chhattisgarh,23.08
FAC0010,FAC0011,Sarguja,Chhattisgarh,55.63
FAC0010,FAC0012,Sarguja,Chhattisgarh,41.07
FAC0010,FAC0013,Sarguja,Chhattisgarh,25.86
FAC0010,FAC0014,Sarguja,Chhattisgarh,26.38
FAC0010,FAC0015,Sarguja,Chhattisgarh,26.94
FAC0010,FAC0016,Sarguja,Chhattisgarh,27.7
FAC0010,FAC0017,Sarguja,Chhattisgarh,27.54
FAC0010,FAC0018,Sarguja,Chhattisgarh,26.03
FAC0010,FAC0019,Sarguja,Chhattisgarh,50.07
FAC0010,FAC0020,Sarguja,Chhattisgarh,25.84
FAC0010,FAC0021,Sarguja,Chhattisgarh,26.84
FAC0010,FAC0022,Sarguja,Chhattisgarh,41.01
FAC0010,FAC0023,Sarguja,Chhattisgarh,25.47
FAC0010,FAC0024,Sarguja,Chhattisgarh,28.57
FAC0010,FAC0025,Sarguja,Chhattisgarh,28.04
FAC0010,FAC0026,Sarguja,Chhattisgarh,25.23
FAC0010,FAC0027,Sarguja,Chhattisgarh,31.19
FAC0010,FAC0028,Sarguja,Chhattisgarh,27.36
FAC0010,FAC0029,Sarguja,Chhattisgarh,26.05
FAC0010,FAC0030,Sarguja,Chhattisgarh,25.24
FAC0011,FAC0001,Sarguja,Chhattisgarh,29.94
FAC0011,FAC0002,Sarguja,Chhattisgarh,29.47
FAC0011,FAC0003,Sarguja,Chhattisgarh,29.25
FAC0011,FAC0004,Sarguja,Chhattisgarh,28.91
FAC0011,FAC0005,Sarguja,Chhattisgarh,46.61
FAC0011,FAC0006,Sarguja,Chhattisgarh,31.94
FAC0011,FAC0007,Sarguja,Chhattisgarh,30.74
FAC0011,FAC0008,Sarguja,Chhattisgarh,31.68
FAC0011,FAC0009,Sarguja,Chhattisgarh,48.58
FAC0011,FAC0010,Sarguja,Chhattisgarh,55.71
FAC0011,FAC0012,Sarguja,Chhattisgarh,31.67
FAC0011,FAC0013,Sarguja,Chhattisgarh,31.67
FAC0011,FAC0014,Sarguja,Chhattisgarh,30.1
FAC0011,FAC0015,Sarguja,Chhattisgarh,30.93
FAC0011,FAC0016,Sarguja,Chhattisgarh,31.65
FAC0011,FAC0017,Sarguja,Chhattisgarh,28.94
FAC0011,FAC0018,Sarguja,Chhattisgarh,31.39
FAC0011,FAC0019,Sarguja,Chhattisgarh,28.65
FAC0011,FAC0020,Sarguja,Chhattisgarh,31.83
FAC0011,FAC0021,Sarguja,Chhattisgarh,30.79
FAC0011,FAC0022,Sarguja,Chhattisgarh,46.8
FAC0011,FAC0023,Sarguja,Chhattisgarh,31.46
FAC0011,FAC0024,Sarguja,Chhattisgarh,28.42
FAC0011,FAC0025,Sarguja,Chhattisgarh,31.64
FAC0011,FAC0026,Sarguja,Chhattisgarh,32.45
FAC0011,FAC0027,Sarguja,Chhattisgarh,30.52
FAC0011,FAC0028,Sarguja,Chhattisgarh,28.75
FAC0011,FAC0029,Sarguja,Chhattisgarh,31.86
FAC0011,FAC0030,Sarguja,Chhattisgarh,31.23
FAC0012,FAC0001,Sarguja,Chhattisgarh,15.34
FAC0012,FAC0002,Sarguja,Chhattisgarh,14.87
FAC0012,FAC0003,Sarguja,Chhattisgarh,14.65
FAC0012,FAC0004,Sarguja,Chhattisgarh,12.85
FAC0012,FAC0005,Sarguja,Chhattisgarh,32.01
FAC0012,FAC0006,Sarguja,Chhattisgarh,17.34
FAC0012,FAC0007,Sarguja,Chhattisgarh,16.14
FAC0012,FAC0008,Sarguja,Chhattisgarh,17.08
FAC0012,FAC0009,Sarguja,Chhattisgarh,33.98
FAC0012,FAC0010,Sarguja,Chhattisgarh,41.11
FAC0012,FAC0011,Sarguja,Chhattisgarh,31.73
FAC0012,FAC0013,Sarguja,Chhattisgarh,17.07
FAC0012,FAC0014,Sarguja,Chhattisgarh,15.5
FAC0012,FAC0015,Sarguja,Chhattisgarh,16.33
FAC0012,FAC0016,Sarguja,Chhattisgarh,17.05
FAC0012,FAC0017,Sarguja,Chhattisgarh,14.34
FAC0012,FAC0018,Sarguja,Chhattisgarh,16.8
FAC0012,FAC0019,Sarguja,Chhattisgarh,44.22
FAC0012,FAC0020,Sarguja,Chhattisgarh,17.23
FAC0012,FAC0021,Sarguja,Chhattisgarh,16.19
FAC0012,FAC0022,Sarguja,Chhattisgarh,32.2
FAC0012,FAC0023,Sarguja,Chhattisgarh,16.86
FAC0012,FAC0024,Sarguja,Chhattisgarh,14.51
FAC0012,FAC0025,Sarguja,Chhattisgarh,16.87
FAC0012,FAC0026,Sarguja,Chhattisgarh,17.85
FAC0012,FAC0027,Sarguja,Chhattisgarh,12.41
FAC0012,FAC0028,Sarguja,Chhattisgarh,14.15
FAC0012,FAC0029,Sarguja,Chhattisgarh,17.26
FAC0012,FAC0030,Sarguja,Chhattisgarh,16.64
FAC0013,FAC0001,Sarguja,Chhattisgarh,4.43
FAC0013,FAC0002,Sarguja,Chhattisgarh,3.94
FAC0013,FAC0003,Sarguja,Chhattisgarh,4.03
FAC0013,FAC0004,Sarguja,Chhattisgarh,5.1
FAC0013,FAC0005,Sarguja,Chhattisgarh,16.74
FAC0013,FAC0006,Sarguja,Chhattisgarh,0.71
FAC0013,FAC0007,Sarguja,Chhattisgarh,1.85
FAC0013,FAC0008,Sarguja,Chhattisgarh,0.81
FAC0013,FAC0009,Sarguja,Chhattisgarh,18.71
FAC0013,FAC0010,Sarguja,Chhattisgarh,25.84
FAC0013,FAC0011,Sarguja,Chhattisgarh,31.76
FAC0013,FAC0012,Sarguja,Chhattisgarh,17.2
FAC0013,FAC0014,Sarguja,Chhattisgarh,2.46
FAC0013,FAC0015,Sarguja,Chhattisgarh,3.12
FAC0013,FAC0016,Sarguja,Chhattisgarh,4.97
FAC0013,FAC0017,Sarguja,Chhattisgarh,3.67
FAC0013,FAC0018,Sarguja,Chhattisgarh,1.3
FAC0013,FAC0019,Sarguja,Chhattisgarh,32.84
FAC0013,FAC0020,Sarguja,Chhattisgarh,0.64
FAC0013,FAC0021,Sarguja,Chhattisgarh,4.11
FAC0013,FAC0022,Sarguja,Chhattisgarh,17.47
FAC0013,FAC0023,Sarguja,Chhattisgarh,0.34
FAC0013,FAC0024,Sarguja,Chhattisgarh,4.69
FAC0013,FAC0025,Sarguja,Chhattisgarh,4.62
FAC0013,FAC0026,Sarguja,Chhattisgarh,1.58
FAC0013,FAC0027,Sarguja,Chhattisgarh,7.31
FAC0013,FAC0028,Sarguja,Chhattisgarh,3.48
FAC0013,FAC0029,Sarguja,Chhattisgarh,0.19
FAC0013,FAC0030,Sarguja,Chhattisgarh,0.62
FAC0014,FAC0001,Sarguja,Chhattisgarh,2.57
FAC0014,FAC0002,Sarguja,Chhattisgarh,2.26
FAC0014,FAC0003,Sarguja,Chhattisgarh,2.34
FAC0014,FAC0004,Sarguja,Chhattisgarh,3.41
FAC0014,FAC0005,Sarguja,Chhattisgarh,17.4
FAC0014,FAC0006,Sarguja,Chhattisgarh,2.92
FAC0014,FAC0007,Sarguja,Chhattisgarh,1.51
FAC0014,FAC0008,Sarguja,Chhattisgarh,2.47
FAC0014,FAC0009,Sarguja,Chhattisgarh,19.37
FAC0014,FAC0010,Sarguja,Chhattisgarh,26.5
FAC0014,FAC0011,Sarguja,Chhattisgarh,30.07
FAC0014,FAC0012,Sarguja,Chhattisgarh,15.51
FAC0014,FAC0013,Sarguja,Chhattisgarh,2.44
FAC0014,FAC0015,Sarguja,Chhattisgarh,1.32
FAC0014,FAC0016,Sarguja,Chhattisgarh,3.58
FAC0014,FAC0017,Sarguja,Chhattisgarh,1.98
FAC0014,FAC0018,Sarguja,Chhattisgarh,2.17
FAC0014,FAC0019,Sarguja,Chhattisgarh,31.04
FAC0014,FAC0020,Sarguja,Chhattisgarh,2.62
FAC0014,FAC0021,Sarguja,Chhattisgarh,2.72
FAC0014,FAC0022,Sarguja,Chhattisgarh,19.13
FAC0014,FAC0023,Sarguja,Chhattisgarh,2.26
FAC0014,FAC0024,Sarguja,Chhattisgarh,3.01
FAC0014,FAC0025,Sarguja,Chhattisgarh,4.69
FAC0014,FAC0026,Sarguja,Chhattisgarh,3.24
FAC0014,FAC0027,Sarguja,Chhattisgarh,5.63
FAC0014,FAC0028,Sarguja,Chhattisgarh,1.8
FAC0014,FAC0029,Sarguja,Chhattisgarh,2.63
FAC0014,FAC0030,Sarguja,Chhattisgarh,2.03
FAC0015,FAC0001,Sarguja,Chhattisgarh,2.25
FAC0015,FAC0002,Sarguja,Chhattisgarh,2.53
FAC0015,FAC0003,Sarguja,Chhattisgarh,1.94
FAC0015,FAC0004,Sarguja,Chhattisgarh,4.32
FAC0015,FAC0005,Sarguja,Chhattisgarh,17.83
FAC0015,FAC0006,Sarguja,Chhattisgarh,3.34
FAC0015,FAC0007,Sarguja,Chhattisgarh,2.8
FAC0015,FAC0008,Sarguja,Chhattisgarh,2.9
FAC0015,FAC0009,Sarguja,Chhattisgarh,19.81
FAC0015,FAC0010,Sarguja,Chhattisgarh,26.94
FAC0015,FAC0011,Sarguja,Chhattisgarh,30.99
FAC0015,FAC0012,Sarguja,Chhattisgarh,16.42
FAC0015,FAC0013,Sarguja,Chhattisgarh,3.07
FAC0015,FAC0014,Sarguja,Chhattisgarh,1.32
FAC0015,FAC0016,Sarguja,Chhattisgarh,2.62
FAC0015,FAC0017,Sarguja,Chhattisgarh,2.9
FAC0015,FAC0018,Sarguja,Chhattisgarh,3.43
FAC0015,FAC0019,Sarguja,Chhattisgarh,30.44
FAC0015,FAC0020,Sarguja,Chhattisgarh,3.05
FAC0015,FAC0021,Sarguja,Chhattisgarh,1.76
FAC0015,FAC0022,Sarguja,Chhattisgarh,19.55
FAC0015,FAC0023,Sarguja,Chhattisgarh,2.68
FAC0015,FAC0024,Sarguja,Chhattisgarh,3.92
FAC0015,FAC0025,Sarguja,Chhattisgarh,5.6
FAC0015,FAC0026,Sarguja,Chhattisgarh,3.66
FAC0015,FAC0027,Sarguja,Chhattisgarh,6.54
FAC0015,FAC0028,Sarguja,Chhattisgarh,2.71
FAC0015,FAC0029,Sarguja,Chhattisgarh,3.26
FAC0015,FAC0030,Sarguja,Chhattisgarh,2.45
FAC0016,FAC0001,Sarguja,Chhattisgarh,3.34
FAC0016,FAC0002,Sarguja,Chhattisgarh,3.35
FAC0016,FAC0003,Sarguja,Chhattisgarh,2.76
FAC0016,FAC0004,Sarguja,Chhattisgarh,5.14
FAC0016,FAC0005,Sarguja,Chhattisgarh,18.77
FAC0016,FAC0006,Sarguja,Chhattisgarh,5.37
FAC0016,FAC0007,Sarguja,Chhattisgarh,4.82
FAC0016,FAC0008,Sarguja,Chhattisgarh,4.92
FAC0016,FAC0009,Sarguja,Chhattisgarh,20.75
FAC0016,FAC0010,Sarguja,Chhattisgarh,27.88
FAC0016,FAC0011,Sarguja,Chhattisgarh,31.81
FAC0016,FAC0012,Sarguja,Chhattisgarh,17.24
FAC0016,FAC0013,Sarguja,Chhattisgarh,5.09
FAC0016,FAC0014,Sarguja,Chhattisgarh,3.7
FAC0016,FAC0015,Sarguja,Chhattisgarh,2.78
FAC0016,FAC0017,Sarguja,Chhattisgarh,3.72
FAC0016,FAC0018,Sarguja,Chhattisgarh,5.45
FAC0016,FAC0019,Sarguja,Chhattisgarh,31.26
FAC0016,FAC0020,Sarguja,Chhattisgarh,5.07
FAC0016,FAC0021,Sarguja,Chhattisgarh,0.87
FAC0016,FAC0022,Sarguja,Chhattisgarh,21.29
FAC0016,FAC0023,Sarguja,Chhattisgarh,4.7
FAC0016,FAC0024,Sarguja,Chhattisgarh,4.74
FAC0016,FAC0025,Sarguja,Chhattisgarh,6.42
FAC0016,FAC0026,Sarguja,Chhattisgarh,5.51
FAC0016,FAC0027,Sarguja,Chhattisgarh,7.36
FAC0016,FAC0028,Sarguja,Chhattisgarh,3.53
FAC0016,FAC0029,Sarguja,Chhattisgarh,5.29
FAC0016,FAC0030,Sarguja,Chhattisgarh,4.47
FAC0017,FAC0001,Sarguja,Chhattisgarh,2.35
FAC0017,FAC0002,Sarguja,Chhattisgarh,1.89
FAC0017,FAC0003,Sarguja,Chhattisgarh,1.67
FAC0017,FAC0004,Sarguja,Chhattisgarh,2.74
FAC0017,FAC0005,Sarguja,Chhattisgarh,18.32
FAC0017,FAC0006,Sarguja,Chhattisgarh,3.32
FAC0017,FAC0007,Sarguja,Chhattisgarh,3.15
FAC0017,FAC0008,Sarguja,Chhattisgarh,3.29
FAC0017,FAC0009,Sarguja,Chhattisgarh,20.29
FAC0017,FAC0010,Sarguja,Chhattisgarh,27.42
FAC0017,FAC0011,Sarguja,Chhattisgarh,29.4
FAC0017,FAC0012,Sarguja,Chhattisgarh,14.84
FAC0017,FAC0013,Sarguja,Chhattisgarh,4.02
FAC0017,FAC0014,Sarguja,Chhattisgarh,2.52
FAC0017,FAC0015,Sarguja,Chhattisgarh,3.34
FAC0017,FAC0016,Sarguja,Chhattisgarh,4.07
FAC0017,FAC0018,Sarguja,Chhattisgarh,3.81
FAC0017,FAC0019,Sarguja,Chhattisgarh,31.23
FAC0017,FAC0020,Sarguja,Chhattisgarh,3.77
FAC0017,FAC0021,Sarguja,Chhattisgarh,3.21
FAC0017,FAC0022,Sarguja,Chhattisgarh,18.18
FAC0017,FAC0023,Sarguja,Chhattisgarh,3.83
FAC0017,FAC0024,Sarguja,Chhattisgarh,2.34
FAC0017,FAC0025,Sarguja,Chhattisgarh,3.02
FAC0017,FAC0026,Sarguja,Chhattisgarh,4.3
FAC0017,FAC0027,Sarguja,Chhattisgarh,4.96
FAC0017,FAC0028,Sarguja,Chhattisgarh,1.17
FAC0017,FAC0029,Sarguja,Chhattisgarh,3.83
FAC0017,FAC0030,Sarguja,Chhattisgarh,3.65
FAC0018,FAC0001,Sarguja,Chhattisgarh,4.45
FAC0018,FAC0002,Sarguja,Chhattisgarh,3.69
FAC0018,FAC0003,Sarguja,Chhattisgarh,3.77
FAC0018,FAC0004,Sarguja,Chhattisgarh,4.84
FAC0018,FAC0005,Sarguja,Chhattisgarh,16.95
FAC0018,FAC0006,Sarguja,Chhattisgarh,1.92
FAC0018,FAC0007,Sarguja,Chhattisgarh,1.59
FAC0018,FAC0008,Sarguja,Chhattisgarh,1.86
FAC0018,FAC0009,Sarguja,Chhattisgarh,18.92
FAC0018,FAC0010,Sarguja,Chhattisgarh,26.05
FAC0018,FAC0011,Sarguja,Chhattisgarh,31.5
FAC0018,FAC0012,Sarguja,Chhattisgarh,16.94
FAC0018,FAC0013,Sarguja,Chhattisgarh,1.21
FAC0018,FAC0014,Sarguja,Chhattisgarh,2.2
FAC0018,FAC0015,Sarguja,Chhattisgarh,3.5
FAC0018,FAC0016,Sarguja,Chhattisgarh,5.36
FAC0018,FAC0017,Sarguja,Chhattisgarh,3.41
FAC0018,FAC0019,Sarguja,Chhattisgarh,33.22
FAC0018,FAC0020,Sarguja,Chhattisgarh,1.85
FAC0018,FAC0021,Sarguja,Chhattisgarh,4.5
FAC0018,FAC0022,Sarguja,Chhattisgarh,18.52
FAC0018,FAC0023,Sarguja,Chhattisgarh,1.39
FAC0018,FAC0024,Sarguja,Chhattisgarh,4.44
FAC0018,FAC0025,Sarguja,Chhattisgarh,4.44
FAC0018,FAC0026,Sarguja,Chhattisgarh,2.63
FAC0018,FAC0027,Sarguja,Chhattisgarh,7.06
FAC0018,FAC0028,Sarguja,Chhattisgarh,3.23
FAC0018,FAC0029,Sarguja,Chhattisgarh,1.4
FAC0018,FAC0030,Sarguja,Chhattisgarh,1.61
FAC0019,FAC0001,Sarguja,Chhattisgarh,30.38
FAC0019,FAC0002,Sarguja,Chhattisgarh,30.42
FAC0019,FAC0003,Sarguja,Chhattisgarh,29.83
FAC0019,FAC0004,Sarguja,Chhattisgarh,32.21
FAC0019,FAC0005,Sarguja,Chhattisgarh,46.77
FAC0019,FAC0006,Sarguja,Chhattisgarh,33.12
FAC0019,FAC0007,Sarguja,Chhattisgarh,32.58
FAC0019,FAC0008,Sarguja,Chhattisgarh,32.67
FAC0019,FAC0009,Sarguja,Chhattisgarh,48.75
FAC0019,FAC0010,Sarguja,Chhattisgarh,50.0
FAC0019,FAC0011,Sarguja,Chhattisgarh,28.63
FAC0019,FAC0012,Sarguja,Chhattisgarh,44.3
FAC0019,FAC0013,Sarguja,Chhattisgarh,32.84
FAC0019,FAC0014,Sarguja,Chhattisgarh,31.09
FAC0019,FAC0015,Sarguja,Chhattisgarh,30.52
FAC0019,FAC0016,Sarguja,Chhattisgarh,31.25
FAC0019,FAC0017,Sarguja,Chhattisgarh,30.78
FAC0019,FAC0018,Sarguja,Chhattisgarh,33.2
FAC0019,FAC0020,Sarguja,Chhattisgarh,32.83
FAC0019,FAC0021,Sarguja,Chhattisgarh,30.39
FAC0019,FAC0022,Sarguja,Chhattisgarh,48.64
FAC0019,FAC0023,Sarguja,Chhattisgarh,32.45
FAC0019,FAC0024,Sarguja,Chhattisgarh,31.8
FAC0019,FAC0025,Sarguja,Chhattisgarh,33.48
FAC0019,FAC0026,Sarguja,Chhattisgarh,33.44
FAC0019,FAC0027,Sarguja,Chhattisgarh,34.42
FAC0019,FAC0028,Sarguja,Chhattisgarh,30.6
FAC0019,FAC0029,Sarguja,Chhattisgarh,33.04
FAC0019,FAC0030,Sarguja,Chhattisgarh,32.23
FAC0020,FAC0001,Sarguja,Chhattisgarh,4.46
FAC0020,FAC0002,Sarguja,Chhattisgarh,4.12
FAC0020,FAC0003,Sarguja,Chhattisgarh,4.2
FAC0020,FAC0004,Sarguja,Chhattisgarh,5.27
FAC0020,FAC0005,Sarguja,Chhattisgarh,16.77
FAC0020,FAC0006,Sarguja,Chhattisgarh,0.5
FAC0020,FAC0007,Sarguja,Chhattisgarh,2.44
FAC0020,FAC0008,Sarguja,Chhattisgarh,0.49
FAC0020,FAC0009,Sarguja,Chhattisgarh,18.74
FAC0020,FAC0010,Sarguja,Chhattisgarh,25.87
FAC0020,FAC0011,Sarguja,Chhattisgarh,31.93
FAC0020,FAC0012,Sarguja,Chhattisgarh,17.37
FAC0020,FAC0013,Sarguja,Chhattisgarh,0.59
FAC0020,FAC0014,Sarguja,Chhattisgarh,2.68
FAC0020,FAC0015,Sarguja,Chhattisgarh,3.14
FAC0020,FAC0016,Sarguja,Chhattisgarh,5.0
FAC0020,FAC0017,Sarguja,Chhattisgarh,3.84
FAC0020,FAC0018,Sarguja,Chhattisgarh,1.9
FAC0020,FAC0019,Sarguja,Chhattisgarh,32.86
FAC0020,FAC0021,Sarguja,Chhattisgarh,4.13
FAC0020,FAC0022,Sarguja,Chhattisgarh,17.14
FAC0020,FAC0023,Sarguja,Chhattisgarh,0.73
FAC0020,FAC0024,Sarguja,Chhattisgarh,4.87
FAC0020,FAC0025,Sarguja,Chhattisgarh,4.32
FAC0020,FAC0026,Sarguja,Chhattisgarh,1.49
FAC0020,FAC0027,Sarguja,Chhattisgarh,7.49
FAC0020,FAC0028,Sarguja,Chhattisgarh,3.66
FAC0020,FAC0029,Sarguja,Chhattisgarh,0.39
FAC0020,FAC0030,Sarguja,Chhattisgarh,0.65
FAC0021,FAC0001,Sarguja,Chhattisgarh,2.48
FAC0021,FAC0002,Sarguja,Chhattisgarh,2.49
FAC0021,FAC0003,Sarguja,Chhattisgarh,1.9
FAC0021,FAC0004,Sarguja,Chhattisgarh,4.28
FAC0021,FAC0005,Sarguja,Chhattisgarh,17.91
FAC0021,FAC0006,Sarguja,Chhattisgarh,4.5
FAC0021,FAC0007,Sarguja,Chhattisgarh,3.95
FAC0021,FAC0008,Sarguja,Chhattisgarh,4.05
FAC0021,FAC0009,Sarguja,Chhattisgarh,19.88
FAC0021,FAC0010,Sarguja,Chhattisgarh,27.01
FAC0021,FAC0011,Sarguja,Chhattisgarh,30.94
FAC0021,FAC0012,Sarguja,Chhattisgarh,16.38
FAC0021,FAC0013,Sarguja,Chhattisgarh,4.22
FAC0021,FAC0014,Sarguja,Chhattisgarh,2.84
FAC0021,FAC0015,Sarguja,Chhattisgarh,1.92
FAC0021,FAC0016,Sarguja,Chhattisgarh,0.86
FAC0021,FAC0017,Sarguja,Chhattisgarh,2.85
FAC0021,FAC0018,Sarguja,Chhattisgarh,4.58
FAC0021,FAC0019,Sarguja,Chhattisgarh,30.4
FAC0021,FAC0020,Sarguja,Chhattisgarh,4.2
FAC0021,FAC0022,Sarguja,Chhattisgarh,20.42
FAC0021,FAC0023,Sarguja,Chhattisgarh,3.83
FAC0021,FAC0024,Sarguja,Chhattisgarh,3.88
FAC0021,FAC0025,Sarguja,Chhattisgarh,5.56
FAC0021,FAC0026,Sarguja,Chhattisgarh,4.65
FAC0021,FAC0027,Sarguja,Chhattisgarh,6.5
FAC0021,FAC0028,Sarguja,Chhattisgarh,2.67
FAC0021,FAC0029,Sarguja,Chhattisgarh,4.42
FAC0021,FAC0030,Sarguja,Chhattisgarh,3.6
FAC0022,FAC0001,Sarguja,Chhattisgarh,19.83
FAC0022,FAC0002,Sarguja,Chhattisgarh,19.36
FAC0022,FAC0003,Sarguja,Chhattisgarh,19.14
FAC0022,FAC0004,Sarguja,Chhattisgarh,20.21
FAC0022,FAC0005,Sarguja,Chhattisgarh,31.83
FAC0022,FAC0006,Sarguja,Chhattisgarh,17.31
FAC0022,FAC0007,Sarguja,Chhattisgarh,19.07
FAC0022,FAC0008,Sarguja,Chhattisgarh,16.71
FAC0022,FAC0009,Sarguja,Chhattisgarh,33.85
FAC0022,FAC0010,Sarguja,Chhattisgarh,40.98
FAC0022,FAC0011,Sarguja,Chhattisgarh,46.88
FAC0022,FAC0012,Sarguja,Chhattisgarh,32.31
FAC0022,FAC0013,Sarguja,Chhattisgarh,17.63
FAC0022,FAC0014,Sarguja,Chhattisgarh,19.19
FAC0022,FAC0015,Sarguja,Chhattisgarh,19.65
FAC0022,FAC0016,Sarguja,Chhattisgarh,21.19
FAC0022,FAC0017,Sarguja,Chhattisgarh,18.83
FAC0022,FAC0018,Sarguja,Chhattisgarh,18.68
FAC0022,FAC0019,Sarguja,Chhattisgarh,48.71
FAC0022,FAC0020,Sarguja,Chhattisgarh,17.25
FAC0022,FAC0021,Sarguja,Chhattisgarh,20.32
FAC0022,FAC0023,Sarguja,Chhattisgarh,17.24
FAC0022,FAC0024,Sarguja,Chhattisgarh,19.81
FAC0022,FAC0025,Sarguja,Chhattisgarh,18.87
FAC0022,FAC0026,Sarguja,Chhattisgarh,17.87
FAC0022,FAC0027,Sarguja,Chhattisgarh,22.43
FAC0022,FAC0028,Sarguja,Chhattisgarh,18.65
FAC0022,FAC0029,Sarguja,Chhattisgarh,17.65
FAC0022,FAC0030,Sarguja,Chhattisgarh,17.15
FAC0023,FAC0001,Sarguja,Chhattisgarh,4.09
FAC0023,FAC0002,Sarguja,Chhattisgarh,3.75
FAC0023,FAC0003,Sarguja,Chhattisgarh,3.83
FAC0023,FAC0004,Sarguja,Chhattisgarh,4.9
FAC0023,FAC0005,Sarguja,Chhattisgarh,16.4
FAC0023,FAC0006,Sarguja,Chhattisgarh,0.93
FAC0023,FAC0007,Sarguja,Chhattisgarh,1.98
FAC0023,FAC0008,Sarguja,Chhattisgarh,0.48
FAC0023,FAC0009,Sarguja,Chhattisgarh,18.37
FAC0023,FAC0010,Sarguja,Chhattisgarh,25.5
FAC0023,FAC0011,Sarguja,Chhattisgarh,31.57
FAC0023,FAC0012,Sarguja,Chhattisgarh,17.0
FAC0023,FAC0013,Sarguja,Chhattisgarh,0.39
FAC0023,FAC0014,Sarguja,Chhattisgarh,2.32
FAC0023,FAC0015,Sarguja,Chhattisgarh,2.78
FAC0023,FAC0016,Sarguja,Chhattisgarh,4.63
FAC0023,FAC0017,Sarguja,Chhattisgarh,3.47
FAC0023,FAC0018,Sarguja,Chhattisgarh,1.44
FAC0023,FAC0019,Sarguja,Chhattisgarh,32.5
FAC0023,FAC0020,Sarguja,Chhattisgarh,0.63
FAC0023,FAC0021,Sarguja,Chhattisgarh,3.77
FAC0023,FAC0022,Sarguja,Chhattisgarh,17.13
FAC0023,FAC0024,Sarguja,Chhattisgarh,4.5
FAC0023,FAC0025,Sarguja,Chhattisgarh,4.31
FAC0023,FAC0026,Sarguja,Chhattisgarh,1.24
FAC0023,FAC0027,Sarguja,Chhattisgarh,7.12
FAC0023,FAC0028,Sarguja,Chhattisgarh,3.29
FAC0023,FAC0029,Sarguja,Chhattisgarh,0.59
FAC0023,FAC0030,Sarguja,Chhattisgarh,0.28
FAC0024,FAC0001,Sarguja,Chhattisgarh,2.88
FAC0024,FAC0002,Sarguja,Chhattisgarh,2.41
FAC0024,FAC0003,Sarguja,Chhattisgarh,2.19
FAC0024,FAC0004,Sarguja,Chhattisgarh,2.36
FAC0024,FAC0005,Sarguja,Chhattisgarh,19.55
FAC0024,FAC0006,Sarguja,Chhattisgarh,4.88
FAC0024,FAC0007,Sarguja,Chhattisgarh,3.67
FAC0024,FAC0008,Sarguja,Chhattisgarh,4.62
FAC0024,FAC0009,Sarguja,Chhattisgarh,21.52
FAC0024,FAC0010,Sarguja,Chhattisgarh,28.65
FAC0024,FAC0011,Sarguja,Chhattisgarh,28.32
FAC0024,FAC0012,Sarguja,Chhattisgarh,14.46
FAC0024,FAC0013,Sarguja,Chhattisgarh,4.6
FAC0024,FAC0014,Sarguja,Chhattisgarh,3.04
FAC0024,FAC0015,Sarguja,Chhattisgarh,3.86
FAC0024,FAC0016,Sarguja,Chhattisgarh,4.59
FAC0024,FAC0017,Sarguja,Chhattisgarh,1.88
FAC0024,FAC0018,Sarguja,Chhattisgarh,4.33
FAC0024,FAC0019,Sarguja,Chhattisgarh,31.75
FAC0024,FAC0020,Sarguja,Chhattisgarh,4.77
FAC0024,FAC0021,Sarguja,Chhattisgarh,3.73
FAC0024,FAC0022,Sarguja,Chhattisgarh,19.74
FAC0024,FAC0023,Sarguja,Chhattisgarh,4.4
FAC0024,FAC0025,Sarguja,Chhattisgarh,4.58
FAC0024,FAC0026,Sarguja,Chhattisgarh,5.38
FAC0024,FAC0027,Sarguja,Chhattisgarh,4.58
FAC0024,FAC0028,Sarguja,Chhattisgarh,1.69
FAC0024,FAC0029,Sarguja,Chhattisgarh,4.8
FAC0024,FAC0030,Sarguja,Chhattisgarh,4.17
FAC0025,FAC0001,Sarguja,Chhattisgarh,4.59
FAC0025,FAC0002,Sarguja,Chhattisgarh,4.12
FAC0025,FAC0003,Sarguja,Chhattisgarh,3.9
FAC0025,FAC0004,Sarguja,Chhattisgarh,4.97
FAC0025,FAC0005,Sarguja,Chhattisgarh,18.86
FAC0025,FAC0006,Sarguja,Chhattisgarh,3.86
FAC0025,FAC0007,Sarguja,Chhattisgarh,5.39
FAC0025,FAC0008,Sarguja,Chhattisgarh,3.84
FAC0025,FAC0009,Sarguja,Chhattisgarh,20.83
FAC0025,FAC0010,Sarguja,Chhattisgarh,27.96
FAC0025,FAC0011,Sarguja,Chhattisgarh,31.64
FAC0025,FAC0012,Sarguja,Chhattisgarh,16.95
FAC0025,FAC0013,Sarguja,Chhattisgarh,4.57
FAC0025,FAC0014,Sarguja,Chhattisgarh,4.75
FAC0025,FAC0015,Sarguja,Chhattisgarh,5.58
FAC0025,FAC0016,Sarguja,Chhattisgarh,6.31
FAC0025,FAC0017,Sarguja,Chhattisgarh,3.59
FAC0025,FAC0018,Sarguja,Chhattisgarh,4.48
FAC0025,FAC0019,Sarguja,Chhattisgarh,33.47
FAC0025,FAC0020,Sarguja,Chhattisgarh,4.31
FAC0025,FAC0021,Sarguja,Chhattisgarh,5.44
FAC0025,FAC0022,Sarguja,Chhattisgarh,18.72
FAC0025,FAC0023,Sarguja,Chhattisgarh,4.37
FAC0025,FAC0024,Sarguja,Chhattisgarh,4.57
FAC0025,FAC0026,Sarguja,Chhattisgarh,4.84
FAC0025,FAC0027,Sarguja,Chhattisgarh,7.06
FAC0025,FAC0028,Sarguja,Chhattisgarh,3.41
FAC0025,FAC0029,Sarguja,Chhattisgarh,4.37
FAC0025,FAC0030,Sarguja,Chhattisgarh,4.28
FAC0026,FAC0001,Sarguja,Chhattisgarh,4.97
FAC0026,FAC0002,Sarguja,Chhattisgarh,4.63
FAC0026,FAC0003,Sarguja,Chhattisgarh,4.71
FAC0026,FAC0004,Sarguja,Chhattisgarh,5.78
FAC0026,FAC0005,Sarguja,Chhattisgarh,16.15
FAC0026,FAC0006,Sarguja,Chhattisgarh,1.8
FAC0026,FAC0007,Sarguja,Chhattisgarh,3.07
FAC0026,FAC0008,Sarguja,Chhattisgarh,1.34
FAC0026,FAC0009,Sarguja,Chhattisgarh,18.12
FAC0026,FAC0010,Sarguja,Chhattisgarh,25.25
FAC0026,FAC0011,Sarguja,Chhattisgarh,32.45
FAC0026,FAC0012,Sarguja,Chhattisgarh,17.88
FAC0026,FAC0013,Sarguja,Chhattisgarh,1.64
FAC0026,FAC0014,Sarguja,Chhattisgarh,3.2
FAC0026,FAC0015,Sarguja,Chhattisgarh,3.66
FAC0026,FAC0016,Sarguja,Chhattisgarh,5.46
FAC0026,FAC0017,Sarguja,Chhattisgarh,4.35
FAC0026,FAC0018,Sarguja,Chhattisgarh,2.68
FAC0026,FAC0019,Sarguja,Chhattisgarh,33.38
FAC0026,FAC0020,Sarguja,Chhattisgarh,1.5
FAC0026,FAC0021,Sarguja,Chhattisgarh,4.59
FAC0026,FAC0022,Sarguja,Chhattisgarh,17.83
FAC0026,FAC0023,Sarguja,Chhattisgarh,1.25
FAC0026,FAC0024,Sarguja,Chhattisgarh,5.38
FAC0026,FAC0025,Sarguja,Chhattisgarh,4.86
FAC0026,FAC0027,Sarguja,Chhattisgarh,8.0
FAC0026,FAC0028,Sarguja,Chhattisgarh,4.17
FAC0026,FAC0029,Sarguja,Chhattisgarh,1.83
FAC0026,FAC0030,Sarguja,Chhattisgarh,1.16
FAC0027,FAC0001,Sarguja,Chhattisgarh,5.4
FAC0027,FAC0002,Sarguja,Chhattisgarh,4.94
FAC0027,FAC0003,Sarguja,Chhattisgarh,4.72
FAC0027,FAC0004,Sarguja,Chhattisgarh,2.92
FAC0027,FAC0005,Sarguja,Chhattisgarh,22.07
FAC0027,FAC0006,Sarguja,Chhattisgarh,7.41
FAC0027,FAC0007,Sarguja,Chhattisgarh,6.2
FAC0027,FAC0008,Sarguja,Chhattisgarh,7.14
FAC0027,FAC0009,Sarguja,Chhattisgarh,24.05
FAC0027,FAC0010,Sarguja,Chhattisgarh,31.18
FAC0027,FAC0011,Sarguja,Chhattisgarh,30.57
FAC0027,FAC0012,Sarguja,Chhattisgarh,12.46
FAC0027,FAC0013,Sarguja,Chhattisgarh,7.13
FAC0027,FAC0014,Sarguja,Chhattisgarh,5.57
FAC0027,FAC0015,Sarguja,Chhattisgarh,6.39
FAC0027,FAC0016,Sarguja,Chhattisgarh,7.12
FAC0027,FAC0017,Sarguja,Chhattisgarh,4.4
FAC0027,FAC0018,Sarguja,Chhattisgarh,6.86
FAC0027,FAC0019,Sarguja,Chhattisgarh,34.28
FAC0027,FAC0020,Sarguja,Chhattisgarh,7.3
FAC0027,FAC0021,Sarguja,Chhattisgarh,6.26
FAC0027,FAC0022,Sarguja,Chhattisgarh,22.27
FAC0027,FAC0023,Sarguja,Chhattisgarh,6.93
FAC0027,FAC0024,Sarguja,Chhattisgarh,4.57
FAC0027,FAC0025,Sarguja,Chhattisgarh,6.93
FAC0027,FAC0026,Sarguja,Chhattisgarh,7.91
FAC0027,FAC0028,Sarguja,Chhattisgarh,4.22
FAC0027,FAC0029,Sarguja,Chhattisgarh,7.33
FAC0027,FAC0030,Sarguja,Chhattisgarh,6.7
FAC0028,FAC0001,Sarguja,Chhattisgarh,2.22
FAC0028,FAC0002,Sarguja,Chhattisgarh,1.76
FAC0028,FAC0003,Sarguja,Chhattisgarh,1.54
FAC0028,FAC0004,Sarguja,Chhattisgarh,2.61
FAC0028,FAC0005,Sarguja,Chhattisgarh,18.18
FAC0028,FAC0006,Sarguja,Chhattisgarh,3.19
FAC0028,FAC0007,Sarguja,Chhattisgarh,3.02
FAC0028,FAC0008,Sarguja,Chhattisgarh,3.17
FAC0028,FAC0009,Sarguja,Chhattisgarh,20.16
FAC0028,FAC0010,Sarguja,Chhattisgarh,27.29
FAC0028,FAC0011,Sarguja,Chhattisgarh,29.27
FAC0028,FAC0012,Sarguja,Chhattisgarh,14.71
FAC0028,FAC0013,Sarguja,Chhattisgarh,3.89
FAC0028,FAC0014,Sarguja,Chhattisgarh,2.39
FAC0028,FAC0015,Sarguja,Chhattisgarh,3.21
FAC0028,FAC0016,Sarguja,Chhattisgarh,3.94
FAC0028,FAC0017,Sarguja,Chhattisgarh,0.18
FAC0028,FAC0018,Sarguja,Chhattisgarh,3.68
FAC0028,FAC0019,Sarguja,Chhattisgarh,31.1
FAC0028,FAC0020,Sarguja,Chhattisgarh,3.63
FAC0028,FAC0021,Sarguja,Chhattisgarh,3.08
FAC0028,FAC0022,Sarguja,Chhattisgarh,18.05
FAC0028,FAC0023,Sarguja,Chhattisgarh,3.69
FAC0028,FAC0024,Sarguja,Chhattisgarh,2.21
FAC0028,FAC0025,Sarguja,Chhattisgarh,2.89
FAC0028,FAC0026,Sarguja,Chhattisgarh,4.17
FAC0028,FAC0027,Sarguja,Chhattisgarh,4.83
FAC0028,FAC0029,Sarguja,Chhattisgarh,3.7
FAC0028,FAC0030,Sarguja,Chhattisgarh,3.52
FAC0029,FAC0001,Sarguja,Chhattisgarh,4.62
FAC0029,FAC0002,Sarguja,Chhattisgarh,4.14
FAC0029,FAC0003,Sarguja,Chhattisgarh,4.22
FAC0029,FAC0004,Sarguja,Chhattisgarh,5.29
FAC0029,FAC0005,Sarguja,Chhattisgarh,16.93
FAC0029,FAC0006,Sarguja,Chhattisgarh,0.51
FAC0029,FAC0007,Sarguja,Chhattisgarh,2.04
FAC0029,FAC0008,Sarguja,Chhattisgarh,0.94
FAC0029,FAC0009,Sarguja,Chhattisgarh,18.9
FAC0029,FAC0010,Sarguja,Chhattisgarh,26.04
FAC0029,FAC0011,Sarguja,Chhattisgarh,31.96
FAC0029,FAC0012,Sarguja,Chhattisgarh,17.39
FAC0029,FAC0013,Sarguja,Chhattisgarh,0.19
FAC0029,FAC0014,Sarguja,Chhattisgarh,2.65
FAC0029,FAC0015,Sarguja,Chhattisgarh,3.31
FAC0029,FAC0016,Sarguja,Chhattisgarh,5.17
FAC0029,FAC0017,Sarguja,Chhattisgarh,3.86
FAC0029,FAC0018,Sarguja,Chhattisgarh,1.5
FAC0029,FAC0019,Sarguja,Chhattisgarh,33.03
FAC0029,FAC0020,Sarguja,Chhattisgarh,0.45
FAC0029,FAC0021,Sarguja,Chhattisgarh,4.3
FAC0029,FAC0022,Sarguja,Chhattisgarh,17.59
FAC0029,FAC0023,Sarguja,Chhattisgarh,0.53
FAC0029,FAC0024,Sarguja,Chhattisgarh,4.89
FAC0029,FAC0025,Sarguja,Chhattisgarh,4.43
FAC0029,FAC0026,Sarguja,Chhattisgarh,1.78
FAC0029,FAC0027,Sarguja,Chhattisgarh,7.51
FAC0029,FAC0028,Sarguja,Chhattisgarh,3.68
FAC0029,FAC0030,Sarguja,Chhattisgarh,0.81
FAC0030,FAC0001,Sarguja,Chhattisgarh,3.81
FAC0030,FAC0002,Sarguja,Chhattisgarh,3.47
FAC0030,FAC0003,Sarguja,Chhattisgarh,3.55
FAC0030,FAC0004,Sarguja,Chhattisgarh,4.62
FAC0030,FAC0005,Sarguja,Chhattisgarh,16.12
FAC0030,FAC0006,Sarguja,Chhattisgarh,0.9
FAC0030,FAC0007,Sarguja,Chhattisgarh,1.91
FAC0030,FAC0008,Sarguja,Chhattisgarh,0.45
FAC0030,FAC0009,Sarguja,Chhattisgarh,18.09
FAC0030,FAC0010,Sarguja,Chhattisgarh,25.22
FAC0030,FAC0011,Sarguja,Chhattisgarh,31.29
FAC0030,FAC0012,Sarguja,Chhattisgarh,16.72
FAC0030,FAC0013,Sarguja,Chhattisgarh,0.62
FAC0030,FAC0014,Sarguja,Chhattisgarh,2.03
FAC0030,FAC0015,Sarguja,Chhattisgarh,2.49
FAC0030,FAC0016,Sarguja,Chhattisgarh,4.35
FAC0030,FAC0017,Sarguja,Chhattisgarh,3.19
FAC0030,FAC0018,Sarguja,Chhattisgarh,1.67
FAC0030,FAC0019,Sarguja,Chhattisgarh,32.22
FAC0030,FAC0020,Sarguja,Chhattisgarh,0.6
FAC0030,FAC0021,Sarguja,Chhattisgarh,3.49
FAC0030,FAC0022,Sarguja,Chhattisgarh,17.1
FAC0030,FAC0023,Sarguja,Chhattisgarh,0.23
FAC0030,FAC0024,Sarguja,Chhattisgarh,4.22
FAC0030,FAC0025,Sarguja,Chhattisgarh,4.28
FAC0030,FAC0026,Sarguja,Chhattisgarh,1.21
FAC0030,FAC0027,Sarguja,Chhattisgarh,6.84
FAC0030,FAC0028,Sarguja,Chhattisgarh,3.01
FAC0030,FAC0029,Sarguja,Chhattisgarh,0.81
FAC0031,FAC0032,Ernakulam,Kerala,0.17
FAC0031,FAC0033,Ernakulam,Kerala,20.86
FAC0031,FAC0034,Ernakulam,Kerala,22.55
FAC0031,FAC0035,Ernakulam,Kerala,16.12
FAC0031,FAC0036,Ernakulam,Kerala,26.66
FAC0031,FAC0037,Ernakulam,Kerala,16.65
FAC0031,FAC0038,Ernakulam,Kerala,16.71
FAC0031,FAC0039,Ernakulam,Kerala,12.42
FAC0031,FAC0040,Ernakulam,Kerala,13.57
FAC0031,FAC0041,Ernakulam,Kerala,21.06
FAC0031,FAC0042,Ernakulam,Kerala,28.44
FAC0031,FAC0043,Ernakulam,Kerala,27.2
FAC0031,FAC0044,Ernakulam,Kerala,44.53
FAC0031,FAC0045,Ernakulam,Kerala,16.48
FAC0031,FAC0046,Ernakulam,Kerala,39.95
FAC0031,FAC0047,Ernakulam,Kerala,16.96
FAC0031,FAC0048,Ernakulam,Kerala,40.31
FAC0031,FAC0049,Ernakulam,Kerala,44.7
FAC0031,FAC0050,Ernakulam,Kerala,40.53
FAC0031,FAC0051,Ernakulam,Kerala,36.45
FAC0031,FAC0052,Ernakulam,Kerala,44.78
FAC0031,FAC0053,Ernakulam,Kerala,52.97
FAC0031,FAC0054,Ernakulam,Kerala,10.63
FAC0031,FAC0055,Ernakulam,Kerala,21.11
FAC0031,FAC0056,Ernakulam,Kerala,44.36
FAC0031,FAC0057,Ernakulam,Kerala,33.7
FAC0031,FAC0058,Ernakulam,Kerala,23.21
FAC0031,FAC0059,Ernakulam,Kerala,36.19
FAC0031,FAC0060,Ernakulam,Kerala,35.36
FAC0032,FAC0031,Ernakulam,Kerala,0.17
FAC0032,FAC0033,Ernakulam,Kerala,20.73
FAC0032,FAC0034,Ernakulam,Kerala,22.42
FAC0032,FAC0035,Ernakulam,Kerala,15.99
FAC0032,FAC0036,Ernakulam,Kerala,26.53
FAC0032,FAC0037,Ernakulam,Kerala,16.52
FAC0032,FAC0038,Ernakulam,Kerala,16.58
FAC0032,FAC0039,Ernakulam,Kerala,12.29
FAC0032,FAC0040,Ernakulam,Kerala,13.43
FAC0032,FAC0041,Ernakulam,Kerala,20.93
FAC0032,FAC0042,Ernakulam,Kerala,28.31
FAC0032,FAC0043,Ernakulam,Kerala,27.07
FAC0032,FAC0044,Ernakulam,Kerala,44.4
FAC0032,FAC0045,Ernakulam,Kerala,16.35
FAC0032,FAC0046,Ernakulam,Kerala,39.82
FAC0032,FAC0047,Ernakulam,Kerala,16.83
FAC0032,FAC0048,Ernakulam,Kerala,40.17
FAC0032,FAC0049,Ernakulam,Kerala,44.57
FAC0032,FAC0050,Ernakulam,Kerala,40.4
FAC0032,FAC0051,Ernakulam,Kerala,36.62
FAC0032,FAC0052,Ernakulam,Kerala,44.96
FAC0032,FAC0053,Ernakulam,Kerala,52.84
FAC0032,FAC0054,Ernakulam,Kerala,10.5
FAC0032,FAC0055,Ernakulam,Kerala,21.29
FAC0032,FAC0056,Ernakulam,Kerala,44.23
FAC0032,FAC0057,Ernakulam,Kerala,33.57
FAC0032,FAC0058,Ernakulam,Kerala,23.07
FAC0032,FAC0059,Ernakulam,Kerala,36.06
FAC0032,FAC0060,Ernakulam,Kerala,35.23
FAC0033,FAC0031,Ernakulam,Kerala,20.7
FAC0033,FAC0032,Ernakulam,Kerala,20.52
FAC0033,FAC0034,Ernakulam,Kerala,16.14
FAC0033,FAC0035,Ernakulam,Kerala,18.58
FAC0033,FAC0036,Ernakulam,Kerala,10.45
FAC0033,FAC0037,Ernakulam,Kerala,5.42
FAC0033,FAC0038,Ernakulam,Kerala,8.87
FAC0033,FAC0039,Ernakulam,Kerala,8.89
FAC0033,FAC0040,Ernakulam,Kerala,10.74
FAC0033,FAC0041,Ernakulam,Kerala,0.2
FAC0033,FAC0042,Ernakulam,Kerala,12.23
FAC0033,FAC0043,Ernakulam,Kerala,10.99
FAC0033,FAC0044,Ernakulam,Kerala,26.7
FAC0033,FAC0045,Ernakulam,Kerala,19.06
FAC0033,FAC0046,Ernakulam,Kerala,29.87
FAC0033,FAC0047,Ernakulam,Kerala,14.82
FAC0033,FAC0048,Ernakulam,Kerala,27.81
FAC0033,FAC0049,Ernakulam,Kerala,26.87
FAC0033,FAC0050,Ernakulam,Kerala,30.45
FAC0033,FAC0051,Ernakulam,Kerala,36.74
FAC0033,FAC0052,Ernakulam,Kerala,35.85
FAC0033,FAC0053,Ernakulam,Kerala,38.25
FAC0033,FAC0054,Ernakulam,Kerala,16.92
FAC0033,FAC0055,Ernakulam,Kerala,35.76
FAC0033,FAC0056,Ernakulam,Kerala,34.28
FAC0033,FAC0057,Ernakulam,Kerala,23.62
FAC0033,FAC0058,Ernakulam,Kerala,21.79
FAC0033,FAC0059,Ernakulam,Kerala,26.11
FAC0033,FAC0060,Ernakulam,Kerala,25.28
FAC0034,FAC0031,Ernakulam,Kerala,23.66
FAC0034,FAC0032,Ernakulam,Kerala,23.49
FAC0034,FAC0033,Ernakulam,Kerala,17.25
FAC0034,FAC0035,Ernakulam,Kerala,8.75
FAC0034,FAC0036,Ernakulam,Kerala,8.88
FAC0034,FAC0037,Ernakulam,Kerala,12.86
FAC0034,FAC0038,Ernakulam,Kerala,10.0
FAC0034,FAC0039,Ernakulam,Kerala,12.86
FAC0034,FAC0040,Ernakulam,Kerala,10.61
FAC0034,FAC0041,Ernakulam,Kerala,17.45
FAC0034,FAC0042,Ernakulam,Kerala,8.84
FAC0034,FAC0043,Ernakulam,Kerala,7.6
FAC0034,FAC0044,Ernakulam,Kerala,25.12
FAC0034,FAC0045,Ernakulam,Kerala,9.09
FAC0034,FAC0046,Ernakulam,Kerala,18.8
FAC0034,FAC0047,Ernakulam,Kerala,16.61
FAC0034,FAC0048,Ernakulam,Kerala,19.15
FAC0034,FAC0049,Ernakulam,Kerala,25.28
FAC0034,FAC0050,Ernakulam,Kerala,19.38
FAC0034,FAC0051,Ernakulam,Kerala,22.0
FAC0034,FAC0052,Ernakulam,Kerala,24.77
FAC0034,FAC0053,Ernakulam,Kerala,31.82
FAC0034,FAC0054,Ernakulam,Kerala,19.88
FAC0034,FAC0055,Ernakulam,Kerala,26.23
FAC0034,FAC0056,Ernakulam,Kerala,23.21
FAC0034,FAC0057,Ernakulam,Kerala,12.55
FAC0034,FAC0058,Ernakulam,Kerala,6.52
FAC0034,FAC0059,Ernakulam,Kerala,15.04
FAC0034,FAC0060,Ernakulam,Kerala,14.21
FAC0035,FAC0031,Ernakulam,Kerala,16.18
FAC0035,FAC0032,Ernakulam,Kerala,16.01
FAC0035,FAC0033,Ernakulam,Kerala,18.83
FAC0035,FAC0034,Ernakulam,Kerala,9.61
FAC0035,FAC0036,Ernakulam,Kerala,14.52
FAC0035,FAC0037,Ernakulam,Kerala,13.74
FAC0035,FAC0038,Ernakulam,Kerala,11.15
FAC0035,FAC0039,Ernakulam,Kerala,14.01
FAC0035,FAC0040,Ernakulam,Kerala,11.76
FAC0035,FAC0041,Ernakulam,Kerala,19.03
FAC0035,FAC0042,Ernakulam,Kerala,15.66
FAC0035,FAC0043,Ernakulam,Kerala,14.65
FAC0035,FAC0044,Ernakulam,Kerala,32.89
FAC0035,FAC0045,Ernakulam,Kerala,1.23
FAC0035,FAC0046,Ernakulam,Kerala,26.57
FAC0035,FAC0047,Ernakulam,Kerala,17.76
FAC0035,FAC0048,Ernakulam,Kerala,26.93
FAC0035,FAC0049,Ernakulam,Kerala,33.05
FAC0035,FAC0050,Ernakulam,Kerala,27.15
FAC0035,FAC0051,Ernakulam,Kerala,30.04
FAC0035,FAC0052,Ernakulam,Kerala,32.55
FAC0035,FAC0053,Ernakulam,Kerala,39.59
FAC0035,FAC0054,Ernakulam,Kerala,17.62
FAC0035,FAC0055,Ernakulam,Kerala,18.37
FAC0035,FAC0056,Ernakulam,Kerala,30.98
FAC0035,FAC0057,Ernakulam,Kerala,20.32
FAC0035,FAC0058,Ernakulam,Kerala,7.96
FAC0035,FAC0059,Ernakulam,Kerala,22.81
FAC0035,FAC0060,Ernakulam,Kerala,21.98
FAC0036,FAC0031,Ernakulam,Kerala,25.98
FAC0036,FAC0032,Ernakulam,Kerala,25.81
FAC0036,FAC0033,Ernakulam,Kerala,10.03
FAC0036,FAC0034,Ernakulam,Kerala,8.54
FAC0036,FAC0035,Ernakulam,Kerala,12.29
FAC0036,FAC0037,Ernakulam,Kerala,10.74
FAC0036,FAC0038,Ernakulam,Kerala,12.32
FAC0036,FAC0039,Ernakulam,Kerala,14.21
FAC0036,FAC0040,Ernakulam,Kerala,12.93
FAC0036,FAC0041,Ernakulam,Kerala,10.23
FAC0036,FAC0042,Ernakulam,Kerala,3.21
FAC0036,FAC0043,Ernakulam,Kerala,2.34
FAC0036,FAC0044,Ernakulam,Kerala,19.36
FAC0036,FAC0045,Ernakulam,Kerala,12.63
FAC0036,FAC0046,Ernakulam,Kerala,21.21
FAC0036,FAC0047,Ernakulam,Kerala,18.93
FAC0036,FAC0048,Ernakulam,Kerala,19.3
FAC0036,FAC0049,Ernakulam,Kerala,19.52
FAC0036,FAC0050,Ernakulam,Kerala,21.8
FAC0036,FAC0051,Ernakulam,Kerala,28.47
FAC0036,FAC0052,Ernakulam,Kerala,27.19
FAC0036,FAC0053,Ernakulam,Kerala,31.27
FAC0036,FAC0054,Ernakulam,Kerala,22.21
FAC0036,FAC0055,Ernakulam,Kerala,29.77
FAC0036,FAC0056,Ernakulam,Kerala,25.62
FAC0036,FAC0057,Ernakulam,Kerala,14.97
FAC0036,FAC0058,Ernakulam,Kerala,13.7
FAC0036,FAC0059,Ernakulam,Kerala,17.45
FAC0036,FAC0060,Ernakulam,Kerala,16.63
FAC0037,FAC0031,Ernakulam,Kerala,16.41
FAC0037,FAC0032,Ernakulam,Kerala,16.24
FAC0037,FAC0033,Ernakulam,Kerala,5.09
FAC0037,FAC0034,Ernakulam,Kerala,11.86
FAC0037,FAC0035,Ernakulam,Kerala,14.3
FAC0037,FAC0036,Ernakulam,Kerala,10.74
FAC0037,FAC0038,Ernakulam,Kerala,4.59
FAC0037,FAC0039,Ernakulam,Kerala,4.61
FAC0037,FAC0040,Ernakulam,Kerala,6.46
FAC0037,FAC0041,Ernakulam,Kerala,5.29
FAC0037,FAC0042,Ernakulam,Kerala,12.51
FAC0037,FAC0043,Ernakulam,Kerala,11.28
FAC0037,FAC0044,Ernakulam,Kerala,27.89
FAC0037,FAC0045,Ernakulam,Kerala,14.78
FAC0037,FAC0046,Ernakulam,Kerala,29.25
FAC0037,FAC0047,Ernakulam,Kerala,10.53
FAC0037,FAC0048,Ernakulam,Kerala,28.99
FAC0037,FAC0049,Ernakulam,Kerala,28.05
FAC0037,FAC0050,Ernakulam,Kerala,29.84
FAC0037,FAC0051,Ernakulam,Kerala,32.46
FAC0037,FAC0052,Ernakulam,Kerala,35.23
FAC0037,FAC0053,Ernakulam,Kerala,39.8
FAC0037,FAC0054,Ernakulam,Kerala,12.64
FAC0037,FAC0055,Ernakulam,Kerala,31.47
FAC0037,FAC0056,Ernakulam,Kerala,33.66
FAC0037,FAC0057,Ernakulam,Kerala,23.01
FAC0037,FAC0058,Ernakulam,Kerala,17.51
FAC0037,FAC0059,Ernakulam,Kerala,25.5
FAC0037,FAC0060,Ernakulam,Kerala,24.67
FAC0038,FAC0031,Ernakulam,Kerala,15.89
FAC0038,FAC0032,Ernakulam,Kerala,15.72
FAC0038,FAC0033,Ernakulam,Kerala,10.49
FAC0038,FAC0034,Ernakulam,Kerala,9.58
FAC0038,FAC0035,Ernakulam,Kerala,12.11
FAC0038,FAC0036,Ernakulam,Kerala,13.69
FAC0038,FAC0037,Ernakulam,Kerala,5.4
FAC0038,FAC0039,Ernakulam,Kerala,5.09
FAC0038,FAC0040,Ernakulam,Kerala,2.84
FAC0038,FAC0041,Ernakulam,Kerala,10.69
FAC0038,FAC0042,Ernakulam,Kerala,15.47
FAC0038,FAC0043,Ernakulam,Kerala,14.23
FAC0038,FAC0044,Ernakulam,Kerala,33.04
FAC0038,FAC0045,Ernakulam,Kerala,12.59
FAC0038,FAC0046,Ernakulam,Kerala,26.98
FAC0038,FAC0047,Ernakulam,Kerala,8.84
FAC0038,FAC0048,Ernakulam,Kerala,27.33
FAC0038,FAC0049,Ernakulam,Kerala,33.21
FAC0038,FAC0050,Ernakulam,Kerala,27.56
FAC0038,FAC0051,Ernakulam,Kerala,30.18
FAC0038,FAC0052,Ernakulam,Kerala,32.95
FAC0038,FAC0053,Ernakulam,Kerala,39.99
FAC0038,FAC0054,Ernakulam,Kerala,12.12
FAC0038,FAC0055,Ernakulam,Kerala,29.28
FAC0038,FAC0056,Ernakulam,Kerala,31.38
FAC0038,FAC0057,Ernakulam,Kerala,20.73
FAC0038,FAC0058,Ernakulam,Kerala,15.23
FAC0038,FAC0059,Ernakulam,Kerala,23.21
FAC0038,FAC0060,Ernakulam,Kerala,22.39
FAC0039,FAC0031,Ernakulam,Kerala,12.65
FAC0039,FAC0032,Ernakulam,Kerala,12.48
FAC0039,FAC0033,Ernakulam,Kerala,9.18
FAC0039,FAC0034,Ernakulam,Kerala,12.04
FAC0039,FAC0035,Ernakulam,Kerala,14.75
FAC0039,FAC0036,Ernakulam,Kerala,15.7
FAC0039,FAC0037,Ernakulam,Kerala,4.97
FAC0039,FAC0038,Ernakulam,Kerala,5.04
FAC0039,FAC0040,Ernakulam,Kerala,3.06
FAC0039,FAC0041,Ernakulam,Kerala,9.38
FAC0039,FAC0042,Ernakulam,Kerala,17.48
FAC0039,FAC0043,Ernakulam,Kerala,16.24
FAC0039,FAC0044,Ernakulam,Kerala,32.85
FAC0039,FAC0045,Ernakulam,Kerala,15.22
FAC0039,FAC0046,Ernakulam,Kerala,29.44
FAC0039,FAC0047,Ernakulam,Kerala,6.77
FAC0039,FAC0048,Ernakulam,Kerala,29.8
FAC0039,FAC0049,Ernakulam,Kerala,33.02
FAC0039,FAC0050,Ernakulam,Kerala,30.02
FAC0039,FAC0051,Ernakulam,Kerala,32.64
FAC0039,FAC0052,Ernakulam,Kerala,35.41
FAC0039,FAC0053,Ernakulam,Kerala,42.46
FAC0039,FAC0054,Ernakulam,Kerala,8.87
FAC0039,FAC0055,Ernakulam,Kerala,31.92
FAC0039,FAC0056,Ernakulam,Kerala,33.85
FAC0039,FAC0057,Ernakulam,Kerala,23.19
FAC0039,FAC0058,Ernakulam,Kerala,17.69
FAC0039,FAC0059,Ernakulam,Kerala,25.68
FAC0039,FAC0060,Ernakulam,Kerala,24.85
FAC0040,FAC0031,Ernakulam,Kerala,15.54
FAC0040,FAC0032,Ernakulam,Kerala,15.37
FAC0040,FAC0033,Ernakulam,Kerala,11.82
FAC0040,FAC0034,Ernakulam,Kerala,9.3
FAC0040,FAC0035,Ernakulam,Kerala,12.02
FAC0040,FAC0036,Ernakulam,Kerala,13.41
FAC0040,FAC0037,Ernakulam,Kerala,6.73
FAC0040,FAC0038,Ernakulam,Kerala,4.56
FAC0040,FAC0039,Ernakulam,Kerala,4.74
FAC0040,FAC0041,Ernakulam,Kerala,12.02
FAC0040,FAC0042,Ernakulam,Kerala,15.19
FAC0040,FAC0043,Ernakulam,Kerala,13.95
FAC0040,FAC0044,Ernakulam,Kerala,32.77
FAC0040,FAC0045,Ernakulam,Kerala,12.49
FAC0040,FAC0046,Ernakulam,Kerala,26.7
FAC0040,FAC0047,Ernakulam,Kerala,8.49
FAC0040,FAC0048,Ernakulam,Kerala,27.06
FAC0040,FAC0049,Ernakulam,Kerala,32.93
FAC0040,FAC0050,Ernakulam,Kerala,27.28
FAC0040,FAC0051,Ernakulam,Kerala,29.9
FAC0040,FAC0052,Ernakulam,Kerala,32.68
FAC0040,FAC0053,Ernakulam,Kerala,39.72
FAC0040,FAC0054,Ernakulam,Kerala,11.76
FAC0040,FAC0055,Ernakulam,Kerala,29.19
FAC0040,FAC0056,Ernakulam,Kerala,31.11
FAC0040,FAC0057,Ernakulam,Kerala,20.45
FAC0040,FAC0058,Ernakulam,Kerala,14.95
FAC0040,FAC0059,Ernakulam,Kerala,22.94
FAC0040,FAC0060,Ernakulam,Kerala,22.11
FAC0041,FAC0031,Ernakulam,Kerala,20.9
FAC0041,FAC0032,Ernakulam,Kerala,20.73
FAC0041,FAC0033,Ernakulam,Kerala,0.2
FAC0041,FAC0034,Ernakulam,Kerala,16.34
FAC0041,FAC0035,Ernakulam,Kerala,18.79
FAC0041,FAC0036,Ernakulam,Kerala,10.65
FAC0041,FAC0037,Ernakulam,Kerala,5.62
FAC0041,FAC0038,Ernakulam,Kerala,9.07
FAC0041,FAC0039,Ernakulam,Kerala,9.09
FAC0041,FAC0040,Ernakulam,Kerala,10.94
FAC0041,FAC0042,Ernakulam,Kerala,12.43
FAC0041,FAC0043,Ernakulam,Kerala,11.19
FAC0041,FAC0044,Ernakulam,Kerala,26.9
FAC0041,FAC0045,Ernakulam,Kerala,19.26
FAC0041,FAC0046,Ernakulam,Kerala,30.07
FAC0041,FAC0047,Ernakulam,Kerala,15.02
FAC0041,FAC0048,Ernakulam,Kerala,28.01
FAC0041,FAC0049,Ernakulam,Kerala,27.07
FAC0041,FAC0050,Ernakulam,Kerala,30.65
FAC0041,FAC0051,Ernakulam,Kerala,36.94
FAC0041,FAC0052,Ernakulam,Kerala,36.05
FAC0041,FAC0053,Ernakulam,Kerala,38.05
FAC0041,FAC0054,Ernakulam,Kerala,17.12
FAC0041,FAC0055,Ernakulam,Kerala,35.96
FAC0041,FAC0056,Ernakulam,Kerala,34.48
FAC0041,FAC0057,Ernakulam,Kerala,23.82
FAC0041,FAC0058,Ernakulam,Kerala,21.99
FAC0041,FAC0059,Ernakulam,Kerala,26.31
FAC0041,FAC0060,Ernakulam,Kerala,25.48
FAC0042,FAC0031,Ernakulam,Kerala,27.71
FAC0042,FAC0032,Ernakulam,Kerala,27.54
FAC0042,FAC0033,Ernakulam,Kerala,11.73
FAC0042,FAC0034,Ernakulam,Kerala,8.23
FAC0042,FAC0035,Ernakulam,Kerala,14.05
FAC0042,FAC0036,Ernakulam,Kerala,3.25
FAC0042,FAC0037,Ernakulam,Kerala,12.44
FAC0042,FAC0038,Ernakulam,Kerala,14.08
FAC0042,FAC0039,Ernakulam,Kerala,15.91
FAC0042,FAC0040,Ernakulam,Kerala,14.69
FAC0042,FAC0041,Ernakulam,Kerala,11.93
FAC0042,FAC0043,Ernakulam,Kerala,2.77
FAC0042,FAC0044,Ernakulam,Kerala,22.61
FAC0042,FAC0045,Ernakulam,Kerala,14.39
FAC0042,FAC0046,Ernakulam,Kerala,20.91
FAC0042,FAC0047,Ernakulam,Kerala,20.69
FAC0042,FAC0048,Ernakulam,Kerala,19.39
FAC0042,FAC0049,Ernakulam,Kerala,22.77
FAC0042,FAC0050,Ernakulam,Kerala,21.5
FAC0042,FAC0051,Ernakulam,Kerala,28.17
FAC0042,FAC0052,Ernakulam,Kerala,26.89
FAC0042,FAC0053,Ernakulam,Kerala,33.93
FAC0042,FAC0054,Ernakulam,Kerala,23.94
FAC0042,FAC0055,Ernakulam,Kerala,31.53
FAC0042,FAC0056,Ernakulam,Kerala,25.32
FAC0042,FAC0057,Ernakulam,Kerala,14.66
FAC0042,FAC0058,Ernakulam,Kerala,13.4
FAC0042,FAC0059,Ernakulam,Kerala,17.15
FAC0042,FAC0060,Ernakulam,Kerala,16.33
FAC0043,FAC0031,Ernakulam,Kerala,26.53
FAC0043,FAC0032,Ernakulam,Kerala,26.36
FAC0043,FAC0033,Ernakulam,Kerala,10.55
FAC0043,FAC0034,Ernakulam,Kerala,7.0
FAC0043,FAC0035,Ernakulam,Kerala,12.87
FAC0043,FAC0036,Ernakulam,Kerala,2.18
FAC0043,FAC0037,Ernakulam,Kerala,11.26
FAC0043,FAC0038,Ernakulam,Kerala,12.9
FAC0043,FAC0039,Ernakulam,Kerala,14.73
FAC0043,FAC0040,Ernakulam,Kerala,13.51
FAC0043,FAC0041,Ernakulam,Kerala,10.75
FAC0043,FAC0042,Ernakulam,Kerala,2.67
FAC0043,FAC0044,Ernakulam,Kerala,21.54
FAC0043,FAC0045,Ernakulam,Kerala,13.21
FAC0043,FAC0046,Ernakulam,Kerala,19.68
FAC0043,FAC0047,Ernakulam,Kerala,19.51
FAC0043,FAC0048,Ernakulam,Kerala,19.7
FAC0043,FAC0049,Ernakulam,Kerala,21.7
FAC0043,FAC0050,Ernakulam,Kerala,20.27
FAC0043,FAC0051,Ernakulam,Kerala,26.93
FAC0043,FAC0052,Ernakulam,Kerala,25.66
FAC0043,FAC0053,Ernakulam,Kerala,32.7
FAC0043,FAC0054,Ernakulam,Kerala,22.76
FAC0043,FAC0055,Ernakulam,Kerala,30.35
FAC0043,FAC0056,Ernakulam,Kerala,24.09
FAC0043,FAC0057,Ernakulam,Kerala,13.44
FAC0043,FAC0058,Ernakulam,Kerala,12.17
FAC0043,FAC0059,Ernakulam,Kerala,15.92
FAC0043,FAC0060,Ernakulam,Kerala,15.1
FAC0044,FAC0031,Ernakulam,Kerala,43.53
FAC0044,FAC0032,Ernakulam,Kerala,43.36
FAC0044,FAC0033,Ernakulam,Kerala,26.87
FAC0044,FAC0034,Ernakulam,Kerala,25.89
FAC0044,FAC0035,Ernakulam,Kerala,31.64
FAC0044,FAC0036,Ernakulam,Kerala,19.35
FAC0044,FAC0037,Ernakulam,Kerala,28.26
FAC0044,FAC0038,Ernakulam,Kerala,31.67
FAC0044,FAC0039,Ernakulam,Kerala,31.73
FAC0044,FAC0040,Ernakulam,Kerala,32.28
FAC0044,FAC0041,Ernakulam,Kerala,27.07
FAC0044,FAC0042,Ernakulam,Kerala,22.56
FAC0044,FAC0043,Ernakulam,Kerala,21.69
FAC0044,FAC0045,Ernakulam,Kerala,31.98
FAC0044,FAC0046,Ernakulam,Kerala,13.23
FAC0044,FAC0047,Ernakulam,Kerala,37.65
FAC0044,FAC0048,Ernakulam,Kerala,8.19
FAC0044,FAC0049,Ernakulam,Kerala,0.54
FAC0044,FAC0050,Ernakulam,Kerala,21.39
FAC0044,FAC0051,Ernakulam,Kerala,33.0
FAC0044,FAC0052,Ernakulam,Kerala,27.24
FAC0044,FAC0053,Ernakulam,Kerala,11.92
FAC0044,FAC0054,Ernakulam,Kerala,39.76
FAC0044,FAC0055,Ernakulam,Kerala,46.09
FAC0044,FAC0056,Ernakulam,Kerala,25.67
FAC0044,FAC0057,Ernakulam,Kerala,15.09
FAC0044,FAC0058,Ernakulam,Kerala,31.05
FAC0044,FAC0059,Ernakulam,Kerala,17.5
FAC0044,FAC0060,Ernakulam,Kerala,13.87
FAC0045,FAC0031,Ernakulam,Kerala,16.95
FAC0045,FAC0032,Ernakulam,Kerala,16.78
FAC0045,FAC0033,Ernakulam,Kerala,20.15
FAC0045,FAC0034,Ernakulam,Kerala,9.53
FAC0045,FAC0035,Ernakulam,Kerala,1.4
FAC0045,FAC0036,Ernakulam,Kerala,14.44
FAC0045,FAC0037,Ernakulam,Kerala,15.06
FAC0045,FAC0038,Ernakulam,Kerala,12.47
FAC0045,FAC0039,Ernakulam,Kerala,15.33
FAC0045,FAC0040,Ernakulam,Kerala,13.08
FAC0045,FAC0041,Ernakulam,Kerala,20.35
FAC0045,FAC0042,Ernakulam,Kerala,15.58
FAC0045,FAC0043,Ernakulam,Kerala,14.58
FAC0045,FAC0044,Ernakulam,Kerala,32.82
FAC0045,FAC0046,Ernakulam,Kerala,26.49
FAC0045,FAC0047,Ernakulam,Kerala,19.08
FAC0045,FAC0048,Ernakulam,Kerala,26.85
FAC0045,FAC0049,Ernakulam,Kerala,32.98
FAC0045,FAC0050,Ernakulam,Kerala,27.07
FAC0045,FAC0051,Ernakulam,Kerala,29.96
FAC0045,FAC0052,Ernakulam,Kerala,32.47
FAC0045,FAC0053,Ernakulam,Kerala,39.51
FAC0045,FAC0054,Ernakulam,Kerala,18.4
FAC0045,FAC0055,Ernakulam,Kerala,18.88
FAC0045,FAC0056,Ernakulam,Kerala,30.9
FAC0045,FAC0057,Ernakulam,Kerala,20.24
FAC0045,FAC0058,Ernakulam,Kerala,7.89
FAC0045,FAC0059,Ernakulam,Kerala,22.73
FAC0045,FAC0060,Ernakulam,Kerala,21.9
FAC0046,FAC0031,Ernakulam,Kerala,41.23
FAC0046,FAC0032,Ernakulam,Kerala,41.05
FAC0046,FAC0033,Ernakulam,Kerala,29.14
FAC0046,FAC0034,Ernakulam,Kerala,19.82
FAC0046,FAC0035,Ernakulam,Kerala,27.21
FAC0046,FAC0036,Ernakulam,Kerala,20.77
FAC0046,FAC0037,Ernakulam,Kerala,29.85
FAC0046,FAC0038,Ernakulam,Kerala,27.56
FAC0046,FAC0039,Ernakulam,Kerala,30.42
FAC0046,FAC0040,Ernakulam,Kerala,28.18
FAC0046,FAC0041,Ernakulam,Kerala,29.34
FAC0046,FAC0042,Ernakulam,Kerala,20.73
FAC0046,FAC0043,Ernakulam,Kerala,19.5
FAC0046,FAC0044,Ernakulam,Kerala,13.28
FAC0046,FAC0045,Ernakulam,Kerala,27.56
FAC0046,FAC0047,Ernakulam,Kerala,34.17
FAC0046,FAC0048,Ernakulam,Kerala,7.31
FAC0046,FAC0049,Ernakulam,Kerala,13.44
FAC0046,FAC0050,Ernakulam,Kerala,11.98
FAC0046,FAC0051,Ernakulam,Kerala,26.1
FAC0046,FAC0052,Ernakulam,Kerala,18.53
FAC0046,FAC0053,Ernakulam,Kerala,16.0
FAC0046,FAC0054,Ernakulam,Kerala,37.45
FAC0046,FAC0055,Ernakulam,Kerala,39.2
FAC0046,FAC0056,Ernakulam,Kerala,16.96
FAC0046,FAC0057,Ernakulam,Kerala,7.21
FAC0046,FAC0058,Ernakulam,Kerala,24.99
FAC0046,FAC0059,Ernakulam,Kerala,10.6
FAC0046,FAC0060,Ernakulam,Kerala,5.41
FAC0047,FAC0031,Ernakulam,Kerala,16.04
FAC0047,FAC0032,Ernakulam,Kerala,15.86
FAC0047,FAC0033,Ernakulam,Kerala,13.83
FAC0047,FAC0034,Ernakulam,Kerala,14.78
FAC0047,FAC0035,Ernakulam,Kerala,17.49
FAC0047,FAC0036,Ernakulam,Kerala,18.88
FAC0047,FAC0037,Ernakulam,Kerala,9.62
FAC0047,FAC0038,Ernakulam,Kerala,9.68
FAC0047,FAC0039,Ernakulam,Kerala,5.39
FAC0047,FAC0040,Ernakulam,Kerala,5.79
FAC0047,FAC0041,Ernakulam,Kerala,14.03
FAC0047,FAC0042,Ernakulam,Kerala,20.66
FAC0047,FAC0043,Ernakulam,Kerala,19.43
FAC0047,FAC0044,Ernakulam,Kerala,37.5
FAC0047,FAC0045,Ernakulam,Kerala,17.96
FAC0047,FAC0046,Ernakulam,Kerala,32.17
FAC0047,FAC0048,Ernakulam,Kerala,32.53
FAC0047,FAC0049,Ernakulam,Kerala,37.67
FAC0047,FAC0050,Ernakulam,Kerala,32.75
FAC0047,FAC0051,Ernakulam,Kerala,35.38
FAC0047,FAC0052,Ernakulam,Kerala,38.15
FAC0047,FAC0053,Ernakulam,Kerala,45.19
FAC0047,FAC0054,Ernakulam,Kerala,11.41
FAC0047,FAC0055,Ernakulam,Kerala,34.66
FAC0047,FAC0056,Ernakulam,Kerala,36.58
FAC0047,FAC0057,Ernakulam,Kerala,25.92
FAC0047,FAC0058,Ernakulam,Kerala,20.43
FAC0047,FAC0059,Ernakulam,Kerala,28.41
FAC0047,FAC0060,Ernakulam,Kerala,27.58
FAC0048,FAC0031,Ernakulam,Kerala,41.82
FAC0048,FAC0032,Ernakulam,Kerala,41.64
FAC0048,FAC0033,Ernakulam,Kerala,28.68
FAC0048,FAC0034,Ernakulam,Kerala,20.42
FAC0048,FAC0035,Ernakulam,Kerala,27.8
FAC0048,FAC0036,Ernakulam,Kerala,19.72
FAC0048,FAC0037,Ernakulam,Kerala,30.07
FAC0048,FAC0038,Ernakulam,Kerala,28.15
FAC0048,FAC0039,Ernakulam,Kerala,31.02
FAC0048,FAC0040,Ernakulam,Kerala,28.77
FAC0048,FAC0041,Ernakulam,Kerala,28.88
FAC0048,FAC0042,Ernakulam,Kerala,19.7
FAC0048,FAC0043,Ernakulam,Kerala,20.02
FAC0048,FAC0044,Ernakulam,Kerala,8.64
FAC0048,FAC0045,Ernakulam,Kerala,28.15
FAC0048,FAC0046,Ernakulam,Kerala,7.76
FAC0048,FAC0047,Ernakulam,Kerala,34.77
FAC0048,FAC0049,Ernakulam,Kerala,8.8
FAC0048,FAC0050,Ernakulam,Kerala,16.37
FAC0048,FAC0051,Ernakulam,Kerala,27.52
FAC0048,FAC0052,Ernakulam,Kerala,21.77
FAC0048,FAC0053,Ernakulam,Kerala,20.56
FAC0048,FAC0054,Ernakulam,Kerala,38.04
FAC0048,FAC0055,Ernakulam,Kerala,40.62
FAC0048,FAC0056,Ernakulam,Kerala,20.2
FAC0048,FAC0057,Ernakulam,Kerala,9.62
FAC0048,FAC0058,Ernakulam,Kerala,25.58
FAC0048,FAC0059,Ernakulam,Kerala,12.03
FAC0048,FAC0060,Ernakulam,Kerala,8.39
FAC0049,FAC0031,Ernakulam,Kerala,43.74
FAC0049,FAC0032,Ernakulam,Kerala,43.57
FAC0049,FAC0033,Ernakulam,Kerala,27.08
FAC0049,FAC0034,Ernakulam,Kerala,26.1
FAC0049,FAC0035,Ernakulam,Kerala,31.85
FAC0049,FAC0036,Ernakulam,Kerala,19.56
FAC0049,FAC0037,Ernakulam,Kerala,28.47
FAC0049,FAC0038,Ernakulam,Kerala,31.88
FAC0049,FAC0039,Ernakulam,Kerala,31.94
FAC0049,FAC0040,Ernakulam,Kerala,32.49
FAC0049,FAC0041,Ernakulam,Kerala,27.28
FAC0049,FAC0042,Ernakulam,Kerala,22.77
FAC0049,FAC0043,Ernakulam,Kerala,21.9
FAC0049,FAC0044,Ernakulam,Kerala,0.49
FAC0049,FAC0045,Ernakulam,Kerala,32.19
FAC0049,FAC0046,Ernakulam,Kerala,13.44
FAC0049,FAC0047,Ernakulam,Kerala,37.86
FAC0049,FAC0048,Ernakulam,Kerala,8.4
FAC0049,FAC0050,Ernakulam,Kerala,21.88
FAC0049,FAC0051,Ernakulam,Kerala,33.21
FAC0049,FAC0052,Ernakulam,Kerala,27.45
FAC0049,FAC0053,Ernakulam,Kerala,12.41
FAC0049,FAC0054,Ernakulam,Kerala,39.97
FAC0049,FAC0055,Ernakulam,Kerala,46.3
FAC0049,FAC0056,Ernakulam,Kerala,25.88
FAC0049,FAC0057,Ernakulam,Kerala,15.3
FAC0049,FAC0058,Ernakulam,Kerala,31.27
FAC0049,FAC0059,Ernakulam,Kerala,17.71
FAC0049,FAC0060,Ernakulam,Kerala,14.07
FAC0050,FAC0031,Ernakulam,Kerala,41.36
FAC0050,FAC0032,Ernakulam,Kerala,41.19
FAC0050,FAC0033,Ernakulam,Kerala,29.27
FAC0050,FAC0034,Ernakulam,Kerala,19.96
FAC0050,FAC0035,Ernakulam,Kerala,27.35
FAC0050,FAC0036,Ernakulam,Kerala,20.91
FAC0050,FAC0037,Ernakulam,Kerala,29.98
FAC0050,FAC0038,Ernakulam,Kerala,27.7
FAC0050,FAC0039,Ernakulam,Kerala,30.56
FAC0050,FAC0040,Ernakulam,Kerala,28.31
FAC0050,FAC0041,Ernakulam,Kerala,29.47
FAC0050,FAC0042,Ernakulam,Kerala,20.87
FAC0050,FAC0043,Ernakulam,Kerala,19.63
FAC0050,FAC0044,Ernakulam,Kerala,21.34
FAC0050,FAC0045,Ernakulam,Kerala,27.69
FAC0050,FAC0046,Ernakulam,Kerala,11.8
FAC0050,FAC0047,Ernakulam,Kerala,34.31
FAC0050,FAC0048,Ernakulam,Kerala,15.68
FAC0050,FAC0049,Ernakulam,Kerala,21.87
FAC0050,FAC0051,Ernakulam,Kerala,20.37
FAC0050,FAC0052,Ernakulam,Kerala,9.74
FAC0050,FAC0053,Ernakulam,Kerala,12.66
FAC0050,FAC0054,Ernakulam,Kerala,37.59
FAC0050,FAC0055,Ernakulam,Kerala,33.47
FAC0050,FAC0056,Ernakulam,Kerala,8.17
FAC0050,FAC0057,Ernakulam,Kerala,7.55
FAC0050,FAC0058,Ernakulam,Kerala,25.12
FAC0050,FAC0059,Ernakulam,Kerala,7.65
FAC0050,FAC0060,Ernakulam,Kerala,9.21
FAC0051,FAC0031,Ernakulam,Kerala,36.91
FAC0051,FAC0032,Ernakulam,Kerala,37.08
FAC0051,FAC0033,Ernakulam,Kerala,36.84
FAC0051,FAC0034,Ernakulam,Kerala,22.15
FAC0051,FAC0035,Ernakulam,Kerala,29.53
FAC0051,FAC0036,Ernakulam,Kerala,28.48
FAC0051,FAC0037,Ernakulam,Kerala,32.45
FAC0051,FAC0038,Ernakulam,Kerala,29.58
FAC0051,FAC0039,Ernakulam,Kerala,32.45
FAC0051,FAC0040,Ernakulam,Kerala,30.2
FAC0051,FAC0041,Ernakulam,Kerala,37.04
FAC0051,FAC0042,Ernakulam,Kerala,28.43
FAC0051,FAC0043,Ernakulam,Kerala,27.2
FAC0051,FAC0044,Ernakulam,Kerala,33.22
FAC0051,FAC0045,Ernakulam,Kerala,29.88
FAC0051,FAC0046,Ernakulam,Kerala,26.04
FAC0051,FAC0047,Ernakulam,Kerala,36.2
FAC0051,FAC0048,Ernakulam,Kerala,27.26
FAC0051,FAC0049,Ernakulam,Kerala,33.39
FAC0051,FAC0050,Ernakulam,Kerala,20.23
FAC0051,FAC0052,Ernakulam,Kerala,11.49
FAC0051,FAC0053,Ernakulam,Kerala,32.67
FAC0051,FAC0054,Ernakulam,Kerala,39.47
FAC0051,FAC0055,Ernakulam,Kerala,16.2
FAC0051,FAC0056,Ernakulam,Kerala,17.15
FAC0051,FAC0057,Ernakulam,Kerala,19.12
FAC0051,FAC0058,Ernakulam,Kerala,27.31
FAC0051,FAC0059,Ernakulam,Kerala,19.72
FAC0051,FAC0060,Ernakulam,Kerala,20.79
FAC0052,FAC0031,Ernakulam,Kerala,45.18
FAC0052,FAC0032,Ernakulam,Kerala,45.36
FAC0052,FAC0033,Ernakulam,Kerala,35.14
FAC0052,FAC0034,Ernakulam,Kerala,25.57
FAC0052,FAC0035,Ernakulam,Kerala,32.96
FAC0052,FAC0036,Ernakulam,Kerala,26.78
FAC0052,FAC0037,Ernakulam,Kerala,35.85
FAC0052,FAC0038,Ernakulam,Kerala,33.01
FAC0052,FAC0039,Ernakulam,Kerala,35.87
FAC0052,FAC0040,Ernakulam,Kerala,33.62
FAC0052,FAC0041,Ernakulam,Kerala,35.34
FAC0052,FAC0042,Ernakulam,Kerala,26.73
FAC0052,FAC0043,Ernakulam,Kerala,25.5
FAC0052,FAC0044,Ernakulam,Kerala,27.52
FAC0052,FAC0045,Ernakulam,Kerala,33.31
FAC0052,FAC0046,Ernakulam,Kerala,18.52
FAC0052,FAC0047,Ernakulam,Kerala,39.62
FAC0052,FAC0048,Ernakulam,Kerala,21.55
FAC0052,FAC0049,Ernakulam,Kerala,27.68
FAC0052,FAC0050,Ernakulam,Kerala,9.6
FAC0052,FAC0051,Ernakulam,Kerala,11.38
FAC0052,FAC0053,Ernakulam,Kerala,22.03
FAC0052,FAC0054,Ernakulam,Kerala,42.9
FAC0052,FAC0055,Ernakulam,Kerala,24.48
FAC0052,FAC0056,Ernakulam,Kerala,7.97
FAC0052,FAC0057,Ernakulam,Kerala,13.42
FAC0052,FAC0058,Ernakulam,Kerala,30.74
FAC0052,FAC0059,Ernakulam,Kerala,13.51
FAC0052,FAC0060,Ernakulam,Kerala,15.08
FAC0053,FAC0031,Ernakulam,Kerala,53.95
FAC0053,FAC0032,Ernakulam,Kerala,53.78
FAC0053,FAC0033,Ernakulam,Kerala,38.03
FAC0053,FAC0034,Ernakulam,Kerala,32.55
FAC0053,FAC0035,Ernakulam,Kerala,39.93
FAC0053,FAC0036,Ernakulam,Kerala,31.25
FAC0053,FAC0037,Ernakulam,Kerala,40.16
FAC0053,FAC0038,Ernakulam,Kerala,40.28
FAC0053,FAC0039,Ernakulam,Kerala,43.15
FAC0053,FAC0040,Ernakulam,Kerala,40.9
FAC0053,FAC0041,Ernakulam,Kerala,37.92
FAC0053,FAC0042,Ernakulam,Kerala,33.45
FAC0053,FAC0043,Ernakulam,Kerala,32.22
FAC0053,FAC0044,Ernakulam,Kerala,11.9
FAC0053,FAC0045,Ernakulam,Kerala,40.28
FAC0053,FAC0046,Ernakulam,Kerala,15.82
FAC0053,FAC0047,Ernakulam,Kerala,46.9
FAC0053,FAC0048,Ernakulam,Kerala,20.09
FAC0053,FAC0049,Ernakulam,Kerala,12.44
FAC0053,FAC0050,Ernakulam,Kerala,12.76
FAC0053,FAC0051,Ernakulam,Kerala,32.96
FAC0053,FAC0052,Ernakulam,Kerala,22.33
FAC0053,FAC0054,Ernakulam,Kerala,50.17
FAC0053,FAC0055,Ernakulam,Kerala,46.06
FAC0053,FAC0056,Ernakulam,Kerala,19.8
FAC0053,FAC0057,Ernakulam,Kerala,20.14
FAC0053,FAC0058,Ernakulam,Kerala,37.71
FAC0053,FAC0059,Ernakulam,Kerala,20.23
FAC0053,FAC0060,Ernakulam,Kerala,19.64
FAC0054,FAC0031,Ernakulam,Kerala,10.92
FAC0054,FAC0032,Ernakulam,Kerala,10.75
FAC0054,FAC0033,Ernakulam,Kerala,17.59
FAC0054,FAC0034,Ernakulam,Kerala,19.28
FAC0054,FAC0035,Ernakulam,Kerala,17.92
FAC0054,FAC0036,Ernakulam,Kerala,23.39
FAC0054,FAC0037,Ernakulam,Kerala,13.38
FAC0054,FAC0038,Ernakulam,Kerala,13.45
FAC0054,FAC0039,Ernakulam,Kerala,9.15
FAC0054,FAC0040,Ernakulam,Kerala,10.3
FAC0054,FAC0041,Ernakulam,Kerala,17.79
FAC0054,FAC0042,Ernakulam,Kerala,25.17
FAC0054,FAC0043,Ernakulam,Kerala,23.93
FAC0054,FAC0044,Ernakulam,Kerala,41.27
FAC0054,FAC0045,Ernakulam,Kerala,18.27
FAC0054,FAC0046,Ernakulam,Kerala,36.68
FAC0054,FAC0047,Ernakulam,Kerala,11.19
FAC0054,FAC0048,Ernakulam,Kerala,37.04
FAC0054,FAC0049,Ernakulam,Kerala,41.43
FAC0054,FAC0050,Ernakulam,Kerala,37.26
FAC0054,FAC0051,Ernakulam,Kerala,39.88
FAC0054,FAC0052,Ernakulam,Kerala,42.66
FAC0054,FAC0053,Ernakulam,Kerala,49.7
FAC0054,FAC0055,Ernakulam,Kerala,31.58
FAC0054,FAC0056,Ernakulam,Kerala,41.09
FAC0054,FAC0057,Ernakulam,Kerala,30.43
FAC0054,FAC0058,Ernakulam,Kerala,24.93
FAC0054,FAC0059,Ernakulam,Kerala,32.92
FAC0054,FAC0060,Ernakulam,Kerala,32.09
FAC0055,FAC0031,Ernakulam,Kerala,21.1
FAC0055,FAC0032,Ernakulam,Kerala,21.27
FAC0055,FAC0033,Ernakulam,Kerala,36.48
FAC0055,FAC0034,Ernakulam,Kerala,26.83
FAC0055,FAC0035,Ernakulam,Kerala,18.7
FAC0055,FAC0036,Ernakulam,Kerala,31.74
FAC0055,FAC0037,Ernakulam,Kerala,31.39
FAC0055,FAC0038,Ernakulam,Kerala,28.8
FAC0055,FAC0039,Ernakulam,Kerala,31.66
FAC0055,FAC0040,Ernakulam,Kerala,29.41
FAC0055,FAC0041,Ernakulam,Kerala,36.68
FAC0055,FAC0042,Ernakulam,Kerala,32.88
FAC0055,FAC0043,Ernakulam,Kerala,31.88
FAC0055,FAC0044,Ernakulam,Kerala,45.9
FAC0055,FAC0045,Ernakulam,Kerala,18.46
FAC0055,FAC0046,Ernakulam,Kerala,38.72
FAC0055,FAC0047,Ernakulam,Kerala,35.41
FAC0055,FAC0048,Ernakulam,Kerala,39.94
FAC0055,FAC0049,Ernakulam,Kerala,46.07
FAC0055,FAC0050,Ernakulam,Kerala,32.91
FAC0055,FAC0051,Ernakulam,Kerala,15.84
FAC0055,FAC0052,Ernakulam,Kerala,24.17
FAC0055,FAC0053,Ernakulam,Kerala,45.35
FAC0055,FAC0054,Ernakulam,Kerala,31.31
FAC0055,FAC0056,Ernakulam,Kerala,29.83
FAC0055,FAC0057,Ernakulam,Kerala,31.8
FAC0055,FAC0058,Ernakulam,Kerala,25.19
FAC0055,FAC0059,Ernakulam,Kerala,32.4
FAC0055,FAC0060,Ernakulam,Kerala,33.47
FAC0056,FAC0031,Ernakulam,Kerala,45.62
FAC0056,FAC0032,Ernakulam,Kerala,45.45
FAC0056,FAC0033,Ernakulam,Kerala,33.54
FAC0056,FAC0034,Ernakulam,Kerala,24.22
FAC0056,FAC0035,Ernakulam,Kerala,31.61
FAC0056,FAC0036,Ernakulam,Kerala,25.17
FAC0056,FAC0037,Ernakulam,Kerala,34.25
FAC0056,FAC0038,Ernakulam,Kerala,31.96
FAC0056,FAC0039,Ernakulam,Kerala,34.82
FAC0056,FAC0040,Ernakulam,Kerala,32.57
FAC0056,FAC0041,Ernakulam,Kerala,33.74
FAC0056,FAC0042,Ernakulam,Kerala,25.13
FAC0056,FAC0043,Ernakulam,Kerala,23.89
FAC0056,FAC0044,Ernakulam,Kerala,25.91
FAC0056,FAC0045,Ernakulam,Kerala,31.96
FAC0056,FAC0046,Ernakulam,Kerala,16.95
FAC0056,FAC0047,Ernakulam,Kerala,38.57
FAC0056,FAC0048,Ernakulam,Kerala,19.95
FAC0056,FAC0049,Ernakulam,Kerala,26.07
FAC0056,FAC0050,Ernakulam,Kerala,8.02
FAC0056,FAC0051,Ernakulam,Kerala,17.14
FAC0056,FAC0052,Ernakulam,Kerala,7.96
FAC0056,FAC0053,Ernakulam,Kerala,19.57
FAC0056,FAC0054,Ernakulam,Kerala,41.85
FAC0056,FAC0055,Ernakulam,Kerala,30.24
FAC0056,FAC0057,Ernakulam,Kerala,11.81
FAC0056,FAC0058,Ernakulam,Kerala,29.39
FAC0056,FAC0059,Ernakulam,Kerala,11.91
FAC0056,FAC0060,Ernakulam,Kerala,13.47
FAC0057,FAC0031,Ernakulam,Kerala,35.02
FAC0057,FAC0032,Ernakulam,Kerala,34.85
FAC0057,FAC0033,Ernakulam,Kerala,22.94
FAC0057,FAC0034,Ernakulam,Kerala,13.62
FAC0057,FAC0035,Ernakulam,Kerala,21.01
FAC0057,FAC0036,Ernakulam,Kerala,14.57
FAC0057,FAC0037,Ernakulam,Kerala,23.65
FAC0057,FAC0038,Ernakulam,Kerala,21.36
FAC0057,FAC0039,Ernakulam,Kerala,24.22
FAC0057,FAC0040,Ernakulam,Kerala,21.98
FAC0057,FAC0041,Ernakulam,Kerala,23.14
FAC0057,FAC0042,Ernakulam,Kerala,14.53
FAC0057,FAC0043,Ernakulam,Kerala,13.29
FAC0057,FAC0044,Ernakulam,Kerala,15.23
FAC0057,FAC0045,Ernakulam,Kerala,21.36
FAC0057,FAC0046,Ernakulam,Kerala,7.18
FAC0057,FAC0047,Ernakulam,Kerala,27.97
FAC0057,FAC0048,Ernakulam,Kerala,9.26
FAC0057,FAC0049,Ernakulam,Kerala,15.39
FAC0057,FAC0050,Ernakulam,Kerala,8.11
FAC0057,FAC0051,Ernakulam,Kerala,19.26
FAC0057,FAC0052,Ernakulam,Kerala,13.5
FAC0057,FAC0053,Ernakulam,Kerala,20.55
FAC0057,FAC0054,Ernakulam,Kerala,31.25
FAC0057,FAC0055,Ernakulam,Kerala,32.36
FAC0057,FAC0056,Ernakulam,Kerala,11.94
FAC0057,FAC0058,Ernakulam,Kerala,18.79
FAC0057,FAC0059,Ernakulam,Kerala,3.77
FAC0057,FAC0060,Ernakulam,Kerala,1.93
FAC0058,FAC0031,Ernakulam,Kerala,23.37
FAC0058,FAC0032,Ernakulam,Kerala,23.19
FAC0058,FAC0033,Ernakulam,Kerala,22.32
FAC0058,FAC0034,Ernakulam,Kerala,6.91
FAC0058,FAC0035,Ernakulam,Kerala,7.81
FAC0058,FAC0036,Ernakulam,Kerala,13.96
FAC0058,FAC0037,Ernakulam,Kerala,18.56
FAC0058,FAC0038,Ernakulam,Kerala,15.97
FAC0058,FAC0039,Ernakulam,Kerala,18.83
FAC0058,FAC0040,Ernakulam,Kerala,16.59
FAC0058,FAC0041,Ernakulam,Kerala,22.52
FAC0058,FAC0042,Ernakulam,Kerala,13.91
FAC0058,FAC0043,Ernakulam,Kerala,12.68
FAC0058,FAC0044,Ernakulam,Kerala,30.2
FAC0058,FAC0045,Ernakulam,Kerala,8.16
FAC0058,FAC0046,Ernakulam,Kerala,23.87
FAC0058,FAC0047,Ernakulam,Kerala,22.58
FAC0058,FAC0048,Ernakulam,Kerala,24.23
FAC0058,FAC0049,Ernakulam,Kerala,30.36
FAC0058,FAC0050,Ernakulam,Kerala,24.45
FAC0058,FAC0051,Ernakulam,Kerala,27.34
FAC0058,FAC0052,Ernakulam,Kerala,29.85
FAC0058,FAC0053,Ernakulam,Kerala,36.89
FAC0058,FAC0054,Ernakulam,Kerala,24.81
FAC0058,FAC0055,Ernakulam,Kerala,25.29
FAC0058,FAC0056,Ernakulam,Kerala,28.28
FAC0058,FAC0057,Ernakulam,Kerala,17.62
FAC0058,FAC0059,Ernakulam,Kerala,20.11
FAC0058,FAC0060,Ernakulam,Kerala,19.29
FAC0059,FAC0031,Ernakulam,Kerala,37.4
FAC0059,FAC0032,Ernakulam,Kerala,37.23
FAC0059,FAC0033,Ernakulam,Kerala,25.32
FAC0059,FAC0034,Ernakulam,Kerala,16.0
FAC0059,FAC0035,Ernakulam,Kerala,23.39
FAC0059,FAC0036,Ernakulam,Kerala,16.95
FAC0059,FAC0037,Ernakulam,Kerala,26.03
FAC0059,FAC0038,Ernakulam,Kerala,23.74
FAC0059,FAC0039,Ernakulam,Kerala,26.6
FAC0059,FAC0040,Ernakulam,Kerala,24.35
FAC0059,FAC0041,Ernakulam,Kerala,25.52
FAC0059,FAC0042,Ernakulam,Kerala,16.91
FAC0059,FAC0043,Ernakulam,Kerala,15.67
FAC0059,FAC0044,Ernakulam,Kerala,17.69
FAC0059,FAC0045,Ernakulam,Kerala,23.73
FAC0059,FAC0046,Ernakulam,Kerala,10.5
FAC0059,FAC0047,Ernakulam,Kerala,30.35
FAC0059,FAC0048,Ernakulam,Kerala,11.72
FAC0059,FAC0049,Ernakulam,Kerala,17.85
FAC0059,FAC0050,Ernakulam,Kerala,7.78
FAC0059,FAC0051,Ernakulam,Kerala,19.61
FAC0059,FAC0052,Ernakulam,Kerala,13.18
FAC0059,FAC0053,Ernakulam,Kerala,20.22
FAC0059,FAC0054,Ernakulam,Kerala,33.63
FAC0059,FAC0055,Ernakulam,Kerala,32.71
FAC0059,FAC0056,Ernakulam,Kerala,11.61
FAC0059,FAC0057,Ernakulam,Kerala,3.59
FAC0059,FAC0058,Ernakulam,Kerala,21.17
FAC0059,FAC0060,Ernakulam,Kerala,5.25
FAC0060,FAC0031,Ernakulam,Kerala,36.66
FAC0060,FAC0032,Ernakulam,Kerala,36.49
FAC0060,FAC0033,Ernakulam,Kerala,24.58
FAC0060,FAC0034,Ernakulam,Kerala,15.26
FAC0060,FAC0035,Ernakulam,Kerala,22.65
FAC0060,FAC0036,Ernakulam,Kerala,16.21
FAC0060,FAC0037,Ernakulam,Kerala,25.29
FAC0060,FAC0038,Ernakulam,Kerala,23.0
FAC0060,FAC0039,Ernakulam,Kerala,25.86
FAC0060,FAC0040,Ernakulam,Kerala,23.61
FAC0060,FAC0041,Ernakulam,Kerala,24.77
FAC0060,FAC0042,Ernakulam,Kerala,16.17
FAC0060,FAC0043,Ernakulam,Kerala,14.93
FAC0060,FAC0044,Ernakulam,Kerala,13.67
FAC0060,FAC0045,Ernakulam,Kerala,23.0
FAC0060,FAC0046,Ernakulam,Kerala,5.38
FAC0060,FAC0047,Ernakulam,Kerala,29.61
FAC0060,FAC0048,Ernakulam,Kerala,7.7
FAC0060,FAC0049,Ernakulam,Kerala,13.83
FAC0060,FAC0050,Ernakulam,Kerala,9.75
FAC0060,FAC0051,Ernakulam,Kerala,20.9
FAC0060,FAC0052,Ernakulam,Kerala,15.14
FAC0060,FAC0053,Ernakulam,Kerala,19.44
FAC0060,FAC0054,Ernakulam,Kerala,32.89
FAC0060,FAC0055,Ernakulam,Kerala,34.0
FAC0060,FAC0056,Ernakulam,Kerala,13.57
FAC0060,FAC0057,Ernakulam,Kerala,2.01
FAC0060,FAC0058,Ernakulam,Kerala,20.43
FAC0060,FAC0059,Ernakulam,Kerala,5.41
FAC0061,FAC0062,Nagpur,Maharashtra,1.45
FAC0061,FAC0063,Nagpur,Maharashtra,1.49
FAC0061,FAC0064,Nagpur,Maharashtra,1.55
FAC0061,FAC0065,Nagpur,Maharashtra,1.08
FAC0061,FAC0066,Nagpur,Maharashtra,1.3
FAC0061,FAC0067,Nagpur,Maharashtra,0.86
FAC0061,FAC0068,Nagpur,Maharashtra,1.77
FAC0061,FAC0069,Nagpur,Maharashtra,1.7
FAC0061,FAC0070,Nagpur,Maharashtra,3.62
FAC0061,FAC0071,Nagpur,Maharashtra,3.55
FAC0061,FAC0072,Nagpur,Maharashtra,3.94
FAC0061,FAC0073,Nagpur,Maharashtra,3.98
FAC0061,FAC0074,Nagpur,Maharashtra,25.06
FAC0061,FAC0075,Nagpur,Maharashtra,18.92
FAC0061,FAC0076,Nagpur,Maharashtra,22.47
FAC0061,FAC0077,Nagpur,Maharashtra,3.8
FAC0061,FAC0078,Nagpur,Maharashtra,4.64
FAC0061,FAC0079,Nagpur,Maharashtra,6.82
FAC0061,FAC0080,Nagpur,Maharashtra,6.69
FAC0061,FAC0081,Nagpur,Maharashtra,15.46
FAC0061,FAC0082,Nagpur,Maharashtra,7.96
FAC0061,FAC0083,Nagpur,Maharashtra,5.39
FAC0061,FAC0084,Nagpur,Maharashtra,3.3
FAC0061,FAC0085,Nagpur,Maharashtra,1.08
FAC0061,FAC0086,Nagpur,Maharashtra,1.28
FAC0061,FAC0087,Nagpur,Maharashtra,1.16
FAC0061,FAC0088,Nagpur,Maharashtra,21.37
FAC0061,FAC0089,Nagpur,Maharashtra,4.61
FAC0061,FAC0090,Nagpur,Maharashtra,5.19
FAC0062,FAC0061,Nagpur,Maharashtra,0.93
FAC0062,FAC0063,Nagpur,Maharashtra,1.4
FAC0062,FAC0064,Nagpur,Maharashtra,1.87
FAC0062,FAC0065,Nagpur,Maharashtra,1.42
FAC0062,FAC0066,Nagpur,Maharashtra,1.62
FAC0062,FAC0067,Nagpur,Maharashtra,1.2
FAC0062,FAC0068,Nagpur,Maharashtra,1.84
FAC0062,FAC0069,Nagpur,Maharashtra,1.76
FAC0062,FAC0070,Nagpur,Maharashtra,3.3
FAC0062,FAC0071,Nagpur,Maharashtra,3.56
FAC0062,FAC0072,Nagpur,Maharashtra,3.58
FAC0062,FAC0073,Nagpur,Maharashtra,2.95
FAC0062,FAC0074,Nagpur,Maharashtra,24.03
FAC0062,FAC0075,Nagpur,Maharashtra,18.83
FAC0062,FAC0076,Nagpur,Maharashtra,22.38
FAC0062,FAC0077,Nagpur,Maharashtra,2.77
FAC0062,FAC0078,Nagpur,Maharashtra,4.54
FAC0062,FAC0079,Nagpur,Maharashtra,6.73
FAC0062,FAC0080,Nagpur,Maharashtra,6.6
FAC0062,FAC0081,Nagpur,Maharashtra,15.37
FAC0062,FAC0082,Nagpur,Maharashtra,8.88
FAC0062,FAC0083,Nagpur,Maharashtra,6.32
FAC0062,FAC0084,Nagpur,Maharashtra,4.22
FAC0062,FAC0085,Nagpur,Maharashtra,2.0
FAC0062,FAC0086,Nagpur,Maharashtra,2.21
FAC0062,FAC0087,Nagpur,Maharashtra,2.08
FAC0062,FAC0088,Nagpur,Maharashtra,21.27
FAC0062,FAC0089,Nagpur,Maharashtra,5.54
FAC0062,FAC0090,Nagpur,Maharashtra,6.11
FAC0063,FAC0061,Nagpur,Maharashtra,2.1
FAC0063,FAC0062,Nagpur,Maharashtra,1.61
FAC0063,FAC0064,Nagpur,Maharashtra,0.73
FAC0063,FAC0065,Nagpur,Maharashtra,1.15
FAC0063,FAC0066,Nagpur,Maharashtra,0.79
FAC0063,FAC0067,Nagpur,Maharashtra,1.3
FAC0063,FAC0068,Nagpur,Maharashtra,1.37
FAC0063,FAC0069,Nagpur,Maharashtra,1.29
FAC0063,FAC0070,Nagpur,Maharashtra,3.21
FAC0063,FAC0071,Nagpur,Maharashtra,2.27
FAC0063,FAC0072,Nagpur,Maharashtra,3.53
FAC0063,FAC0073,Nagpur,Maharashtra,3.48
FAC0063,FAC0074,Nagpur,Maharashtra,24.57
FAC0063,FAC0075,Nagpur,Maharashtra,17.43
FAC0063,FAC0076,Nagpur,Maharashtra,20.97
FAC0063,FAC0077,Nagpur,Maharashtra,3.3
FAC0063,FAC0078,Nagpur,Maharashtra,3.14
FAC0063,FAC0079,Nagpur,Maharashtra,5.33
FAC0063,FAC0080,Nagpur,Maharashtra,5.19
FAC0063,FAC0081,Nagpur,Maharashtra,13.97
FAC0063,FAC0082,Nagpur,Maharashtra,8.03
FAC0063,FAC0083,Nagpur,Maharashtra,5.12
FAC0063,FAC0084,Nagpur,Maharashtra,3.97
FAC0063,FAC0085,Nagpur,Maharashtra,1.38
FAC0063,FAC0086,Nagpur,Maharashtra,1.56
FAC0063,FAC0087,Nagpur,Maharashtra,1.6
FAC0063,FAC0088,Nagpur,Maharashtra,19.87
FAC0063,FAC0089,Nagpur,Maharashtra,5.29
FAC0063,FAC0090,Nagpur,Maharashtra,5.86
FAC0064,FAC0061,Nagpur,Maharashtra,2.16
FAC0064,FAC0062,Nagpur,Maharashtra,1.67
FAC0064,FAC0063,Nagpur,Maharashtra,1.14
FAC0064,FAC0065,Nagpur,Maharashtra,0.74
FAC0064,FAC0066,Nagpur,Maharashtra,0.25
FAC0064,FAC0067,Nagpur,Maharashtra,0.92
FAC0064,FAC0068,Nagpur,Maharashtra,1.42
FAC0064,FAC0069,Nagpur,Maharashtra,1.34
FAC0064,FAC0070,Nagpur,Maharashtra,3.26
FAC0064,FAC0071,Nagpur,Maharashtra,2.96
FAC0064,FAC0072,Nagpur,Maharashtra,3.59
FAC0064,FAC0073,Nagpur,Maharashtra,3.54
FAC0064,FAC0074,Nagpur,Maharashtra,24.62
FAC0064,FAC0075,Nagpur,Maharashtra,18.11
FAC0064,FAC0076,Nagpur,Maharashtra,21.66
FAC0064,FAC0077,Nagpur,Maharashtra,3.36
FAC0064,FAC0078,Nagpur,Maharashtra,3.83
FAC0064,FAC0079,Nagpur,Maharashtra,6.01
FAC0064,FAC0080,Nagpur,Maharashtra,5.88
FAC0064,FAC0081,Nagpur,Maharashtra,14.66
FAC0064,FAC0082,Nagpur,Maharashtra,8.72
FAC0064,FAC0083,Nagpur,Maharashtra,5.81
FAC0064,FAC0084,Nagpur,Maharashtra,4.17
FAC0064,FAC0085,Nagpur,Maharashtra,1.95
FAC0064,FAC0086,Nagpur,Maharashtra,2.16
FAC0064,FAC0087,Nagpur,Maharashtra,2.03
FAC0064,FAC0088,Nagpur,Maharashtra,20.56
FAC0064,FAC0089,Nagpur,Maharashtra,5.49
FAC0064,FAC0090,Nagpur,Maharashtra,6.06
FAC0065,FAC0061,Nagpur,Maharashtra,1.6
FAC0065,FAC0062,Nagpur,Maharashtra,1.36
FAC0065,FAC0063,Nagpur,Maharashtra,1.38
FAC0065,FAC0064,Nagpur,Maharashtra,0.69
FAC0065,FAC0066,Nagpur,Maharashtra,0.61
FAC0065,FAC0067,Nagpur,Maharashtra,0.49
FAC0065,FAC0068,Nagpur,Maharashtra,1.66
FAC0065,FAC0069,Nagpur,Maharashtra,1.58
FAC0065,FAC0070,Nagpur,Maharashtra,3.5
FAC0065,FAC0071,Nagpur,Maharashtra,3.44
FAC0065,FAC0072,Nagpur,Maharashtra,3.83
FAC0065,FAC0073,Nagpur,Maharashtra,3.78
FAC0065,FAC0074,Nagpur,Maharashtra,24.86
FAC0065,FAC0075,Nagpur,Maharashtra,18.58
FAC0065,FAC0076,Nagpur,Maharashtra,22.13
FAC0065,FAC0077,Nagpur,Maharashtra,3.6
FAC0065,FAC0078,Nagpur,Maharashtra,4.3
FAC0065,FAC0079,Nagpur,Maharashtra,6.48
FAC0065,FAC0080,Nagpur,Maharashtra,6.35
FAC0065,FAC0081,Nagpur,Maharashtra,15.13
FAC0065,FAC0082,Nagpur,Maharashtra,8.62
FAC0065,FAC0083,Nagpur,Maharashtra,6.05
FAC0065,FAC0084,Nagpur,Maharashtra,3.96
FAC0065,FAC0085,Nagpur,Maharashtra,1.73
FAC0065,FAC0086,Nagpur,Maharashtra,1.94
FAC0065,FAC0087,Nagpur,Maharashtra,1.82
FAC0065,FAC0088,Nagpur,Maharashtra,21.03
FAC0065,FAC0089,Nagpur,Maharashtra,5.27
FAC0065,FAC0090,Nagpur,Maharashtra,5.84
FAC0066,FAC0061,Nagpur,Maharashtra,1.99
FAC0066,FAC0062,Nagpur,Maharashtra,1.53
FAC0066,FAC0063,Nagpur,Maharashtra,0.92
FAC0066,FAC0064,Nagpur,Maharashtra,0.25
FAC0066,FAC0065,Nagpur,Maharashtra,0.55
FAC0066,FAC0067,Nagpur,Maharashtra,0.74
FAC0066,FAC0068,Nagpur,Maharashtra,1.2
FAC0066,FAC0069,Nagpur,Maharashtra,1.12
FAC0066,FAC0070,Nagpur,Maharashtra,3.04
FAC0066,FAC0071,Nagpur,Maharashtra,2.97
FAC0066,FAC0072,Nagpur,Maharashtra,3.37
FAC0066,FAC0073,Nagpur,Maharashtra,3.4
FAC0066,FAC0074,Nagpur,Maharashtra,24.48
FAC0066,FAC0075,Nagpur,Maharashtra,18.34
FAC0066,FAC0076,Nagpur,Maharashtra,21.89
FAC0066,FAC0077,Nagpur,Maharashtra,3.22
FAC0066,FAC0078,Nagpur,Maharashtra,4.06
FAC0066,FAC0079,Nagpur,Maharashtra,6.24
FAC0066,FAC0080,Nagpur,Maharashtra,6.11
FAC0066,FAC0081,Nagpur,Maharashtra,14.89
FAC0066,FAC0082,Nagpur,Maharashtra,8.95
FAC0066,FAC0083,Nagpur,Maharashtra,6.03
FAC0066,FAC0084,Nagpur,Maharashtra,4.42
FAC0066,FAC0085,Nagpur,Maharashtra,2.2
FAC0066,FAC0086,Nagpur,Maharashtra,2.41
FAC0066,FAC0087,Nagpur,Maharashtra,2.28
FAC0066,FAC0088,Nagpur,Maharashtra,20.79
FAC0066,FAC0089,Nagpur,Maharashtra,5.74
FAC0066,FAC0090,Nagpur,Maharashtra,6.31
FAC0067,FAC0061,Nagpur,Maharashtra,1.56
FAC0067,FAC0062,Nagpur,Maharashtra,1.2
FAC0067,FAC0063,Nagpur,Maharashtra,0.95
FAC0067,FAC0064,Nagpur,Maharashtra,0.92
FAC0067,FAC0065,Nagpur,Maharashtra,0.43
FAC0067,FAC0066,Nagpur,Maharashtra,0.75
FAC0067,FAC0068,Nagpur,Maharashtra,1.23
FAC0067,FAC0069,Nagpur,Maharashtra,1.15
FAC0067,FAC0070,Nagpur,Maharashtra,3.07
FAC0067,FAC0071,Nagpur,Maharashtra,3.0
FAC0067,FAC0072,Nagpur,Maharashtra,3.39
FAC0067,FAC0073,Nagpur,Maharashtra,3.43
FAC0067,FAC0074,Nagpur,Maharashtra,24.51
FAC0067,FAC0075,Nagpur,Maharashtra,18.37
FAC0067,FAC0076,Nagpur,Maharashtra,21.92
FAC0067,FAC0077,Nagpur,Maharashtra,3.25
FAC0067,FAC0078,Nagpur,Maharashtra,4.09
FAC0067,FAC0079,Nagpur,Maharashtra,6.27
FAC0067,FAC0080,Nagpur,Maharashtra,6.14
FAC0067,FAC0081,Nagpur,Maharashtra,14.91
FAC0067,FAC0082,Nagpur,Maharashtra,8.75
FAC0067,FAC0083,Nagpur,Maharashtra,6.06
FAC0067,FAC0084,Nagpur,Maharashtra,4.09
FAC0067,FAC0085,Nagpur,Maharashtra,1.86
FAC0067,FAC0086,Nagpur,Maharashtra,2.07
FAC0067,FAC0087,Nagpur,Maharashtra,1.95
FAC0067,FAC0088,Nagpur,Maharashtra,20.82
FAC0067,FAC0089,Nagpur,Maharashtra,5.4
FAC0067,FAC0090,Nagpur,Maharashtra,5.97
FAC0068,FAC0061,Nagpur,Maharashtra,1.96
FAC0068,FAC0062,Nagpur,Maharashtra,1.47
FAC0068,FAC0063,Nagpur,Maharashtra,0.82
FAC0068,FAC0064,Nagpur,Maharashtra,1.23
FAC0068,FAC0065,Nagpur,Maharashtra,1.45
FAC0068,FAC0066,Nagpur,Maharashtra,0.97
FAC0068,FAC0067,Nagpur,Maharashtra,1.01
FAC0068,FAC0069,Nagpur,Maharashtra,0.62
FAC0068,FAC0070,Nagpur,Maharashtra,2.54
FAC0068,FAC0071,Nagpur,Maharashtra,2.48
FAC0068,FAC0072,Nagpur,Maharashtra,2.87
FAC0068,FAC0073,Nagpur,Maharashtra,3.34
FAC0068,FAC0074,Nagpur,Maharashtra,24.42
FAC0068,FAC0075,Nagpur,Maharashtra,18.25
FAC0068,FAC0076,Nagpur,Maharashtra,21.79
FAC0068,FAC0077,Nagpur,Maharashtra,2.9
FAC0068,FAC0078,Nagpur,Maharashtra,3.96
FAC0068,FAC0079,Nagpur,Maharashtra,6.14
FAC0068,FAC0080,Nagpur,Maharashtra,6.01
FAC0068,FAC0081,Nagpur,Maharashtra,14.79
FAC0068,FAC0082,Nagpur,Maharashtra,8.85
FAC0068,FAC0083,Nagpur,Maharashtra,5.94
FAC0068,FAC0084,Nagpur,Maharashtra,4.67
FAC0068,FAC0085,Nagpur,Maharashtra,2.2
FAC0068,FAC0086,Nagpur,Maharashtra,2.38
FAC0068,FAC0087,Nagpur,Maharashtra,2.42
FAC0068,FAC0088,Nagpur,Maharashtra,20.69
FAC0068,FAC0089,Nagpur,Maharashtra,5.99
FAC0068,FAC0090,Nagpur,Maharashtra,6.56
FAC0069,FAC0061,Nagpur,Maharashtra,2.04
FAC0069,FAC0062,Nagpur,Maharashtra,1.55
FAC0069,FAC0063,Nagpur,Maharashtra,0.9
FAC0069,FAC0064,Nagpur,Maharashtra,1.3
FAC0069,FAC0065,Nagpur,Maharashtra,1.53
FAC0069,FAC0066,Nagpur,Maharashtra,1.05
FAC0069,FAC0067,Nagpur,Maharashtra,1.09
FAC0069,FAC0068,Nagpur,Maharashtra,0.08
FAC0069,FAC0070,Nagpur,Maharashtra,2.62
FAC0069,FAC0071,Nagpur,Maharashtra,2.56
FAC0069,FAC0072,Nagpur,Maharashtra,2.95
FAC0069,FAC0073,Nagpur,Maharashtra,3.42
FAC0069,FAC0074,Nagpur,Maharashtra,24.5
FAC0069,FAC0075,Nagpur,Maharashtra,18.32
FAC0069,FAC0076,Nagpur,Maharashtra,21.87
FAC0069,FAC0077,Nagpur,Maharashtra,2.98
FAC0069,FAC0078,Nagpur,Maharashtra,4.04
FAC0069,FAC0079,Nagpur,Maharashtra,6.22
FAC0069,FAC0080,Nagpur,Maharashtra,6.09
FAC0069,FAC0081,Nagpur,Maharashtra,14.87
FAC0069,FAC0082,Nagpur,Maharashtra,8.93
FAC0069,FAC0083,Nagpur,Maharashtra,6.02
FAC0069,FAC0084,Nagpur,Maharashtra,4.75
FAC0069,FAC0085,Nagpur,Maharashtra,2.28
FAC0069,FAC0086,Nagpur,Maharashtra,2.46
FAC0069,FAC0087,Nagpur,Maharashtra,2.5
FAC0069,FAC0088,Nagpur,Maharashtra,20.77
FAC0069,FAC0089,Nagpur,Maharashtra,6.07
FAC0069,FAC0090,Nagpur,Maharashtra,6.64
FAC0070,FAC0061,Nagpur,Maharashtra,2.78
FAC0070,FAC0062,Nagpur,Maharashtra,2.29
FAC0070,FAC0063,Nagpur,Maharashtra,1.64
FAC0070,FAC0064,Nagpur,Maharashtra,2.04
FAC0070,FAC0065,Nagpur,Maharashtra,2.27
FAC0070,FAC0066,Nagpur,Maharashtra,1.79
FAC0070,FAC0067,Nagpur,Maharashtra,1.83
FAC0070,FAC0068,Nagpur,Maharashtra,0.82
FAC0070,FAC0069,Nagpur,Maharashtra,0.74
FAC0070,FAC0071,Nagpur,Maharashtra,1.35
FAC0070,FAC0072,Nagpur,Maharashtra,1.8
FAC0070,FAC0073,Nagpur,Maharashtra,3.94
FAC0070,FAC0074,Nagpur,Maharashtra,25.02
FAC0070,FAC0075,Nagpur,Maharashtra,19.06
FAC0070,FAC0076,Nagpur,Maharashtra,22.61
FAC0070,FAC0077,Nagpur,Maharashtra,1.83
FAC0070,FAC0078,Nagpur,Maharashtra,4.78
FAC0070,FAC0079,Nagpur,Maharashtra,6.96
FAC0070,FAC0080,Nagpur,Maharashtra,5.82
FAC0070,FAC0081,Nagpur,Maharashtra,15.61
FAC0070,FAC0082,Nagpur,Maharashtra,9.67
FAC0070,FAC0083,Nagpur,Maharashtra,6.75
FAC0070,FAC0084,Nagpur,Maharashtra,5.49
FAC0070,FAC0085,Nagpur,Maharashtra,3.02
FAC0070,FAC0086,Nagpur,Maharashtra,3.2
FAC0070,FAC0087,Nagpur,Maharashtra,3.24
FAC0070,FAC0088,Nagpur,Maharashtra,21.51
FAC0070,FAC0089,Nagpur,Maharashtra,6.81
FAC0070,FAC0090,Nagpur,Maharashtra,7.38
FAC0071,FAC0061,Nagpur,Maharashtra,4.36
FAC0071,FAC0062,Nagpur,Maharashtra,3.87
FAC0071,FAC0063,Nagpur,Maharashtra,3.56
FAC0071,FAC0064,Nagpur,Maharashtra,3.89
FAC0071,FAC0065,Nagpur,Maharashtra,4.18
FAC0071,FAC0066,Nagpur,Maharashtra,3.71
FAC0071,FAC0067,Nagpur,Maharashtra,3.75
FAC0071,FAC0068,Nagpur,Maharashtra,2.74
FAC0071,FAC0069,Nagpur,Maharashtra,2.66
FAC0071,FAC0070,Nagpur,Maharashtra,1.92
FAC0071,FAC0072,Nagpur,Maharashtra,1.57
FAC0071,FAC0073,Nagpur,Maharashtra,4.6
FAC0071,FAC0074,Nagpur,Maharashtra,26.53
FAC0071,FAC0075,Nagpur,Maharashtra,20.02
FAC0071,FAC0076,Nagpur,Maharashtra,23.19
FAC0071,FAC0077,Nagpur,Maharashtra,2.21
FAC0071,FAC0078,Nagpur,Maharashtra,5.74
FAC0071,FAC0079,Nagpur,Maharashtra,6.65
FAC0071,FAC0080,Nagpur,Maharashtra,5.0
FAC0071,FAC0081,Nagpur,Maharashtra,16.57
FAC0071,FAC0082,Nagpur,Maharashtra,10.62
FAC0071,FAC0083,Nagpur,Maharashtra,7.71
FAC0071,FAC0084,Nagpur,Maharashtra,6.49
FAC0071,FAC0085,Nagpur,Maharashtra,3.95
FAC0071,FAC0086,Nagpur,Maharashtra,4.13
FAC0071,FAC0087,Nagpur,Maharashtra,4.17
FAC0071,FAC0088,Nagpur,Maharashtra,20.71
FAC0071,FAC0089,Nagpur,Maharashtra,8.48
FAC0071,FAC0090,Nagpur,Maharashtra,9.05
FAC0072,FAC0061,Nagpur,Maharashtra,4.06
FAC0072,FAC0062,Nagpur,Maharashtra,3.57
FAC0072,FAC0063,Nagpur,Maharashtra,3.26
FAC0072,FAC0064,Nagpur,Maharashtra,3.66
FAC0072,FAC0065,Nagpur,Maharashtra,3.88
FAC0072,FAC0066,Nagpur,Maharashtra,3.41
FAC0072,FAC0067,Nagpur,Maharashtra,3.45
FAC0072,FAC0068,Nagpur,Maharashtra,2.44
FAC0072,FAC0069,Nagpur,Maharashtra,2.35
FAC0072,FAC0070,Nagpur,Maharashtra,1.62
FAC0072,FAC0071,Nagpur,Maharashtra,1.89
FAC0072,FAC0073,Nagpur,Maharashtra,4.3
FAC0072,FAC0074,Nagpur,Maharashtra,26.23
FAC0072,FAC0075,Nagpur,Maharashtra,20.47
FAC0072,FAC0076,Nagpur,Maharashtra,23.64
FAC0072,FAC0077,Nagpur,Maharashtra,1.91
FAC0072,FAC0078,Nagpur,Maharashtra,6.19
FAC0072,FAC0079,Nagpur,Maharashtra,7.1
FAC0072,FAC0080,Nagpur,Maharashtra,5.45
FAC0072,FAC0081,Nagpur,Maharashtra,17.02
FAC0072,FAC0082,Nagpur,Maharashtra,11.07
FAC0072,FAC0083,Nagpur,Maharashtra,8.16
FAC0072,FAC0084,Nagpur,Maharashtra,6.19
FAC0072,FAC0085,Nagpur,Maharashtra,4.39
FAC0072,FAC0086,Nagpur,Maharashtra,4.58
FAC0072,FAC0087,Nagpur,Maharashtra,4.62
FAC0072,FAC0088,Nagpur,Maharashtra,21.15
FAC0072,FAC0089,Nagpur,Maharashtra,8.42
FAC0072,FAC0090,Nagpur,Maharashtra,8.99
FAC0073,FAC0061,Nagpur,Maharashtra,3.7
FAC0073,FAC0062,Nagpur,Maharashtra,3.21
FAC0073,FAC0063,Nagpur,Maharashtra,3.49
FAC0073,FAC0064,Nagpur,Maharashtra,3.96
FAC0073,FAC0065,Nagpur,Maharashtra,4.18
FAC0073,FAC0066,Nagpur,Maharashtra,3.7
FAC0073,FAC0067,Nagpur,Maharashtra,3.74
FAC0073,FAC0068,Nagpur,Maharashtra,3.92
FAC0073,FAC0069,Nagpur,Maharashtra,3.84
FAC0073,FAC0070,Nagpur,Maharashtra,3.39
FAC0073,FAC0071,Nagpur,Maharashtra,4.21
FAC0073,FAC0072,Nagpur,Maharashtra,3.67
FAC0073,FAC0074,Nagpur,Maharashtra,22.94
FAC0073,FAC0075,Nagpur,Maharashtra,20.77
FAC0073,FAC0076,Nagpur,Maharashtra,24.46
FAC0073,FAC0077,Nagpur,Maharashtra,2.05
FAC0073,FAC0078,Nagpur,Maharashtra,6.63
FAC0073,FAC0079,Nagpur,Maharashtra,8.81
FAC0073,FAC0080,Nagpur,Maharashtra,7.77
FAC0073,FAC0081,Nagpur,Maharashtra,17.46
FAC0073,FAC0082,Nagpur,Maharashtra,8.99
FAC0073,FAC0083,Nagpur,Maharashtra,8.6
FAC0073,FAC0084,Nagpur,Maharashtra,5.3
FAC0073,FAC0085,Nagpur,Maharashtra,4.78
FAC0073,FAC0086,Nagpur,Maharashtra,4.98
FAC0073,FAC0087,Nagpur,Maharashtra,4.86
FAC0073,FAC0088,Nagpur,Maharashtra,23.36
FAC0073,FAC0089,Nagpur,Maharashtra,6.77
FAC0073,FAC0090,Nagpur,Maharashtra,7.18
FAC0074,FAC0061,Nagpur,Maharashtra,22.37
FAC0074,FAC0062,Nagpur,Maharashtra,21.88
FAC0074,FAC0063,Nagpur,Maharashtra,22.16
FAC0074,FAC0064,Nagpur,Maharashtra,22.62
FAC0074,FAC0065,Nagpur,Maharashtra,22.85
FAC0074,FAC0066,Nagpur,Maharashtra,22.37
FAC0074,FAC0067,Nagpur,Maharashtra,22.42
FAC0074,FAC0068,Nagpur,Maharashtra,22.6
FAC0074,FAC0069,Nagpur,Maharashtra,22.52
FAC0074,FAC0070,Nagpur,Maharashtra,23.39
FAC0074,FAC0071,Nagpur,Maharashtra,23.71
FAC0074,FAC0072,Nagpur,Maharashtra,23.67
FAC0074,FAC0073,Nagpur,Maharashtra,21.65
FAC0074,FAC0075,Nagpur,Maharashtra,39.58
FAC0074,FAC0076,Nagpur,Maharashtra,43.13
FAC0074,FAC0077,Nagpur,Maharashtra,22.05
FAC0074,FAC0078,Nagpur,Maharashtra,25.3
FAC0074,FAC0079,Nagpur,Maharashtra,27.48
FAC0074,FAC0080,Nagpur,Maharashtra,27.35
FAC0074,FAC0081,Nagpur,Maharashtra,36.13
FAC0074,FAC0082,Nagpur,Maharashtra,29.15
FAC0074,FAC0083,Nagpur,Maharashtra,27.27
FAC0074,FAC0084,Nagpur,Maharashtra,23.97
FAC0074,FAC0085,Nagpur,Maharashtra,23.45
FAC0074,FAC0086,Nagpur,Maharashtra,23.65
FAC0074,FAC0087,Nagpur,Maharashtra,23.53
FAC0074,FAC0088,Nagpur,Maharashtra,42.03
FAC0074,FAC0089,Nagpur,Maharashtra,26.94
FAC0074,FAC0090,Nagpur,Maharashtra,27.35
FAC0075,FAC0061,Nagpur,Maharashtra,19.04
FAC0075,FAC0062,Nagpur,Maharashtra,18.55
FAC0075,FAC0063,Nagpur,Maharashtra,18.02
FAC0075,FAC0064,Nagpur,Maharashtra,17.67
FAC0075,FAC0065,Nagpur,Maharashtra,18.09
FAC0075,FAC0066,Nagpur,Maharashtra,17.72
FAC0075,FAC0067,Nagpur,Maharashtra,18.24
FAC0075,FAC0068,Nagpur,Maharashtra,18.31
FAC0075,FAC0069,Nagpur,Maharashtra,18.23
FAC0075,FAC0070,Nagpur,Maharashtra,20.15
FAC0075,FAC0071,Nagpur,Maharashtra,18.69
FAC0075,FAC0072,Nagpur,Maharashtra,20.26
FAC0075,FAC0073,Nagpur,Maharashtra,20.42
FAC0075,FAC0074,Nagpur,Maharashtra,41.5
FAC0075,FAC0076,Nagpur,Maharashtra,10.8
FAC0075,FAC0077,Nagpur,Maharashtra,20.24
FAC0075,FAC0078,Nagpur,Maharashtra,16.36
FAC0075,FAC0079,Nagpur,Maharashtra,16.84
FAC0075,FAC0080,Nagpur,Maharashtra,17.86
FAC0075,FAC0081,Nagpur,Maharashtra,3.88
FAC0075,FAC0082,Nagpur,Maharashtra,13.54
FAC0075,FAC0083,Nagpur,Maharashtra,15.5
FAC0075,FAC0084,Nagpur,Maharashtra,19.02
FAC0075,FAC0085,Nagpur,Maharashtra,17.8
FAC0075,FAC0086,Nagpur,Maharashtra,17.98
FAC0075,FAC0087,Nagpur,Maharashtra,18.02
FAC0075,FAC0088,Nagpur,Maharashtra,11.55
FAC0075,FAC0089,Nagpur,Maharashtra,18.43
FAC0075,FAC0090,Nagpur,Maharashtra,18.07
FAC0076,FAC0061,Nagpur,Maharashtra,22.68
FAC0076,FAC0062,Nagpur,Maharashtra,22.2
FAC0076,FAC0063,Nagpur,Maharashtra,21.67
FAC0076,FAC0064,Nagpur,Maharashtra,21.32
FAC0076,FAC0065,Nagpur,Maharashtra,21.73
FAC0076,FAC0066,Nagpur,Maharashtra,21.37
FAC0076,FAC0067,Nagpur,Maharashtra,21.89
FAC0076,FAC0068,Nagpur,Maharashtra,21.95
FAC0076,FAC0069,Nagpur,Maharashtra,21.87
FAC0076,FAC0070,Nagpur,Maharashtra,23.76
FAC0076,FAC0071,Nagpur,Maharashtra,22.33
FAC0076,FAC0072,Nagpur,Maharashtra,23.41
FAC0076,FAC0073,Nagpur,Maharashtra,24.07
FAC0076,FAC0074,Nagpur,Maharashtra,45.15
FAC0076,FAC0075,Nagpur,Maharashtra,10.8
FAC0076,FAC0077,Nagpur,Maharashtra,23.89
FAC0076,FAC0078,Nagpur,Maharashtra,20.01
FAC0076,FAC0079,Nagpur,Maharashtra,18.59
FAC0076,FAC0080,Nagpur,Maharashtra,18.97
FAC0076,FAC0081,Nagpur,Maharashtra,7.21
FAC0076,FAC0082,Nagpur,Maharashtra,19.71
FAC0076,FAC0083,Nagpur,Maharashtra,19.14
FAC0076,FAC0084,Nagpur,Maharashtra,22.66
FAC0076,FAC0085,Nagpur,Maharashtra,21.44
FAC0076,FAC0086,Nagpur,Maharashtra,21.62
FAC0076,FAC0087,Nagpur,Maharashtra,21.66
FAC0076,FAC0088,Nagpur,Maharashtra,2.38
FAC0076,FAC0089,Nagpur,Maharashtra,22.46
FAC0076,FAC0090,Nagpur,Maharashtra,23.03
FAC0077,FAC0061,Nagpur,Maharashtra,3.31
FAC0077,FAC0062,Nagpur,Maharashtra,2.82
FAC0077,FAC0063,Nagpur,Maharashtra,3.1
FAC0077,FAC0064,Nagpur,Maharashtra,3.57
FAC0077,FAC0065,Nagpur,Maharashtra,3.79
FAC0077,FAC0066,Nagpur,Maharashtra,3.32
FAC0077,FAC0067,Nagpur,Maharashtra,3.36
FAC0077,FAC0068,Nagpur,Maharashtra,2.55
FAC0077,FAC0069,Nagpur,Maharashtra,2.47
FAC0077,FAC0070,Nagpur,Maharashtra,1.73
FAC0077,FAC0071,Nagpur,Maharashtra,2.55
FAC0077,FAC0072,Nagpur,Maharashtra,2.01
FAC0077,FAC0073,Nagpur,Maharashtra,2.61
FAC0077,FAC0074,Nagpur,Maharashtra,24.54
FAC0077,FAC0075,Nagpur,Maharashtra,20.53
FAC0077,FAC0076,Nagpur,Maharashtra,24.07
FAC0077,FAC0078,Nagpur,Maharashtra,6.24
FAC0077,FAC0079,Nagpur,Maharashtra,7.77
FAC0077,FAC0080,Nagpur,Maharashtra,6.12
FAC0077,FAC0081,Nagpur,Maharashtra,17.07
FAC0077,FAC0082,Nagpur,Maharashtra,10.58
FAC0077,FAC0083,Nagpur,Maharashtra,8.22
FAC0077,FAC0084,Nagpur,Maharashtra,5.45
FAC0077,FAC0085,Nagpur,Maharashtra,4.39
FAC0077,FAC0086,Nagpur,Maharashtra,4.6
FAC0077,FAC0087,Nagpur,Maharashtra,4.47
FAC0077,FAC0088,Nagpur,Maharashtra,21.82
FAC0077,FAC0089,Nagpur,Maharashtra,7.92
FAC0077,FAC0090,Nagpur,Maharashtra,8.5
FAC0078,FAC0061,Nagpur,Maharashtra,4.23
FAC0078,FAC0062,Nagpur,Maharashtra,3.74
FAC0078,FAC0063,Nagpur,Maharashtra,3.22
FAC0078,FAC0064,Nagpur,Maharashtra,2.87
FAC0078,FAC0065,Nagpur,Maharashtra,3.28
FAC0078,FAC0066,Nagpur,Maharashtra,2.92
FAC0078,FAC0067,Nagpur,Maharashtra,3.44
FAC0078,FAC0068,Nagpur,Maharashtra,3.5
FAC0078,FAC0069,Nagpur,Maharashtra,3.42
FAC0078,FAC0070,Nagpur,Maharashtra,5.34
FAC0078,FAC0071,Nagpur,Maharashtra,3.88
FAC0078,FAC0072,Nagpur,Maharashtra,5.46
FAC0078,FAC0073,Nagpur,Maharashtra,5.61
FAC0078,FAC0074,Nagpur,Maharashtra,26.7
FAC0078,FAC0075,Nagpur,Maharashtra,15.84
FAC0078,FAC0076,Nagpur,Maharashtra,19.39
FAC0078,FAC0077,Nagpur,Maharashtra,5.44
FAC0078,FAC0079,Nagpur,Maharashtra,3.94
FAC0078,FAC0080,Nagpur,Maharashtra,4.46
FAC0078,FAC0081,Nagpur,Maharashtra,12.38
FAC0078,FAC0082,Nagpur,Maharashtra,7.26
FAC0078,FAC0083,Nagpur,Maharashtra,4.35
FAC0078,FAC0084,Nagpur,Maharashtra,5.75
FAC0078,FAC0085,Nagpur,Maharashtra,2.99
FAC0078,FAC0086,Nagpur,Maharashtra,3.17
FAC0078,FAC0087,Nagpur,Maharashtra,3.21
FAC0078,FAC0088,Nagpur,Maharashtra,18.82
FAC0078,FAC0089,Nagpur,Maharashtra,7.12
FAC0078,FAC0090,Nagpur,Maharashtra,7.69
FAC0079,FAC0061,Nagpur,Maharashtra,6.87
FAC0079,FAC0062,Nagpur,Maharashtra,6.38
FAC0079,FAC0063,Nagpur,Maharashtra,5.86
FAC0079,FAC0064,Nagpur,Maharashtra,5.5
FAC0079,FAC0065,Nagpur,Maharashtra,5.92
FAC0079,FAC0066,Nagpur,Maharashtra,5.55
FAC0079,FAC0067,Nagpur,Maharashtra,6.07
FAC0079,FAC0068,Nagpur,Maharashtra,6.14
FAC0079,FAC0069,Nagpur,Maharashtra,6.06
FAC0079,FAC0070,Nagpur,Maharashtra,7.82
FAC0079,FAC0071,Nagpur,Maharashtra,6.52
FAC0079,FAC0072,Nagpur,Maharashtra,7.47
FAC0079,FAC0073,Nagpur,Maharashtra,8.25
FAC0079,FAC0074,Nagpur,Maharashtra,29.33
FAC0079,FAC0075,Nagpur,Maharashtra,16.51
FAC0079,FAC0076,Nagpur,Maharashtra,19.0
FAC0079,FAC0077,Nagpur,Maharashtra,8.07
FAC0079,FAC0078,Nagpur,Maharashtra,3.42
FAC0079,FAC0080,Nagpur,Maharashtra,2.88
FAC0079,FAC0081,Nagpur,Maharashtra,13.05
FAC0079,FAC0082,Nagpur,Maharashtra,9.51
FAC0079,FAC0083,Nagpur,Maharashtra,6.6
FAC0079,FAC0084,Nagpur,Maharashtra,8.29
FAC0079,FAC0085,Nagpur,Maharashtra,5.62
FAC0079,FAC0086,Nagpur,Maharashtra,5.81
FAC0079,FAC0087,Nagpur,Maharashtra,5.85
FAC0079,FAC0088,Nagpur,Maharashtra,16.52
FAC0079,FAC0089,Nagpur,Maharashtra,9.38
FAC0079,FAC0090,Nagpur,Maharashtra,9.95
FAC0080,FAC0061,Nagpur,Maharashtra,7.8
FAC0080,FAC0062,Nagpur,Maharashtra,7.31
FAC0080,FAC0063,Nagpur,Maharashtra,6.78
FAC0080,FAC0064,Nagpur,Maharashtra,6.43
FAC0080,FAC0065,Nagpur,Maharashtra,6.84
FAC0080,FAC0066,Nagpur,Maharashtra,6.48
FAC0080,FAC0067,Nagpur,Maharashtra,7.0
FAC0080,FAC0068,Nagpur,Maharashtra,7.06
FAC0080,FAC0069,Nagpur,Maharashtra,6.99
FAC0080,FAC0070,Nagpur,Maharashtra,6.9
FAC0080,FAC0071,Nagpur,Maharashtra,6.41
FAC0080,FAC0072,Nagpur,Maharashtra,6.55
FAC0080,FAC0073,Nagpur,Maharashtra,9.18
FAC0080,FAC0074,Nagpur,Maharashtra,30.26
FAC0080,FAC0075,Nagpur,Maharashtra,18.52
FAC0080,FAC0076,Nagpur,Maharashtra,20.35
FAC0080,FAC0077,Nagpur,Maharashtra,7.19
FAC0080,FAC0078,Nagpur,Maharashtra,5.27
FAC0080,FAC0079,Nagpur,Maharashtra,3.64
FAC0080,FAC0081,Nagpur,Maharashtra,15.06
FAC0080,FAC0082,Nagpur,Maharashtra,10.91
FAC0080,FAC0083,Nagpur,Maharashtra,8.0
FAC0080,FAC0084,Nagpur,Maharashtra,9.31
FAC0080,FAC0085,Nagpur,Maharashtra,6.55
FAC0080,FAC0086,Nagpur,Maharashtra,6.74
FAC0080,FAC0087,Nagpur,Maharashtra,6.78
FAC0080,FAC0088,Nagpur,Maharashtra,17.87
FAC0080,FAC0089,Nagpur,Maharashtra,10.69
FAC0080,FAC0090,Nagpur,Maharashtra,11.26
FAC0081,FAC0061,Nagpur,Maharashtra,15.78
FAC0081,FAC0062,Nagpur,Maharashtra,15.29
FAC0081,FAC0063,Nagpur,Maharashtra,14.77
FAC0081,FAC0064,Nagpur,Maharashtra,14.42
FAC0081,FAC0065,Nagpur,Maharashtra,14.83
FAC0081,FAC0066,Nagpur,Maharashtra,14.47
FAC0081,FAC0067,Nagpur,Maharashtra,14.99
FAC0081,FAC0068,Nagpur,Maharashtra,15.05
FAC0081,FAC0069,Nagpur,Maharashtra,14.97
FAC0081,FAC0070,Nagpur,Maharashtra,16.89
FAC0081,FAC0071,Nagpur,Maharashtra,15.44
FAC0081,FAC0072,Nagpur,Maharashtra,17.01
FAC0081,FAC0073,Nagpur,Maharashtra,17.17
FAC0081,FAC0074,Nagpur,Maharashtra,38.25
FAC0081,FAC0075,Nagpur,Maharashtra,3.78
FAC0081,FAC0076,Nagpur,Maharashtra,7.22
FAC0081,FAC0077,Nagpur,Maharashtra,16.99
FAC0081,FAC0078,Nagpur,Maharashtra,13.11
FAC0081,FAC0079,Nagpur,Maharashtra,13.58
FAC0081,FAC0080,Nagpur,Maharashtra,14.61
FAC0081,FAC0082,Nagpur,Maharashtra,12.81
FAC0081,FAC0083,Nagpur,Maharashtra,12.24
FAC0081,FAC0084,Nagpur,Maharashtra,15.76
FAC0081,FAC0085,Nagpur,Maharashtra,14.54
FAC0081,FAC0086,Nagpur,Maharashtra,14.72
FAC0081,FAC0087,Nagpur,Maharashtra,14.76
FAC0081,FAC0088,Nagpur,Maharashtra,7.97
FAC0081,FAC0089,Nagpur,Maharashtra,15.56
FAC0081,FAC0090,Nagpur,Maharashtra,16.13
FAC0082,FAC0061,Nagpur,Maharashtra,9.96
FAC0082,FAC0062,Nagpur,Maharashtra,9.82
FAC0082,FAC0063,Nagpur,Maharashtra,9.38
FAC0082,FAC0064,Nagpur,Maharashtra,9.03
FAC0082,FAC0065,Nagpur,Maharashtra,8.95
FAC0082,FAC0066,Nagpur,Maharashtra,9.08
FAC0082,FAC0067,Nagpur,Maharashtra,9.35
FAC0082,FAC0068,Nagpur,Maharashtra,9.66
FAC0082,FAC0069,Nagpur,Maharashtra,9.58
FAC0082,FAC0070,Nagpur,Maharashtra,11.5
FAC0082,FAC0071,Nagpur,Maharashtra,10.03
FAC0082,FAC0072,Nagpur,Maharashtra,11.6
FAC0082,FAC0073,Nagpur,Maharashtra,9.89
FAC0082,FAC0074,Nagpur,Maharashtra,31.23
FAC0082,FAC0075,Nagpur,Maharashtra,13.43
FAC0082,FAC0076,Nagpur,Maharashtra,19.28
FAC0082,FAC0077,Nagpur,Maharashtra,10.69
FAC0082,FAC0078,Nagpur,Maharashtra,7.95
FAC0082,FAC0079,Nagpur,Maharashtra,9.73
FAC0082,FAC0080,Nagpur,Maharashtra,10.86
FAC0082,FAC0081,Nagpur,Maharashtra,12.28
FAC0082,FAC0083,Nagpur,Maharashtra,3.33
FAC0082,FAC0084,Nagpur,Maharashtra,7.16
FAC0082,FAC0085,Nagpur,Maharashtra,7.64
FAC0082,FAC0086,Nagpur,Maharashtra,7.86
FAC0082,FAC0087,Nagpur,Maharashtra,7.86
FAC0082,FAC0088,Nagpur,Maharashtra,20.03
FAC0082,FAC0089,Nagpur,Maharashtra,6.05
FAC0082,FAC0090,Nagpur,Maharashtra,5.94
FAC0083,FAC0061,Nagpur,Maharashtra,7.34
FAC0083,FAC0062,Nagpur,Maharashtra,7.07
FAC0083,FAC0063,Nagpur,Maharashtra,6.54
FAC0083,FAC0064,Nagpur,Maharashtra,6.19
FAC0083,FAC0065,Nagpur,Maharashtra,6.33
FAC0083,FAC0066,Nagpur,Maharashtra,6.24
FAC0083,FAC0067,Nagpur,Maharashtra,6.74
FAC0083,FAC0068,Nagpur,Maharashtra,6.83
FAC0083,FAC0069,Nagpur,Maharashtra,6.75
FAC0083,FAC0070,Nagpur,Maharashtra,8.67
FAC0083,FAC0071,Nagpur,Maharashtra,7.2
FAC0083,FAC0072,Nagpur,Maharashtra,8.77
FAC0083,FAC0073,Nagpur,Maharashtra,8.94
FAC0083,FAC0074,Nagpur,Maharashtra,30.02
FAC0083,FAC0075,Nagpur,Maharashtra,15.13
FAC0083,FAC0076,Nagpur,Maharashtra,18.89
FAC0083,FAC0077,Nagpur,Maharashtra,8.76
FAC0083,FAC0078,Nagpur,Maharashtra,5.12
FAC0083,FAC0079,Nagpur,Maharashtra,6.89
FAC0083,FAC0080,Nagpur,Maharashtra,8.03
FAC0083,FAC0081,Nagpur,Maharashtra,11.89
FAC0083,FAC0082,Nagpur,Maharashtra,2.91
FAC0083,FAC0084,Nagpur,Maharashtra,4.54
FAC0083,FAC0085,Nagpur,Maharashtra,4.81
FAC0083,FAC0086,Nagpur,Maharashtra,5.03
FAC0083,FAC0087,Nagpur,Maharashtra,5.03
FAC0083,FAC0088,Nagpur,Maharashtra,19.64
FAC0083,FAC0089,Nagpur,Maharashtra,3.81
FAC0083,FAC0090,Nagpur,Maharashtra,4.1
FAC0084,FAC0061,Nagpur,Maharashtra,4.79
FAC0084,FAC0062,Nagpur,Maharashtra,4.64
FAC0084,FAC0063,Nagpur,Maharashtra,4.59
FAC0084,FAC0064,Nagpur,Maharashtra,4.01
FAC0084,FAC0065,Nagpur,Maharashtra,3.78
FAC0084,FAC0066,Nagpur,Maharashtra,4.26
FAC0084,FAC0067,Nagpur,Maharashtra,4.18
FAC0084,FAC0068,Nagpur,Maharashtra,4.87
FAC0084,FAC0069,Nagpur,Maharashtra,4.79
FAC0084,FAC0070,Nagpur,Maharashtra,6.71
FAC0084,FAC0071,Nagpur,Maharashtra,5.74
FAC0084,FAC0072,Nagpur,Maharashtra,7.04
FAC0084,FAC0073,Nagpur,Maharashtra,6.99
FAC0084,FAC0074,Nagpur,Maharashtra,28.07
FAC0084,FAC0075,Nagpur,Maharashtra,18.15
FAC0084,FAC0076,Nagpur,Maharashtra,21.7
FAC0084,FAC0077,Nagpur,Maharashtra,6.81
FAC0084,FAC0078,Nagpur,Maharashtra,6.34
FAC0084,FAC0079,Nagpur,Maharashtra,8.12
FAC0084,FAC0080,Nagpur,Maharashtra,8.39
FAC0084,FAC0081,Nagpur,Maharashtra,14.7
FAC0084,FAC0082,Nagpur,Maharashtra,6.46
FAC0084,FAC0083,Nagpur,Maharashtra,3.89
FAC0084,FAC0085,Nagpur,Maharashtra,2.94
FAC0084,FAC0086,Nagpur,Maharashtra,3.14
FAC0084,FAC0087,Nagpur,Maharashtra,3.02
FAC0084,FAC0088,Nagpur,Maharashtra,22.45
FAC0084,FAC0089,Nagpur,Maharashtra,3.11
FAC0084,FAC0090,Nagpur,Maharashtra,3.68
FAC0085,FAC0061,Nagpur,Maharashtra,3.16
FAC0085,FAC0062,Nagpur,Maharashtra,2.72
FAC0085,FAC0063,Nagpur,Maharashtra,2.19
FAC0085,FAC0064,Nagpur,Maharashtra,1.84
FAC0085,FAC0065,Nagpur,Maharashtra,2.05
FAC0085,FAC0066,Nagpur,Maharashtra,1.89
FAC0085,FAC0067,Nagpur,Maharashtra,2.41
FAC0085,FAC0068,Nagpur,Maharashtra,2.48
FAC0085,FAC0069,Nagpur,Maharashtra,2.4
FAC0085,FAC0070,Nagpur,Maharashtra,4.31
FAC0085,FAC0071,Nagpur,Maharashtra,2.85
FAC0085,FAC0072,Nagpur,Maharashtra,4.42
FAC0085,FAC0073,Nagpur,Maharashtra,4.59
FAC0085,FAC0074,Nagpur,Maharashtra,25.67
FAC0085,FAC0075,Nagpur,Maharashtra,18.06
FAC0085,FAC0076,Nagpur,Maharashtra,21.61
FAC0085,FAC0077,Nagpur,Maharashtra,4.41
FAC0085,FAC0078,Nagpur,Maharashtra,3.77
FAC0085,FAC0079,Nagpur,Maharashtra,5.96
FAC0085,FAC0080,Nagpur,Maharashtra,5.83
FAC0085,FAC0081,Nagpur,Maharashtra,14.6
FAC0085,FAC0082,Nagpur,Maharashtra,7.54
FAC0085,FAC0083,Nagpur,Maharashtra,4.63
FAC0085,FAC0084,Nagpur,Maharashtra,3.64
FAC0085,FAC0086,Nagpur,Maharashtra,0.22
FAC0085,FAC0087,Nagpur,Maharashtra,0.22
FAC0085,FAC0088,Nagpur,Maharashtra,20.5
FAC0085,FAC0089,Nagpur,Maharashtra,4.95
FAC0085,FAC0090,Nagpur,Maharashtra,5.53
FAC0086,FAC0061,Nagpur,Maharashtra,3.26
FAC0086,FAC0062,Nagpur,Maharashtra,2.83
FAC0086,FAC0063,Nagpur,Maharashtra,2.3
FAC0086,FAC0064,Nagpur,Maharashtra,1.95
FAC0086,FAC0065,Nagpur,Maharashtra,2.16
FAC0086,FAC0066,Nagpur,Maharashtra,2.0
FAC0086,FAC0067,Nagpur,Maharashtra,2.52
FAC0086,FAC0068,Nagpur,Maharashtra,2.58
FAC0086,FAC0069,Nagpur,Maharashtra,2.5
FAC0086,FAC0070,Nagpur,Maharashtra,4.42
FAC0086,FAC0071,Nagpur,Maharashtra,2.95
FAC0086,FAC0072,Nagpur,Maharashtra,4.53
FAC0086,FAC0073,Nagpur,Maharashtra,4.7
FAC0086,FAC0074,Nagpur,Maharashtra,25.78
FAC0086,FAC0075,Nagpur,Maharashtra,18.16
FAC0086,FAC0076,Nagpur,Maharashtra,21.71
FAC0086,FAC0077,Nagpur,Maharashtra,4.52
FAC0086,FAC0078,Nagpur,Maharashtra,3.88
FAC0086,FAC0079,Nagpur,Maharashtra,6.06
FAC0086,FAC0080,Nagpur,Maharashtra,5.93
FAC0086,FAC0081,Nagpur,Maharashtra,14.71
FAC0086,FAC0082,Nagpur,Maharashtra,7.81
FAC0086,FAC0083,Nagpur,Maharashtra,4.9
FAC0086,FAC0084,Nagpur,Maharashtra,3.79
FAC0086,FAC0085,Nagpur,Maharashtra,0.27
FAC0086,FAC0087,Nagpur,Maharashtra,0.38
FAC0086,FAC0088,Nagpur,Maharashtra,20.61
FAC0086,FAC0089,Nagpur,Maharashtra,5.11
FAC0086,FAC0090,Nagpur,Maharashtra,5.68
FAC0087,FAC0061,Nagpur,Maharashtra,3.25
FAC0087,FAC0062,Nagpur,Maharashtra,2.99
FAC0087,FAC0063,Nagpur,Maharashtra,2.47
FAC0087,FAC0064,Nagpur,Maharashtra,2.12
FAC0087,FAC0065,Nagpur,Maharashtra,2.25
FAC0087,FAC0066,Nagpur,Maharashtra,2.17
FAC0087,FAC0067,Nagpur,Maharashtra,2.65
FAC0087,FAC0068,Nagpur,Maharashtra,2.75
FAC0087,FAC0069,Nagpur,Maharashtra,2.67
FAC0087,FAC0070,Nagpur,Maharashtra,4.59
FAC0087,FAC0071,Nagpur,Maharashtra,3.12
FAC0087,FAC0072,Nagpur,Maharashtra,4.69
FAC0087,FAC0073,Nagpur,Maharashtra,4.86
FAC0087,FAC0074,Nagpur,Maharashtra,25.95
FAC0087,FAC0075,Nagpur,Maharashtra,18.33
FAC0087,FAC0076,Nagpur,Maharashtra,21.88
FAC0087,FAC0077,Nagpur,Maharashtra,4.69
FAC0087,FAC0078,Nagpur,Maharashtra,4.05
FAC0087,FAC0079,Nagpur,Maharashtra,6.23
FAC0087,FAC0080,Nagpur,Maharashtra,6.1
FAC0087,FAC0081,Nagpur,Maharashtra,14.88
FAC0087,FAC0082,Nagpur,Maharashtra,7.82
FAC0087,FAC0083,Nagpur,Maharashtra,4.91
FAC0087,FAC0084,Nagpur,Maharashtra,3.67
FAC0087,FAC0085,Nagpur,Maharashtra,0.28
FAC0087,FAC0086,Nagpur,Maharashtra,0.48
FAC0087,FAC0088,Nagpur,Maharashtra,20.78
FAC0087,FAC0089,Nagpur,Maharashtra,4.98
FAC0087,FAC0090,Nagpur,Maharashtra,5.55
FAC0088,FAC0061,Nagpur,Maharashtra,21.41
FAC0088,FAC0062,Nagpur,Maharashtra,20.92
FAC0088,FAC0063,Nagpur,Maharashtra,20.4
FAC0088,FAC0064,Nagpur,Maharashtra,20.05
FAC0088,FAC0065,Nagpur,Maharashtra,20.46
FAC0088,FAC0066,Nagpur,Maharashtra,20.1
FAC0088,FAC0067,Nagpur,Maharashtra,20.62
FAC0088,FAC0068,Nagpur,Maharashtra,20.68
FAC0088,FAC0069,Nagpur,Maharashtra,20.6
FAC0088,FAC0070,Nagpur,Maharashtra,21.38
FAC0088,FAC0071,Nagpur,Maharashtra,20.89
FAC0088,FAC0072,Nagpur,Maharashtra,21.04
FAC0088,FAC0073,Nagpur,Maharashtra,22.8
FAC0088,FAC0074,Nagpur,Maharashtra,43.88
FAC0088,FAC0075,Nagpur,Maharashtra,11.55
FAC0088,FAC0076,Nagpur,Maharashtra,2.48
FAC0088,FAC0077,Nagpur,Maharashtra,21.68
FAC0088,FAC0078,Nagpur,Maharashtra,18.18
FAC0088,FAC0079,Nagpur,Maharashtra,16.21
FAC0088,FAC0080,Nagpur,Maharashtra,16.59
FAC0088,FAC0081,Nagpur,Maharashtra,7.96
FAC0088,FAC0082,Nagpur,Maharashtra,20.46
FAC0088,FAC0083,Nagpur,Maharashtra,19.89
FAC0088,FAC0084,Nagpur,Maharashtra,22.6
FAC0088,FAC0085,Nagpur,Maharashtra,20.17
FAC0088,FAC0086,Nagpur,Maharashtra,20.35
FAC0088,FAC0087,Nagpur,Maharashtra,20.39
FAC0088,FAC0089,Nagpur,Maharashtra,23.11
FAC0088,FAC0090,Nagpur,Maharashtra,23.68
FAC0089,FAC0061,Nagpur,Maharashtra,6.39
FAC0089,FAC0062,Nagpur,Maharashtra,6.24
FAC0089,FAC0063,Nagpur,Maharashtra,6.19
FAC0089,FAC0064,Nagpur,Maharashtra,5.61
FAC0089,FAC0065,Nagpur,Maharashtra,5.38
FAC0089,FAC0066,Nagpur,Maharashtra,5.86
FAC0089,FAC0067,Nagpur,Maharashtra,5.78
FAC0089,FAC0068,Nagpur,Maharashtra,6.47
FAC0089,FAC0069,Nagpur,Maharashtra,6.39
FAC0089,FAC0070,Nagpur,Maharashtra,8.31
FAC0089,FAC0071,Nagpur,Maharashtra,7.34
FAC0089,FAC0072,Nagpur,Maharashtra,8.64
FAC0089,FAC0073,Nagpur,Maharashtra,7.71
FAC0089,FAC0074,Nagpur,Maharashtra,29.05
FAC0089,FAC0075,Nagpur,Maharashtra,18.41
FAC0089,FAC0076,Nagpur,Maharashtra,22.12
FAC0089,FAC0077,Nagpur,Maharashtra,8.4
FAC0089,FAC0078,Nagpur,Maharashtra,7.66
FAC0089,FAC0079,Nagpur,Maharashtra,9.46
FAC0089,FAC0080,Nagpur,Maharashtra,9.99
FAC0089,FAC0081,Nagpur,Maharashtra,15.11
FAC0089,FAC0082,Nagpur,Maharashtra,6.0
FAC0089,FAC0083,Nagpur,Maharashtra,3.71
FAC0089,FAC0084,Nagpur,Maharashtra,3.38
FAC0089,FAC0085,Nagpur,Maharashtra,4.54
FAC0089,FAC0086,Nagpur,Maharashtra,4.74
FAC0089,FAC0087,Nagpur,Maharashtra,4.62
FAC0089,FAC0088,Nagpur,Maharashtra,22.87
FAC0089,FAC0090,Nagpur,Maharashtra,1.44
FAC0090,FAC0061,Nagpur,Maharashtra,6.29
FAC0090,FAC0062,Nagpur,Maharashtra,6.14
FAC0090,FAC0063,Nagpur,Maharashtra,6.09
FAC0090,FAC0064,Nagpur,Maharashtra,5.51
FAC0090,FAC0065,Nagpur,Maharashtra,5.28
FAC0090,FAC0066,Nagpur,Maharashtra,5.76
FAC0090,FAC0067,Nagpur,Maharashtra,5.68
FAC0090,FAC0068,Nagpur,Maharashtra,6.37
FAC0090,FAC0069,Nagpur,Maharashtra,6.29
FAC0090,FAC0070,Nagpur,Maharashtra,8.21
FAC0090,FAC0071,Nagpur,Maharashtra,7.24
FAC0090,FAC0072,Nagpur,Maharashtra,8.54
FAC0090,FAC0073,Nagpur,Maharashtra,7.95
FAC0090,FAC0074,Nagpur,Maharashtra,29.29
FAC0090,FAC0075,Nagpur,Maharashtra,18.35
FAC0090,FAC0076,Nagpur,Maharashtra,22.02
FAC0090,FAC0077,Nagpur,Maharashtra,8.3
FAC0090,FAC0078,Nagpur,Maharashtra,7.56
FAC0090,FAC0079,Nagpur,Maharashtra,9.36
FAC0090,FAC0080,Nagpur,Maharashtra,9.89
FAC0090,FAC0081,Nagpur,Maharashtra,15.01
FAC0090,FAC0082,Nagpur,Maharashtra,5.94
FAC0090,FAC0083,Nagpur,Maharashtra,3.61
FAC0090,FAC0084,Nagpur,Maharashtra,3.49
FAC0090,FAC0085,Nagpur,Maharashtra,4.44
FAC0090,FAC0086,Nagpur,Maharashtra,4.64
FAC0090,FAC0087,Nagpur,Maharashtra,4.52
FAC0090,FAC0088,Nagpur,Maharashtra,22.77
FAC0090,FAC0089,Nagpur,Maharashtra,0.66
FAC0091,FAC0092,Jaipur,Rajasthan,10.25
FAC0091,FAC0093,Jaipur,Rajasthan,9.13
FAC0091,FAC0094,Jaipur,Rajasthan,7.29
FAC0091,FAC0095,Jaipur,Rajasthan,7.13
FAC0091,FAC0096,Jaipur,Rajasthan,17.81
FAC0091,FAC0097,Jaipur,Rajasthan,12.71
FAC0091,FAC0098,Jaipur,Rajasthan,15.9
FAC0091,FAC0099,Jaipur,Rajasthan,13.01
FAC0091,FAC0100,Jaipur,Rajasthan,14.86
FAC0091,FAC0101,Jaipur,Rajasthan,13.9
FAC0091,FAC0102,Jaipur,Rajasthan,6.14
FAC0091,FAC0103,Jaipur,Rajasthan,7.63
FAC0091,FAC0104,Jaipur,Rajasthan,8.21
FAC0091,FAC0105,Jaipur,Rajasthan,6.62
FAC0091,FAC0106,Jaipur,Rajasthan,8.95
FAC0091,FAC0107,Jaipur,Rajasthan,9.41
FAC0091,FAC0108,Jaipur,Rajasthan,19.69
FAC0091,FAC0109,Jaipur,Rajasthan,9.22
FAC0091,FAC0110,Jaipur,Rajasthan,8.04
FAC0091,FAC0111,Jaipur,Rajasthan,12.52
FAC0091,FAC0112,Jaipur,Rajasthan,9.52
FAC0091,FAC0113,Jaipur,Rajasthan,19.68
FAC0091,FAC0114,Jaipur,Rajasthan,14.59
FAC0091,FAC0115,Jaipur,Rajasthan,1.92
FAC0091,FAC0116,Jaipur,Rajasthan,8.35
FAC0091,FAC0117,Jaipur,Rajasthan,13.34
FAC0091,FAC0118,Jaipur,Rajasthan,6.06
FAC0091,FAC0119,Jaipur,Rajasthan,5.83
FAC0091,FAC0120,Jaipur,Rajasthan,16.15
FAC0092,FAC0091,Jaipur,Rajasthan,10.26
FAC0092,FAC0093,Jaipur,Rajasthan,12.71
FAC0092,FAC0094,Jaipur,Rajasthan,10.77
FAC0092,FAC0095,Jaipur,Rajasthan,10.13
FAC0092,FAC0096,Jaipur,Rajasthan,20.05
FAC0092,FAC0097,Jaipur,Rajasthan,14.88
FAC0092,FAC0098,Jaipur,Rajasthan,16.2
FAC0092,FAC0099,Jaipur,Rajasthan,13.35
FAC0092,FAC0100,Jaipur,Rajasthan,9.6
FAC0092,FAC0101,Jaipur,Rajasthan,8.65
FAC0092,FAC0102,Jaipur,Rajasthan,5.46
FAC0092,FAC0103,Jaipur,Rajasthan,10.64
FAC0092,FAC0104,Jaipur,Rajasthan,11.21
FAC0092,FAC0105,Jaipur,Rajasthan,6.64
FAC0092,FAC0106,Jaipur,Rajasthan,14.69
FAC0092,FAC0107,Jaipur,Rajasthan,15.1
FAC0092,FAC0108,Jaipur,Rajasthan,21.93
FAC0092,FAC0109,Jaipur,Rajasthan,13.85
FAC0092,FAC0110,Jaipur,Rajasthan,4.46
FAC0092,FAC0111,Jaipur,Rajasthan,4.08
FAC0092,FAC0112,Jaipur,Rajasthan,4.07
FAC0092,FAC0113,Jaipur,Rajasthan,23.9
FAC0092,FAC0114,Jaipur,Rajasthan,14.02
FAC0092,FAC0115,Jaipur,Rajasthan,9.9
FAC0092,FAC0116,Jaipur,Rajasthan,11.35
FAC0092,FAC0117,Jaipur,Rajasthan,13.65
FAC0092,FAC0118,Jaipur,Rajasthan,10.28
FAC0092,FAC0119,Jaipur,Rajasthan,10.05
FAC0092,FAC0120,Jaipur,Rajasthan,10.89
FAC0093,FAC0091,Jaipur,Rajasthan,8.77
FAC0093,FAC0092,Jaipur,Rajasthan,12.97
FAC0093,FAC0094,Jaipur,Rajasthan,15.3
FAC0093,FAC0095,Jaipur,Rajasthan,15.14
FAC0093,FAC0096,Jaipur,Rajasthan,25.82
FAC0093,FAC0097,Jaipur,Rajasthan,20.71
FAC0093,FAC0098,Jaipur,Rajasthan,23.9
FAC0093,FAC0099,Jaipur,Rajasthan,21.02
FAC0093,FAC0100,Jaipur,Rajasthan,19.47
FAC0093,FAC0101,Jaipur,Rajasthan,18.51
FAC0093,FAC0102,Jaipur,Rajasthan,13.56
FAC0093,FAC0103,Jaipur,Rajasthan,15.64
FAC0093,FAC0104,Jaipur,Rajasthan,16.21
FAC0093,FAC0105,Jaipur,Rajasthan,14.05
FAC0093,FAC0106,Jaipur,Rajasthan,11.44
FAC0093,FAC0107,Jaipur,Rajasthan,9.22
FAC0093,FAC0108,Jaipur,Rajasthan,27.7
FAC0093,FAC0109,Jaipur,Rajasthan,17.61
FAC0093,FAC0110,Jaipur,Rajasthan,15.46
FAC0093,FAC0111,Jaipur,Rajasthan,12.03
FAC0093,FAC0112,Jaipur,Rajasthan,14.81
FAC0093,FAC0113,Jaipur,Rajasthan,27.69
FAC0093,FAC0114,Jaipur,Rajasthan,22.59
FAC0093,FAC0115,Jaipur,Rajasthan,9.4
FAC0093,FAC0116,Jaipur,Rajasthan,16.35
FAC0093,FAC0117,Jaipur,Rajasthan,21.35
FAC0093,FAC0118,Jaipur,Rajasthan,14.07
FAC0093,FAC0119,Jaipur,Rajasthan,13.84
FAC0093,FAC0120,Jaipur,Rajasthan,20.75
FAC0094,FAC0091,Jaipur,Rajasthan,7.52
FAC0094,FAC0092,Jaipur,Rajasthan,10.59
FAC0094,FAC0093,Jaipur,Rajasthan,15.79
FAC0094,FAC0095,Jaipur,Rajasthan,2.15
FAC0094,FAC0096,Jaipur,Rajasthan,11.67
FAC0094,FAC0097,Jaipur,Rajasthan,6.57
FAC0094,FAC0098,Jaipur,Rajasthan,9.76
FAC0094,FAC0099,Jaipur,Rajasthan,8.04
FAC0094,FAC0100,Jaipur,Rajasthan,11.37
FAC0094,FAC0101,Jaipur,Rajasthan,12.99
FAC0094,FAC0102,Jaipur,Rajasthan,7.09
FAC0094,FAC0103,Jaipur,Rajasthan,1.95
FAC0094,FAC0104,Jaipur,Rajasthan,2.07
FAC0094,FAC0105,Jaipur,Rajasthan,7.09
FAC0094,FAC0106,Jaipur,Rajasthan,15.31
FAC0094,FAC0107,Jaipur,Rajasthan,16.07
FAC0094,FAC0108,Jaipur,Rajasthan,13.55
FAC0094,FAC0109,Jaipur,Rajasthan,5.09
FAC0094,FAC0110,Jaipur,Rajasthan,8.37
FAC0094,FAC0111,Jaipur,Rajasthan,13.79
FAC0094,FAC0112,Jaipur,Rajasthan,9.85
FAC0094,FAC0113,Jaipur,Rajasthan,17.83
FAC0094,FAC0114,Jaipur,Rajasthan,9.61
FAC0094,FAC0115,Jaipur,Rajasthan,8.47
FAC0094,FAC0116,Jaipur,Rajasthan,2.21
FAC0094,FAC0117,Jaipur,Rajasthan,7.2
FAC0094,FAC0118,Jaipur,Rajasthan,2.51
FAC0094,FAC0119,Jaipur,Rajasthan,2.45
FAC0094,FAC0120,Jaipur,Rajasthan,11.47
FAC0095,FAC0091,Jaipur,Rajasthan,8.16
FAC0095,FAC0092,Jaipur,Rajasthan,10.02
FAC0095,FAC0093,Jaipur,Rajasthan,16.43
FAC0095,FAC0094,Jaipur,Rajasthan,0.64
FAC0095,FAC0096,Jaipur,Rajasthan,10.68
FAC0095,FAC0097,Jaipur,Rajasthan,5.58
FAC0095,FAC0098,Jaipur,Rajasthan,8.76
FAC0095,FAC0099,Jaipur,Rajasthan,7.32
FAC0095,FAC0100,Jaipur,Rajasthan,10.88
FAC0095,FAC0101,Jaipur,Rajasthan,12.5
FAC0095,FAC0102,Jaipur,Rajasthan,6.52
FAC0095,FAC0103,Jaipur,Rajasthan,0.5
FAC0095,FAC0104,Jaipur,Rajasthan,1.08
FAC0095,FAC0105,Jaipur,Rajasthan,6.53
FAC0095,FAC0106,Jaipur,Rajasthan,15.94
FAC0095,FAC0107,Jaipur,Rajasthan,16.71
FAC0095,FAC0108,Jaipur,Rajasthan,12.56
FAC0095,FAC0109,Jaipur,Rajasthan,4.07
FAC0095,FAC0110,Jaipur,Rajasthan,7.8
FAC0095,FAC0111,Jaipur,Rajasthan,13.22
FAC0095,FAC0112,Jaipur,Rajasthan,9.28
FAC0095,FAC0113,Jaipur,Rajasthan,18.47
FAC0095,FAC0114,Jaipur,Rajasthan,8.76
FAC0095,FAC0115,Jaipur,Rajasthan,9.11
FAC0095,FAC0116,Jaipur,Rajasthan,1.22
FAC0095,FAC0117,Jaipur,Rajasthan,6.21
FAC0095,FAC0118,Jaipur,Rajasthan,3.14
FAC0095,FAC0119,Jaipur,Rajasthan,3.08
FAC0095,FAC0120,Jaipur,Rajasthan,10.99
FAC0096,FAC0091,Jaipur,Rajasthan,18.21
FAC0096,FAC0092,Jaipur,Rajasthan,20.01
FAC0096,FAC0093,Jaipur,Rajasthan,26.48
FAC0096,FAC0094,Jaipur,Rajasthan,10.69
FAC0096,FAC0095,Jaipur,Rajasthan,11.69
FAC0096,FAC0097,Jaipur,Rajasthan,5.45
FAC0096,FAC0098,Jaipur,Rajasthan,10.22
FAC0096,FAC0099,Jaipur,Rajasthan,10.66
FAC0096,FAC0100,Jaipur,Rajasthan,12.1
FAC0096,FAC0101,Jaipur,Rajasthan,13.72
FAC0096,FAC0102,Jaipur,Rajasthan,16.52
FAC0096,FAC0103,Jaipur,Rajasthan,10.88
FAC0096,FAC0104,Jaipur,Rajasthan,10.4
FAC0096,FAC0105,Jaipur,Rajasthan,16.52
FAC0096,FAC0106,Jaipur,Rajasthan,26.0
FAC0096,FAC0107,Jaipur,Rajasthan,26.77
FAC0096,FAC0108,Jaipur,Rajasthan,4.66
FAC0096,FAC0109,Jaipur,Rajasthan,10.73
FAC0096,FAC0110,Jaipur,Rajasthan,16.48
FAC0096,FAC0111,Jaipur,Rajasthan,20.51
FAC0096,FAC0112,Jaipur,Rajasthan,17.52
FAC0096,FAC0113,Jaipur,Rajasthan,13.34
FAC0096,FAC0114,Jaipur,Rajasthan,8.05
FAC0096,FAC0115,Jaipur,Rajasthan,19.17
FAC0096,FAC0116,Jaipur,Rajasthan,11.21
FAC0096,FAC0117,Jaipur,Rajasthan,7.64
FAC0096,FAC0118,Jaipur,Rajasthan,13.2
FAC0096,FAC0119,Jaipur,Rajasthan,13.14
FAC0096,FAC0120,Jaipur,Rajasthan,10.53
FAC0097,FAC0091,Jaipur,Rajasthan,13.17
FAC0097,FAC0092,Jaipur,Rajasthan,14.91
FAC0097,FAC0093,Jaipur,Rajasthan,21.44
FAC0097,FAC0094,Jaipur,Rajasthan,5.65
FAC0097,FAC0095,Jaipur,Rajasthan,6.64
FAC0097,FAC0096,Jaipur,Rajasthan,5.5
FAC0097,FAC0098,Jaipur,Rajasthan,5.09
FAC0097,FAC0099,Jaipur,Rajasthan,5.53
FAC0097,FAC0100,Jaipur,Rajasthan,8.25
FAC0097,FAC0101,Jaipur,Rajasthan,9.87
FAC0097,FAC0102,Jaipur,Rajasthan,11.47
FAC0097,FAC0103,Jaipur,Rajasthan,5.84
FAC0097,FAC0104,Jaipur,Rajasthan,5.35
FAC0097,FAC0105,Jaipur,Rajasthan,11.48
FAC0097,FAC0106,Jaipur,Rajasthan,20.96
FAC0097,FAC0107,Jaipur,Rajasthan,21.72
FAC0097,FAC0108,Jaipur,Rajasthan,7.38
FAC0097,FAC0109,Jaipur,Rajasthan,5.69
FAC0097,FAC0110,Jaipur,Rajasthan,11.35
FAC0097,FAC0111,Jaipur,Rajasthan,15.38
FAC0097,FAC0112,Jaipur,Rajasthan,12.39
FAC0097,FAC0113,Jaipur,Rajasthan,15.74
FAC0097,FAC0114,Jaipur,Rajasthan,4.2
FAC0097,FAC0115,Jaipur,Rajasthan,14.12
FAC0097,FAC0116,Jaipur,Rajasthan,6.17
FAC0097,FAC0117,Jaipur,Rajasthan,2.51
FAC0097,FAC0118,Jaipur,Rajasthan,8.16
FAC0097,FAC0119,Jaipur,Rajasthan,8.1
FAC0097,FAC0120,Jaipur,Rajasthan,9.14
FAC0098,FAC0091,Jaipur,Rajasthan,16.89
FAC0098,FAC0092,Jaipur,Rajasthan,16.59
FAC0098,FAC0093,Jaipur,Rajasthan,25.15
FAC0098,FAC0094,Jaipur,Rajasthan,9.37
FAC0098,FAC0095,Jaipur,Rajasthan,10.36
FAC0098,FAC0096,Jaipur,Rajasthan,9.91
FAC0098,FAC0097,Jaipur,Rajasthan,4.74
FAC0098,FAC0099,Jaipur,Rajasthan,7.21
FAC0098,FAC0100,Jaipur,Rajasthan,11.04
FAC0098,FAC0101,Jaipur,Rajasthan,12.66
FAC0098,FAC0102,Jaipur,Rajasthan,13.94
FAC0098,FAC0103,Jaipur,Rajasthan,9.55
FAC0098,FAC0104,Jaipur,Rajasthan,9.07
FAC0098,FAC0105,Jaipur,Rajasthan,14.9
FAC0098,FAC0106,Jaipur,Rajasthan,24.67
FAC0098,FAC0107,Jaipur,Rajasthan,25.44
FAC0098,FAC0108,Jaipur,Rajasthan,11.79
FAC0098,FAC0109,Jaipur,Rajasthan,10.18
FAC0098,FAC0110,Jaipur,Rajasthan,13.02
FAC0098,FAC0111,Jaipur,Rajasthan,17.05
FAC0098,FAC0112,Jaipur,Rajasthan,14.06
FAC0098,FAC0113,Jaipur,Rajasthan,20.15
FAC0098,FAC0114,Jaipur,Rajasthan,7.5
FAC0098,FAC0115,Jaipur,Rajasthan,17.84
FAC0098,FAC0116,Jaipur,Rajasthan,9.88
FAC0098,FAC0117,Jaipur,Rajasthan,4.18
FAC0098,FAC0118,Jaipur,Rajasthan,11.87
FAC0098,FAC0119,Jaipur,Rajasthan,11.81
FAC0098,FAC0120,Jaipur,Rajasthan,11.93
FAC0099,FAC0091,Jaipur,Rajasthan,14.02
FAC0099,FAC0092,Jaipur,Rajasthan,12.28
FAC0099,FAC0093,Jaipur,Rajasthan,22.0
FAC0099,FAC0094,Jaipur,Rajasthan,7.44
FAC0099,FAC0095,Jaipur,Rajasthan,6.81
FAC0099,FAC0096,Jaipur,Rajasthan,10.75
FAC0099,FAC0097,Jaipur,Rajasthan,5.58
FAC0099,FAC0098,Jaipur,Rajasthan,6.9
FAC0099,FAC0100,Jaipur,Rajasthan,7.75
FAC0099,FAC0101,Jaipur,Rajasthan,9.38
FAC0099,FAC0102,Jaipur,Rajasthan,9.63
FAC0099,FAC0103,Jaipur,Rajasthan,7.31
FAC0099,FAC0104,Jaipur,Rajasthan,7.38
FAC0099,FAC0105,Jaipur,Rajasthan,10.59
FAC0099,FAC0106,Jaipur,Rajasthan,21.8
FAC0099,FAC0107,Jaipur,Rajasthan,22.22
FAC0099,FAC0108,Jaipur,Rajasthan,12.63
FAC0099,FAC0109,Jaipur,Rajasthan,10.17
FAC0099,FAC0110,Jaipur,Rajasthan,8.71
FAC0099,FAC0111,Jaipur,Rajasthan,12.74
FAC0099,FAC0112,Jaipur,Rajasthan,9.76
FAC0099,FAC0113,Jaipur,Rajasthan,21.0
FAC0099,FAC0114,Jaipur,Rajasthan,5.66
FAC0099,FAC0115,Jaipur,Rajasthan,14.07
FAC0099,FAC0116,Jaipur,Rajasthan,7.03
FAC0099,FAC0117,Jaipur,Rajasthan,4.35
FAC0099,FAC0118,Jaipur,Rajasthan,8.93
FAC0099,FAC0119,Jaipur,Rajasthan,8.87
FAC0099,FAC0120,Jaipur,Rajasthan,7.86
FAC0100,FAC0091,Jaipur,Rajasthan,14.61
FAC0100,FAC0092,Jaipur,Rajasthan,10.02
FAC0100,FAC0093,Jaipur,Rajasthan,21.0
FAC0100,FAC0094,Jaipur,Rajasthan,9.89
FAC0100,FAC0095,Jaipur,Rajasthan,9.25
FAC0100,FAC0096,Jaipur,Rajasthan,12.26
FAC0100,FAC0097,Jaipur,Rajasthan,8.32
FAC0100,FAC0098,Jaipur,Rajasthan,10.68
FAC0100,FAC0099,Jaipur,Rajasthan,8.26
FAC0100,FAC0101,Jaipur,Rajasthan,2.23
FAC0100,FAC0102,Jaipur,Rajasthan,9.81
FAC0100,FAC0103,Jaipur,Rajasthan,9.76
FAC0100,FAC0104,Jaipur,Rajasthan,9.82
FAC0100,FAC0105,Jaipur,Rajasthan,10.78
FAC0100,FAC0106,Jaipur,Rajasthan,20.04
FAC0100,FAC0107,Jaipur,Rajasthan,18.79
FAC0100,FAC0108,Jaipur,Rajasthan,13.72
FAC0100,FAC0109,Jaipur,Rajasthan,13.32
FAC0100,FAC0110,Jaipur,Rajasthan,8.68
FAC0100,FAC0111,Jaipur,Rajasthan,9.31
FAC0100,FAC0112,Jaipur,Rajasthan,6.33
FAC0100,FAC0113,Jaipur,Rajasthan,22.45
FAC0100,FAC0114,Jaipur,Rajasthan,5.12
FAC0100,FAC0115,Jaipur,Rajasthan,14.26
FAC0100,FAC0116,Jaipur,Rajasthan,9.48
FAC0100,FAC0117,Jaipur,Rajasthan,8.13
FAC0100,FAC0118,Jaipur,Rajasthan,11.37
FAC0100,FAC0119,Jaipur,Rajasthan,11.31
FAC0100,FAC0120,Jaipur,Rajasthan,2.51
FAC0101,FAC0091,Jaipur,Rajasthan,14.14
FAC0101,FAC0092,Jaipur,Rajasthan,9.55
FAC0101,FAC0093,Jaipur,Rajasthan,20.53
FAC0101,FAC0094,Jaipur,Rajasthan,11.15
FAC0101,FAC0095,Jaipur,Rajasthan,10.51
FAC0101,FAC0096,Jaipur,Rajasthan,13.52
FAC0101,FAC0097,Jaipur,Rajasthan,9.58
FAC0101,FAC0098,Jaipur,Rajasthan,11.94
FAC0101,FAC0099,Jaipur,Rajasthan,9.51
FAC0101,FAC0100,Jaipur,Rajasthan,1.96
FAC0101,FAC0102,Jaipur,Rajasthan,9.34
FAC0101,FAC0103,Jaipur,Rajasthan,11.01
FAC0101,FAC0104,Jaipur,Rajasthan,11.08
FAC0101,FAC0105,Jaipur,Rajasthan,10.31
FAC0101,FAC0106,Jaipur,Rajasthan,19.57
FAC0101,FAC0107,Jaipur,Rajasthan,18.32
FAC0101,FAC0108,Jaipur,Rajasthan,14.98
FAC0101,FAC0109,Jaipur,Rajasthan,14.58
FAC0101,FAC0110,Jaipur,Rajasthan,8.21
FAC0101,FAC0111,Jaipur,Rajasthan,8.84
FAC0101,FAC0112,Jaipur,Rajasthan,5.85
FAC0101,FAC0113,Jaipur,Rajasthan,23.7
FAC0101,FAC0114,Jaipur,Rajasthan,6.38
FAC0101,FAC0115,Jaipur,Rajasthan,13.79
FAC0101,FAC0116,Jaipur,Rajasthan,10.73
FAC0101,FAC0117,Jaipur,Rajasthan,9.38
FAC0101,FAC0118,Jaipur,Rajasthan,12.62
FAC0101,FAC0119,Jaipur,Rajasthan,12.57
FAC0101,FAC0120,Jaipur,Rajasthan,3.25
FAC0102,FAC0091,Jaipur,Rajasthan,5.43
FAC0102,FAC0092,Jaipur,Rajasthan,5.88
FAC0102,FAC0093,Jaipur,Rajasthan,13.01
FAC0102,FAC0094,Jaipur,Rajasthan,6.54
FAC0102,FAC0095,Jaipur,Rajasthan,5.91
FAC0102,FAC0096,Jaipur,Rajasthan,16.59
FAC0102,FAC0097,Jaipur,Rajasthan,11.48
FAC0102,FAC0098,Jaipur,Rajasthan,14.0
FAC0102,FAC0099,Jaipur,Rajasthan,11.15
FAC0102,FAC0100,Jaipur,Rajasthan,10.48
FAC0102,FAC0101,Jaipur,Rajasthan,9.53
FAC0102,FAC0103,Jaipur,Rajasthan,6.41
FAC0102,FAC0104,Jaipur,Rajasthan,6.99
FAC0102,FAC0105,Jaipur,Rajasthan,2.24
FAC0102,FAC0106,Jaipur,Rajasthan,12.89
FAC0102,FAC0107,Jaipur,Rajasthan,13.3
FAC0102,FAC0108,Jaipur,Rajasthan,18.46
FAC0102,FAC0109,Jaipur,Rajasthan,9.02
FAC0102,FAC0110,Jaipur,Rajasthan,3.66
FAC0102,FAC0111,Jaipur,Rajasthan,9.07
FAC0102,FAC0112,Jaipur,Rajasthan,5.14
FAC0102,FAC0113,Jaipur,Rajasthan,19.08
FAC0102,FAC0114,Jaipur,Rajasthan,12.72
FAC0102,FAC0115,Jaipur,Rajasthan,5.08
FAC0102,FAC0116,Jaipur,Rajasthan,7.12
FAC0102,FAC0117,Jaipur,Rajasthan,11.45
FAC0102,FAC0118,Jaipur,Rajasthan,5.46
FAC0102,FAC0119,Jaipur,Rajasthan,5.23
FAC0102,FAC0120,Jaipur,Rajasthan,11.77
FAC0103,FAC0091,Jaipur,Rajasthan,8.03
FAC0103,FAC0092,Jaipur,Rajasthan,10.2
FAC0103,FAC0093,Jaipur,Rajasthan,16.3
FAC0103,FAC0094,Jaipur,Rajasthan,0.51
FAC0103,FAC0095,Jaipur,Rajasthan,1.87
FAC0103,FAC0096,Jaipur,Rajasthan,10.86
FAC0103,FAC0097,Jaipur,Rajasthan,5.76
FAC0103,FAC0098,Jaipur,Rajasthan,8.95
FAC0103,FAC0099,Jaipur,Rajasthan,7.5
FAC0103,FAC0100,Jaipur,Rajasthan,11.07
FAC0103,FAC0101,Jaipur,Rajasthan,12.69
FAC0103,FAC0102,Jaipur,Rajasthan,6.7
FAC0103,FAC0104,Jaipur,Rajasthan,1.26
FAC0103,FAC0105,Jaipur,Rajasthan,6.71
FAC0103,FAC0106,Jaipur,Rajasthan,15.82
FAC0103,FAC0107,Jaipur,Rajasthan,16.58
FAC0103,FAC0108,Jaipur,Rajasthan,12.74
FAC0103,FAC0109,Jaipur,Rajasthan,4.25
FAC0103,FAC0110,Jaipur,Rajasthan,7.98
FAC0103,FAC0111,Jaipur,Rajasthan,13.4
FAC0103,FAC0112,Jaipur,Rajasthan,9.46
FAC0103,FAC0113,Jaipur,Rajasthan,18.35
FAC0103,FAC0114,Jaipur,Rajasthan,8.94
FAC0103,FAC0115,Jaipur,Rajasthan,8.99
FAC0103,FAC0116,Jaipur,Rajasthan,1.4
FAC0103,FAC0117,Jaipur,Rajasthan,6.39
FAC0103,FAC0118,Jaipur,Rajasthan,3.02
FAC0103,FAC0119,Jaipur,Rajasthan,2.96
FAC0103,FAC0120,Jaipur,Rajasthan,11.17
FAC0104,FAC0091,Jaipur,Rajasthan,8.63
FAC0104,FAC0092,Jaipur,Rajasthan,10.43
FAC0104,FAC0093,Jaipur,Rajasthan,16.89
FAC0104,FAC0094,Jaipur,Rajasthan,1.11
FAC0104,FAC0095,Jaipur,Rajasthan,2.1
FAC0104,FAC0096,Jaipur,Rajasthan,10.38
FAC0104,FAC0097,Jaipur,Rajasthan,5.27
FAC0104,FAC0098,Jaipur,Rajasthan,8.46
FAC0104,FAC0099,Jaipur,Rajasthan,7.01
FAC0104,FAC0100,Jaipur,Rajasthan,10.87
FAC0104,FAC0101,Jaipur,Rajasthan,12.49
FAC0104,FAC0102,Jaipur,Rajasthan,6.93
FAC0104,FAC0103,Jaipur,Rajasthan,1.29
FAC0104,FAC0105,Jaipur,Rajasthan,6.93
FAC0104,FAC0106,Jaipur,Rajasthan,16.41
FAC0104,FAC0107,Jaipur,Rajasthan,17.18
FAC0104,FAC0108,Jaipur,Rajasthan,12.25
FAC0104,FAC0109,Jaipur,Rajasthan,4.62
FAC0104,FAC0110,Jaipur,Rajasthan,8.21
FAC0104,FAC0111,Jaipur,Rajasthan,13.62
FAC0104,FAC0112,Jaipur,Rajasthan,9.69
FAC0104,FAC0113,Jaipur,Rajasthan,18.94
FAC0104,FAC0114,Jaipur,Rajasthan,8.45
FAC0104,FAC0115,Jaipur,Rajasthan,9.58
FAC0104,FAC0116,Jaipur,Rajasthan,1.1
FAC0104,FAC0117,Jaipur,Rajasthan,5.91
FAC0104,FAC0118,Jaipur,Rajasthan,3.61
FAC0104,FAC0119,Jaipur,Rajasthan,3.56
FAC0104,FAC0120,Jaipur,Rajasthan,10.97
FAC0105,FAC0091,Jaipur,Rajasthan,6.64
FAC0105,FAC0092,Jaipur,Rajasthan,5.86
FAC0105,FAC0093,Jaipur,Rajasthan,14.22
FAC0105,FAC0094,Jaipur,Rajasthan,6.23
FAC0105,FAC0095,Jaipur,Rajasthan,5.59
FAC0105,FAC0096,Jaipur,Rajasthan,16.27
FAC0105,FAC0097,Jaipur,Rajasthan,11.17
FAC0105,FAC0098,Jaipur,Rajasthan,13.99
FAC0105,FAC0099,Jaipur,Rajasthan,11.13
FAC0105,FAC0100,Jaipur,Rajasthan,10.47
FAC0105,FAC0101,Jaipur,Rajasthan,9.51
FAC0105,FAC0102,Jaipur,Rajasthan,1.93
FAC0105,FAC0103,Jaipur,Rajasthan,6.09
FAC0105,FAC0104,Jaipur,Rajasthan,6.67
FAC0105,FAC0106,Jaipur,Rajasthan,14.1
FAC0105,FAC0107,Jaipur,Rajasthan,14.5
FAC0105,FAC0108,Jaipur,Rajasthan,18.15
FAC0105,FAC0109,Jaipur,Rajasthan,9.66
FAC0105,FAC0110,Jaipur,Rajasthan,3.65
FAC0105,FAC0111,Jaipur,Rajasthan,9.06
FAC0105,FAC0112,Jaipur,Rajasthan,5.12
FAC0105,FAC0113,Jaipur,Rajasthan,20.29
FAC0105,FAC0114,Jaipur,Rajasthan,12.71
FAC0105,FAC0115,Jaipur,Rajasthan,6.29
FAC0105,FAC0116,Jaipur,Rajasthan,6.81
FAC0105,FAC0117,Jaipur,Rajasthan,11.43
FAC0105,FAC0118,Jaipur,Rajasthan,6.67
FAC0105,FAC0119,Jaipur,Rajasthan,6.44
FAC0105,FAC0120,Jaipur,Rajasthan,11.75
FAC0106,FAC0091,Jaipur,Rajasthan,7.39
FAC0106,FAC0092,Jaipur,Rajasthan,13.68
FAC0106,FAC0093,Jaipur,Rajasthan,11.2
FAC0106,FAC0094,Jaipur,Rajasthan,13.93
FAC0106,FAC0095,Jaipur,Rajasthan,13.76
FAC0106,FAC0096,Jaipur,Rajasthan,24.45
FAC0106,FAC0097,Jaipur,Rajasthan,19.34
FAC0106,FAC0098,Jaipur,Rajasthan,22.53
FAC0106,FAC0099,Jaipur,Rajasthan,19.65
FAC0106,FAC0100,Jaipur,Rajasthan,20.91
FAC0106,FAC0101,Jaipur,Rajasthan,19.96
FAC0106,FAC0102,Jaipur,Rajasthan,12.19
FAC0106,FAC0103,Jaipur,Rajasthan,14.27
FAC0106,FAC0104,Jaipur,Rajasthan,14.84
FAC0106,FAC0105,Jaipur,Rajasthan,12.68
FAC0106,FAC0107,Jaipur,Rajasthan,4.76
FAC0106,FAC0108,Jaipur,Rajasthan,26.32
FAC0106,FAC0109,Jaipur,Rajasthan,16.23
FAC0106,FAC0110,Jaipur,Rajasthan,14.09
FAC0106,FAC0111,Jaipur,Rajasthan,14.89
FAC0106,FAC0112,Jaipur,Rajasthan,15.57
FAC0106,FAC0113,Jaipur,Rajasthan,26.32
FAC0106,FAC0114,Jaipur,Rajasthan,21.22
FAC0106,FAC0115,Jaipur,Rajasthan,8.03
FAC0106,FAC0116,Jaipur,Rajasthan,14.98
FAC0106,FAC0117,Jaipur,Rajasthan,19.98
FAC0106,FAC0118,Jaipur,Rajasthan,12.7
FAC0106,FAC0119,Jaipur,Rajasthan,12.46
FAC0106,FAC0120,Jaipur,Rajasthan,22.2
FAC0107,FAC0091,Jaipur,Rajasthan,7.35
FAC0107,FAC0092,Jaipur,Rajasthan,13.63
FAC0107,FAC0093,Jaipur,Rajasthan,9.42
FAC0107,FAC0094,Jaipur,Rajasthan,13.88
FAC0107,FAC0095,Jaipur,Rajasthan,13.72
FAC0107,FAC0096,Jaipur,Rajasthan,24.4
FAC0107,FAC0097,Jaipur,Rajasthan,19.3
FAC0107,FAC0098,Jaipur,Rajasthan,22.48
FAC0107,FAC0099,Jaipur,Rajasthan,19.6
FAC0107,FAC0100,Jaipur,Rajasthan,18.61
FAC0107,FAC0101,Jaipur,Rajasthan,17.66
FAC0107,FAC0102,Jaipur,Rajasthan,12.14
FAC0107,FAC0103,Jaipur,Rajasthan,14.22
FAC0107,FAC0104,Jaipur,Rajasthan,14.8
FAC0107,FAC0105,Jaipur,Rajasthan,12.63
FAC0107,FAC0106,Jaipur,Rajasthan,3.87
FAC0107,FAC0108,Jaipur,Rajasthan,26.28
FAC0107,FAC0109,Jaipur,Rajasthan,16.19
FAC0107,FAC0110,Jaipur,Rajasthan,14.05
FAC0107,FAC0111,Jaipur,Rajasthan,14.84
FAC0107,FAC0112,Jaipur,Rajasthan,13.96
FAC0107,FAC0113,Jaipur,Rajasthan,26.27
FAC0107,FAC0114,Jaipur,Rajasthan,21.17
FAC0107,FAC0115,Jaipur,Rajasthan,7.99
FAC0107,FAC0116,Jaipur,Rajasthan,14.94
FAC0107,FAC0117,Jaipur,Rajasthan,19.93
FAC0107,FAC0118,Jaipur,Rajasthan,12.65
FAC0107,FAC0119,Jaipur,Rajasthan,12.42
FAC0107,FAC0120,Jaipur,Rajasthan,19.9
FAC0108,FAC0091,Jaipur,Rajasthan,19.87
FAC0108,FAC0092,Jaipur,Rajasthan,21.67
FAC0108,FAC0093,Jaipur,Rajasthan,28.14
FAC0108,FAC0094,Jaipur,Rajasthan,12.35
FAC0108,FAC0095,Jaipur,Rajasthan,13.34
FAC0108,FAC0096,Jaipur,Rajasthan,4.71
FAC0108,FAC0097,Jaipur,Rajasthan,7.11
FAC0108,FAC0098,Jaipur,Rajasthan,11.88
FAC0108,FAC0099,Jaipur,Rajasthan,12.32
FAC0108,FAC0100,Jaipur,Rajasthan,13.53
FAC0108,FAC0101,Jaipur,Rajasthan,15.15
FAC0108,FAC0102,Jaipur,Rajasthan,18.17
FAC0108,FAC0103,Jaipur,Rajasthan,12.54
FAC0108,FAC0104,Jaipur,Rajasthan,12.05
FAC0108,FAC0105,Jaipur,Rajasthan,18.18
FAC0108,FAC0106,Jaipur,Rajasthan,27.66
FAC0108,FAC0107,Jaipur,Rajasthan,28.42
FAC0108,FAC0109,Jaipur,Rajasthan,12.39
FAC0108,FAC0110,Jaipur,Rajasthan,18.13
FAC0108,FAC0111,Jaipur,Rajasthan,22.16
FAC0108,FAC0112,Jaipur,Rajasthan,19.18
FAC0108,FAC0113,Jaipur,Rajasthan,11.52
FAC0108,FAC0114,Jaipur,Rajasthan,9.48
FAC0108,FAC0115,Jaipur,Rajasthan,20.82
FAC0108,FAC0116,Jaipur,Rajasthan,12.87
FAC0108,FAC0117,Jaipur,Rajasthan,9.29
FAC0108,FAC0118,Jaipur,Rajasthan,14.86
FAC0108,FAC0119,Jaipur,Rajasthan,14.8
FAC0108,FAC0120,Jaipur,Rajasthan,14.42
FAC0109,FAC0091,Jaipur,Rajasthan,9.65
FAC0109,FAC0092,Jaipur,Rajasthan,13.32
FAC0109,FAC0093,Jaipur,Rajasthan,17.92
FAC0109,FAC0094,Jaipur,Rajasthan,4.08
FAC0109,FAC0095,Jaipur,Rajasthan,4.99
FAC0109,FAC0096,Jaipur,Rajasthan,10.68
FAC0109,FAC0097,Jaipur,Rajasthan,5.58
FAC0109,FAC0098,Jaipur,Rajasthan,10.42
FAC0109,FAC0099,Jaipur,Rajasthan,9.42
FAC0109,FAC0100,Jaipur,Rajasthan,13.43
FAC0109,FAC0101,Jaipur,Rajasthan,15.05
FAC0109,FAC0102,Jaipur,Rajasthan,9.82
FAC0109,FAC0103,Jaipur,Rajasthan,4.26
FAC0109,FAC0104,Jaipur,Rajasthan,4.46
FAC0109,FAC0105,Jaipur,Rajasthan,9.83
FAC0109,FAC0106,Jaipur,Rajasthan,17.43
FAC0109,FAC0107,Jaipur,Rajasthan,18.2
FAC0109,FAC0108,Jaipur,Rajasthan,12.56
FAC0109,FAC0110,Jaipur,Rajasthan,11.1
FAC0109,FAC0111,Jaipur,Rajasthan,16.52
FAC0109,FAC0112,Jaipur,Rajasthan,12.58
FAC0109,FAC0113,Jaipur,Rajasthan,16.68
FAC0109,FAC0114,Jaipur,Rajasthan,9.38
FAC0109,FAC0115,Jaipur,Rajasthan,10.6
FAC0109,FAC0116,Jaipur,Rajasthan,4.52
FAC0109,FAC0117,Jaipur,Rajasthan,7.84
FAC0109,FAC0118,Jaipur,Rajasthan,6.58
FAC0109,FAC0119,Jaipur,Rajasthan,6.52
FAC0109,FAC0120,Jaipur,Rajasthan,14.29
FAC0110,FAC0091,Jaipur,Rajasthan,8.1
FAC0110,FAC0092,Jaipur,Rajasthan,3.84
FAC0110,FAC0093,Jaipur,Rajasthan,15.66
FAC0110,FAC0094,Jaipur,Rajasthan,8.38
FAC0110,FAC0095,Jaipur,Rajasthan,7.75
FAC0110,FAC0096,Jaipur,Rajasthan,16.23
FAC0110,FAC0097,Jaipur,Rajasthan,11.06
FAC0110,FAC0098,Jaipur,Rajasthan,12.38
FAC0110,FAC0099,Jaipur,Rajasthan,9.53
FAC0110,FAC0100,Jaipur,Rajasthan,8.63
FAC0110,FAC0101,Jaipur,Rajasthan,7.67
FAC0110,FAC0102,Jaipur,Rajasthan,3.3
FAC0110,FAC0103,Jaipur,Rajasthan,8.25
FAC0110,FAC0104,Jaipur,Rajasthan,8.82
FAC0110,FAC0105,Jaipur,Rajasthan,4.27
FAC0110,FAC0106,Jaipur,Rajasthan,15.56
FAC0110,FAC0107,Jaipur,Rajasthan,15.96
FAC0110,FAC0108,Jaipur,Rajasthan,18.11
FAC0110,FAC0109,Jaipur,Rajasthan,11.69
FAC0110,FAC0111,Jaipur,Rajasthan,7.04
FAC0110,FAC0112,Jaipur,Rajasthan,3.1
FAC0110,FAC0113,Jaipur,Rajasthan,21.75
FAC0110,FAC0114,Jaipur,Rajasthan,11.1
FAC0110,FAC0115,Jaipur,Rajasthan,7.75
FAC0110,FAC0116,Jaipur,Rajasthan,8.96
FAC0110,FAC0117,Jaipur,Rajasthan,9.83
FAC0110,FAC0118,Jaipur,Rajasthan,8.12
FAC0110,FAC0119,Jaipur,Rajasthan,7.89
FAC0110,FAC0120,Jaipur,Rajasthan,9.91
FAC0111,FAC0091,Jaipur,Rajasthan,12.37
FAC0111,FAC0092,Jaipur,Rajasthan,3.97
FAC0111,FAC0093,Jaipur,Rajasthan,14.13
FAC0111,FAC0094,Jaipur,Rajasthan,13.85
FAC0111,FAC0095,Jaipur,Rajasthan,13.21
FAC0111,FAC0096,Jaipur,Rajasthan,19.01
FAC0111,FAC0097,Jaipur,Rajasthan,13.84
FAC0111,FAC0098,Jaipur,Rajasthan,15.16
FAC0111,FAC0099,Jaipur,Rajasthan,12.31
FAC0111,FAC0100,Jaipur,Rajasthan,8.12
FAC0111,FAC0101,Jaipur,Rajasthan,7.17
FAC0111,FAC0102,Jaipur,Rajasthan,8.54
FAC0111,FAC0103,Jaipur,Rajasthan,13.72
FAC0111,FAC0104,Jaipur,Rajasthan,14.05
FAC0111,FAC0105,Jaipur,Rajasthan,9.72
FAC0111,FAC0106,Jaipur,Rajasthan,16.28
FAC0111,FAC0107,Jaipur,Rajasthan,16.17
FAC0111,FAC0108,Jaipur,Rajasthan,20.89
FAC0111,FAC0109,Jaipur,Rajasthan,16.72
FAC0111,FAC0110,Jaipur,Rajasthan,7.54
FAC0111,FAC0112,Jaipur,Rajasthan,3.47
FAC0111,FAC0113,Jaipur,Rajasthan,26.98
FAC0111,FAC0114,Jaipur,Rajasthan,12.54
FAC0111,FAC0115,Jaipur,Rajasthan,12.99
FAC0111,FAC0116,Jaipur,Rajasthan,13.71
FAC0111,FAC0117,Jaipur,Rajasthan,12.61
FAC0111,FAC0118,Jaipur,Rajasthan,13.36
FAC0111,FAC0119,Jaipur,Rajasthan,13.13
FAC0111,FAC0120,Jaipur,Rajasthan,9.41
FAC0112,FAC0091,Jaipur,Rajasthan,10.71
FAC0112,FAC0092,Jaipur,Rajasthan,4.54
FAC0112,FAC0093,Jaipur,Rajasthan,16.06
FAC0112,FAC0094,Jaipur,Rajasthan,11.23
FAC0112,FAC0095,Jaipur,Rajasthan,10.59
FAC0112,FAC0096,Jaipur,Rajasthan,17.2
FAC0112,FAC0097,Jaipur,Rajasthan,12.03
FAC0112,FAC0098,Jaipur,Rajasthan,13.35
FAC0112,FAC0099,Jaipur,Rajasthan,10.5
FAC0112,FAC0100,Jaipur,Rajasthan,6.31
FAC0112,FAC0101,Jaipur,Rajasthan,5.36
FAC0112,FAC0102,Jaipur,Rajasthan,5.92
FAC0112,FAC0103,Jaipur,Rajasthan,11.09
FAC0112,FAC0104,Jaipur,Rajasthan,11.67
FAC0112,FAC0105,Jaipur,Rajasthan,7.09
FAC0112,FAC0106,Jaipur,Rajasthan,15.5
FAC0112,FAC0107,Jaipur,Rajasthan,14.25
FAC0112,FAC0108,Jaipur,Rajasthan,19.07
FAC0112,FAC0109,Jaipur,Rajasthan,14.3
FAC0112,FAC0110,Jaipur,Rajasthan,4.91
FAC0112,FAC0111,Jaipur,Rajasthan,4.59
FAC0112,FAC0113,Jaipur,Rajasthan,24.36
FAC0112,FAC0114,Jaipur,Rajasthan,10.73
FAC0112,FAC0115,Jaipur,Rajasthan,10.36
FAC0112,FAC0116,Jaipur,Rajasthan,11.81
FAC0112,FAC0117,Jaipur,Rajasthan,10.79
FAC0112,FAC0118,Jaipur,Rajasthan,10.74
FAC0112,FAC0119,Jaipur,Rajasthan,10.51
FAC0112,FAC0120,Jaipur,Rajasthan,7.6
FAC0113,FAC0091,Jaipur,Rajasthan,20.25
FAC0113,FAC0092,Jaipur,Rajasthan,25.39
FAC0113,FAC0093,Jaipur,Rajasthan,28.51
FAC0113,FAC0094,Jaipur,Rajasthan,18.2
FAC0113,FAC0095,Jaipur,Rajasthan,18.48
FAC0113,FAC0096,Jaipur,Rajasthan,12.51
FAC0113,FAC0097,Jaipur,Rajasthan,15.18
FAC0113,FAC0098,Jaipur,Rajasthan,19.95
FAC0113,FAC0099,Jaipur,Rajasthan,20.39
FAC0113,FAC0100,Jaipur,Rajasthan,21.6
FAC0113,FAC0101,Jaipur,Rajasthan,23.22
FAC0113,FAC0102,Jaipur,Rajasthan,21.27
FAC0113,FAC0103,Jaipur,Rajasthan,18.98
FAC0113,FAC0104,Jaipur,Rajasthan,19.13
FAC0113,FAC0105,Jaipur,Rajasthan,21.76
FAC0113,FAC0106,Jaipur,Rajasthan,28.03
FAC0113,FAC0107,Jaipur,Rajasthan,28.8
FAC0113,FAC0108,Jaipur,Rajasthan,8.54
FAC0113,FAC0109,Jaipur,Rajasthan,16.06
FAC0113,FAC0110,Jaipur,Rajasthan,23.17
FAC0113,FAC0111,Jaipur,Rajasthan,28.59
FAC0113,FAC0112,Jaipur,Rajasthan,24.65
FAC0113,FAC0114,Jaipur,Rajasthan,17.55
FAC0113,FAC0115,Jaipur,Rajasthan,21.2
FAC0113,FAC0116,Jaipur,Rajasthan,19.27
FAC0113,FAC0117,Jaipur,Rajasthan,17.37
FAC0113,FAC0118,Jaipur,Rajasthan,17.41
FAC0113,FAC0119,Jaipur,Rajasthan,17.18
FAC0113,FAC0120,Jaipur,Rajasthan,21.92
FAC0114,FAC0091,Jaipur,Rajasthan,16.63
FAC0114,FAC0092,Jaipur,Rajasthan,14.43
FAC0114,FAC0093,Jaipur,Rajasthan,24.9
FAC0114,FAC0094,Jaipur,Rajasthan,9.35
FAC0114,FAC0095,Jaipur,Rajasthan,9.42
FAC0114,FAC0096,Jaipur,Rajasthan,8.05
FAC0114,FAC0097,Jaipur,Rajasthan,4.11
FAC0114,FAC0098,Jaipur,Rajasthan,8.55
FAC0114,FAC0099,Jaipur,Rajasthan,6.56
FAC0114,FAC0100,Jaipur,Rajasthan,5.01
FAC0114,FAC0101,Jaipur,Rajasthan,6.63
FAC0114,FAC0102,Jaipur,Rajasthan,13.13
FAC0114,FAC0103,Jaipur,Rajasthan,9.53
FAC0114,FAC0104,Jaipur,Rajasthan,9.05
FAC0114,FAC0105,Jaipur,Rajasthan,14.09
FAC0114,FAC0106,Jaipur,Rajasthan,24.42
FAC0114,FAC0107,Jaipur,Rajasthan,23.2
FAC0114,FAC0108,Jaipur,Rajasthan,9.51
FAC0114,FAC0109,Jaipur,Rajasthan,9.38
FAC0114,FAC0110,Jaipur,Rajasthan,12.21
FAC0114,FAC0111,Jaipur,Rajasthan,13.71
FAC0114,FAC0112,Jaipur,Rajasthan,10.73
FAC0114,FAC0113,Jaipur,Rajasthan,18.23
FAC0114,FAC0115,Jaipur,Rajasthan,17.35
FAC0114,FAC0116,Jaipur,Rajasthan,9.65
FAC0114,FAC0117,Jaipur,Rajasthan,5.56
FAC0114,FAC0118,Jaipur,Rajasthan,11.54
FAC0114,FAC0119,Jaipur,Rajasthan,11.48
FAC0114,FAC0120,Jaipur,Rajasthan,5.9
FAC0115,FAC0091,Jaipur,Rajasthan,1.56
FAC0115,FAC0092,Jaipur,Rajasthan,9.81
FAC0115,FAC0093,Jaipur,Rajasthan,9.46
FAC0115,FAC0094,Jaipur,Rajasthan,7.43
FAC0115,FAC0095,Jaipur,Rajasthan,7.27
FAC0115,FAC0096,Jaipur,Rajasthan,17.95
FAC0115,FAC0097,Jaipur,Rajasthan,12.85
FAC0115,FAC0098,Jaipur,Rajasthan,16.03
FAC0115,FAC0099,Jaipur,Rajasthan,13.15
FAC0115,FAC0100,Jaipur,Rajasthan,14.42
FAC0115,FAC0101,Jaipur,Rajasthan,13.46
FAC0115,FAC0102,Jaipur,Rajasthan,5.69
FAC0115,FAC0103,Jaipur,Rajasthan,7.77
FAC0115,FAC0104,Jaipur,Rajasthan,8.35
FAC0115,FAC0105,Jaipur,Rajasthan,6.18
FAC0115,FAC0106,Jaipur,Rajasthan,9.33
FAC0115,FAC0107,Jaipur,Rajasthan,9.74
FAC0115,FAC0108,Jaipur,Rajasthan,19.83
FAC0115,FAC0109,Jaipur,Rajasthan,9.76
FAC0115,FAC0110,Jaipur,Rajasthan,7.6
FAC0115,FAC0111,Jaipur,Rajasthan,12.84
FAC0115,FAC0112,Jaipur,Rajasthan,9.07
FAC0115,FAC0113,Jaipur,Rajasthan,19.82
FAC0115,FAC0114,Jaipur,Rajasthan,14.72
FAC0115,FAC0116,Jaipur,Rajasthan,8.49
FAC0115,FAC0117,Jaipur,Rajasthan,13.48
FAC0115,FAC0118,Jaipur,Rajasthan,6.2
FAC0115,FAC0119,Jaipur,Rajasthan,5.97
FAC0115,FAC0120,Jaipur,Rajasthan,15.7
FAC0116,FAC0091,Jaipur,Rajasthan,8.5
FAC0116,FAC0092,Jaipur,Rajasthan,9.62
FAC0116,FAC0093,Jaipur,Rajasthan,16.77
FAC0116,FAC0094,Jaipur,Rajasthan,1.64
FAC0116,FAC0095,Jaipur,Rajasthan,1.29
FAC0116,FAC0096,Jaipur,Rajasthan,11.44
FAC0116,FAC0097,Jaipur,Rajasthan,6.34
FAC0116,FAC0098,Jaipur,Rajasthan,9.53
FAC0116,FAC0099,Jaipur,Rajasthan,7.15
FAC0116,FAC0100,Jaipur,Rajasthan,10.49
FAC0116,FAC0101,Jaipur,Rajasthan,12.1
FAC0116,FAC0102,Jaipur,Rajasthan,6.12
FAC0116,FAC0103,Jaipur,Rajasthan,1.8
FAC0116,FAC0104,Jaipur,Rajasthan,1.16
FAC0116,FAC0105,Jaipur,Rajasthan,6.12
FAC0116,FAC0106,Jaipur,Rajasthan,16.29
FAC0116,FAC0107,Jaipur,Rajasthan,17.05
FAC0116,FAC0108,Jaipur,Rajasthan,13.32
FAC0116,FAC0109,Jaipur,Rajasthan,5.16
FAC0116,FAC0110,Jaipur,Rajasthan,7.4
FAC0116,FAC0111,Jaipur,Rajasthan,12.82
FAC0116,FAC0112,Jaipur,Rajasthan,8.88
FAC0116,FAC0113,Jaipur,Rajasthan,19.35
FAC0116,FAC0114,Jaipur,Rajasthan,8.72
FAC0116,FAC0115,Jaipur,Rajasthan,9.18
FAC0116,FAC0117,Jaipur,Rajasthan,6.97
FAC0116,FAC0118,Jaipur,Rajasthan,3.41
FAC0116,FAC0119,Jaipur,Rajasthan,3.35
FAC0116,FAC0120,Jaipur,Rajasthan,10.59
FAC0117,FAC0091,Jaipur,Rajasthan,13.77
FAC0117,FAC0092,Jaipur,Rajasthan,13.47
FAC0117,FAC0093,Jaipur,Rajasthan,22.04
FAC0117,FAC0094,Jaipur,Rajasthan,6.25
FAC0117,FAC0095,Jaipur,Rajasthan,7.24
FAC0117,FAC0096,Jaipur,Rajasthan,7.74
FAC0117,FAC0097,Jaipur,Rajasthan,2.57
FAC0117,FAC0098,Jaipur,Rajasthan,3.89
FAC0117,FAC0099,Jaipur,Rajasthan,4.09
FAC0117,FAC0100,Jaipur,Rajasthan,7.92
FAC0117,FAC0101,Jaipur,Rajasthan,9.54
FAC0117,FAC0102,Jaipur,Rajasthan,10.82
FAC0117,FAC0103,Jaipur,Rajasthan,6.44
FAC0117,FAC0104,Jaipur,Rajasthan,5.95
FAC0117,FAC0105,Jaipur,Rajasthan,11.79
FAC0117,FAC0106,Jaipur,Rajasthan,21.56
FAC0117,FAC0107,Jaipur,Rajasthan,22.32
FAC0117,FAC0108,Jaipur,Rajasthan,9.62
FAC0117,FAC0109,Jaipur,Rajasthan,8.01
FAC0117,FAC0110,Jaipur,Rajasthan,9.91
FAC0117,FAC0111,Jaipur,Rajasthan,13.94
FAC0117,FAC0112,Jaipur,Rajasthan,10.95
FAC0117,FAC0113,Jaipur,Rajasthan,17.99
FAC0117,FAC0114,Jaipur,Rajasthan,4.39
FAC0117,FAC0115,Jaipur,Rajasthan,14.72
FAC0117,FAC0116,Jaipur,Rajasthan,6.77
FAC0117,FAC0118,Jaipur,Rajasthan,8.76
FAC0117,FAC0119,Jaipur,Rajasthan,8.7
FAC0117,FAC0120,Jaipur,Rajasthan,8.82
FAC0118,FAC0091,Jaipur,Rajasthan,6.14
FAC0118,FAC0092,Jaipur,Rajasthan,10.31
FAC0118,FAC0093,Jaipur,Rajasthan,14.4
FAC0118,FAC0094,Jaipur,Rajasthan,2.97
FAC0118,FAC0095,Jaipur,Rajasthan,2.71
FAC0118,FAC0096,Jaipur,Rajasthan,13.39
FAC0118,FAC0097,Jaipur,Rajasthan,8.29
FAC0118,FAC0098,Jaipur,Rajasthan,11.48
FAC0118,FAC0099,Jaipur,Rajasthan,8.6
FAC0118,FAC0100,Jaipur,Rajasthan,11.93
FAC0118,FAC0101,Jaipur,Rajasthan,13.55
FAC0118,FAC0102,Jaipur,Rajasthan,6.19
FAC0118,FAC0103,Jaipur,Rajasthan,3.22
FAC0118,FAC0104,Jaipur,Rajasthan,3.79
FAC0118,FAC0105,Jaipur,Rajasthan,6.68
FAC0118,FAC0106,Jaipur,Rajasthan,13.92
FAC0118,FAC0107,Jaipur,Rajasthan,14.69
FAC0118,FAC0108,Jaipur,Rajasthan,15.27
FAC0118,FAC0109,Jaipur,Rajasthan,6.78
FAC0118,FAC0110,Jaipur,Rajasthan,8.09
FAC0118,FAC0111,Jaipur,Rajasthan,13.51
FAC0118,FAC0112,Jaipur,Rajasthan,9.57
FAC0118,FAC0113,Jaipur,Rajasthan,16.99
FAC0118,FAC0114,Jaipur,Rajasthan,10.17
FAC0118,FAC0115,Jaipur,Rajasthan,7.09
FAC0118,FAC0116,Jaipur,Rajasthan,3.93
FAC0118,FAC0117,Jaipur,Rajasthan,8.93
FAC0118,FAC0119,Jaipur,Rajasthan,1.41
FAC0118,FAC0120,Jaipur,Rajasthan,12.03
FAC0119,FAC0091,Jaipur,Rajasthan,6.77
FAC0119,FAC0092,Jaipur,Rajasthan,10.62
FAC0119,FAC0093,Jaipur,Rajasthan,15.04
FAC0119,FAC0094,Jaipur,Rajasthan,2.44
FAC0119,FAC0095,Jaipur,Rajasthan,2.18
FAC0119,FAC0096,Jaipur,Rajasthan,12.86
FAC0119,FAC0097,Jaipur,Rajasthan,7.76
FAC0119,FAC0098,Jaipur,Rajasthan,10.95
FAC0119,FAC0099,Jaipur,Rajasthan,8.06
FAC0119,FAC0100,Jaipur,Rajasthan,11.4
FAC0119,FAC0101,Jaipur,Rajasthan,13.02
FAC0119,FAC0102,Jaipur,Rajasthan,6.82
FAC0119,FAC0103,Jaipur,Rajasthan,2.69
FAC0119,FAC0104,Jaipur,Rajasthan,3.26
FAC0119,FAC0105,Jaipur,Rajasthan,7.12
FAC0119,FAC0106,Jaipur,Rajasthan,14.55
FAC0119,FAC0107,Jaipur,Rajasthan,15.32
FAC0119,FAC0108,Jaipur,Rajasthan,14.74
FAC0119,FAC0109,Jaipur,Rajasthan,6.25
FAC0119,FAC0110,Jaipur,Rajasthan,8.4
FAC0119,FAC0111,Jaipur,Rajasthan,13.82
FAC0119,FAC0112,Jaipur,Rajasthan,9.88
FAC0119,FAC0113,Jaipur,Rajasthan,17.62
FAC0119,FAC0114,Jaipur,Rajasthan,9.64
FAC0119,FAC0115,Jaipur,Rajasthan,7.72
FAC0119,FAC0116,Jaipur,Rajasthan,3.4
FAC0119,FAC0117,Jaipur,Rajasthan,8.39
FAC0119,FAC0118,Jaipur,Rajasthan,1.68
FAC0119,FAC0120,Jaipur,Rajasthan,11.5
FAC0120,FAC0091,Jaipur,Rajasthan,15.64
FAC0120,FAC0092,Jaipur,Rajasthan,11.05
FAC0120,FAC0093,Jaipur,Rajasthan,22.03
FAC0120,FAC0094,Jaipur,Rajasthan,11.44
FAC0120,FAC0095,Jaipur,Rajasthan,10.8
FAC0120,FAC0096,Jaipur,Rajasthan,12.07
FAC0120,FAC0097,Jaipur,Rajasthan,9.87
FAC0120,FAC0098,Jaipur,Rajasthan,12.23
FAC0120,FAC0099,Jaipur,Rajasthan,9.8
FAC0120,FAC0100,Jaipur,Rajasthan,2.25
FAC0120,FAC0101,Jaipur,Rajasthan,3.26
FAC0120,FAC0102,Jaipur,Rajasthan,10.84
FAC0120,FAC0103,Jaipur,Rajasthan,11.3
FAC0120,FAC0104,Jaipur,Rajasthan,11.37
FAC0120,FAC0105,Jaipur,Rajasthan,11.81
FAC0120,FAC0106,Jaipur,Rajasthan,21.07
FAC0120,FAC0107,Jaipur,Rajasthan,19.82
FAC0120,FAC0108,Jaipur,Rajasthan,15.27
FAC0120,FAC0109,Jaipur,Rajasthan,14.87
FAC0120,FAC0110,Jaipur,Rajasthan,9.71
FAC0120,FAC0111,Jaipur,Rajasthan,10.34
FAC0120,FAC0112,Jaipur,Rajasthan,7.35
FAC0120,FAC0113,Jaipur,Rajasthan,23.99
FAC0120,FAC0114,Jaipur,Rajasthan,6.67
FAC0120,FAC0115,Jaipur,Rajasthan,15.29
FAC0120,FAC0116,Jaipur,Rajasthan,11.03
FAC0120,FAC0117,Jaipur,Rajasthan,9.68
FAC0120,FAC0118,Jaipur,Rajasthan,12.92
FAC0120,FAC0119,Jaipur,Rajasthan,12.86
FAC0121,FAC0122,Tiruvallur,Tamil Nadu,1.57
FAC0121,FAC0123,Tiruvallur,Tamil Nadu,12.3
FAC0121,FAC0124,Tiruvallur,Tamil Nadu,5.93
FAC0121,FAC0125,Tiruvallur,Tamil Nadu,5.9
FAC0121,FAC0126,Tiruvallur,Tamil Nadu,4.49
FAC0121,FAC0127,Tiruvallur,Tamil Nadu,16.72
FAC0121,FAC0128,Tiruvallur,Tamil Nadu,8.48
FAC0121,FAC0129,Tiruvallur,Tamil Nadu,8.43
FAC0121,FAC0130,Tiruvallur,Tamil Nadu,22.28
FAC0121,FAC0131,Tiruvallur,Tamil Nadu,10.16
FAC0121,FAC0132,Tiruvallur,Tamil Nadu,0.91
FAC0121,FAC0133,Tiruvallur,Tamil Nadu,21.05
FAC0121,FAC0134,Tiruvallur,Tamil Nadu,21.18
FAC0121,FAC0135,Tiruvallur,Tamil Nadu,21.81
FAC0121,FAC0136,Tiruvallur,Tamil Nadu,23.09
FAC0121,FAC0137,Tiruvallur,Tamil Nadu,26.89
FAC0121,FAC0138,Tiruvallur,Tamil Nadu,10.4
FAC0121,FAC0139,Tiruvallur,Tamil Nadu,23.64
FAC0121,FAC0140,Tiruvallur,Tamil Nadu,25.55
FAC0121,FAC0141,Tiruvallur,Tamil Nadu,23.73
FAC0121,FAC0142,Tiruvallur,Tamil Nadu,17.45
FAC0121,FAC0143,Tiruvallur,Tamil Nadu,1.34
FAC0121,FAC0144,Tiruvallur,Tamil Nadu,26.74
FAC0121,FAC0145,Tiruvallur,Tamil Nadu,9.39
FAC0121,FAC0146,Tiruvallur,Tamil Nadu,18.7
FAC0121,FAC0147,Tiruvallur,Tamil Nadu,23.95
FAC0121,FAC0148,Tiruvallur,Tamil Nadu,22.24
FAC0121,FAC0149,Tiruvallur,Tamil Nadu,14.24
FAC0121,FAC0150,Tiruvallur,Tamil Nadu,17.66
FAC0122,FAC0121,Tiruvallur,Tamil Nadu,1.57
FAC0122,FAC0123,Tiruvallur,Tamil Nadu,11.58
FAC0122,FAC0124,Tiruvallur,Tamil Nadu,6.07
FAC0122,FAC0125,Tiruvallur,Tamil Nadu,6.04
FAC0122,FAC0126,Tiruvallur,Tamil Nadu,4.63
FAC0122,FAC0127,Tiruvallur,Tamil Nadu,16.77
FAC0122,FAC0128,Tiruvallur,Tamil Nadu,8.53
FAC0122,FAC0129,Tiruvallur,Tamil Nadu,8.48
FAC0122,FAC0130,Tiruvallur,Tamil Nadu,22.42
FAC0122,FAC0131,Tiruvallur,Tamil Nadu,10.21
FAC0122,FAC0132,Tiruvallur,Tamil Nadu,0.66
FAC0122,FAC0133,Tiruvallur,Tamil Nadu,21.19
FAC0122,FAC0134,Tiruvallur,Tamil Nadu,21.32
FAC0122,FAC0135,Tiruvallur,Tamil Nadu,21.95
FAC0122,FAC0136,Tiruvallur,Tamil Nadu,23.14
FAC0122,FAC0137,Tiruvallur,Tamil Nadu,26.94
FAC0122,FAC0138,Tiruvallur,Tamil Nadu,10.45
FAC0122,FAC0139,Tiruvallur,Tamil Nadu,23.78
FAC0122,FAC0140,Tiruvallur,Tamil Nadu,25.6
FAC0122,FAC0141,Tiruvallur,Tamil Nadu,23.79
FAC0122,FAC0142,Tiruvallur,Tamil Nadu,17.58
FAC0122,FAC0143,Tiruvallur,Tamil Nadu,2.26
FAC0122,FAC0144,Tiruvallur,Tamil Nadu,26.79
FAC0122,FAC0145,Tiruvallur,Tamil Nadu,9.53
FAC0122,FAC0146,Tiruvallur,Tamil Nadu,18.75
FAC0122,FAC0147,Tiruvallur,Tamil Nadu,24.0
FAC0122,FAC0148,Tiruvallur,Tamil Nadu,22.38
FAC0122,FAC0149,Tiruvallur,Tamil Nadu,14.37
FAC0122,FAC0150,Tiruvallur,Tamil Nadu,17.8
FAC0123,FAC0121,Tiruvallur,Tamil Nadu,13.21
FAC0123,FAC0122,Tiruvallur,Tamil Nadu,11.64
FAC0123,FAC0124,Tiruvallur,Tamil Nadu,10.74
FAC0123,FAC0125,Tiruvallur,Tamil Nadu,10.62
FAC0123,FAC0126,Tiruvallur,Tamil Nadu,10.99
FAC0123,FAC0127,Tiruvallur,Tamil Nadu,14.3
FAC0123,FAC0128,Tiruvallur,Tamil Nadu,10.45
FAC0123,FAC0129,Tiruvallur,Tamil Nadu,10.4
FAC0123,FAC0130,Tiruvallur,Tamil Nadu,26.42
FAC0123,FAC0131,Tiruvallur,Tamil Nadu,8.64
FAC0123,FAC0132,Tiruvallur,Tamil Nadu,12.3
FAC0123,FAC0133,Tiruvallur,Tamil Nadu,25.19
FAC0123,FAC0134,Tiruvallur,Tamil Nadu,25.32
FAC0123,FAC0135,Tiruvallur,Tamil Nadu,25.95
FAC0123,FAC0136,Tiruvallur,Tamil Nadu,20.67
FAC0123,FAC0137,Tiruvallur,Tamil Nadu,24.47
FAC0123,FAC0138,Tiruvallur,Tamil Nadu,8.34
FAC0123,FAC0139,Tiruvallur,Tamil Nadu,25.39
FAC0123,FAC0140,Tiruvallur,Tamil Nadu,23.13
FAC0123,FAC0141,Tiruvallur,Tamil Nadu,21.31
FAC0123,FAC0142,Tiruvallur,Tamil Nadu,23.77
FAC0123,FAC0143,Tiruvallur,Tamil Nadu,13.9
FAC0123,FAC0144,Tiruvallur,Tamil Nadu,24.32
FAC0123,FAC0145,Tiruvallur,Tamil Nadu,13.53
FAC0123,FAC0146,Tiruvallur,Tamil Nadu,16.28
FAC0123,FAC0147,Tiruvallur,Tamil Nadu,21.52
FAC0123,FAC0148,Tiruvallur,Tamil Nadu,26.38
FAC0123,FAC0149,Tiruvallur,Tamil Nadu,17.91
FAC0123,FAC0150,Tiruvallur,Tamil Nadu,13.64
FAC0124,FAC0121,Tiruvallur,Tamil Nadu,6.11
FAC0124,FAC0122,Tiruvallur,Tamil Nadu,6.16
FAC0124,FAC0123,Tiruvallur,Tamil Nadu,7.8
FAC0124,FAC0125,Tiruvallur,Tamil Nadu,3.27
FAC0124,FAC0126,Tiruvallur,Tamil Nadu,1.68
FAC0124,FAC0127,Tiruvallur,Tamil Nadu,15.42
FAC0124,FAC0128,Tiruvallur,Tamil Nadu,11.57
FAC0124,FAC0129,Tiruvallur,Tamil Nadu,11.53
FAC0124,FAC0130,Tiruvallur,Tamil Nadu,17.79
FAC0124,FAC0131,Tiruvallur,Tamil Nadu,9.77
FAC0124,FAC0132,Tiruvallur,Tamil Nadu,5.5
FAC0124,FAC0133,Tiruvallur,Tamil Nadu,16.55
FAC0124,FAC0134,Tiruvallur,Tamil Nadu,16.68
FAC0124,FAC0135,Tiruvallur,Tamil Nadu,17.32
FAC0124,FAC0136,Tiruvallur,Tamil Nadu,21.8
FAC0124,FAC0137,Tiruvallur,Tamil Nadu,25.6
FAC0124,FAC0138,Tiruvallur,Tamil Nadu,9.46
FAC0124,FAC0139,Tiruvallur,Tamil Nadu,19.14
FAC0124,FAC0140,Tiruvallur,Tamil Nadu,24.26
FAC0124,FAC0141,Tiruvallur,Tamil Nadu,22.44
FAC0124,FAC0142,Tiruvallur,Tamil Nadu,15.59
FAC0124,FAC0143,Tiruvallur,Tamil Nadu,6.8
FAC0124,FAC0144,Tiruvallur,Tamil Nadu,25.45
FAC0124,FAC0145,Tiruvallur,Tamil Nadu,4.9
FAC0124,FAC0146,Tiruvallur,Tamil Nadu,17.4
FAC0124,FAC0147,Tiruvallur,Tamil Nadu,22.65
FAC0124,FAC0148,Tiruvallur,Tamil Nadu,17.75
FAC0124,FAC0149,Tiruvallur,Tamil Nadu,9.74
FAC0124,FAC0150,Tiruvallur,Tamil Nadu,13.16
FAC0125,FAC0121,Tiruvallur,Tamil Nadu,5.95
FAC0125,FAC0122,Tiruvallur,Tamil Nadu,6.0
FAC0125,FAC0123,Tiruvallur,Tamil Nadu,8.44
FAC0125,FAC0124,Tiruvallur,Tamil Nadu,2.88
FAC0125,FAC0126,Tiruvallur,Tamil Nadu,2.02
FAC0125,FAC0127,Tiruvallur,Tamil Nadu,16.51
FAC0125,FAC0128,Tiruvallur,Tamil Nadu,12.66
FAC0125,FAC0129,Tiruvallur,Tamil Nadu,12.62
FAC0125,FAC0130,Tiruvallur,Tamil Nadu,19.23
FAC0125,FAC0131,Tiruvallur,Tamil Nadu,10.86
FAC0125,FAC0132,Tiruvallur,Tamil Nadu,5.34
FAC0125,FAC0133,Tiruvallur,Tamil Nadu,18.0
FAC0125,FAC0134,Tiruvallur,Tamil Nadu,18.13
FAC0125,FAC0135,Tiruvallur,Tamil Nadu,18.76
FAC0125,FAC0136,Tiruvallur,Tamil Nadu,22.89
FAC0125,FAC0137,Tiruvallur,Tamil Nadu,26.69
FAC0125,FAC0138,Tiruvallur,Tamil Nadu,10.56
FAC0125,FAC0139,Tiruvallur,Tamil Nadu,20.59
FAC0125,FAC0140,Tiruvallur,Tamil Nadu,25.35
FAC0125,FAC0141,Tiruvallur,Tamil Nadu,23.53
FAC0125,FAC0142,Tiruvallur,Tamil Nadu,17.04
FAC0125,FAC0143,Tiruvallur,Tamil Nadu,6.64
FAC0125,FAC0144,Tiruvallur,Tamil Nadu,26.54
FAC0125,FAC0145,Tiruvallur,Tamil Nadu,6.34
FAC0125,FAC0146,Tiruvallur,Tamil Nadu,18.49
FAC0125,FAC0147,Tiruvallur,Tamil Nadu,23.74
FAC0125,FAC0148,Tiruvallur,Tamil Nadu,19.19
FAC0125,FAC0149,Tiruvallur,Tamil Nadu,11.18
FAC0125,FAC0150,Tiruvallur,Tamil Nadu,14.57
FAC0126,FAC0121,Tiruvallur,Tamil Nadu,4.43
FAC0126,FAC0122,Tiruvallur,Tamil Nadu,4.49
FAC0126,FAC0123,Tiruvallur,Tamil Nadu,8.18
FAC0126,FAC0124,Tiruvallur,Tamil Nadu,1.81
FAC0126,FAC0125,Tiruvallur,Tamil Nadu,1.78
FAC0126,FAC0127,Tiruvallur,Tamil Nadu,15.8
FAC0126,FAC0128,Tiruvallur,Tamil Nadu,11.95
FAC0126,FAC0129,Tiruvallur,Tamil Nadu,11.9
FAC0126,FAC0130,Tiruvallur,Tamil Nadu,18.16
FAC0126,FAC0131,Tiruvallur,Tamil Nadu,10.14
FAC0126,FAC0132,Tiruvallur,Tamil Nadu,3.82
FAC0126,FAC0133,Tiruvallur,Tamil Nadu,16.93
FAC0126,FAC0134,Tiruvallur,Tamil Nadu,17.06
FAC0126,FAC0135,Tiruvallur,Tamil Nadu,17.69
FAC0126,FAC0136,Tiruvallur,Tamil Nadu,22.17
FAC0126,FAC0137,Tiruvallur,Tamil Nadu,25.97
FAC0126,FAC0138,Tiruvallur,Tamil Nadu,9.84
FAC0126,FAC0139,Tiruvallur,Tamil Nadu,19.52
FAC0126,FAC0140,Tiruvallur,Tamil Nadu,24.63
FAC0126,FAC0141,Tiruvallur,Tamil Nadu,22.81
FAC0126,FAC0142,Tiruvallur,Tamil Nadu,15.97
FAC0126,FAC0143,Tiruvallur,Tamil Nadu,5.12
FAC0126,FAC0144,Tiruvallur,Tamil Nadu,25.82
FAC0126,FAC0145,Tiruvallur,Tamil Nadu,5.27
FAC0126,FAC0146,Tiruvallur,Tamil Nadu,17.78
FAC0126,FAC0147,Tiruvallur,Tamil Nadu,23.02
FAC0126,FAC0148,Tiruvallur,Tamil Nadu,18.12
FAC0126,FAC0149,Tiruvallur,Tamil Nadu,10.12
FAC0126,FAC0150,Tiruvallur,Tamil Nadu,13.54
FAC0127,FAC0121,Tiruvallur,Tamil Nadu,17.47
FAC0127,FAC0122,Tiruvallur,Tamil Nadu,17.55
FAC0127,FAC0123,Tiruvallur,Tamil Nadu,15.2
FAC0127,FAC0124,Tiruvallur,Tamil Nadu,16.1
FAC0127,FAC0125,Tiruvallur,Tamil Nadu,17.31
FAC0127,FAC0126,Tiruvallur,Tamil Nadu,16.35
FAC0127,FAC0128,Tiruvallur,Tamil Nadu,10.31
FAC0127,FAC0129,Tiruvallur,Tamil Nadu,10.26
FAC0127,FAC0130,Tiruvallur,Tamil Nadu,25.23
FAC0127,FAC0131,Tiruvallur,Tamil Nadu,8.5
FAC0127,FAC0132,Tiruvallur,Tamil Nadu,17.81
FAC0127,FAC0133,Tiruvallur,Tamil Nadu,25.55
FAC0127,FAC0134,Tiruvallur,Tamil Nadu,25.37
FAC0127,FAC0135,Tiruvallur,Tamil Nadu,24.87
FAC0127,FAC0136,Tiruvallur,Tamil Nadu,10.78
FAC0127,FAC0137,Tiruvallur,Tamil Nadu,14.58
FAC0127,FAC0138,Tiruvallur,Tamil Nadu,8.2
FAC0127,FAC0139,Tiruvallur,Tamil Nadu,23.87
FAC0127,FAC0140,Tiruvallur,Tamil Nadu,13.24
FAC0127,FAC0141,Tiruvallur,Tamil Nadu,11.43
FAC0127,FAC0142,Tiruvallur,Tamil Nadu,29.12
FAC0127,FAC0143,Tiruvallur,Tamil Nadu,16.99
FAC0127,FAC0144,Tiruvallur,Tamil Nadu,14.43
FAC0127,FAC0145,Tiruvallur,Tamil Nadu,18.89
FAC0127,FAC0146,Tiruvallur,Tamil Nadu,6.39
FAC0127,FAC0147,Tiruvallur,Tamil Nadu,11.63
FAC0127,FAC0148,Tiruvallur,Tamil Nadu,29.67
FAC0127,FAC0149,Tiruvallur,Tamil Nadu,23.27
FAC0127,FAC0150,Tiruvallur,Tamil Nadu,12.99
FAC0128,FAC0121,Tiruvallur,Tamil Nadu,8.98
FAC0128,FAC0122,Tiruvallur,Tamil Nadu,9.06
FAC0128,FAC0123,Tiruvallur,Tamil Nadu,11.67
FAC0128,FAC0124,Tiruvallur,Tamil Nadu,12.56
FAC0128,FAC0125,Tiruvallur,Tamil Nadu,13.77
FAC0128,FAC0126,Tiruvallur,Tamil Nadu,12.8
FAC0128,FAC0127,Tiruvallur,Tamil Nadu,9.97
FAC0128,FAC0129,Tiruvallur,Tamil Nadu,1.0
FAC0128,FAC0130,Tiruvallur,Tamil Nadu,25.05
FAC0128,FAC0131,Tiruvallur,Tamil Nadu,2.58
FAC0128,FAC0132,Tiruvallur,Tamil Nadu,9.31
FAC0128,FAC0133,Tiruvallur,Tamil Nadu,25.37
FAC0128,FAC0134,Tiruvallur,Tamil Nadu,25.18
FAC0128,FAC0135,Tiruvallur,Tamil Nadu,24.69
FAC0128,FAC0136,Tiruvallur,Tamil Nadu,16.35
FAC0128,FAC0137,Tiruvallur,Tamil Nadu,20.14
FAC0128,FAC0138,Tiruvallur,Tamil Nadu,2.81
FAC0128,FAC0139,Tiruvallur,Tamil Nadu,23.57
FAC0128,FAC0140,Tiruvallur,Tamil Nadu,18.8
FAC0128,FAC0141,Tiruvallur,Tamil Nadu,16.99
FAC0128,FAC0142,Tiruvallur,Tamil Nadu,25.58
FAC0128,FAC0143,Tiruvallur,Tamil Nadu,8.49
FAC0128,FAC0144,Tiruvallur,Tamil Nadu,20.0
FAC0128,FAC0145,Tiruvallur,Tamil Nadu,15.35
FAC0128,FAC0146,Tiruvallur,Tamil Nadu,11.95
FAC0128,FAC0147,Tiruvallur,Tamil Nadu,17.2
FAC0128,FAC0148,Tiruvallur,Tamil Nadu,28.2
FAC0128,FAC0149,Tiruvallur,Tamil Nadu,19.73
FAC0128,FAC0150,Tiruvallur,Tamil Nadu,11.81
FAC0129,FAC0121,Tiruvallur,Tamil Nadu,9.02
FAC0129,FAC0122,Tiruvallur,Tamil Nadu,9.1
FAC0129,FAC0123,Tiruvallur,Tamil Nadu,11.71
FAC0129,FAC0124,Tiruvallur,Tamil Nadu,12.6
FAC0129,FAC0125,Tiruvallur,Tamil Nadu,13.81
FAC0129,FAC0126,Tiruvallur,Tamil Nadu,12.85
FAC0129,FAC0127,Tiruvallur,Tamil Nadu,10.01
FAC0129,FAC0128,Tiruvallur,Tamil Nadu,0.04
FAC0129,FAC0130,Tiruvallur,Tamil Nadu,25.1
FAC0129,FAC0131,Tiruvallur,Tamil Nadu,2.62
FAC0129,FAC0132,Tiruvallur,Tamil Nadu,9.36
FAC0129,FAC0133,Tiruvallur,Tamil Nadu,25.41
FAC0129,FAC0134,Tiruvallur,Tamil Nadu,25.23
FAC0129,FAC0135,Tiruvallur,Tamil Nadu,24.73
FAC0129,FAC0136,Tiruvallur,Tamil Nadu,16.39
FAC0129,FAC0137,Tiruvallur,Tamil Nadu,20.19
FAC0129,FAC0138,Tiruvallur,Tamil Nadu,2.86
FAC0129,FAC0139,Tiruvallur,Tamil Nadu,23.62
FAC0129,FAC0140,Tiruvallur,Tamil Nadu,18.85
FAC0129,FAC0141,Tiruvallur,Tamil Nadu,17.03
FAC0129,FAC0142,Tiruvallur,Tamil Nadu,25.62
FAC0129,FAC0143,Tiruvallur,Tamil Nadu,8.54
FAC0129,FAC0144,Tiruvallur,Tamil Nadu,20.04
FAC0129,FAC0145,Tiruvallur,Tamil Nadu,15.39
FAC0129,FAC0146,Tiruvallur,Tamil Nadu,11.99
FAC0129,FAC0147,Tiruvallur,Tamil Nadu,17.24
FAC0129,FAC0148,Tiruvallur,Tamil Nadu,28.24
FAC0129,FAC0149,Tiruvallur,Tamil Nadu,19.77
FAC0129,FAC0150,Tiruvallur,Tamil Nadu,11.85
FAC0130,FAC0121,Tiruvallur,Tamil Nadu,23.69
FAC0130,FAC0122,Tiruvallur,Tamil Nadu,23.75
FAC0130,FAC0123,Tiruvallur,Tamil Nadu,25.02
FAC0130,FAC0124,Tiruvallur,Tamil Nadu,19.02
FAC0130,FAC0125,Tiruvallur,Tamil Nadu,20.85
FAC0130,FAC0126,Tiruvallur,Tamil Nadu,19.26
FAC0130,FAC0127,Tiruvallur,Tamil Nadu,26.01
FAC0130,FAC0128,Tiruvallur,Tamil Nadu,24.89
FAC0130,FAC0129,Tiruvallur,Tamil Nadu,24.85
FAC0130,FAC0131,Tiruvallur,Tamil Nadu,23.08
FAC0130,FAC0132,Tiruvallur,Tamil Nadu,23.08
FAC0130,FAC0133,Tiruvallur,Tamil Nadu,2.47
FAC0130,FAC0134,Tiruvallur,Tamil Nadu,2.28
FAC0130,FAC0135,Tiruvallur,Tamil Nadu,1.79
FAC0130,FAC0136,Tiruvallur,Tamil Nadu,19.2
FAC0130,FAC0137,Tiruvallur,Tamil Nadu,16.87
FAC0130,FAC0138,Tiruvallur,Tamil Nadu,22.78
FAC0130,FAC0139,Tiruvallur,Tamil Nadu,2.85
FAC0130,FAC0140,Tiruvallur,Tamil Nadu,20.64
FAC0130,FAC0141,Tiruvallur,Tamil Nadu,18.12
FAC0130,FAC0142,Tiruvallur,Tamil Nadu,29.06
FAC0130,FAC0143,Tiruvallur,Tamil Nadu,24.38
FAC0130,FAC0144,Tiruvallur,Tamil Nadu,24.67
FAC0130,FAC0145,Tiruvallur,Tamil Nadu,17.08
FAC0130,FAC0146,Tiruvallur,Tamil Nadu,23.35
FAC0130,FAC0147,Tiruvallur,Tamil Nadu,18.4
FAC0130,FAC0148,Tiruvallur,Tamil Nadu,6.59
FAC0130,FAC0149,Tiruvallur,Tamil Nadu,26.65
FAC0130,FAC0150,Tiruvallur,Tamil Nadu,16.19
FAC0131,FAC0121,Tiruvallur,Tamil Nadu,10.14
FAC0131,FAC0122,Tiruvallur,Tamil Nadu,10.22
FAC0131,FAC0123,Tiruvallur,Tamil Nadu,9.36
FAC0131,FAC0124,Tiruvallur,Tamil Nadu,10.25
FAC0131,FAC0125,Tiruvallur,Tamil Nadu,11.46
FAC0131,FAC0126,Tiruvallur,Tamil Nadu,10.5
FAC0131,FAC0127,Tiruvallur,Tamil Nadu,7.66
FAC0131,FAC0128,Tiruvallur,Tamil Nadu,2.01
FAC0131,FAC0129,Tiruvallur,Tamil Nadu,1.97
FAC0131,FAC0130,Tiruvallur,Tamil Nadu,22.75
FAC0131,FAC0132,Tiruvallur,Tamil Nadu,10.47
FAC0131,FAC0133,Tiruvallur,Tamil Nadu,23.06
FAC0131,FAC0134,Tiruvallur,Tamil Nadu,22.88
FAC0131,FAC0135,Tiruvallur,Tamil Nadu,22.38
FAC0131,FAC0136,Tiruvallur,Tamil Nadu,14.04
FAC0131,FAC0137,Tiruvallur,Tamil Nadu,17.84
FAC0131,FAC0138,Tiruvallur,Tamil Nadu,0.51
FAC0131,FAC0139,Tiruvallur,Tamil Nadu,21.27
FAC0131,FAC0140,Tiruvallur,Tamil Nadu,16.5
FAC0131,FAC0141,Tiruvallur,Tamil Nadu,14.68
FAC0131,FAC0142,Tiruvallur,Tamil Nadu,23.27
FAC0131,FAC0143,Tiruvallur,Tamil Nadu,9.66
FAC0131,FAC0144,Tiruvallur,Tamil Nadu,17.69
FAC0131,FAC0145,Tiruvallur,Tamil Nadu,13.04
FAC0131,FAC0146,Tiruvallur,Tamil Nadu,9.64
FAC0131,FAC0147,Tiruvallur,Tamil Nadu,14.89
FAC0131,FAC0148,Tiruvallur,Tamil Nadu,25.89
FAC0131,FAC0149,Tiruvallur,Tamil Nadu,17.42
FAC0131,FAC0150,Tiruvallur,Tamil Nadu,9.5
FAC0132,FAC0121,Tiruvallur,Tamil Nadu,0.91
FAC0132,FAC0122,Tiruvallur,Tamil Nadu,0.66
FAC0132,FAC0123,Tiruvallur,Tamil Nadu,11.77
FAC0132,FAC0124,Tiruvallur,Tamil Nadu,5.41
FAC0132,FAC0125,Tiruvallur,Tamil Nadu,5.38
FAC0132,FAC0126,Tiruvallur,Tamil Nadu,3.97
FAC0132,FAC0127,Tiruvallur,Tamil Nadu,16.97
FAC0132,FAC0128,Tiruvallur,Tamil Nadu,8.73
FAC0132,FAC0129,Tiruvallur,Tamil Nadu,8.69
FAC0132,FAC0130,Tiruvallur,Tamil Nadu,21.76
FAC0132,FAC0131,Tiruvallur,Tamil Nadu,10.42
FAC0132,FAC0133,Tiruvallur,Tamil Nadu,20.52
FAC0132,FAC0134,Tiruvallur,Tamil Nadu,20.66
FAC0132,FAC0135,Tiruvallur,Tamil Nadu,21.29
FAC0132,FAC0136,Tiruvallur,Tamil Nadu,23.35
FAC0132,FAC0137,Tiruvallur,Tamil Nadu,27.15
FAC0132,FAC0138,Tiruvallur,Tamil Nadu,10.66
FAC0132,FAC0139,Tiruvallur,Tamil Nadu,23.12
FAC0132,FAC0140,Tiruvallur,Tamil Nadu,25.81
FAC0132,FAC0141,Tiruvallur,Tamil Nadu,23.99
FAC0132,FAC0142,Tiruvallur,Tamil Nadu,16.92
FAC0132,FAC0143,Tiruvallur,Tamil Nadu,1.6
FAC0132,FAC0144,Tiruvallur,Tamil Nadu,27.0
FAC0132,FAC0145,Tiruvallur,Tamil Nadu,8.87
FAC0132,FAC0146,Tiruvallur,Tamil Nadu,18.95
FAC0132,FAC0147,Tiruvallur,Tamil Nadu,24.2
FAC0132,FAC0148,Tiruvallur,Tamil Nadu,21.72
FAC0132,FAC0149,Tiruvallur,Tamil Nadu,13.71
FAC0132,FAC0150,Tiruvallur,Tamil Nadu,17.13
FAC0133,FAC0121,Tiruvallur,Tamil Nadu,21.23
FAC0133,FAC0122,Tiruvallur,Tamil Nadu,21.28
FAC0133,FAC0123,Tiruvallur,Tamil Nadu,22.56
FAC0133,FAC0124,Tiruvallur,Tamil Nadu,16.55
FAC0133,FAC0125,Tiruvallur,Tamil Nadu,18.38
FAC0133,FAC0126,Tiruvallur,Tamil Nadu,16.8
FAC0133,FAC0127,Tiruvallur,Tamil Nadu,26.14
FAC0133,FAC0128,Tiruvallur,Tamil Nadu,25.02
FAC0133,FAC0129,Tiruvallur,Tamil Nadu,24.98
FAC0133,FAC0130,Tiruvallur,Tamil Nadu,1.62
FAC0133,FAC0131,Tiruvallur,Tamil Nadu,23.21
FAC0133,FAC0132,Tiruvallur,Tamil Nadu,20.62
FAC0133,FAC0134,Tiruvallur,Tamil Nadu,0.52
FAC0133,FAC0135,Tiruvallur,Tamil Nadu,1.15
FAC0133,FAC0136,Tiruvallur,Tamil Nadu,19.33
FAC0133,FAC0137,Tiruvallur,Tamil Nadu,17.0
FAC0133,FAC0138,Tiruvallur,Tamil Nadu,22.91
FAC0133,FAC0139,Tiruvallur,Tamil Nadu,2.98
FAC0133,FAC0140,Tiruvallur,Tamil Nadu,20.77
FAC0133,FAC0141,Tiruvallur,Tamil Nadu,18.25
FAC0133,FAC0142,Tiruvallur,Tamil Nadu,26.59
FAC0133,FAC0143,Tiruvallur,Tamil Nadu,21.92
FAC0133,FAC0144,Tiruvallur,Tamil Nadu,24.8
FAC0133,FAC0145,Tiruvallur,Tamil Nadu,15.32
FAC0133,FAC0146,Tiruvallur,Tamil Nadu,23.48
FAC0133,FAC0147,Tiruvallur,Tamil Nadu,18.54
FAC0133,FAC0148,Tiruvallur,Tamil Nadu,4.12
FAC0133,FAC0149,Tiruvallur,Tamil Nadu,24.18
FAC0133,FAC0150,Tiruvallur,Tamil Nadu,16.32
FAC0134,FAC0121,Tiruvallur,Tamil Nadu,21.41
FAC0134,FAC0122,Tiruvallur,Tamil Nadu,21.46
FAC0134,FAC0123,Tiruvallur,Tamil Nadu,22.74
FAC0134,FAC0124,Tiruvallur,Tamil Nadu,16.73
FAC0134,FAC0125,Tiruvallur,Tamil Nadu,18.57
FAC0134,FAC0126,Tiruvallur,Tamil Nadu,16.98
FAC0134,FAC0127,Tiruvallur,Tamil Nadu,26.14
FAC0134,FAC0128,Tiruvallur,Tamil Nadu,25.02
FAC0134,FAC0129,Tiruvallur,Tamil Nadu,24.97
FAC0134,FAC0130,Tiruvallur,Tamil Nadu,1.61
FAC0134,FAC0131,Tiruvallur,Tamil Nadu,23.21
FAC0134,FAC0132,Tiruvallur,Tamil Nadu,20.8
FAC0134,FAC0133,Tiruvallur,Tamil Nadu,0.18
FAC0134,FAC0135,Tiruvallur,Tamil Nadu,1.15
FAC0134,FAC0136,Tiruvallur,Tamil Nadu,19.33
FAC0134,FAC0137,Tiruvallur,Tamil Nadu,17.0
FAC0134,FAC0138,Tiruvallur,Tamil Nadu,22.91
FAC0134,FAC0139,Tiruvallur,Tamil Nadu,2.98
FAC0134,FAC0140,Tiruvallur,Tamil Nadu,20.77
FAC0134,FAC0141,Tiruvallur,Tamil Nadu,18.25
FAC0134,FAC0142,Tiruvallur,Tamil Nadu,26.78
FAC0134,FAC0143,Tiruvallur,Tamil Nadu,22.1
FAC0134,FAC0144,Tiruvallur,Tamil Nadu,24.79
FAC0134,FAC0145,Tiruvallur,Tamil Nadu,15.51
FAC0134,FAC0146,Tiruvallur,Tamil Nadu,23.48
FAC0134,FAC0147,Tiruvallur,Tamil Nadu,18.53
FAC0134,FAC0148,Tiruvallur,Tamil Nadu,4.31
FAC0134,FAC0149,Tiruvallur,Tamil Nadu,24.37
FAC0134,FAC0150,Tiruvallur,Tamil Nadu,16.32
FAC0135,FAC0121,Tiruvallur,Tamil Nadu,22.13
FAC0135,FAC0122,Tiruvallur,Tamil Nadu,22.18
FAC0135,FAC0123,Tiruvallur,Tamil Nadu,23.46
FAC0135,FAC0124,Tiruvallur,Tamil Nadu,17.45
FAC0135,FAC0125,Tiruvallur,Tamil Nadu,19.28
FAC0135,FAC0126,Tiruvallur,Tamil Nadu,17.69
FAC0135,FAC0127,Tiruvallur,Tamil Nadu,25.64
FAC0135,FAC0128,Tiruvallur,Tamil Nadu,24.52
FAC0135,FAC0129,Tiruvallur,Tamil Nadu,24.47
FAC0135,FAC0130,Tiruvallur,Tamil Nadu,1.12
FAC0135,FAC0131,Tiruvallur,Tamil Nadu,22.71
FAC0135,FAC0132,Tiruvallur,Tamil Nadu,21.52
FAC0135,FAC0133,Tiruvallur,Tamil Nadu,0.9
FAC0135,FAC0134,Tiruvallur,Tamil Nadu,0.71
FAC0135,FAC0136,Tiruvallur,Tamil Nadu,18.83
FAC0135,FAC0137,Tiruvallur,Tamil Nadu,16.5
FAC0135,FAC0138,Tiruvallur,Tamil Nadu,22.41
FAC0135,FAC0139,Tiruvallur,Tamil Nadu,2.48
FAC0135,FAC0140,Tiruvallur,Tamil Nadu,20.27
FAC0135,FAC0141,Tiruvallur,Tamil Nadu,17.75
FAC0135,FAC0142,Tiruvallur,Tamil Nadu,27.49
FAC0135,FAC0143,Tiruvallur,Tamil Nadu,22.82
FAC0135,FAC0144,Tiruvallur,Tamil Nadu,24.3
FAC0135,FAC0145,Tiruvallur,Tamil Nadu,16.22
FAC0135,FAC0146,Tiruvallur,Tamil Nadu,22.98
FAC0135,FAC0147,Tiruvallur,Tamil Nadu,18.03
FAC0135,FAC0148,Tiruvallur,Tamil Nadu,5.02
FAC0135,FAC0149,Tiruvallur,Tamil Nadu,25.08
FAC0135,FAC0150,Tiruvallur,Tamil Nadu,15.82
FAC0136,FAC0121,Tiruvallur,Tamil Nadu,22.99
FAC0136,FAC0122,Tiruvallur,Tamil Nadu,23.07
FAC0136,FAC0123,Tiruvallur,Tamil Nadu,20.71
FAC0136,FAC0124,Tiruvallur,Tamil Nadu,21.62
FAC0136,FAC0125,Tiruvallur,Tamil Nadu,22.83
FAC0136,FAC0126,Tiruvallur,Tamil Nadu,21.87
FAC0136,FAC0127,Tiruvallur,Tamil Nadu,11.5
FAC0136,FAC0128,Tiruvallur,Tamil Nadu,15.83
FAC0136,FAC0129,Tiruvallur,Tamil Nadu,15.78
FAC0136,FAC0130,Tiruvallur,Tamil Nadu,18.84
FAC0136,FAC0131,Tiruvallur,Tamil Nadu,14.02
FAC0136,FAC0132,Tiruvallur,Tamil Nadu,23.33
FAC0136,FAC0133,Tiruvallur,Tamil Nadu,19.15
FAC0136,FAC0134,Tiruvallur,Tamil Nadu,18.97
FAC0136,FAC0135,Tiruvallur,Tamil Nadu,18.48
FAC0136,FAC0137,Tiruvallur,Tamil Nadu,4.18
FAC0136,FAC0138,Tiruvallur,Tamil Nadu,13.72
FAC0136,FAC0139,Tiruvallur,Tamil Nadu,17.48
FAC0136,FAC0140,Tiruvallur,Tamil Nadu,3.63
FAC0136,FAC0141,Tiruvallur,Tamil Nadu,1.02
FAC0136,FAC0142,Tiruvallur,Tamil Nadu,34.64
FAC0136,FAC0143,Tiruvallur,Tamil Nadu,22.51
FAC0136,FAC0144,Tiruvallur,Tamil Nadu,7.65
FAC0136,FAC0145,Tiruvallur,Tamil Nadu,24.41
FAC0136,FAC0146,Tiruvallur,Tamil Nadu,8.56
FAC0136,FAC0147,Tiruvallur,Tamil Nadu,1.39
FAC0136,FAC0148,Tiruvallur,Tamil Nadu,23.28
FAC0136,FAC0149,Tiruvallur,Tamil Nadu,28.79
FAC0136,FAC0150,Tiruvallur,Tamil Nadu,17.52
FAC0137,FAC0121,Tiruvallur,Tamil Nadu,26.95
FAC0137,FAC0122,Tiruvallur,Tamil Nadu,27.03
FAC0137,FAC0123,Tiruvallur,Tamil Nadu,24.67
FAC0137,FAC0124,Tiruvallur,Tamil Nadu,25.58
FAC0137,FAC0125,Tiruvallur,Tamil Nadu,26.78
FAC0137,FAC0126,Tiruvallur,Tamil Nadu,25.82
FAC0137,FAC0127,Tiruvallur,Tamil Nadu,15.46
FAC0137,FAC0128,Tiruvallur,Tamil Nadu,19.78
FAC0137,FAC0129,Tiruvallur,Tamil Nadu,19.74
FAC0137,FAC0130,Tiruvallur,Tamil Nadu,16.55
FAC0137,FAC0131,Tiruvallur,Tamil Nadu,17.98
FAC0137,FAC0132,Tiruvallur,Tamil Nadu,27.28
FAC0137,FAC0133,Tiruvallur,Tamil Nadu,16.87
FAC0137,FAC0134,Tiruvallur,Tamil Nadu,16.68
FAC0137,FAC0135,Tiruvallur,Tamil Nadu,16.19
FAC0137,FAC0136,Tiruvallur,Tamil Nadu,4.32
FAC0137,FAC0138,Tiruvallur,Tamil Nadu,17.67
FAC0137,FAC0139,Tiruvallur,Tamil Nadu,15.19
FAC0137,FAC0140,Tiruvallur,Tamil Nadu,5.76
FAC0137,FAC0141,Tiruvallur,Tamil Nadu,3.24
FAC0137,FAC0142,Tiruvallur,Tamil Nadu,38.6
FAC0137,FAC0143,Tiruvallur,Tamil Nadu,26.46
FAC0137,FAC0144,Tiruvallur,Tamil Nadu,9.78
FAC0137,FAC0145,Tiruvallur,Tamil Nadu,28.37
FAC0137,FAC0146,Tiruvallur,Tamil Nadu,12.52
FAC0137,FAC0147,Tiruvallur,Tamil Nadu,3.52
FAC0137,FAC0148,Tiruvallur,Tamil Nadu,20.99
FAC0137,FAC0149,Tiruvallur,Tamil Nadu,32.75
FAC0137,FAC0150,Tiruvallur,Tamil Nadu,21.47
FAC0138,FAC0121,Tiruvallur,Tamil Nadu,11.66
FAC0138,FAC0122,Tiruvallur,Tamil Nadu,11.74
FAC0138,FAC0123,Tiruvallur,Tamil Nadu,8.85
FAC0138,FAC0124,Tiruvallur,Tamil Nadu,9.75
FAC0138,FAC0125,Tiruvallur,Tamil Nadu,10.95
FAC0138,FAC0126,Tiruvallur,Tamil Nadu,9.99
FAC0138,FAC0127,Tiruvallur,Tamil Nadu,7.16
FAC0138,FAC0128,Tiruvallur,Tamil Nadu,3.52
FAC0138,FAC0129,Tiruvallur,Tamil Nadu,3.48
FAC0138,FAC0130,Tiruvallur,Tamil Nadu,22.24
FAC0138,FAC0131,Tiruvallur,Tamil Nadu,1.72
FAC0138,FAC0132,Tiruvallur,Tamil Nadu,11.99
FAC0138,FAC0133,Tiruvallur,Tamil Nadu,22.55
FAC0138,FAC0134,Tiruvallur,Tamil Nadu,22.37
FAC0138,FAC0135,Tiruvallur,Tamil Nadu,21.88
FAC0138,FAC0136,Tiruvallur,Tamil Nadu,13.53
FAC0138,FAC0137,Tiruvallur,Tamil Nadu,17.33
FAC0138,FAC0139,Tiruvallur,Tamil Nadu,20.76
FAC0138,FAC0140,Tiruvallur,Tamil Nadu,15.99
FAC0138,FAC0141,Tiruvallur,Tamil Nadu,14.17
FAC0138,FAC0142,Tiruvallur,Tamil Nadu,22.77
FAC0138,FAC0143,Tiruvallur,Tamil Nadu,11.17
FAC0138,FAC0144,Tiruvallur,Tamil Nadu,17.18
FAC0138,FAC0145,Tiruvallur,Tamil Nadu,12.53
FAC0138,FAC0146,Tiruvallur,Tamil Nadu,9.13
FAC0138,FAC0147,Tiruvallur,Tamil Nadu,14.38
FAC0138,FAC0148,Tiruvallur,Tamil Nadu,25.38
FAC0138,FAC0149,Tiruvallur,Tamil Nadu,16.91
FAC0138,FAC0150,Tiruvallur,Tamil Nadu,8.99
FAC0139,FAC0121,Tiruvallur,Tamil Nadu,24.05
FAC0139,FAC0122,Tiruvallur,Tamil Nadu,24.11
FAC0139,FAC0123,Tiruvallur,Tamil Nadu,24.75
FAC0139,FAC0124,Tiruvallur,Tamil Nadu,19.38
FAC0139,FAC0125,Tiruvallur,Tamil Nadu,21.21
FAC0139,FAC0126,Tiruvallur,Tamil Nadu,19.62
FAC0139,FAC0127,Tiruvallur,Tamil Nadu,24.2
FAC0139,FAC0128,Tiruvallur,Tamil Nadu,23.14
FAC0139,FAC0129,Tiruvallur,Tamil Nadu,23.1
FAC0139,FAC0130,Tiruvallur,Tamil Nadu,2.51
FAC0139,FAC0131,Tiruvallur,Tamil Nadu,21.33
FAC0139,FAC0132,Tiruvallur,Tamil Nadu,23.45
FAC0139,FAC0133,Tiruvallur,Tamil Nadu,2.83
FAC0139,FAC0134,Tiruvallur,Tamil Nadu,2.64
FAC0139,FAC0135,Tiruvallur,Tamil Nadu,2.15
FAC0139,FAC0136,Tiruvallur,Tamil Nadu,17.11
FAC0139,FAC0137,Tiruvallur,Tamil Nadu,14.78
FAC0139,FAC0138,Tiruvallur,Tamil Nadu,21.03
FAC0139,FAC0140,Tiruvallur,Tamil Nadu,18.55
FAC0139,FAC0141,Tiruvallur,Tamil Nadu,16.03
FAC0139,FAC0142,Tiruvallur,Tamil Nadu,29.42
FAC0139,FAC0143,Tiruvallur,Tamil Nadu,24.75
FAC0139,FAC0144,Tiruvallur,Tamil Nadu,22.58
FAC0139,FAC0145,Tiruvallur,Tamil Nadu,15.34
FAC0139,FAC0146,Tiruvallur,Tamil Nadu,21.26
FAC0139,FAC0147,Tiruvallur,Tamil Nadu,16.32
FAC0139,FAC0148,Tiruvallur,Tamil Nadu,6.95
FAC0139,FAC0149,Tiruvallur,Tamil Nadu,27.01
FAC0139,FAC0150,Tiruvallur,Tamil Nadu,14.44
FAC0140,FAC0121,Tiruvallur,Tamil Nadu,25.41
FAC0140,FAC0122,Tiruvallur,Tamil Nadu,25.49
FAC0140,FAC0123,Tiruvallur,Tamil Nadu,23.13
FAC0140,FAC0124,Tiruvallur,Tamil Nadu,24.04
FAC0140,FAC0125,Tiruvallur,Tamil Nadu,25.25
FAC0140,FAC0126,Tiruvallur,Tamil Nadu,24.28
FAC0140,FAC0127,Tiruvallur,Tamil Nadu,13.92
FAC0140,FAC0128,Tiruvallur,Tamil Nadu,18.25
FAC0140,FAC0129,Tiruvallur,Tamil Nadu,18.2
FAC0140,FAC0130,Tiruvallur,Tamil Nadu,20.3
FAC0140,FAC0131,Tiruvallur,Tamil Nadu,16.44
FAC0140,FAC0132,Tiruvallur,Tamil Nadu,25.75
FAC0140,FAC0133,Tiruvallur,Tamil Nadu,20.61
FAC0140,FAC0134,Tiruvallur,Tamil Nadu,20.43
FAC0140,FAC0135,Tiruvallur,Tamil Nadu,19.93
FAC0140,FAC0136,Tiruvallur,Tamil Nadu,3.54
FAC0140,FAC0137,Tiruvallur,Tamil Nadu,5.64
FAC0140,FAC0138,Tiruvallur,Tamil Nadu,16.14
FAC0140,FAC0139,Tiruvallur,Tamil Nadu,18.93
FAC0140,FAC0141,Tiruvallur,Tamil Nadu,2.45
FAC0140,FAC0142,Tiruvallur,Tamil Nadu,37.06
FAC0140,FAC0143,Tiruvallur,Tamil Nadu,24.93
FAC0140,FAC0144,Tiruvallur,Tamil Nadu,6.92
FAC0140,FAC0145,Tiruvallur,Tamil Nadu,26.83
FAC0140,FAC0146,Tiruvallur,Tamil Nadu,10.98
FAC0140,FAC0147,Tiruvallur,Tamil Nadu,2.26
FAC0140,FAC0148,Tiruvallur,Tamil Nadu,24.73
FAC0140,FAC0149,Tiruvallur,Tamil Nadu,31.21
FAC0140,FAC0150,Tiruvallur,Tamil Nadu,19.94
FAC0141,FAC0121,Tiruvallur,Tamil Nadu,23.71
FAC0141,FAC0122,Tiruvallur,Tamil Nadu,23.79
FAC0141,FAC0123,Tiruvallur,Tamil Nadu,21.43
FAC0141,FAC0124,Tiruvallur,Tamil Nadu,22.34
FAC0141,FAC0125,Tiruvallur,Tamil Nadu,23.55
FAC0141,FAC0126,Tiruvallur,Tamil Nadu,22.58
FAC0141,FAC0127,Tiruvallur,Tamil Nadu,12.22
FAC0141,FAC0128,Tiruvallur,Tamil Nadu,16.55
FAC0141,FAC0129,Tiruvallur,Tamil Nadu,16.5
FAC0141,FAC0130,Tiruvallur,Tamil Nadu,17.82
FAC0141,FAC0131,Tiruvallur,Tamil Nadu,14.74
FAC0141,FAC0132,Tiruvallur,Tamil Nadu,24.05
FAC0141,FAC0133,Tiruvallur,Tamil Nadu,18.13
FAC0141,FAC0134,Tiruvallur,Tamil Nadu,17.95
FAC0141,FAC0135,Tiruvallur,Tamil Nadu,17.45
FAC0141,FAC0136,Tiruvallur,Tamil Nadu,1.08
FAC0141,FAC0137,Tiruvallur,Tamil Nadu,3.16
FAC0141,FAC0138,Tiruvallur,Tamil Nadu,14.44
FAC0141,FAC0139,Tiruvallur,Tamil Nadu,16.45
FAC0141,FAC0140,Tiruvallur,Tamil Nadu,2.6
FAC0141,FAC0142,Tiruvallur,Tamil Nadu,35.36
FAC0141,FAC0143,Tiruvallur,Tamil Nadu,23.23
FAC0141,FAC0144,Tiruvallur,Tamil Nadu,6.63
FAC0141,FAC0145,Tiruvallur,Tamil Nadu,25.13
FAC0141,FAC0146,Tiruvallur,Tamil Nadu,9.28
FAC0141,FAC0147,Tiruvallur,Tamil Nadu,0.36
FAC0141,FAC0148,Tiruvallur,Tamil Nadu,22.25
FAC0141,FAC0149,Tiruvallur,Tamil Nadu,29.51
FAC0141,FAC0150,Tiruvallur,Tamil Nadu,18.24
FAC0142,FAC0121,Tiruvallur,Tamil Nadu,17.33
FAC0142,FAC0122,Tiruvallur,Tamil Nadu,17.38
FAC0142,FAC0123,Tiruvallur,Tamil Nadu,21.55
FAC0142,FAC0124,Tiruvallur,Tamil Nadu,16.02
FAC0142,FAC0125,Tiruvallur,Tamil Nadu,17.85
FAC0142,FAC0126,Tiruvallur,Tamil Nadu,16.26
FAC0142,FAC0127,Tiruvallur,Tamil Nadu,29.17
FAC0142,FAC0128,Tiruvallur,Tamil Nadu,25.15
FAC0142,FAC0129,Tiruvallur,Tamil Nadu,25.11
FAC0142,FAC0130,Tiruvallur,Tamil Nadu,28.94
FAC0142,FAC0131,Tiruvallur,Tamil Nadu,23.52
FAC0142,FAC0132,Tiruvallur,Tamil Nadu,16.72
FAC0142,FAC0133,Tiruvallur,Tamil Nadu,27.71
FAC0142,FAC0134,Tiruvallur,Tamil Nadu,27.84
FAC0142,FAC0135,Tiruvallur,Tamil Nadu,28.47
FAC0142,FAC0136,Tiruvallur,Tamil Nadu,35.55
FAC0142,FAC0137,Tiruvallur,Tamil Nadu,39.35
FAC0142,FAC0138,Tiruvallur,Tamil Nadu,23.22
FAC0142,FAC0139,Tiruvallur,Tamil Nadu,30.3
FAC0142,FAC0140,Tiruvallur,Tamil Nadu,38.01
FAC0142,FAC0141,Tiruvallur,Tamil Nadu,36.19
FAC0142,FAC0143,Tiruvallur,Tamil Nadu,18.02
FAC0142,FAC0144,Tiruvallur,Tamil Nadu,39.2
FAC0142,FAC0145,Tiruvallur,Tamil Nadu,19.12
FAC0142,FAC0146,Tiruvallur,Tamil Nadu,31.15
FAC0142,FAC0147,Tiruvallur,Tamil Nadu,36.4
FAC0142,FAC0148,Tiruvallur,Tamil Nadu,29.73
FAC0142,FAC0149,Tiruvallur,Tamil Nadu,12.04
FAC0142,FAC0150,Tiruvallur,Tamil Nadu,27.38
FAC0143,FAC0121,Tiruvallur,Tamil Nadu,1.2
FAC0143,FAC0122,Tiruvallur,Tamil Nadu,2.2
FAC0143,FAC0123,Tiruvallur,Tamil Nadu,12.92
FAC0143,FAC0124,Tiruvallur,Tamil Nadu,6.55
FAC0143,FAC0125,Tiruvallur,Tamil Nadu,6.53
FAC0143,FAC0126,Tiruvallur,Tamil Nadu,5.11
FAC0143,FAC0127,Tiruvallur,Tamil Nadu,16.19
FAC0143,FAC0128,Tiruvallur,Tamil Nadu,7.95
FAC0143,FAC0129,Tiruvallur,Tamil Nadu,7.91
FAC0143,FAC0130,Tiruvallur,Tamil Nadu,22.9
FAC0143,FAC0131,Tiruvallur,Tamil Nadu,9.64
FAC0143,FAC0132,Tiruvallur,Tamil Nadu,1.53
FAC0143,FAC0133,Tiruvallur,Tamil Nadu,21.67
FAC0143,FAC0134,Tiruvallur,Tamil Nadu,21.8
FAC0143,FAC0135,Tiruvallur,Tamil Nadu,22.43
FAC0143,FAC0136,Tiruvallur,Tamil Nadu,22.57
FAC0143,FAC0137,Tiruvallur,Tamil Nadu,26.37
FAC0143,FAC0138,Tiruvallur,Tamil Nadu,9.88
FAC0143,FAC0139,Tiruvallur,Tamil Nadu,24.26
FAC0143,FAC0140,Tiruvallur,Tamil Nadu,25.03
FAC0143,FAC0141,Tiruvallur,Tamil Nadu,23.21
FAC0143,FAC0142,Tiruvallur,Tamil Nadu,18.07
FAC0143,FAC0144,Tiruvallur,Tamil Nadu,26.22
FAC0143,FAC0145,Tiruvallur,Tamil Nadu,10.01
FAC0143,FAC0146,Tiruvallur,Tamil Nadu,18.17
FAC0143,FAC0147,Tiruvallur,Tamil Nadu,23.42
FAC0143,FAC0148,Tiruvallur,Tamil Nadu,22.87
FAC0143,FAC0149,Tiruvallur,Tamil Nadu,14.86
FAC0143,FAC0150,Tiruvallur,Tamil Nadu,18.03
FAC0144,FAC0121,Tiruvallur,Tamil Nadu,26.55
FAC0144,FAC0122,Tiruvallur,Tamil Nadu,26.63
FAC0144,FAC0123,Tiruvallur,Tamil Nadu,24.27
FAC0144,FAC0124,Tiruvallur,Tamil Nadu,25.18
FAC0144,FAC0125,Tiruvallur,Tamil Nadu,26.39
FAC0144,FAC0126,Tiruvallur,Tamil Nadu,25.43
FAC0144,FAC0127,Tiruvallur,Tamil Nadu,15.06
FAC0144,FAC0128,Tiruvallur,Tamil Nadu,19.39
FAC0144,FAC0129,Tiruvallur,Tamil Nadu,19.34
FAC0144,FAC0130,Tiruvallur,Tamil Nadu,24.71
FAC0144,FAC0131,Tiruvallur,Tamil Nadu,17.58
FAC0144,FAC0132,Tiruvallur,Tamil Nadu,26.89
FAC0144,FAC0133,Tiruvallur,Tamil Nadu,25.02
FAC0144,FAC0134,Tiruvallur,Tamil Nadu,24.84
FAC0144,FAC0135,Tiruvallur,Tamil Nadu,24.35
FAC0144,FAC0136,Tiruvallur,Tamil Nadu,7.55
FAC0144,FAC0137,Tiruvallur,Tamil Nadu,10.05
FAC0144,FAC0138,Tiruvallur,Tamil Nadu,17.28
FAC0144,FAC0139,Tiruvallur,Tamil Nadu,23.35
FAC0144,FAC0140,Tiruvallur,Tamil Nadu,6.9
FAC0144,FAC0141,Tiruvallur,Tamil Nadu,6.87
FAC0144,FAC0142,Tiruvallur,Tamil Nadu,38.2
FAC0144,FAC0143,Tiruvallur,Tamil Nadu,26.07
FAC0144,FAC0145,Tiruvallur,Tamil Nadu,27.97
FAC0144,FAC0146,Tiruvallur,Tamil Nadu,12.12
FAC0144,FAC0147,Tiruvallur,Tamil Nadu,6.67
FAC0144,FAC0148,Tiruvallur,Tamil Nadu,29.15
FAC0144,FAC0149,Tiruvallur,Tamil Nadu,32.35
FAC0144,FAC0150,Tiruvallur,Tamil Nadu,21.08
FAC0145,FAC0121,Tiruvallur,Tamil Nadu,9.39
FAC0145,FAC0122,Tiruvallur,Tamil Nadu,9.45
FAC0145,FAC0123,Tiruvallur,Tamil Nadu,10.72
FAC0145,FAC0124,Tiruvallur,Tamil Nadu,4.72
FAC0145,FAC0125,Tiruvallur,Tamil Nadu,6.55
FAC0145,FAC0126,Tiruvallur,Tamil Nadu,4.96
FAC0145,FAC0127,Tiruvallur,Tamil Nadu,18.09
FAC0145,FAC0128,Tiruvallur,Tamil Nadu,14.5
FAC0145,FAC0129,Tiruvallur,Tamil Nadu,14.45
FAC0145,FAC0130,Tiruvallur,Tamil Nadu,16.39
FAC0145,FAC0131,Tiruvallur,Tamil Nadu,12.69
FAC0145,FAC0132,Tiruvallur,Tamil Nadu,8.78
FAC0145,FAC0133,Tiruvallur,Tamil Nadu,15.16
FAC0145,FAC0134,Tiruvallur,Tamil Nadu,15.29
FAC0145,FAC0135,Tiruvallur,Tamil Nadu,15.92
FAC0145,FAC0136,Tiruvallur,Tamil Nadu,24.46
FAC0145,FAC0137,Tiruvallur,Tamil Nadu,28.26
FAC0145,FAC0138,Tiruvallur,Tamil Nadu,12.39
FAC0145,FAC0139,Tiruvallur,Tamil Nadu,15.16
FAC0145,FAC0140,Tiruvallur,Tamil Nadu,26.92
FAC0145,FAC0141,Tiruvallur,Tamil Nadu,25.1
FAC0145,FAC0142,Tiruvallur,Tamil Nadu,18.2
FAC0145,FAC0143,Tiruvallur,Tamil Nadu,10.08
FAC0145,FAC0144,Tiruvallur,Tamil Nadu,28.11
FAC0145,FAC0146,Tiruvallur,Tamil Nadu,20.07
FAC0145,FAC0147,Tiruvallur,Tamil Nadu,25.31
FAC0145,FAC0148,Tiruvallur,Tamil Nadu,16.36
FAC0145,FAC0149,Tiruvallur,Tamil Nadu,12.35
FAC0145,FAC0150,Tiruvallur,Tamil Nadu,8.26
FAC0146,FAC0121,Tiruvallur,Tamil Nadu,17.11
FAC0146,FAC0122,Tiruvallur,Tamil Nadu,17.19
FAC0146,FAC0123,Tiruvallur,Tamil Nadu,14.83
FAC0146,FAC0124,Tiruvallur,Tamil Nadu,15.74
FAC0146,FAC0125,Tiruvallur,Tamil Nadu,16.95
FAC0146,FAC0126,Tiruvallur,Tamil Nadu,15.98
FAC0146,FAC0127,Tiruvallur,Tamil Nadu,5.62
FAC0146,FAC0128,Tiruvallur,Tamil Nadu,9.95
FAC0146,FAC0129,Tiruvallur,Tamil Nadu,9.9
FAC0146,FAC0130,Tiruvallur,Tamil Nadu,23.95
FAC0146,FAC0131,Tiruvallur,Tamil Nadu,8.14
FAC0146,FAC0132,Tiruvallur,Tamil Nadu,17.45
FAC0146,FAC0133,Tiruvallur,Tamil Nadu,24.27
FAC0146,FAC0134,Tiruvallur,Tamil Nadu,24.08
FAC0146,FAC0135,Tiruvallur,Tamil Nadu,23.59
FAC0146,FAC0136,Tiruvallur,Tamil Nadu,9.5
FAC0146,FAC0137,Tiruvallur,Tamil Nadu,13.3
FAC0146,FAC0138,Tiruvallur,Tamil Nadu,7.84
FAC0146,FAC0139,Tiruvallur,Tamil Nadu,22.59
FAC0146,FAC0140,Tiruvallur,Tamil Nadu,11.96
FAC0146,FAC0141,Tiruvallur,Tamil Nadu,10.15
FAC0146,FAC0142,Tiruvallur,Tamil Nadu,28.76
FAC0146,FAC0143,Tiruvallur,Tamil Nadu,16.63
FAC0146,FAC0144,Tiruvallur,Tamil Nadu,13.15
FAC0146,FAC0145,Tiruvallur,Tamil Nadu,18.53
FAC0146,FAC0147,Tiruvallur,Tamil Nadu,10.35
FAC0146,FAC0148,Tiruvallur,Tamil Nadu,28.39
FAC0146,FAC0149,Tiruvallur,Tamil Nadu,22.91
FAC0146,FAC0150,Tiruvallur,Tamil Nadu,11.64
FAC0147,FAC0121,Tiruvallur,Tamil Nadu,23.9
FAC0147,FAC0122,Tiruvallur,Tamil Nadu,23.99
FAC0147,FAC0123,Tiruvallur,Tamil Nadu,21.63
FAC0147,FAC0124,Tiruvallur,Tamil Nadu,22.53
FAC0147,FAC0125,Tiruvallur,Tamil Nadu,23.74
FAC0147,FAC0126,Tiruvallur,Tamil Nadu,22.78
FAC0147,FAC0127,Tiruvallur,Tamil Nadu,12.41
FAC0147,FAC0128,Tiruvallur,Tamil Nadu,16.74
FAC0147,FAC0129,Tiruvallur,Tamil Nadu,16.7
FAC0147,FAC0130,Tiruvallur,Tamil Nadu,18.04
FAC0147,FAC0131,Tiruvallur,Tamil Nadu,14.93
FAC0147,FAC0132,Tiruvallur,Tamil Nadu,24.24
FAC0147,FAC0133,Tiruvallur,Tamil Nadu,18.35
FAC0147,FAC0134,Tiruvallur,Tamil Nadu,18.17
FAC0147,FAC0135,Tiruvallur,Tamil Nadu,17.68
FAC0147,FAC0136,Tiruvallur,Tamil Nadu,1.28
FAC0147,FAC0137,Tiruvallur,Tamil Nadu,3.38
FAC0147,FAC0138,Tiruvallur,Tamil Nadu,14.63
FAC0147,FAC0139,Tiruvallur,Tamil Nadu,16.68
FAC0147,FAC0140,Tiruvallur,Tamil Nadu,2.48
FAC0147,FAC0141,Tiruvallur,Tamil Nadu,0.19
FAC0147,FAC0142,Tiruvallur,Tamil Nadu,35.55
FAC0147,FAC0143,Tiruvallur,Tamil Nadu,23.42
FAC0147,FAC0144,Tiruvallur,Tamil Nadu,6.5
FAC0147,FAC0145,Tiruvallur,Tamil Nadu,25.32
FAC0147,FAC0146,Tiruvallur,Tamil Nadu,9.47
FAC0147,FAC0148,Tiruvallur,Tamil Nadu,22.47
FAC0147,FAC0149,Tiruvallur,Tamil Nadu,29.7
FAC0147,FAC0150,Tiruvallur,Tamil Nadu,18.43
FAC0148,FAC0121,Tiruvallur,Tamil Nadu,22.32
FAC0148,FAC0122,Tiruvallur,Tamil Nadu,22.37
FAC0148,FAC0123,Tiruvallur,Tamil Nadu,23.65
FAC0148,FAC0124,Tiruvallur,Tamil Nadu,17.64
FAC0148,FAC0125,Tiruvallur,Tamil Nadu,19.48
FAC0148,FAC0126,Tiruvallur,Tamil Nadu,17.89
FAC0148,FAC0127,Tiruvallur,Tamil Nadu,30.1
FAC0148,FAC0128,Tiruvallur,Tamil Nadu,27.42
FAC0148,FAC0129,Tiruvallur,Tamil Nadu,27.38
FAC0148,FAC0130,Tiruvallur,Tamil Nadu,5.57
FAC0148,FAC0131,Tiruvallur,Tamil Nadu,25.62
FAC0148,FAC0132,Tiruvallur,Tamil Nadu,21.71
FAC0148,FAC0133,Tiruvallur,Tamil Nadu,4.34
FAC0148,FAC0134,Tiruvallur,Tamil Nadu,4.47
FAC0148,FAC0135,Tiruvallur,Tamil Nadu,5.1
FAC0148,FAC0136,Tiruvallur,Tamil Nadu,23.29
FAC0148,FAC0137,Tiruvallur,Tamil Nadu,20.95
FAC0148,FAC0138,Tiruvallur,Tamil Nadu,25.31
FAC0148,FAC0139,Tiruvallur,Tamil Nadu,6.93
FAC0148,FAC0140,Tiruvallur,Tamil Nadu,24.73
FAC0148,FAC0141,Tiruvallur,Tamil Nadu,22.2
FAC0148,FAC0142,Tiruvallur,Tamil Nadu,28.0
FAC0148,FAC0143,Tiruvallur,Tamil Nadu,23.01
FAC0148,FAC0144,Tiruvallur,Tamil Nadu,28.75
FAC0148,FAC0145,Tiruvallur,Tamil Nadu,16.41
FAC0148,FAC0146,Tiruvallur,Tamil Nadu,27.43
FAC0148,FAC0147,Tiruvallur,Tamil Nadu,22.49
FAC0148,FAC0149,Tiruvallur,Tamil Nadu,25.27
FAC0148,FAC0150,Tiruvallur,Tamil Nadu,20.28
FAC0149,FAC0121,Tiruvallur,Tamil Nadu,14.18
FAC0149,FAC0122,Tiruvallur,Tamil Nadu,14.23
FAC0149,FAC0123,Tiruvallur,Tamil Nadu,15.04
FAC0149,FAC0124,Tiruvallur,Tamil Nadu,9.5
FAC0149,FAC0125,Tiruvallur,Tamil Nadu,11.34
FAC0149,FAC0126,Tiruvallur,Tamil Nadu,9.75
FAC0149,FAC0127,Tiruvallur,Tamil Nadu,22.66
FAC0149,FAC0128,Tiruvallur,Tamil Nadu,18.81
FAC0149,FAC0129,Tiruvallur,Tamil Nadu,18.77
FAC0149,FAC0130,Tiruvallur,Tamil Nadu,25.5
FAC0149,FAC0131,Tiruvallur,Tamil Nadu,17.0
FAC0149,FAC0132,Tiruvallur,Tamil Nadu,13.57
FAC0149,FAC0133,Tiruvallur,Tamil Nadu,24.26
FAC0149,FAC0134,Tiruvallur,Tamil Nadu,24.39
FAC0149,FAC0135,Tiruvallur,Tamil Nadu,25.02
FAC0149,FAC0136,Tiruvallur,Tamil Nadu,29.04
FAC0149,FAC0137,Tiruvallur,Tamil Nadu,32.83
FAC0149,FAC0138,Tiruvallur,Tamil Nadu,16.7
FAC0149,FAC0139,Tiruvallur,Tamil Nadu,26.86
FAC0149,FAC0140,Tiruvallur,Tamil Nadu,31.5
FAC0149,FAC0141,Tiruvallur,Tamil Nadu,29.68
FAC0149,FAC0142,Tiruvallur,Tamil Nadu,12.1
FAC0149,FAC0143,Tiruvallur,Tamil Nadu,14.87
FAC0149,FAC0144,Tiruvallur,Tamil Nadu,32.68
FAC0149,FAC0145,Tiruvallur,Tamil Nadu,12.61
FAC0149,FAC0146,Tiruvallur,Tamil Nadu,24.64
FAC0149,FAC0147,Tiruvallur,Tamil Nadu,29.89
FAC0149,FAC0148,Tiruvallur,Tamil Nadu,25.46
FAC0149,FAC0150,Tiruvallur,Tamil Nadu,20.87
FAC0150,FAC0121,Tiruvallur,Tamil Nadu,17.69
FAC0150,FAC0122,Tiruvallur,Tamil Nadu,17.75
FAC0150,FAC0123,Tiruvallur,Tamil Nadu,12.86
FAC0150,FAC0124,Tiruvallur,Tamil Nadu,13.02
FAC0150,FAC0125,Tiruvallur,Tamil Nadu,14.54
FAC0150,FAC0126,Tiruvallur,Tamil Nadu,13.26
FAC0150,FAC0127,Tiruvallur,Tamil Nadu,12.38
FAC0150,FAC0128,Tiruvallur,Tamil Nadu,11.26
FAC0150,FAC0129,Tiruvallur,Tamil Nadu,11.21
FAC0150,FAC0130,Tiruvallur,Tamil Nadu,15.88
FAC0150,FAC0131,Tiruvallur,Tamil Nadu,9.45
FAC0150,FAC0132,Tiruvallur,Tamil Nadu,17.08
FAC0150,FAC0133,Tiruvallur,Tamil Nadu,16.19
FAC0150,FAC0134,Tiruvallur,Tamil Nadu,16.01
FAC0150,FAC0135,Tiruvallur,Tamil Nadu,15.52
FAC0150,FAC0136,Tiruvallur,Tamil Nadu,17.56
FAC0150,FAC0137,Tiruvallur,Tamil Nadu,21.36
FAC0150,FAC0138,Tiruvallur,Tamil Nadu,9.15
FAC0150,FAC0139,Tiruvallur,Tamil Nadu,14.4
FAC0150,FAC0140,Tiruvallur,Tamil Nadu,20.02
FAC0150,FAC0141,Tiruvallur,Tamil Nadu,18.2
FAC0150,FAC0142,Tiruvallur,Tamil Nadu,26.5
FAC0150,FAC0143,Tiruvallur,Tamil Nadu,17.94
FAC0150,FAC0144,Tiruvallur,Tamil Nadu,21.21
FAC0150,FAC0145,Tiruvallur,Tamil Nadu,8.3
FAC0150,FAC0146,Tiruvallur,Tamil Nadu,13.16
FAC0150,FAC0147,Tiruvallur,Tamil Nadu,18.41
FAC0150,FAC0148,Tiruvallur,Tamil Nadu,20.31
FAC0150,FAC0149,Tiruvallur,Tamil Nadu,20.65
FAC0151,FAC0152,Pilibhit,Uttar Pradesh,1.94
FAC0151,FAC0153,Pilibhit,Uttar Pradesh,2.14
FAC0151,FAC0154,Pilibhit,Uttar Pradesh,1.58
FAC0151,FAC0155,Pilibhit,Uttar Pradesh,3.35
FAC0151,FAC0156,Pilibhit,Uttar Pradesh,2.09
FAC0151,FAC0157,Pilibhit,Uttar Pradesh,1.68
FAC0151,FAC0158,Pilibhit,Uttar Pradesh,1.3
FAC0151,FAC0159,Pilibhit,Uttar Pradesh,2.09
FAC0151,FAC0160,Pilibhit,Uttar Pradesh,2.04
FAC0151,FAC0161,Pilibhit,Uttar Pradesh,16.39
FAC0151,FAC0162,Pilibhit,Uttar Pradesh,16.9
FAC0151,FAC0163,Pilibhit,Uttar Pradesh,18.41
FAC0151,FAC0164,Pilibhit,Uttar Pradesh,16.45
FAC0151,FAC0165,Pilibhit,Uttar Pradesh,17.41
FAC0151,FAC0166,Pilibhit,Uttar Pradesh,18.54
FAC0151,FAC0167,Pilibhit,Uttar Pradesh,17.15
FAC0151,FAC0168,Pilibhit,Uttar Pradesh,18.24
FAC0151,FAC0169,Pilibhit,Uttar Pradesh,3.76
FAC0151,FAC0170,Pilibhit,Uttar Pradesh,2.0
FAC0151,FAC0171,Pilibhit,Uttar Pradesh,31.92
FAC0151,FAC0172,Pilibhit,Uttar Pradesh,6.85
FAC0151,FAC0173,Pilibhit,Uttar Pradesh,19.65
FAC0151,FAC0174,Pilibhit,Uttar Pradesh,16.66
FAC0151,FAC0175,Pilibhit,Uttar Pradesh,11.47
FAC0151,FAC0176,Pilibhit,Uttar Pradesh,15.6
FAC0151,FAC0177,Pilibhit,Uttar Pradesh,6.83
FAC0151,FAC0178,Pilibhit,Uttar Pradesh,24.35
FAC0151,FAC0179,Pilibhit,Uttar Pradesh,3.99
FAC0151,FAC0180,Pilibhit,Uttar Pradesh,14.69
FAC0152,FAC0151,Pilibhit,Uttar Pradesh,1.95
FAC0152,FAC0153,Pilibhit,Uttar Pradesh,2.99
FAC0152,FAC0154,Pilibhit,Uttar Pradesh,2.36
FAC0152,FAC0155,Pilibhit,Uttar Pradesh,4.2
FAC0152,FAC0156,Pilibhit,Uttar Pradesh,2.94
FAC0152,FAC0157,Pilibhit,Uttar Pradesh,2.53
FAC0152,FAC0158,Pilibhit,Uttar Pradesh,2.15
FAC0152,FAC0159,Pilibhit,Uttar Pradesh,2.94
FAC0152,FAC0160,Pilibhit,Uttar Pradesh,2.82
FAC0152,FAC0161,Pilibhit,Uttar Pradesh,17.25
FAC0152,FAC0162,Pilibhit,Uttar Pradesh,17.75
FAC0152,FAC0163,Pilibhit,Uttar Pradesh,19.26
FAC0152,FAC0164,Pilibhit,Uttar Pradesh,17.3
FAC0152,FAC0165,Pilibhit,Uttar Pradesh,18.26
FAC0152,FAC0166,Pilibhit,Uttar Pradesh,19.39
FAC0152,FAC0167,Pilibhit,Uttar Pradesh,18.0
FAC0152,FAC0168,Pilibhit,Uttar Pradesh,19.09
FAC0152,FAC0169,Pilibhit,Uttar Pradesh,4.61
FAC0152,FAC0170,Pilibhit,Uttar Pradesh,2.85
FAC0152,FAC0171,Pilibhit,Uttar Pradesh,32.77
FAC0152,FAC0172,Pilibhit,Uttar Pradesh,7.7
FAC0152,FAC0173,Pilibhit,Uttar Pradesh,20.5
FAC0152,FAC0174,Pilibhit,Uttar Pradesh,17.51
FAC0152,FAC0175,Pilibhit,Uttar Pradesh,12.32
FAC0152,FAC0176,Pilibhit,Uttar Pradesh,16.45
FAC0152,FAC0177,Pilibhit,Uttar Pradesh,7.68
FAC0152,FAC0178,Pilibhit,Uttar Pradesh,25.2
FAC0152,FAC0179,Pilibhit,Uttar Pradesh,4.44
FAC0152,FAC0180,Pilibhit,Uttar Pradesh,15.14
FAC0153,FAC0151,Pilibhit,Uttar Pradesh,2.2
FAC0153,FAC0152,Pilibhit,Uttar Pradesh,3.05
FAC0153,FAC0154,Pilibhit,Uttar Pradesh,1.25
FAC0153,FAC0155,Pilibhit,Uttar Pradesh,3.18
FAC0153,FAC0156,Pilibhit,Uttar Pradesh,1.83
FAC0153,FAC0157,Pilibhit,Uttar Pradesh,0.48
FAC0153,FAC0158,Pilibhit,Uttar Pradesh,1.98
FAC0153,FAC0159,Pilibhit,Uttar Pradesh,1.1
FAC0153,FAC0160,Pilibhit,Uttar Pradesh,0.78
FAC0153,FAC0161,Pilibhit,Uttar Pradesh,16.23
FAC0153,FAC0162,Pilibhit,Uttar Pradesh,16.73
FAC0153,FAC0163,Pilibhit,Uttar Pradesh,18.24
FAC0153,FAC0164,Pilibhit,Uttar Pradesh,16.29
FAC0153,FAC0165,Pilibhit,Uttar Pradesh,17.24
FAC0153,FAC0166,Pilibhit,Uttar Pradesh,18.37
FAC0153,FAC0167,Pilibhit,Uttar Pradesh,16.98
FAC0153,FAC0168,Pilibhit,Uttar Pradesh,18.07
FAC0153,FAC0169,Pilibhit,Uttar Pradesh,3.59
FAC0153,FAC0170,Pilibhit,Uttar Pradesh,1.75
FAC0153,FAC0171,Pilibhit,Uttar Pradesh,31.75
FAC0153,FAC0172,Pilibhit,Uttar Pradesh,6.69
FAC0153,FAC0173,Pilibhit,Uttar Pradesh,19.48
FAC0153,FAC0174,Pilibhit,Uttar Pradesh,16.49
FAC0153,FAC0175,Pilibhit,Uttar Pradesh,11.3
FAC0153,FAC0176,Pilibhit,Uttar Pradesh,15.43
FAC0153,FAC0177,Pilibhit,Uttar Pradesh,6.66
FAC0153,FAC0178,Pilibhit,Uttar Pradesh,24.18
FAC0153,FAC0179,Pilibhit,Uttar Pradesh,3.52
FAC0153,FAC0180,Pilibhit,Uttar Pradesh,15.8
FAC0154,FAC0151,Pilibhit,Uttar Pradesh,1.54
FAC0154,FAC0152,Pilibhit,Uttar Pradesh,2.37
FAC0154,FAC0153,Pilibhit,Uttar Pradesh,1.25
FAC0154,FAC0155,Pilibhit,Uttar Pradesh,3.29
FAC0154,FAC0156,Pilibhit,Uttar Pradesh,2.03
FAC0154,FAC0157,Pilibhit,Uttar Pradesh,1.63
FAC0154,FAC0158,Pilibhit,Uttar Pradesh,0.89
FAC0154,FAC0159,Pilibhit,Uttar Pradesh,2.03
FAC0154,FAC0160,Pilibhit,Uttar Pradesh,0.46
FAC0154,FAC0161,Pilibhit,Uttar Pradesh,16.34
FAC0154,FAC0162,Pilibhit,Uttar Pradesh,16.84
FAC0154,FAC0163,Pilibhit,Uttar Pradesh,18.35
FAC0154,FAC0164,Pilibhit,Uttar Pradesh,16.4
FAC0154,FAC0165,Pilibhit,Uttar Pradesh,17.35
FAC0154,FAC0166,Pilibhit,Uttar Pradesh,18.48
FAC0154,FAC0167,Pilibhit,Uttar Pradesh,17.1
FAC0154,FAC0168,Pilibhit,Uttar Pradesh,18.18
FAC0154,FAC0169,Pilibhit,Uttar Pradesh,3.7
FAC0154,FAC0170,Pilibhit,Uttar Pradesh,1.95
FAC0154,FAC0171,Pilibhit,Uttar Pradesh,31.86
FAC0154,FAC0172,Pilibhit,Uttar Pradesh,6.8
FAC0154,FAC0173,Pilibhit,Uttar Pradesh,19.59
FAC0154,FAC0174,Pilibhit,Uttar Pradesh,16.6
FAC0154,FAC0175,Pilibhit,Uttar Pradesh,11.42
FAC0154,FAC0176,Pilibhit,Uttar Pradesh,15.54
FAC0154,FAC0177,Pilibhit,Uttar Pradesh,6.77
FAC0154,FAC0178,Pilibhit,Uttar Pradesh,24.3
FAC0154,FAC0179,Pilibhit,Uttar Pradesh,4.42
FAC0154,FAC0180,Pilibhit,Uttar Pradesh,15.12
FAC0155,FAC0151,Pilibhit,Uttar Pradesh,3.31
FAC0155,FAC0152,Pilibhit,Uttar Pradesh,4.15
FAC0155,FAC0153,Pilibhit,Uttar Pradesh,3.16
FAC0155,FAC0154,Pilibhit,Uttar Pradesh,3.36
FAC0155,FAC0156,Pilibhit,Uttar Pradesh,3.09
FAC0155,FAC0157,Pilibhit,Uttar Pradesh,2.7
FAC0155,FAC0158,Pilibhit,Uttar Pradesh,3.08
FAC0155,FAC0159,Pilibhit,Uttar Pradesh,2.22
FAC0155,FAC0160,Pilibhit,Uttar Pradesh,3.44
FAC0155,FAC0161,Pilibhit,Uttar Pradesh,14.88
FAC0155,FAC0162,Pilibhit,Uttar Pradesh,15.38
FAC0155,FAC0163,Pilibhit,Uttar Pradesh,16.89
FAC0155,FAC0164,Pilibhit,Uttar Pradesh,14.94
FAC0155,FAC0165,Pilibhit,Uttar Pradesh,15.89
FAC0155,FAC0166,Pilibhit,Uttar Pradesh,17.03
FAC0155,FAC0167,Pilibhit,Uttar Pradesh,15.64
FAC0155,FAC0168,Pilibhit,Uttar Pradesh,16.73
FAC0155,FAC0169,Pilibhit,Uttar Pradesh,1.46
FAC0155,FAC0170,Pilibhit,Uttar Pradesh,3.01
FAC0155,FAC0171,Pilibhit,Uttar Pradesh,30.4
FAC0155,FAC0172,Pilibhit,Uttar Pradesh,5.34
FAC0155,FAC0173,Pilibhit,Uttar Pradesh,18.13
FAC0155,FAC0174,Pilibhit,Uttar Pradesh,15.15
FAC0155,FAC0175,Pilibhit,Uttar Pradesh,9.96
FAC0155,FAC0176,Pilibhit,Uttar Pradesh,14.09
FAC0155,FAC0177,Pilibhit,Uttar Pradesh,5.31
FAC0155,FAC0178,Pilibhit,Uttar Pradesh,22.84
FAC0155,FAC0179,Pilibhit,Uttar Pradesh,6.08
FAC0155,FAC0180,Pilibhit,Uttar Pradesh,16.9
FAC0156,FAC0151,Pilibhit,Uttar Pradesh,2.1
FAC0156,FAC0152,Pilibhit,Uttar Pradesh,2.95
FAC0156,FAC0153,Pilibhit,Uttar Pradesh,1.87
FAC0156,FAC0154,Pilibhit,Uttar Pradesh,2.16
FAC0156,FAC0155,Pilibhit,Uttar Pradesh,3.23
FAC0156,FAC0157,Pilibhit,Uttar Pradesh,1.41
FAC0156,FAC0158,Pilibhit,Uttar Pradesh,1.88
FAC0156,FAC0159,Pilibhit,Uttar Pradesh,1.97
FAC0156,FAC0160,Pilibhit,Uttar Pradesh,2.15
FAC0156,FAC0161,Pilibhit,Uttar Pradesh,16.27
FAC0156,FAC0162,Pilibhit,Uttar Pradesh,16.78
FAC0156,FAC0163,Pilibhit,Uttar Pradesh,18.29
FAC0156,FAC0164,Pilibhit,Uttar Pradesh,16.33
FAC0156,FAC0165,Pilibhit,Uttar Pradesh,17.29
FAC0156,FAC0166,Pilibhit,Uttar Pradesh,18.42
FAC0156,FAC0167,Pilibhit,Uttar Pradesh,17.03
FAC0156,FAC0168,Pilibhit,Uttar Pradesh,18.12
FAC0156,FAC0169,Pilibhit,Uttar Pradesh,3.64
FAC0156,FAC0170,Pilibhit,Uttar Pradesh,0.08
FAC0156,FAC0171,Pilibhit,Uttar Pradesh,31.8
FAC0156,FAC0172,Pilibhit,Uttar Pradesh,6.73
FAC0156,FAC0173,Pilibhit,Uttar Pradesh,19.53
FAC0156,FAC0174,Pilibhit,Uttar Pradesh,16.54
FAC0156,FAC0175,Pilibhit,Uttar Pradesh,11.35
FAC0156,FAC0176,Pilibhit,Uttar Pradesh,15.48
FAC0156,FAC0177,Pilibhit,Uttar Pradesh,6.71
FAC0156,FAC0178,Pilibhit,Uttar Pradesh,24.23
FAC0156,FAC0179,Pilibhit,Uttar Pradesh,4.79
FAC0156,FAC0180,Pilibhit,Uttar Pradesh,15.7
FAC0157,FAC0151,Pilibhit,Uttar Pradesh,1.72
FAC0157,FAC0152,Pilibhit,Uttar Pradesh,2.57
FAC0157,FAC0153,Pilibhit,Uttar Pradesh,0.46
FAC0157,FAC0154,Pilibhit,Uttar Pradesh,1.69
FAC0157,FAC0155,Pilibhit,Uttar Pradesh,2.7
FAC0157,FAC0156,Pilibhit,Uttar Pradesh,1.35
FAC0157,FAC0158,Pilibhit,Uttar Pradesh,1.5
FAC0157,FAC0159,Pilibhit,Uttar Pradesh,0.96
FAC0157,FAC0160,Pilibhit,Uttar Pradesh,1.23
FAC0157,FAC0161,Pilibhit,Uttar Pradesh,15.75
FAC0157,FAC0162,Pilibhit,Uttar Pradesh,16.25
FAC0157,FAC0163,Pilibhit,Uttar Pradesh,17.76
FAC0157,FAC0164,Pilibhit,Uttar Pradesh,15.8
FAC0157,FAC0165,Pilibhit,Uttar Pradesh,16.76
FAC0157,FAC0166,Pilibhit,Uttar Pradesh,17.89
FAC0157,FAC0167,Pilibhit,Uttar Pradesh,16.5
FAC0157,FAC0168,Pilibhit,Uttar Pradesh,17.59
FAC0157,FAC0169,Pilibhit,Uttar Pradesh,3.11
FAC0157,FAC0170,Pilibhit,Uttar Pradesh,1.27
FAC0157,FAC0171,Pilibhit,Uttar Pradesh,31.27
FAC0157,FAC0172,Pilibhit,Uttar Pradesh,6.21
FAC0157,FAC0173,Pilibhit,Uttar Pradesh,19.0
FAC0157,FAC0174,Pilibhit,Uttar Pradesh,16.01
FAC0157,FAC0175,Pilibhit,Uttar Pradesh,10.82
FAC0157,FAC0176,Pilibhit,Uttar Pradesh,14.95
FAC0157,FAC0177,Pilibhit,Uttar Pradesh,6.18
FAC0157,FAC0178,Pilibhit,Uttar Pradesh,23.7
FAC0157,FAC0179,Pilibhit,Uttar Pradesh,3.38
FAC0157,FAC0180,Pilibhit,Uttar Pradesh,15.32
FAC0158,FAC0151,Pilibhit,Uttar Pradesh,1.3
FAC0158,FAC0152,Pilibhit,Uttar Pradesh,2.15
FAC0158,FAC0153,Pilibhit,Uttar Pradesh,1.81
FAC0158,FAC0154,Pilibhit,Uttar Pradesh,1.0
FAC0158,FAC0155,Pilibhit,Uttar Pradesh,3.02
FAC0158,FAC0156,Pilibhit,Uttar Pradesh,1.75
FAC0158,FAC0157,Pilibhit,Uttar Pradesh,1.35
FAC0158,FAC0159,Pilibhit,Uttar Pradesh,1.75
FAC0158,FAC0160,Pilibhit,Uttar Pradesh,1.47
FAC0158,FAC0161,Pilibhit,Uttar Pradesh,16.06
FAC0158,FAC0162,Pilibhit,Uttar Pradesh,16.57
FAC0158,FAC0163,Pilibhit,Uttar Pradesh,18.07
FAC0158,FAC0164,Pilibhit,Uttar Pradesh,16.12
FAC0158,FAC0165,Pilibhit,Uttar Pradesh,17.07
FAC0158,FAC0166,Pilibhit,Uttar Pradesh,18.21
FAC0158,FAC0167,Pilibhit,Uttar Pradesh,16.82
FAC0158,FAC0168,Pilibhit,Uttar Pradesh,17.91
FAC0158,FAC0169,Pilibhit,Uttar Pradesh,3.42
FAC0158,FAC0170,Pilibhit,Uttar Pradesh,1.67
FAC0158,FAC0171,Pilibhit,Uttar Pradesh,31.58
FAC0158,FAC0172,Pilibhit,Uttar Pradesh,6.52
FAC0158,FAC0173,Pilibhit,Uttar Pradesh,19.32
FAC0158,FAC0174,Pilibhit,Uttar Pradesh,16.32
FAC0158,FAC0175,Pilibhit,Uttar Pradesh,11.14
FAC0158,FAC0176,Pilibhit,Uttar Pradesh,15.27
FAC0158,FAC0177,Pilibhit,Uttar Pradesh,6.5
FAC0158,FAC0178,Pilibhit,Uttar Pradesh,24.02
FAC0158,FAC0179,Pilibhit,Uttar Pradesh,4.2
FAC0158,FAC0180,Pilibhit,Uttar Pradesh,14.9
FAC0159,FAC0151,Pilibhit,Uttar Pradesh,2.11
FAC0159,FAC0152,Pilibhit,Uttar Pradesh,2.96
FAC0159,FAC0153,Pilibhit,Uttar Pradesh,1.05
FAC0159,FAC0154,Pilibhit,Uttar Pradesh,2.17
FAC0159,FAC0155,Pilibhit,Uttar Pradesh,2.21
FAC0159,FAC0156,Pilibhit,Uttar Pradesh,1.9
FAC0159,FAC0157,Pilibhit,Uttar Pradesh,0.91
FAC0159,FAC0158,Pilibhit,Uttar Pradesh,1.89
FAC0159,FAC0160,Pilibhit,Uttar Pradesh,1.83
FAC0159,FAC0161,Pilibhit,Uttar Pradesh,15.25
FAC0159,FAC0162,Pilibhit,Uttar Pradesh,15.76
FAC0159,FAC0163,Pilibhit,Uttar Pradesh,17.26
FAC0159,FAC0164,Pilibhit,Uttar Pradesh,15.31
FAC0159,FAC0165,Pilibhit,Uttar Pradesh,16.26
FAC0159,FAC0166,Pilibhit,Uttar Pradesh,17.4
FAC0159,FAC0167,Pilibhit,Uttar Pradesh,16.01
FAC0159,FAC0168,Pilibhit,Uttar Pradesh,17.1
FAC0159,FAC0169,Pilibhit,Uttar Pradesh,2.62
FAC0159,FAC0170,Pilibhit,Uttar Pradesh,1.82
FAC0159,FAC0171,Pilibhit,Uttar Pradesh,30.78
FAC0159,FAC0172,Pilibhit,Uttar Pradesh,5.71
FAC0159,FAC0173,Pilibhit,Uttar Pradesh,18.51
FAC0159,FAC0174,Pilibhit,Uttar Pradesh,15.52
FAC0159,FAC0175,Pilibhit,Uttar Pradesh,10.33
FAC0159,FAC0176,Pilibhit,Uttar Pradesh,14.46
FAC0159,FAC0177,Pilibhit,Uttar Pradesh,5.69
FAC0159,FAC0178,Pilibhit,Uttar Pradesh,23.21
FAC0159,FAC0179,Pilibhit,Uttar Pradesh,4.0
FAC0159,FAC0180,Pilibhit,Uttar Pradesh,15.71
FAC0160,FAC0151,Pilibhit,Uttar Pradesh,2.0
FAC0160,FAC0152,Pilibhit,Uttar Pradesh,2.84
FAC0160,FAC0153,Pilibhit,Uttar Pradesh,0.78
FAC0160,FAC0154,Pilibhit,Uttar Pradesh,0.46
FAC0160,FAC0155,Pilibhit,Uttar Pradesh,3.51
FAC0160,FAC0156,Pilibhit,Uttar Pradesh,2.15
FAC0160,FAC0157,Pilibhit,Uttar Pradesh,1.21
FAC0160,FAC0158,Pilibhit,Uttar Pradesh,1.36
FAC0160,FAC0159,Pilibhit,Uttar Pradesh,1.88
FAC0160,FAC0161,Pilibhit,Uttar Pradesh,16.55
FAC0160,FAC0162,Pilibhit,Uttar Pradesh,17.05
FAC0160,FAC0163,Pilibhit,Uttar Pradesh,18.56
FAC0160,FAC0164,Pilibhit,Uttar Pradesh,16.61
FAC0160,FAC0165,Pilibhit,Uttar Pradesh,17.56
FAC0160,FAC0166,Pilibhit,Uttar Pradesh,18.7
FAC0160,FAC0167,Pilibhit,Uttar Pradesh,17.31
FAC0160,FAC0168,Pilibhit,Uttar Pradesh,18.39
FAC0160,FAC0169,Pilibhit,Uttar Pradesh,3.91
FAC0160,FAC0170,Pilibhit,Uttar Pradesh,2.07
FAC0160,FAC0171,Pilibhit,Uttar Pradesh,32.07
FAC0160,FAC0172,Pilibhit,Uttar Pradesh,7.01
FAC0160,FAC0173,Pilibhit,Uttar Pradesh,19.8
FAC0160,FAC0174,Pilibhit,Uttar Pradesh,16.81
FAC0160,FAC0175,Pilibhit,Uttar Pradesh,11.63
FAC0160,FAC0176,Pilibhit,Uttar Pradesh,15.75
FAC0160,FAC0177,Pilibhit,Uttar Pradesh,6.98
FAC0160,FAC0178,Pilibhit,Uttar Pradesh,24.5
FAC0160,FAC0179,Pilibhit,Uttar Pradesh,4.3
FAC0160,FAC0180,Pilibhit,Uttar Pradesh,15.59
FAC0161,FAC0151,Pilibhit,Uttar Pradesh,16.37
FAC0161,FAC0152,Pilibhit,Uttar Pradesh,17.22
FAC0161,FAC0153,Pilibhit,Uttar Pradesh,16.22
FAC0161,FAC0154,Pilibhit,Uttar Pradesh,16.43
FAC0161,FAC0155,Pilibhit,Uttar Pradesh,14.86
FAC0161,FAC0156,Pilibhit,Uttar Pradesh,16.16
FAC0161,FAC0157,Pilibhit,Uttar Pradesh,15.76
FAC0161,FAC0158,Pilibhit,Uttar Pradesh,16.15
FAC0161,FAC0159,Pilibhit,Uttar Pradesh,15.29
FAC0161,FAC0160,Pilibhit,Uttar Pradesh,16.5
FAC0161,FAC0162,Pilibhit,Uttar Pradesh,0.51
FAC0161,FAC0163,Pilibhit,Uttar Pradesh,2.01
FAC0161,FAC0164,Pilibhit,Uttar Pradesh,0.06
FAC0161,FAC0165,Pilibhit,Uttar Pradesh,1.01
FAC0161,FAC0166,Pilibhit,Uttar Pradesh,2.15
FAC0161,FAC0167,Pilibhit,Uttar Pradesh,0.76
FAC0161,FAC0168,Pilibhit,Uttar Pradesh,1.85
FAC0161,FAC0169,Pilibhit,Uttar Pradesh,15.93
FAC0161,FAC0170,Pilibhit,Uttar Pradesh,16.07
FAC0161,FAC0171,Pilibhit,Uttar Pradesh,39.24
FAC0161,FAC0172,Pilibhit,Uttar Pradesh,10.35
FAC0161,FAC0173,Pilibhit,Uttar Pradesh,24.9
FAC0161,FAC0174,Pilibhit,Uttar Pradesh,0.27
FAC0161,FAC0175,Pilibhit,Uttar Pradesh,15.26
FAC0161,FAC0176,Pilibhit,Uttar Pradesh,22.92
FAC0161,FAC0177,Pilibhit,Uttar Pradesh,10.32
FAC0161,FAC0178,Pilibhit,Uttar Pradesh,28.64
FAC0161,FAC0179,Pilibhit,Uttar Pradesh,19.14
FAC0161,FAC0180,Pilibhit,Uttar Pradesh,29.97
FAC0162,FAC0151,Pilibhit,Uttar Pradesh,16.88
FAC0162,FAC0152,Pilibhit,Uttar Pradesh,17.72
FAC0162,FAC0153,Pilibhit,Uttar Pradesh,16.73
FAC0162,FAC0154,Pilibhit,Uttar Pradesh,16.93
FAC0162,FAC0155,Pilibhit,Uttar Pradesh,15.37
FAC0162,FAC0156,Pilibhit,Uttar Pradesh,16.66
FAC0162,FAC0157,Pilibhit,Uttar Pradesh,16.27
FAC0162,FAC0158,Pilibhit,Uttar Pradesh,16.65
FAC0162,FAC0159,Pilibhit,Uttar Pradesh,15.79
FAC0162,FAC0160,Pilibhit,Uttar Pradesh,17.01
FAC0162,FAC0161,Pilibhit,Uttar Pradesh,0.51
FAC0162,FAC0163,Pilibhit,Uttar Pradesh,1.92
FAC0162,FAC0164,Pilibhit,Uttar Pradesh,0.45
FAC0162,FAC0165,Pilibhit,Uttar Pradesh,0.92
FAC0162,FAC0166,Pilibhit,Uttar Pradesh,1.64
FAC0162,FAC0167,Pilibhit,Uttar Pradesh,0.25
FAC0162,FAC0168,Pilibhit,Uttar Pradesh,1.75
FAC0162,FAC0169,Pilibhit,Uttar Pradesh,16.44
FAC0162,FAC0170,Pilibhit,Uttar Pradesh,16.58
FAC0162,FAC0171,Pilibhit,Uttar Pradesh,39.75
FAC0162,FAC0172,Pilibhit,Uttar Pradesh,10.85
FAC0162,FAC0173,Pilibhit,Uttar Pradesh,25.4
FAC0162,FAC0174,Pilibhit,Uttar Pradesh,0.24
FAC0162,FAC0175,Pilibhit,Uttar Pradesh,15.77
FAC0162,FAC0176,Pilibhit,Uttar Pradesh,23.43
FAC0162,FAC0177,Pilibhit,Uttar Pradesh,10.83
FAC0162,FAC0178,Pilibhit,Uttar Pradesh,29.14
FAC0162,FAC0179,Pilibhit,Uttar Pradesh,19.65
FAC0162,FAC0180,Pilibhit,Uttar Pradesh,30.47
FAC0163,FAC0151,Pilibhit,Uttar Pradesh,18.43
FAC0163,FAC0152,Pilibhit,Uttar Pradesh,19.28
FAC0163,FAC0153,Pilibhit,Uttar Pradesh,18.28
FAC0163,FAC0154,Pilibhit,Uttar Pradesh,18.49
FAC0163,FAC0155,Pilibhit,Uttar Pradesh,16.92
FAC0163,FAC0156,Pilibhit,Uttar Pradesh,18.22
FAC0163,FAC0157,Pilibhit,Uttar Pradesh,17.82
FAC0163,FAC0158,Pilibhit,Uttar Pradesh,18.21
FAC0163,FAC0159,Pilibhit,Uttar Pradesh,17.35
FAC0163,FAC0160,Pilibhit,Uttar Pradesh,18.56
FAC0163,FAC0161,Pilibhit,Uttar Pradesh,2.06
FAC0163,FAC0162,Pilibhit,Uttar Pradesh,1.87
FAC0163,FAC0164,Pilibhit,Uttar Pradesh,2.0
FAC0163,FAC0165,Pilibhit,Uttar Pradesh,1.0
FAC0163,FAC0166,Pilibhit,Uttar Pradesh,3.52
FAC0163,FAC0167,Pilibhit,Uttar Pradesh,2.13
FAC0163,FAC0168,Pilibhit,Uttar Pradesh,0.17
FAC0163,FAC0169,Pilibhit,Uttar Pradesh,17.99
FAC0163,FAC0170,Pilibhit,Uttar Pradesh,18.13
FAC0163,FAC0171,Pilibhit,Uttar Pradesh,41.3
FAC0163,FAC0172,Pilibhit,Uttar Pradesh,12.41
FAC0163,FAC0173,Pilibhit,Uttar Pradesh,26.96
FAC0163,FAC0174,Pilibhit,Uttar Pradesh,1.8
FAC0163,FAC0175,Pilibhit,Uttar Pradesh,17.32
FAC0163,FAC0176,Pilibhit,Uttar Pradesh,24.98
FAC0163,FAC0177,Pilibhit,Uttar Pradesh,12.38
FAC0163,FAC0178,Pilibhit,Uttar Pradesh,30.7
FAC0163,FAC0179,Pilibhit,Uttar Pradesh,21.2
FAC0163,FAC0180,Pilibhit,Uttar Pradesh,32.03
FAC0164,FAC0151,Pilibhit,Uttar Pradesh,16.43
FAC0164,FAC0152,Pilibhit,Uttar Pradesh,17.27
FAC0164,FAC0153,Pilibhit,Uttar Pradesh,16.28
FAC0164,FAC0154,Pilibhit,Uttar Pradesh,16.49
FAC0164,FAC0155,Pilibhit,Uttar Pradesh,14.92
FAC0164,FAC0156,Pilibhit,Uttar Pradesh,16.22
FAC0164,FAC0157,Pilibhit,Uttar Pradesh,15.82
FAC0164,FAC0158,Pilibhit,Uttar Pradesh,16.21
FAC0164,FAC0159,Pilibhit,Uttar Pradesh,15.34
FAC0164,FAC0160,Pilibhit,Uttar Pradesh,16.56
FAC0164,FAC0161,Pilibhit,Uttar Pradesh,0.06
FAC0164,FAC0162,Pilibhit,Uttar Pradesh,0.45
FAC0164,FAC0163,Pilibhit,Uttar Pradesh,1.95
FAC0164,FAC0165,Pilibhit,Uttar Pradesh,0.95
FAC0164,FAC0166,Pilibhit,Uttar Pradesh,2.09
FAC0164,FAC0167,Pilibhit,Uttar Pradesh,0.7
FAC0164,FAC0168,Pilibhit,Uttar Pradesh,1.79
FAC0164,FAC0169,Pilibhit,Uttar Pradesh,15.99
FAC0164,FAC0170,Pilibhit,Uttar Pradesh,16.13
FAC0164,FAC0171,Pilibhit,Uttar Pradesh,39.3
FAC0164,FAC0172,Pilibhit,Uttar Pradesh,10.4
FAC0164,FAC0173,Pilibhit,Uttar Pradesh,24.96
FAC0164,FAC0174,Pilibhit,Uttar Pradesh,0.21
FAC0164,FAC0175,Pilibhit,Uttar Pradesh,15.32
FAC0164,FAC0176,Pilibhit,Uttar Pradesh,22.98
FAC0164,FAC0177,Pilibhit,Uttar Pradesh,10.38
FAC0164,FAC0178,Pilibhit,Uttar Pradesh,28.7
FAC0164,FAC0179,Pilibhit,Uttar Pradesh,19.2
FAC0164,FAC0180,Pilibhit,Uttar Pradesh,30.03
FAC0165,FAC0151,Pilibhit,Uttar Pradesh,17.43
FAC0165,FAC0152,Pilibhit,Uttar Pradesh,18.28
FAC0165,FAC0153,Pilibhit,Uttar Pradesh,17.28
FAC0165,FAC0154,Pilibhit,Uttar Pradesh,17.49
FAC0165,FAC0155,Pilibhit,Uttar Pradesh,15.92
FAC0165,FAC0156,Pilibhit,Uttar Pradesh,17.22
FAC0165,FAC0157,Pilibhit,Uttar Pradesh,16.82
FAC0165,FAC0158,Pilibhit,Uttar Pradesh,17.21
FAC0165,FAC0159,Pilibhit,Uttar Pradesh,16.35
FAC0165,FAC0160,Pilibhit,Uttar Pradesh,17.56
FAC0165,FAC0161,Pilibhit,Uttar Pradesh,1.06
FAC0165,FAC0162,Pilibhit,Uttar Pradesh,0.87
FAC0165,FAC0163,Pilibhit,Uttar Pradesh,1.0
FAC0165,FAC0164,Pilibhit,Uttar Pradesh,1.0
FAC0165,FAC0166,Pilibhit,Uttar Pradesh,2.52
FAC0165,FAC0167,Pilibhit,Uttar Pradesh,1.13
FAC0165,FAC0168,Pilibhit,Uttar Pradesh,0.84
FAC0165,FAC0169,Pilibhit,Uttar Pradesh,16.99
FAC0165,FAC0170,Pilibhit,Uttar Pradesh,17.13
FAC0165,FAC0171,Pilibhit,Uttar Pradesh,40.3
FAC0165,FAC0172,Pilibhit,Uttar Pradesh,11.41
FAC0165,FAC0173,Pilibhit,Uttar Pradesh,25.96
FAC0165,FAC0174,Pilibhit,Uttar Pradesh,0.8
FAC0165,FAC0175,Pilibhit,Uttar Pradesh,16.32
FAC0165,FAC0176,Pilibhit,Uttar Pradesh,23.98
FAC0165,FAC0177,Pilibhit,Uttar Pradesh,11.38
FAC0165,FAC0178,Pilibhit,Uttar Pradesh,29.7
FAC0165,FAC0179,Pilibhit,Uttar Pradesh,20.2
FAC0165,FAC0180,Pilibhit,Uttar Pradesh,31.03
FAC0166,FAC0151,Pilibhit,Uttar Pradesh,18.52
FAC0166,FAC0152,Pilibhit,Uttar Pradesh,19.36
FAC0166,FAC0153,Pilibhit,Uttar Pradesh,18.37
FAC0166,FAC0154,Pilibhit,Uttar Pradesh,18.57
FAC0166,FAC0155,Pilibhit,Uttar Pradesh,17.01
FAC0166,FAC0156,Pilibhit,Uttar Pradesh,18.3
FAC0166,FAC0157,Pilibhit,Uttar Pradesh,17.91
FAC0166,FAC0158,Pilibhit,Uttar Pradesh,18.3
FAC0166,FAC0159,Pilibhit,Uttar Pradesh,17.43
FAC0166,FAC0160,Pilibhit,Uttar Pradesh,18.65
FAC0166,FAC0161,Pilibhit,Uttar Pradesh,2.15
FAC0166,FAC0162,Pilibhit,Uttar Pradesh,1.64
FAC0166,FAC0163,Pilibhit,Uttar Pradesh,3.56
FAC0166,FAC0164,Pilibhit,Uttar Pradesh,2.09
FAC0166,FAC0165,Pilibhit,Uttar Pradesh,2.56
FAC0166,FAC0167,Pilibhit,Uttar Pradesh,1.39
FAC0166,FAC0168,Pilibhit,Uttar Pradesh,3.4
FAC0166,FAC0169,Pilibhit,Uttar Pradesh,18.08
FAC0166,FAC0170,Pilibhit,Uttar Pradesh,18.22
FAC0166,FAC0171,Pilibhit,Uttar Pradesh,41.39
FAC0166,FAC0172,Pilibhit,Uttar Pradesh,12.49
FAC0166,FAC0173,Pilibhit,Uttar Pradesh,27.05
FAC0166,FAC0174,Pilibhit,Uttar Pradesh,1.88
FAC0166,FAC0175,Pilibhit,Uttar Pradesh,17.41
FAC0166,FAC0176,Pilibhit,Uttar Pradesh,25.07
FAC0166,FAC0177,Pilibhit,Uttar Pradesh,12.47
FAC0166,FAC0178,Pilibhit,Uttar Pradesh,30.79
FAC0166,FAC0179,Pilibhit,Uttar Pradesh,21.29
FAC0166,FAC0180,Pilibhit,Uttar Pradesh,32.12
FAC0167,FAC0151,Pilibhit,Uttar Pradesh,17.13
FAC0167,FAC0152,Pilibhit,Uttar Pradesh,17.98
FAC0167,FAC0153,Pilibhit,Uttar Pradesh,16.98
FAC0167,FAC0154,Pilibhit,Uttar Pradesh,17.19
FAC0167,FAC0155,Pilibhit,Uttar Pradesh,15.62
FAC0167,FAC0156,Pilibhit,Uttar Pradesh,16.92
FAC0167,FAC0157,Pilibhit,Uttar Pradesh,16.52
FAC0167,FAC0158,Pilibhit,Uttar Pradesh,16.91
FAC0167,FAC0159,Pilibhit,Uttar Pradesh,16.04
FAC0167,FAC0160,Pilibhit,Uttar Pradesh,17.26
FAC0167,FAC0161,Pilibhit,Uttar Pradesh,0.76
FAC0167,FAC0162,Pilibhit,Uttar Pradesh,0.25
FAC0167,FAC0163,Pilibhit,Uttar Pradesh,2.17
FAC0167,FAC0164,Pilibhit,Uttar Pradesh,0.7
FAC0167,FAC0165,Pilibhit,Uttar Pradesh,1.17
FAC0167,FAC0166,Pilibhit,Uttar Pradesh,1.39
FAC0167,FAC0168,Pilibhit,Uttar Pradesh,2.01
FAC0167,FAC0169,Pilibhit,Uttar Pradesh,16.69
FAC0167,FAC0170,Pilibhit,Uttar Pradesh,16.83
FAC0167,FAC0171,Pilibhit,Uttar Pradesh,40.0
FAC0167,FAC0172,Pilibhit,Uttar Pradesh,11.1
FAC0167,FAC0173,Pilibhit,Uttar Pradesh,25.66
FAC0167,FAC0174,Pilibhit,Uttar Pradesh,0.49
FAC0167,FAC0175,Pilibhit,Uttar Pradesh,16.02
FAC0167,FAC0176,Pilibhit,Uttar Pradesh,23.68
FAC0167,FAC0177,Pilibhit,Uttar Pradesh,11.08
FAC0167,FAC0178,Pilibhit,Uttar Pradesh,29.4
FAC0167,FAC0179,Pilibhit,Uttar Pradesh,19.9
FAC0167,FAC0180,Pilibhit,Uttar Pradesh,30.73
FAC0168,FAC0151,Pilibhit,Uttar Pradesh,18.27
FAC0168,FAC0152,Pilibhit,Uttar Pradesh,19.11
FAC0168,FAC0153,Pilibhit,Uttar Pradesh,18.12
FAC0168,FAC0154,Pilibhit,Uttar Pradesh,18.32
FAC0168,FAC0155,Pilibhit,Uttar Pradesh,16.76
FAC0168,FAC0156,Pilibhit,Uttar Pradesh,18.05
FAC0168,FAC0157,Pilibhit,Uttar Pradesh,17.66
FAC0168,FAC0158,Pilibhit,Uttar Pradesh,18.04
FAC0168,FAC0159,Pilibhit,Uttar Pradesh,17.18
FAC0168,FAC0160,Pilibhit,Uttar Pradesh,18.4
FAC0168,FAC0161,Pilibhit,Uttar Pradesh,1.9
FAC0168,FAC0162,Pilibhit,Uttar Pradesh,1.71
FAC0168,FAC0163,Pilibhit,Uttar Pradesh,0.17
FAC0168,FAC0164,Pilibhit,Uttar Pradesh,1.84
FAC0168,FAC0165,Pilibhit,Uttar Pradesh,0.84
FAC0168,FAC0166,Pilibhit,Uttar Pradesh,3.35
FAC0168,FAC0167,Pilibhit,Uttar Pradesh,1.96
FAC0168,FAC0169,Pilibhit,Uttar Pradesh,17.83
FAC0168,FAC0170,Pilibhit,Uttar Pradesh,17.97
FAC0168,FAC0171,Pilibhit,Uttar Pradesh,41.14
FAC0168,FAC0172,Pilibhit,Uttar Pradesh,12.24
FAC0168,FAC0173,Pilibhit,Uttar Pradesh,26.79
FAC0168,FAC0174,Pilibhit,Uttar Pradesh,1.63
FAC0168,FAC0175,Pilibhit,Uttar Pradesh,17.16
FAC0168,FAC0176,Pilibhit,Uttar Pradesh,24.82
FAC0168,FAC0177,Pilibhit,Uttar Pradesh,12.22
FAC0168,FAC0178,Pilibhit,Uttar Pradesh,30.54
FAC0168,FAC0179,Pilibhit,Uttar Pradesh,21.04
FAC0168,FAC0180,Pilibhit,Uttar Pradesh,31.86
FAC0169,FAC0151,Pilibhit,Uttar Pradesh,3.76
FAC0169,FAC0152,Pilibhit,Uttar Pradesh,4.61
FAC0169,FAC0153,Pilibhit,Uttar Pradesh,3.62
FAC0169,FAC0154,Pilibhit,Uttar Pradesh,3.82
FAC0169,FAC0155,Pilibhit,Uttar Pradesh,1.6
FAC0169,FAC0156,Pilibhit,Uttar Pradesh,3.55
FAC0169,FAC0157,Pilibhit,Uttar Pradesh,3.16
FAC0169,FAC0158,Pilibhit,Uttar Pradesh,3.54
FAC0169,FAC0159,Pilibhit,Uttar Pradesh,2.68
FAC0169,FAC0160,Pilibhit,Uttar Pradesh,3.89
FAC0169,FAC0161,Pilibhit,Uttar Pradesh,16.05
FAC0169,FAC0162,Pilibhit,Uttar Pradesh,16.55
FAC0169,FAC0163,Pilibhit,Uttar Pradesh,18.06
FAC0169,FAC0164,Pilibhit,Uttar Pradesh,16.11
FAC0169,FAC0165,Pilibhit,Uttar Pradesh,17.06
FAC0169,FAC0166,Pilibhit,Uttar Pradesh,18.2
FAC0169,FAC0167,Pilibhit,Uttar Pradesh,16.81
FAC0169,FAC0168,Pilibhit,Uttar Pradesh,17.89
FAC0169,FAC0170,Pilibhit,Uttar Pradesh,3.47
FAC0169,FAC0171,Pilibhit,Uttar Pradesh,32.01
FAC0169,FAC0172,Pilibhit,Uttar Pradesh,6.51
FAC0169,FAC0173,Pilibhit,Uttar Pradesh,19.3
FAC0169,FAC0174,Pilibhit,Uttar Pradesh,16.31
FAC0169,FAC0175,Pilibhit,Uttar Pradesh,11.13
FAC0169,FAC0176,Pilibhit,Uttar Pradesh,15.69
FAC0169,FAC0177,Pilibhit,Uttar Pradesh,6.48
FAC0169,FAC0178,Pilibhit,Uttar Pradesh,24.0
FAC0169,FAC0179,Pilibhit,Uttar Pradesh,6.54
FAC0169,FAC0180,Pilibhit,Uttar Pradesh,17.36
FAC0170,FAC0151,Pilibhit,Uttar Pradesh,2.02
FAC0170,FAC0152,Pilibhit,Uttar Pradesh,2.86
FAC0170,FAC0153,Pilibhit,Uttar Pradesh,1.78
FAC0170,FAC0154,Pilibhit,Uttar Pradesh,2.08
FAC0170,FAC0155,Pilibhit,Uttar Pradesh,3.15
FAC0170,FAC0156,Pilibhit,Uttar Pradesh,0.08
FAC0170,FAC0157,Pilibhit,Uttar Pradesh,1.32
FAC0170,FAC0158,Pilibhit,Uttar Pradesh,1.8
FAC0170,FAC0159,Pilibhit,Uttar Pradesh,1.88
FAC0170,FAC0160,Pilibhit,Uttar Pradesh,2.06
FAC0170,FAC0161,Pilibhit,Uttar Pradesh,16.19
FAC0170,FAC0162,Pilibhit,Uttar Pradesh,16.69
FAC0170,FAC0163,Pilibhit,Uttar Pradesh,18.2
FAC0170,FAC0164,Pilibhit,Uttar Pradesh,16.25
FAC0170,FAC0165,Pilibhit,Uttar Pradesh,17.2
FAC0170,FAC0166,Pilibhit,Uttar Pradesh,18.33
FAC0170,FAC0167,Pilibhit,Uttar Pradesh,16.95
FAC0170,FAC0168,Pilibhit,Uttar Pradesh,18.04
FAC0170,FAC0169,Pilibhit,Uttar Pradesh,3.55
FAC0170,FAC0171,Pilibhit,Uttar Pradesh,31.71
FAC0170,FAC0172,Pilibhit,Uttar Pradesh,6.65
FAC0170,FAC0173,Pilibhit,Uttar Pradesh,19.44
FAC0170,FAC0174,Pilibhit,Uttar Pradesh,16.45
FAC0170,FAC0175,Pilibhit,Uttar Pradesh,11.27
FAC0170,FAC0176,Pilibhit,Uttar Pradesh,15.4
FAC0170,FAC0177,Pilibhit,Uttar Pradesh,6.62
FAC0170,FAC0178,Pilibhit,Uttar Pradesh,24.14
FAC0170,FAC0179,Pilibhit,Uttar Pradesh,4.7
FAC0170,FAC0180,Pilibhit,Uttar Pradesh,15.62
FAC0171,FAC0151,Pilibhit,Uttar Pradesh,31.83
FAC0171,FAC0152,Pilibhit,Uttar Pradesh,32.68
FAC0171,FAC0153,Pilibhit,Uttar Pradesh,31.68
FAC0171,FAC0154,Pilibhit,Uttar Pradesh,31.89
FAC0171,FAC0155,Pilibhit,Uttar Pradesh,30.32
FAC0171,FAC0156,Pilibhit,Uttar Pradesh,31.62
FAC0171,FAC0157,Pilibhit,Uttar Pradesh,31.22
FAC0171,FAC0158,Pilibhit,Uttar Pradesh,31.61
FAC0171,FAC0159,Pilibhit,Uttar Pradesh,30.75
FAC0171,FAC0160,Pilibhit,Uttar Pradesh,31.96
FAC0171,FAC0161,Pilibhit,Uttar Pradesh,39.29
FAC0171,FAC0162,Pilibhit,Uttar Pradesh,39.8
FAC0171,FAC0163,Pilibhit,Uttar Pradesh,41.3
FAC0171,FAC0164,Pilibhit,Uttar Pradesh,39.35
FAC0171,FAC0165,Pilibhit,Uttar Pradesh,40.3
FAC0171,FAC0166,Pilibhit,Uttar Pradesh,41.44
FAC0171,FAC0167,Pilibhit,Uttar Pradesh,40.05
FAC0171,FAC0168,Pilibhit,Uttar Pradesh,41.14
FAC0171,FAC0169,Pilibhit,Uttar Pradesh,31.78
FAC0171,FAC0170,Pilibhit,Uttar Pradesh,31.53
FAC0171,FAC0172,Pilibhit,Uttar Pradesh,33.03
FAC0171,FAC0173,Pilibhit,Uttar Pradesh,45.82
FAC0171,FAC0174,Pilibhit,Uttar Pradesh,39.56
FAC0171,FAC0175,Pilibhit,Uttar Pradesh,37.65
FAC0171,FAC0176,Pilibhit,Uttar Pradesh,17.62
FAC0171,FAC0177,Pilibhit,Uttar Pradesh,33.0
FAC0171,FAC0178,Pilibhit,Uttar Pradesh,50.52
FAC0171,FAC0179,Pilibhit,Uttar Pradesh,34.61
FAC0171,FAC0180,Pilibhit,Uttar Pradesh,45.43
FAC0172,FAC0151,Pilibhit,Uttar Pradesh,6.45
FAC0172,FAC0152,Pilibhit,Uttar Pradesh,7.3
FAC0172,FAC0153,Pilibhit,Uttar Pradesh,6.31
FAC0172,FAC0154,Pilibhit,Uttar Pradesh,6.51
FAC0172,FAC0155,Pilibhit,Uttar Pradesh,4.94
FAC0172,FAC0156,Pilibhit,Uttar Pradesh,6.24
FAC0172,FAC0157,Pilibhit,Uttar Pradesh,5.84
FAC0172,FAC0158,Pilibhit,Uttar Pradesh,6.23
FAC0172,FAC0159,Pilibhit,Uttar Pradesh,5.37
FAC0172,FAC0160,Pilibhit,Uttar Pradesh,6.58
FAC0172,FAC0161,Pilibhit,Uttar Pradesh,11.39
FAC0172,FAC0162,Pilibhit,Uttar Pradesh,11.89
FAC0172,FAC0163,Pilibhit,Uttar Pradesh,13.4
FAC0172,FAC0164,Pilibhit,Uttar Pradesh,11.45
FAC0172,FAC0165,Pilibhit,Uttar Pradesh,12.4
FAC0172,FAC0166,Pilibhit,Uttar Pradesh,13.53
FAC0172,FAC0167,Pilibhit,Uttar Pradesh,12.15
FAC0172,FAC0168,Pilibhit,Uttar Pradesh,13.23
FAC0172,FAC0169,Pilibhit,Uttar Pradesh,6.01
FAC0172,FAC0170,Pilibhit,Uttar Pradesh,6.16
FAC0172,FAC0171,Pilibhit,Uttar Pradesh,32.77
FAC0172,FAC0173,Pilibhit,Uttar Pradesh,16.99
FAC0172,FAC0174,Pilibhit,Uttar Pradesh,11.65
FAC0172,FAC0175,Pilibhit,Uttar Pradesh,8.81
FAC0172,FAC0176,Pilibhit,Uttar Pradesh,16.45
FAC0172,FAC0177,Pilibhit,Uttar Pradesh,0.1
FAC0172,FAC0178,Pilibhit,Uttar Pradesh,21.69
FAC0172,FAC0179,Pilibhit,Uttar Pradesh,9.23
FAC0172,FAC0180,Pilibhit,Uttar Pradesh,20.05
FAC0173,FAC0151,Pilibhit,Uttar Pradesh,19.11
FAC0173,FAC0152,Pilibhit,Uttar Pradesh,19.96
FAC0173,FAC0153,Pilibhit,Uttar Pradesh,18.97
FAC0173,FAC0154,Pilibhit,Uttar Pradesh,19.17
FAC0173,FAC0155,Pilibhit,Uttar Pradesh,17.61
FAC0173,FAC0156,Pilibhit,Uttar Pradesh,18.9
FAC0173,FAC0157,Pilibhit,Uttar Pradesh,18.51
FAC0173,FAC0158,Pilibhit,Uttar Pradesh,18.89
FAC0173,FAC0159,Pilibhit,Uttar Pradesh,18.03
FAC0173,FAC0160,Pilibhit,Uttar Pradesh,19.25
FAC0173,FAC0161,Pilibhit,Uttar Pradesh,24.37
FAC0173,FAC0162,Pilibhit,Uttar Pradesh,24.87
FAC0173,FAC0163,Pilibhit,Uttar Pradesh,26.38
FAC0173,FAC0164,Pilibhit,Uttar Pradesh,24.42
FAC0173,FAC0165,Pilibhit,Uttar Pradesh,25.38
FAC0173,FAC0166,Pilibhit,Uttar Pradesh,26.51
FAC0173,FAC0167,Pilibhit,Uttar Pradesh,25.12
FAC0173,FAC0168,Pilibhit,Uttar Pradesh,26.21
FAC0173,FAC0169,Pilibhit,Uttar Pradesh,18.68
FAC0173,FAC0170,Pilibhit,Uttar Pradesh,18.82
FAC0173,FAC0171,Pilibhit,Uttar Pradesh,45.43
FAC0173,FAC0172,Pilibhit,Uttar Pradesh,16.86
FAC0173,FAC0174,Pilibhit,Uttar Pradesh,24.63
FAC0173,FAC0175,Pilibhit,Uttar Pradesh,11.12
FAC0173,FAC0176,Pilibhit,Uttar Pradesh,29.11
FAC0173,FAC0177,Pilibhit,Uttar Pradesh,16.83
FAC0173,FAC0178,Pilibhit,Uttar Pradesh,23.39
FAC0173,FAC0179,Pilibhit,Uttar Pradesh,21.89
FAC0173,FAC0180,Pilibhit,Uttar Pradesh,32.71
FAC0174,FAC0151,Pilibhit,Uttar Pradesh,16.64
FAC0174,FAC0152,Pilibhit,Uttar Pradesh,17.48
FAC0174,FAC0153,Pilibhit,Uttar Pradesh,16.49
FAC0174,FAC0154,Pilibhit,Uttar Pradesh,16.69
FAC0174,FAC0155,Pilibhit,Uttar Pradesh,15.13
FAC0174,FAC0156,Pilibhit,Uttar Pradesh,16.42
FAC0174,FAC0157,Pilibhit,Uttar Pradesh,16.03
FAC0174,FAC0158,Pilibhit,Uttar Pradesh,16.41
FAC0174,FAC0159,Pilibhit,Uttar Pradesh,15.55
FAC0174,FAC0160,Pilibhit,Uttar Pradesh,16.77
FAC0174,FAC0161,Pilibhit,Uttar Pradesh,0.27
FAC0174,FAC0162,Pilibhit,Uttar Pradesh,0.24
FAC0174,FAC0163,Pilibhit,Uttar Pradesh,1.75
FAC0174,FAC0164,Pilibhit,Uttar Pradesh,0.21
FAC0174,FAC0165,Pilibhit,Uttar Pradesh,0.75
FAC0174,FAC0166,Pilibhit,Uttar Pradesh,1.88
FAC0174,FAC0167,Pilibhit,Uttar Pradesh,0.49
FAC0174,FAC0168,Pilibhit,Uttar Pradesh,1.58
FAC0174,FAC0169,Pilibhit,Uttar Pradesh,16.2
FAC0174,FAC0170,Pilibhit,Uttar Pradesh,16.34
FAC0174,FAC0171,Pilibhit,Uttar Pradesh,39.51
FAC0174,FAC0172,Pilibhit,Uttar Pradesh,10.61
FAC0174,FAC0173,Pilibhit,Uttar Pradesh,25.16
FAC0174,FAC0175,Pilibhit,Uttar Pradesh,15.53
FAC0174,FAC0176,Pilibhit,Uttar Pradesh,23.19
FAC0174,FAC0177,Pilibhit,Uttar Pradesh,10.59
FAC0174,FAC0178,Pilibhit,Uttar Pradesh,28.9
FAC0174,FAC0179,Pilibhit,Uttar Pradesh,19.41
FAC0174,FAC0180,Pilibhit,Uttar Pradesh,30.23
FAC0175,FAC0151,Pilibhit,Uttar Pradesh,11.34
FAC0175,FAC0152,Pilibhit,Uttar Pradesh,12.19
FAC0175,FAC0153,Pilibhit,Uttar Pradesh,11.2
FAC0175,FAC0154,Pilibhit,Uttar Pradesh,11.4
FAC0175,FAC0155,Pilibhit,Uttar Pradesh,9.84
FAC0175,FAC0156,Pilibhit,Uttar Pradesh,11.13
FAC0175,FAC0157,Pilibhit,Uttar Pradesh,10.74
FAC0175,FAC0158,Pilibhit,Uttar Pradesh,11.12
FAC0175,FAC0159,Pilibhit,Uttar Pradesh,10.26
FAC0175,FAC0160,Pilibhit,Uttar Pradesh,11.47
FAC0175,FAC0161,Pilibhit,Uttar Pradesh,15.08
FAC0175,FAC0162,Pilibhit,Uttar Pradesh,15.59
FAC0175,FAC0163,Pilibhit,Uttar Pradesh,17.1
FAC0175,FAC0164,Pilibhit,Uttar Pradesh,15.14
FAC0175,FAC0165,Pilibhit,Uttar Pradesh,16.1
FAC0175,FAC0166,Pilibhit,Uttar Pradesh,17.23
FAC0175,FAC0167,Pilibhit,Uttar Pradesh,15.84
FAC0175,FAC0168,Pilibhit,Uttar Pradesh,16.93
FAC0175,FAC0169,Pilibhit,Uttar Pradesh,10.9
FAC0175,FAC0170,Pilibhit,Uttar Pradesh,11.04
FAC0175,FAC0171,Pilibhit,Uttar Pradesh,37.66
FAC0175,FAC0172,Pilibhit,Uttar Pradesh,9.09
FAC0175,FAC0173,Pilibhit,Uttar Pradesh,11.61
FAC0175,FAC0174,Pilibhit,Uttar Pradesh,15.35
FAC0175,FAC0176,Pilibhit,Uttar Pradesh,21.34
FAC0175,FAC0177,Pilibhit,Uttar Pradesh,9.06
FAC0175,FAC0178,Pilibhit,Uttar Pradesh,14.21
FAC0175,FAC0179,Pilibhit,Uttar Pradesh,14.12
FAC0175,FAC0180,Pilibhit,Uttar Pradesh,24.94
FAC0176,FAC0151,Pilibhit,Uttar Pradesh,15.52
FAC0176,FAC0152,Pilibhit,Uttar Pradesh,16.36
FAC0176,FAC0153,Pilibhit,Uttar Pradesh,15.37
FAC0176,FAC0154,Pilibhit,Uttar Pradesh,15.58
FAC0176,FAC0155,Pilibhit,Uttar Pradesh,14.01
FAC0176,FAC0156,Pilibhit,Uttar Pradesh,15.31
FAC0176,FAC0157,Pilibhit,Uttar Pradesh,14.91
FAC0176,FAC0158,Pilibhit,Uttar Pradesh,15.3
FAC0176,FAC0159,Pilibhit,Uttar Pradesh,14.43
FAC0176,FAC0160,Pilibhit,Uttar Pradesh,15.65
FAC0176,FAC0161,Pilibhit,Uttar Pradesh,22.98
FAC0176,FAC0162,Pilibhit,Uttar Pradesh,23.48
FAC0176,FAC0163,Pilibhit,Uttar Pradesh,24.99
FAC0176,FAC0164,Pilibhit,Uttar Pradesh,23.04
FAC0176,FAC0165,Pilibhit,Uttar Pradesh,23.99
FAC0176,FAC0166,Pilibhit,Uttar Pradesh,25.13
FAC0176,FAC0167,Pilibhit,Uttar Pradesh,23.74
FAC0176,FAC0168,Pilibhit,Uttar Pradesh,24.83
FAC0176,FAC0169,Pilibhit,Uttar Pradesh,15.47
FAC0176,FAC0170,Pilibhit,Uttar Pradesh,15.22
FAC0176,FAC0171,Pilibhit,Uttar Pradesh,17.55
FAC0176,FAC0172,Pilibhit,Uttar Pradesh,16.71
FAC0176,FAC0173,Pilibhit,Uttar Pradesh,29.51
FAC0176,FAC0174,Pilibhit,Uttar Pradesh,23.25
FAC0176,FAC0175,Pilibhit,Uttar Pradesh,21.33
FAC0176,FAC0177,Pilibhit,Uttar Pradesh,16.69
FAC0176,FAC0178,Pilibhit,Uttar Pradesh,34.21
FAC0176,FAC0179,Pilibhit,Uttar Pradesh,18.29
FAC0176,FAC0180,Pilibhit,Uttar Pradesh,29.12
FAC0177,FAC0151,Pilibhit,Uttar Pradesh,6.49
FAC0177,FAC0152,Pilibhit,Uttar Pradesh,7.33
FAC0177,FAC0153,Pilibhit,Uttar Pradesh,6.34
FAC0177,FAC0154,Pilibhit,Uttar Pradesh,6.54
FAC0177,FAC0155,Pilibhit,Uttar Pradesh,4.98
FAC0177,FAC0156,Pilibhit,Uttar Pradesh,6.28
FAC0177,FAC0157,Pilibhit,Uttar Pradesh,5.88
FAC0177,FAC0158,Pilibhit,Uttar Pradesh,6.26
FAC0177,FAC0159,Pilibhit,Uttar Pradesh,5.4
FAC0177,FAC0160,Pilibhit,Uttar Pradesh,6.62
FAC0177,FAC0161,Pilibhit,Uttar Pradesh,11.42
FAC0177,FAC0162,Pilibhit,Uttar Pradesh,11.93
FAC0177,FAC0163,Pilibhit,Uttar Pradesh,13.43
FAC0177,FAC0164,Pilibhit,Uttar Pradesh,11.48
FAC0177,FAC0165,Pilibhit,Uttar Pradesh,12.43
FAC0177,FAC0166,Pilibhit,Uttar Pradesh,13.57
FAC0177,FAC0167,Pilibhit,Uttar Pradesh,12.18
FAC0177,FAC0168,Pilibhit,Uttar Pradesh,13.27
FAC0177,FAC0169,Pilibhit,Uttar Pradesh,6.05
FAC0177,FAC0170,Pilibhit,Uttar Pradesh,6.19
FAC0177,FAC0171,Pilibhit,Uttar Pradesh,32.8
FAC0177,FAC0172,Pilibhit,Uttar Pradesh,0.1
FAC0177,FAC0173,Pilibhit,Uttar Pradesh,17.02
FAC0177,FAC0174,Pilibhit,Uttar Pradesh,11.69
FAC0177,FAC0175,Pilibhit,Uttar Pradesh,8.85
FAC0177,FAC0176,Pilibhit,Uttar Pradesh,16.48
FAC0177,FAC0178,Pilibhit,Uttar Pradesh,21.72
FAC0177,FAC0179,Pilibhit,Uttar Pradesh,9.26
FAC0177,FAC0180,Pilibhit,Uttar Pradesh,20.08
FAC0178,FAC0151,Pilibhit,Uttar Pradesh,24.32
FAC0178,FAC0152,Pilibhit,Uttar Pradesh,25.17
FAC0178,FAC0153,Pilibhit,Uttar Pradesh,24.18
FAC0178,FAC0154,Pilibhit,Uttar Pradesh,24.38
FAC0178,FAC0155,Pilibhit,Uttar Pradesh,22.82
FAC0178,FAC0156,Pilibhit,Uttar Pradesh,24.11
FAC0178,FAC0157,Pilibhit,Uttar Pradesh,23.71
FAC0178,FAC0158,Pilibhit,Uttar Pradesh,24.1
FAC0178,FAC0159,Pilibhit,Uttar Pradesh,23.24
FAC0178,FAC0160,Pilibhit,Uttar Pradesh,24.45
FAC0178,FAC0161,Pilibhit,Uttar Pradesh,28.6
FAC0178,FAC0162,Pilibhit,Uttar Pradesh,29.11
FAC0178,FAC0163,Pilibhit,Uttar Pradesh,30.61
FAC0178,FAC0164,Pilibhit,Uttar Pradesh,28.66
FAC0178,FAC0165,Pilibhit,Uttar Pradesh,29.61
FAC0178,FAC0166,Pilibhit,Uttar Pradesh,30.75
FAC0178,FAC0167,Pilibhit,Uttar Pradesh,29.36
FAC0178,FAC0168,Pilibhit,Uttar Pradesh,30.45
FAC0178,FAC0169,Pilibhit,Uttar Pradesh,23.88
FAC0178,FAC0170,Pilibhit,Uttar Pradesh,24.02
FAC0178,FAC0171,Pilibhit,Uttar Pradesh,50.64
FAC0178,FAC0172,Pilibhit,Uttar Pradesh,22.07
FAC0178,FAC0173,Pilibhit,Uttar Pradesh,23.94
FAC0178,FAC0174,Pilibhit,Uttar Pradesh,28.87
FAC0178,FAC0175,Pilibhit,Uttar Pradesh,14.28
FAC0178,FAC0176,Pilibhit,Uttar Pradesh,34.32
FAC0178,FAC0177,Pilibhit,Uttar Pradesh,22.04
FAC0178,FAC0179,Pilibhit,Uttar Pradesh,27.1
FAC0178,FAC0180,Pilibhit,Uttar Pradesh,37.92
FAC0179,FAC0151,Pilibhit,Uttar Pradesh,3.95
FAC0179,FAC0152,Pilibhit,Uttar Pradesh,4.29
FAC0179,FAC0153,Pilibhit,Uttar Pradesh,3.65
FAC0179,FAC0154,Pilibhit,Uttar Pradesh,4.36
FAC0179,FAC0155,Pilibhit,Uttar Pradesh,6.2
FAC0179,FAC0156,Pilibhit,Uttar Pradesh,4.86
FAC0179,FAC0157,Pilibhit,Uttar Pradesh,3.5
FAC0179,FAC0158,Pilibhit,Uttar Pradesh,4.16
FAC0179,FAC0159,Pilibhit,Uttar Pradesh,4.07
FAC0179,FAC0160,Pilibhit,Uttar Pradesh,4.43
FAC0179,FAC0161,Pilibhit,Uttar Pradesh,19.25
FAC0179,FAC0162,Pilibhit,Uttar Pradesh,19.75
FAC0179,FAC0163,Pilibhit,Uttar Pradesh,21.26
FAC0179,FAC0164,Pilibhit,Uttar Pradesh,19.3
FAC0179,FAC0165,Pilibhit,Uttar Pradesh,20.26
FAC0179,FAC0166,Pilibhit,Uttar Pradesh,21.39
FAC0179,FAC0167,Pilibhit,Uttar Pradesh,20.0
FAC0179,FAC0168,Pilibhit,Uttar Pradesh,21.09
FAC0179,FAC0169,Pilibhit,Uttar Pradesh,6.61
FAC0179,FAC0170,Pilibhit,Uttar Pradesh,4.77
FAC0179,FAC0171,Pilibhit,Uttar Pradesh,34.77
FAC0179,FAC0172,Pilibhit,Uttar Pradesh,9.71
FAC0179,FAC0173,Pilibhit,Uttar Pradesh,22.5
FAC0179,FAC0174,Pilibhit,Uttar Pradesh,19.51
FAC0179,FAC0175,Pilibhit,Uttar Pradesh,14.32
FAC0179,FAC0176,Pilibhit,Uttar Pradesh,18.45
FAC0179,FAC0177,Pilibhit,Uttar Pradesh,9.68
FAC0179,FAC0178,Pilibhit,Uttar Pradesh,27.2
FAC0179,FAC0180,Pilibhit,Uttar Pradesh,15.9
FAC0180,FAC0151,Pilibhit,Uttar Pradesh,14.75
FAC0180,FAC0152,Pilibhit,Uttar Pradesh,15.08
FAC0180,FAC0153,Pilibhit,Uttar Pradesh,15.79
FAC0180,FAC0154,Pilibhit,Uttar Pradesh,15.15
FAC0180,FAC0155,Pilibhit,Uttar Pradesh,17.0
FAC0180,FAC0156,Pilibhit,Uttar Pradesh,15.74
FAC0180,FAC0157,Pilibhit,Uttar Pradesh,15.33
FAC0180,FAC0158,Pilibhit,Uttar Pradesh,14.95
FAC0180,FAC0159,Pilibhit,Uttar Pradesh,15.73
FAC0180,FAC0160,Pilibhit,Uttar Pradesh,15.62
FAC0180,FAC0161,Pilibhit,Uttar Pradesh,30.04
FAC0180,FAC0162,Pilibhit,Uttar Pradesh,30.55
FAC0180,FAC0163,Pilibhit,Uttar Pradesh,32.05
FAC0180,FAC0164,Pilibhit,Uttar Pradesh,30.1
FAC0180,FAC0165,Pilibhit,Uttar Pradesh,31.05
FAC0180,FAC0166,Pilibhit,Uttar Pradesh,32.19
FAC0180,FAC0167,Pilibhit,Uttar Pradesh,30.8
FAC0180,FAC0168,Pilibhit,Uttar Pradesh,31.89
FAC0180,FAC0169,Pilibhit,Uttar Pradesh,17.41
FAC0180,FAC0170,Pilibhit,Uttar Pradesh,15.65
FAC0180,FAC0171,Pilibhit,Uttar Pradesh,45.57
FAC0180,FAC0172,Pilibhit,Uttar Pradesh,20.5
FAC0180,FAC0173,Pilibhit,Uttar Pradesh,33.3
FAC0180,FAC0174,Pilibhit,Uttar Pradesh,30.31
FAC0180,FAC0175,Pilibhit,Uttar Pradesh,25.12
FAC0180,FAC0176,Pilibhit,Uttar Pradesh,29.25
FAC0180,FAC0177,Pilibhit,Uttar Pradesh,20.48
FAC0180,FAC0178,Pilibhit,Uttar Pradesh,38.0
FAC0180,FAC0179,Pilibhit,Uttar Pradesh,15.92
