district,state,date,temp_max_c,temp_min_c,precip_mm,rain_mm
Sarguja,Chhattisgarh,2023-01-01,23.2,8.8,0.0,0.0
Sarguja,Chhattisgarh,2023-01-02,23.1,9.0,0.0,0.0
Sarguja,Chhattisgarh,2023-01-03,23.6,9.6,0.0,0.0
Sarguja,Chhattisgarh,2023-01-04,21.0,10.1,0.0,0.0
Sarguja,Chhattisgarh,2023-01-05,22.2,10.3,0.1,0.1
Sarguja,Chhattisgarh,2023-01-06,21.2,5.9,0.0,0.0
Sarguja,Chhattisgarh,2023-01-07,22.4,5.8,0.0,0.0
Sarguja,Chhattisgarh,2023-01-08,23.2,6.6,0.0,0.0
Sarguja,Chhattisgarh,2023-01-09,25.0,6.9,0.0,0.0
Sarguja,Chhattisgarh,2023-01-10,24.3,7.8,0.0,0.0
Sarguja,Chhattisgarh,2023-01-11,24.6,8.2,0.0,0.0
Sarguja,Chhattisgarh,2023-01-12,25.1,10.0,0.0,0.0
Sarguja,Chhattisgarh,2023-01-13,25.8,11.1,0.0,0.0
Sarguja,Chhattisgarh,2023-01-14,25.2,12.2,0.0,0.0
Sarguja,Chhattisgarh,2023-01-15,22.4,11.0,0.0,0.0
Sarguja,Chhattisgarh,2023-01-16,23.4,9.0,0.0,0.0
Sarguja,Chhattisgarh,2023-01-17,23.2,8.7,0.0,0.0
Sarguja,Chhattisgarh,2023-01-18,23.5,9.4,0.0,0.0
Sarguja,Chhattisgarh,2023-01-19,23.7,9.2,0.0,0.0
Sarguja,Chhattisgarh,2023-01-20,26.2,11.0,0.0,0.0
Sarguja,Chhattisgarh,2023-01-21,27.1,12.8,0.0,0.0
Sarguja,Chhattisgarh,2023-01-22,27.2,13.4,0.0,0.0
Sarguja,Chhattisgarh,2023-01-23,27.1,12.6,0.0,0.0
Sarguja,Chhattisgarh,2023-01-24,27.9,12.9,0.0,0.0
Sarguja,Chhattisgarh,2023-01-25,28.3,13.5,0.0,0.0
Sarguja,Chhattisgarh,2023-01-26,27.6,13.5,0.0,0.0
Sarguja,Chhattisgarh,2023-01-27,26.3,16.1,0.0,0.0
Sarguja,Chhattisgarh,2023-01-28,26.0,14.0,0.0,0.0
Sarguja,Chhattisgarh,2023-01-29,27.6,12.9,0.0,0.0
Sarguja,Chhattisgarh,2023-01-30,28.7,16.1,0.0,0.0
Sarguja,Chhattisgarh,2023-01-31,27.4,13.6,0.0,0.0
Sarguja,Chhattisgarh,2023-02-01,24.9,13.3,0.0,0.0
Sarguja,Chhattisgarh,2023-02-02,25.4,8.2,0.0,0.0
Sarguja,Chhattisgarh,2023-02-03,25.6,12.0,0.0,0.0
Sarguja,Chhattisgarh,2023-02-04,25.8,11.8,0.0,0.0
Sarguja,Chhattisgarh,2023-02-05,26.3,12.9,0.0,0.0
Sarguja,Chhattisgarh,2023-02-06,27.4,12.9,0.0,0.0
Sarguja,Chhattisgarh,2023-02-07,27.8,12.4,0.0,0.0
Sarguja,Chhattisgarh,2023-02-08,26.5,13.1,0.0,0.0
Sarguja,Chhattisgarh,2023-02-09,27.4,11.4,0.0,0.0
Sarguja,Chhattisgarh,2023-02-10,28.9,12.2,0.0,0.0
Sarguja,Chhattisgarh,2023-02-11,30.5,14.6,0.0,0.0
Sarguja,Chhattisgarh,2023-02-12,26.3,13.6,0.0,0.0
Sarguja,Chhattisgarh,2023-02-13,25.8,10.8,0.0,0.0
Sarguja,Chhattisgarh,2023-02-14,26.2,12.8,0.0,0.0
Sarguja,Chhattisgarh,2023-02-15,27.5,11.0,0.0,0.0
Sarguja,Chhattisgarh,2023-02-16,26.5,11.4,0.0,0.0
Sarguja,Chhattisgarh,2023-02-17,27.7,11.4,0.0,0.0
Sarguja,Chhattisgarh,2023-02-18,29.2,13.1,0.0,0.0
Sarguja,Chhattisgarh,2023-02-19,29.8,13.3,0.0,0.0
Sarguja,Chhattisgarh,2023-02-20,29.9,14.8,0.0,0.0
Sarguja,Chhattisgarh,2023-02-21,31.9,15.1,0.0,0.0
Sarguja,Chhattisgarh,2023-02-22,31.8,16.1,0.0,0.0
Sarguja,Chhattisgarh,2023-02-23,31.1,15.6,0.0,0.0
Sarguja,Chhattisgarh,2023-02-24,30.0,15.5,0.0,0.0
Sarguja,Chhattisgarh,2023-02-25,29.9,15.4,0.0,0.0
Sarguja,Chhattisgarh,2023-02-26,30.3,14.8,0.0,0.0
Sarguja,Chhattisgarh,2023-02-27,30.9,15.4,0.0,0.0
Sarguja,Chhattisgarh,2023-02-28,31.0,14.7,0.0,0.0
Sarguja,Chhattisgarh,2023-03-01,31.7,16.3,0.0,0.0
Sarguja,Chhattisgarh,2023-03-02,31.7,16.5,0.0,0.0
Sarguja,Chhattisgarh,2023-03-03,32.0,16.7,0.0,0.0
Sarguja,Chhattisgarh,2023-03-04,32.4,17.0,0.0,0.0
Sarguja,Chhattisgarh,2023-03-05,31.6,16.8,0.0,0.0
Sarguja,Chhattisgarh,2023-03-06,30.8,17.1,0.0,0.0
Sarguja,Chhattisgarh,2023-03-07,31.2,16.6,0.5,0.5
Sarguja,Chhattisgarh,2023-03-08,29.8,17.2,0.8,0.8
Sarguja,Chhattisgarh,2023-03-09,30.2,16.2,0.0,0.0
Sarguja,Chhattisgarh,2023-03-10,29.3,16.1,0.0,0.0
Sarguja,Chhattisgarh,2023-03-11,31.4,15.6,0.0,0.0
Sarguja,Chhattisgarh,2023-03-12,32.3,16.4,0.0,0.0
Sarguja,Chhattisgarh,2023-03-13,33.2,17.1,0.0,0.0
Sarguja,Chhattisgarh,2023-03-14,32.7,17.4,0.0,0.0
Sarguja,Chhattisgarh,2023-03-15,32.0,17.6,0.0,0.0
Sarguja,Chhattisgarh,2023-03-16,29.6,19.8,2.1,2.1
Sarguja,Chhattisgarh,2023-03-17,26.2,18.3,8.5,8.5
Sarguja,Chhattisgarh,2023-03-18,25.9,17.5,3.8,3.8
Sarguja,Chhattisgarh,2023-03-19,23.7,16.4,0.3,0.3
Sarguja,Chhattisgarh,2023-03-20,24.7,15.6,2.9,2.9
Sarguja,Chhattisgarh,2023-03-21,25.9,16.1,4.2,4.2
Sarguja,Chhattisgarh,2023-03-22,27.7,15.2,0.2,0.2
Sarguja,Chhattisgarh,2023-03-23,28.8,15.6,0.0,0.0
Sarguja,Chhattisgarh,2023-03-24,29.1,16.3,0.1,0.1
Sarguja,Chhattisgarh,2023-03-25,31.7,17.7,0.0,0.0
Sarguja,Chhattisgarh,2023-03-26,30.2,18.5,0.1,0.1
Sarguja,Chhattisgarh,2023-03-27,31.1,18.2,0.0,0.0
Sarguja,Chhattisgarh,2023-03-28,31.8,18.2,0.0,0.0
Sarguja,Chhattisgarh,2023-03-29,33.0,19.4,0.0,0.0
Sarguja,Chhattisgarh,2023-03-30,33.3,19.7,7.3,7.3
Sarguja,Chhattisgarh,2023-03-31,30.0,19.2,3.7,3.7
Sarguja,Chhattisgarh,2023-04-01,29.5,17.3,3.0,3.0
Sarguja,Chhattisgarh,2023-04-02,29.4,16.3,0.0,0.0
Sarguja,Chhattisgarh,2023-04-03,31.7,16.7,0.0,0.0
Sarguja,Chhattisgarh,2023-04-04,33.6,18.6,0.0,0.0
Sarguja,Chhattisgarh,2023-04-05,31.4,19.4,0.0,0.0
Sarguja,Chhattisgarh,2023-04-06,33.1,19.2,0.0,0.0
Sarguja,Chhattisgarh,2023-04-07,33.3,18.7,0.0,0.0
Sarguja,Chhattisgarh,2023-04-08,32.4,21.1,0.4,0.4
Sarguja,Chhattisgarh,2023-04-09,32.8,19.0,0.2,0.2
Sarguja,Chhattisgarh,2023-04-10,33.9,19.9,0.0,0.0
Sarguja,Chhattisgarh,2023-04-11,35.4,19.6,0.0,0.0
Sarguja,Chhattisgarh,2023-04-12,36.3,20.7,0.0,0.0
Sarguja,Chhattisgarh,2023-04-13,37.9,20.9,0.0,0.0
Sarguja,Chhattisgarh,2023-04-14,38.0,21.8,0.0,0.0
Sarguja,Chhattisgarh,2023-04-15,36.3,23.8,0.0,0.0
Sarguja,Chhattisgarh,2023-04-16,35.7,23.6,0.0,0.0
Sarguja,Chhattisgarh,2023-04-17,37.2,22.9,0.0,0.0
Sarguja,Chhattisgarh,2023-04-18,38.1,23.8,0.0,0.0
Sarguja,Chhattisgarh,2023-04-19,38.5,22.9,0.0,0.0
Sarguja,Chhattisgarh,2023-04-20,36.3,22.9,0.1,0.1
Sarguja,Chhattisgarh,2023-04-21,34.3,23.1,0.1,0.1
Sarguja,Chhattisgarh,2023-04-22,33.1,20.6,0.7,0.7
Sarguja,Chhattisgarh,2023-04-23,29.3,19.2,0.7,0.7
Sarguja,Chhattisgarh,2023-04-24,31.7,18.0,0.2,0.2
Sarguja,Chhattisgarh,2023-04-25,32.3,19.4,0.0,0.0
Sarguja,Chhattisgarh,2023-04-26,33.0,20.7,0.0,0.0
Sarguja,Chhattisgarh,2023-04-27,30.8,21.4,0.6,0.6
Sarguja,Chhattisgarh,2023-04-28,33.3,20.7,0.9,0.9
Sarguja,Chhattisgarh,2023-04-29,30.1,21.3,0.4,0.4
Sarguja,Chhattisgarh,2023-04-30,26.1,19.2,2.2,2.2
Sarguja,Chhattisgarh,2023-05-01,27.7,19.4,2.8,2.8
Sarguja,Chhattisgarh,2023-05-02,29.5,19.5,0.3,0.3
Sarguja,Chhattisgarh,2023-05-03,28.3,20.1,2.0,2.0
Sarguja,Chhattisgarh,2023-05-04,31.4,18.6,0.6,0.6
Sarguja,Chhattisgarh,2023-05-05,31.6,20.0,0.5,0.5
Sarguja,Chhattisgarh,2023-05-06,33.9,20.7,0.0,0.0
Sarguja,Chhattisgarh,2023-05-07,35.8,21.4,0.0,0.0
Sarguja,Chhattisgarh,2023-05-08,36.1,22.4,0.0,0.0
Sarguja,Chhattisgarh,2023-05-09,37.2,22.7,0.0,0.0
Sarguja,Chhattisgarh,2023-05-10,37.4,21.2,0.0,0.0
Sarguja,Chhattisgarh,2023-05-11,36.9,21.6,0.0,0.0
Sarguja,Chhattisgarh,2023-05-12,36.9,20.7,0.0,0.0
Sarguja,Chhattisgarh,2023-05-13,37.6,20.9,0.0,0.0
Sarguja,Chhattisgarh,2023-05-14,38.9,22.7,0.0,0.0
Sarguja,Chhattisgarh,2023-05-15,38.8,23.4,0.0,0.0
Sarguja,Chhattisgarh,2023-05-16,40.1,23.9,0.0,0.0
Sarguja,Chhattisgarh,2023-05-17,37.6,23.1,0.0,0.0
Sarguja,Chhattisgarh,2023-05-18,39.4,24.5,0.0,0.0
Sarguja,Chhattisgarh,2023-05-19,38.6,24.1,0.2,0.2
Sarguja,Chhattisgarh,2023-05-20,38.1,24.3,0.0,0.0
Sarguja,Chhattisgarh,2023-05-21,40.8,24.8,0.0,0.0
Sarguja,Chhattisgarh,2023-05-22,40.5,25.0,0.0,0.0
Sarguja,Chhattisgarh,2023-05-23,39.5,26.8,0.0,0.0
Sarguja,Chhattisgarh,2023-05-24,38.9,26.0,0.0,0.0
Sarguja,Chhattisgarh,2023-05-25,39.0,24.6,0.0,0.0
Sarguja,Chhattisgarh,2023-05-26,35.5,23.8,0.4,0.4
Sarguja,Chhattisgarh,2023-05-27,36.7,21.4,4.8,4.8
Sarguja,Chhattisgarh,2023-05-28,36.5,20.7,0.0,0.0
Sarguja,Chhattisgarh,2023-05-29,36.8,24.4,0.1,0.1
Sarguja,Chhattisgarh,2023-05-30,37.7,25.2,0.1,0.1
Sarguja,Chhattisgarh,2023-05-31,37.5,26.0,0.0,0.0
Sarguja,Chhattisgarh,2023-06-01,36.6,24.8,0.0,0.0
Sarguja,Chhattisgarh,2023-06-02,38.5,24.5,0.0,0.0
Sarguja,Chhattisgarh,2023-06-03,37.9,25.1,0.0,0.0
Sarguja,Chhattisgarh,2023-06-04,37.1,25.0,0.4,0.4
Sarguja,Chhattisgarh,2023-06-05,36.3,25.2,1.2,1.2
Sarguja,Chhattisgarh,2023-06-06,37.6,23.8,0.0,0.0
Sarguja,Chhattisgarh,2023-06-07,37.6,25.0,0.0,0.0
Sarguja,Chhattisgarh,2023-06-08,37.4,24.6,0.0,0.0
Sarguja,Chhattisgarh,2023-06-09,38.3,23.8,0.0,0.0
Sarguja,Chhattisgarh,2023-06-10,39.2,25.5,0.0,0.0
Sarguja,Chhattisgarh,2023-06-11,38.8,26.5,0.0,0.0
Sarguja,Chhattisgarh,2023-06-12,39.5,26.7,0.0,0.0
Sarguja,Chhattisgarh,2023-06-13,39.7,28.5,0.0,0.0
Sarguja,Chhattisgarh,2023-06-14,37.3,27.3,1.1,1.1
Sarguja,Chhattisgarh,2023-06-15,38.5,28.5,0.8,0.8
Sarguja,Chhattisgarh,2023-06-16,39.0,27.1,0.0,0.0
Sarguja,Chhattisgarh,2023-06-17,39.9,27.9,0.0,0.0
Sarguja,Chhattisgarh,2023-06-18,40.0,28.2,0.0,0.0
Sarguja,Chhattisgarh,2023-06-19,38.7,28.8,0.0,0.0
Sarguja,Chhattisgarh,2023-06-20,37.1,28.3,0.7,0.7
Sarguja,Chhattisgarh,2023-06-21,38.9,26.4,3.2,3.2
Sarguja,Chhattisgarh,2023-06-22,32.2,25.3,16.5,16.5
Sarguja,Chhattisgarh,2023-06-23,32.0,24.0,27.2,27.2
Sarguja,Chhattisgarh,2023-06-24,32.6,23.8,21.8,21.8
Sarguja,Chhattisgarh,2023-06-25,30.7,23.8,19.5,19.5
Sarguja,Chhattisgarh,2023-06-26,28.1,23.3,25.8,25.8
Sarguja,Chhattisgarh,2023-06-27,28.5,23.4,10.3,10.3
Sarguja,Chhattisgarh,2023-06-28,27.1,23.1,17.8,17.8
Sarguja,Chhattisgarh,2023-06-29,28.8,23.1,18.9,18.9
Sarguja,Chhattisgarh,2023-06-30,29.2,23.6,4.9,4.9
Sarguja,Chhattisgarh,2023-07-01,31.4,23.9,3.1,3.1
Sarguja,Chhattisgarh,2023-07-02,31.2,24.8,4.9,4.9
Sarguja,Chhattisgarh,2023-07-03,32.2,24.4,1.3,1.3
Sarguja,Chhattisgarh,2023-07-04,32.4,25.0,3.3,3.3
Sarguja,Chhattisgarh,2023-07-05,31.4,24.4,2.5,2.5
Sarguja,Chhattisgarh,2023-07-06,31.2,24.0,25.1,25.1
Sarguja,Chhattisgarh,2023-07-07,29.6,23.9,12.8,12.8
Sarguja,Chhattisgarh,2023-07-08,30.3,23.8,4.3,4.3
Sarguja,Chhattisgarh,2023-07-09,30.0,23.2,6.5,6.5
Sarguja,Chhattisgarh,2023-07-10,30.4,23.3,3.5,3.5
Sarguja,Chhattisgarh,2023-07-11,31.0,23.5,10.9,10.9
Sarguja,Chhattisgarh,2023-07-12,31.6,23.8,2.6,2.6
Sarguja,Chhattisgarh,2023-07-13,30.9,23.9,10.2,10.2
Sarguja,Chhattisgarh,2023-07-14,30.7,24.2,0.2,0.2
Sarguja,Chhattisgarh,2023-07-15,30.8,24.0,4.0,4.0
Sarguja,Chhattisgarh,2023-07-16,29.8,22.6,31.2,31.2
Sarguja,Chhattisgarh,2023-07-17,29.6,23.3,8.4,8.4
Sarguja,Chhattisgarh,2023-07-18,31.8,23.6,1.0,1.0
Sarguja,Chhattisgarh,2023-07-19,31.9,23.7,3.9,3.9
Sarguja,Chhattisgarh,2023-07-20,31.9,23.7,9.5,9.5
Sarguja,Chhattisgarh,2023-07-21,30.6,24.0,12.4,12.4
Sarguja,Chhattisgarh,2023-07-22,29.8,24.4,3.1,3.1
Sarguja,Chhattisgarh,2023-07-23,30.3,24.1,1.0,1.0
Sarguja,Chhattisgarh,2023-07-24,31.1,23.9,0.4,0.4
Sarguja,Chhattisgarh,2023-07-25,32.0,23.6,1.1,1.1
Sarguja,Chhattisgarh,2023-07-26,32.3,23.4,1.8,1.8
Sarguja,Chhattisgarh,2023-07-27,31.6,23.8,8.2,8.2
Sarguja,Chhattisgarh,2023-07-28,30.8,24.3,12.2,12.2
Sarguja,Chhattisgarh,2023-07-29,30.9,23.2,10.0,10.0
Sarguja,Chhattisgarh,2023-07-30,29.8,22.7,13.9,13.9
Sarguja,Chhattisgarh,2023-07-31,30.8,23.4,27.3,27.3
Sarguja,Chhattisgarh,2023-08-01,27.2,23.1,31.2,31.2
Sarguja,Chhattisgarh,2023-08-02,28.0,22.9,86.2,86.2
Sarguja,Chhattisgarh,2023-08-03,29.6,23.4,15.0,15.0
Sarguja,Chhattisgarh,2023-08-04,27.1,22.9,7.4,7.4
Sarguja,Chhattisgarh,2023-08-05,27.5,23.3,12.6,12.6
Sarguja,Chhattisgarh,2023-08-06,28.9,23.3,13.5,13.5
Sarguja,Chhattisgarh,2023-08-07,28.4,23.0,12.4,12.4
Sarguja,Chhattisgarh,2023-08-08,27.0,22.8,2.5,2.5
Sarguja,Chhattisgarh,2023-08-09,27.5,23.1,1.7,1.7
Sarguja,Chhattisgarh,2023-08-10,28.8,22.9,2.3,2.3
Sarguja,Chhattisgarh,2023-08-11,29.6,22.9,9.2,9.2
Sarguja,Chhattisgarh,2023-08-12,30.4,23.3,1.7,1.7
Sarguja,Chhattisgarh,2023-08-13,29.5,23.5,0.7,0.7
Sarguja,Chhattisgarh,2023-08-14,29.0,23.3,3.7,3.7
Sarguja,Chhattisgarh,2023-08-15,29.5,22.9,10.3,10.3
Sarguja,Chhattisgarh,2023-08-16,29.6,23.0,5.4,5.4
Sarguja,Chhattisgarh,2023-08-17,29.7,23.6,16.8,16.8
Sarguja,Chhattisgarh,2023-08-18,29.6,23.4,26.7,26.7
Sarguja,Chhattisgarh,2023-08-19,29.6,23.2,4.5,4.5
Sarguja,Chhattisgarh,2023-08-20,30.0,23.9,1.2,1.2
Sarguja,Chhattisgarh,2023-08-21,30.4,22.8,4.8,4.8
Sarguja,Chhattisgarh,2023-08-22,29.8,23.8,4.9,4.9
Sarguja,Chhattisgarh,2023-08-23,29.6,22.8,6.0,6.0
Sarguja,Chhattisgarh,2023-08-24,28.3,22.6,12.8,12.8
Sarguja,Chhattisgarh,2023-08-25,28.4,23.2,3.6,3.6
Sarguja,Chhattisgarh,2023-08-26,29.7,21.8,3.0,3.0
Sarguja,Chhattisgarh,2023-08-27,30.0,22.6,1.5,1.5
Sarguja,Chhattisgarh,2023-08-28,29.1,21.5,0.4,0.4
Sarguja,Chhattisgarh,2023-08-29,29.3,21.1,0.4,0.4
Sarguja,Chhattisgarh,2023-08-30,30.2,20.8,1.0,1.0
Sarguja,Chhattisgarh,2023-08-31,31.1,21.9,0.1,0.1
Sarguja,Chhattisgarh,2023-09-01,31.4,23.7,0.6,0.6
Sarguja,Chhattisgarh,2023-09-02,32.0,24.2,0.4,0.4
Sarguja,Chhattisgarh,2023-09-03,31.6,24.2,10.4,10.4
Sarguja,Chhattisgarh,2023-09-04,29.4,23.3,23.1,23.1
Sarguja,Chhattisgarh,2023-09-05,29.4,22.7,7.6,7.6
Sarguja,Chhattisgarh,2023-09-06,30.0,23.3,1.6,1.6
Sarguja,Chhattisgarh,2023-09-07,28.1,23.1,31.1,31.1
Sarguja,Chhattisgarh,2023-09-08,29.3,23.0,12.4,12.4
Sarguja,Chhattisgarh,2023-09-09,30.1,23.2,2.3,2.3
Sarguja,Chhattisgarh,2023-09-10,29.8,23.5,0.8,0.8
Sarguja,Chhattisgarh,2023-09-11,29.7,23.2,5.2,5.2
Sarguja,Chhattisgarh,2023-09-12,30.8,22.9,17.6,17.6
Sarguja,Chhattisgarh,2023-09-13,30.0,22.0,14.0,14.0
Sarguja,Chhattisgarh,2023-09-14,29.8,23.1,20.4,20.4
Sarguja,Chhattisgarh,2023-09-15,29.2,23.6,1.0,1.0
Sarguja,Chhattisgarh,2023-09-16,30.4,23.3,8.5,8.5
Sarguja,Chhattisgarh,2023-09-17,29.2,22.5,1.7,1.7
Sarguja,Chhattisgarh,2023-09-18,30.0,22.4,14.5,14.5
Sarguja,Chhattisgarh,2023-09-19,30.2,21.7,2.1,2.1
Sarguja,Chhattisgarh,2023-09-20,29.7,22.7,4.0,4.0
Sarguja,Chhattisgarh,2023-09-21,26.3,23.0,36.1,36.1
Sarguja,Chhattisgarh,2023-09-22,26.4,22.8,28.5,28.5
Sarguja,Chhattisgarh,2023-09-23,28.0,22.2,6.9,6.9
Sarguja,Chhattisgarh,2023-09-24,29.8,21.5,2.0,2.0
Sarguja,Chhattisgarh,2023-09-25,28.9,21.9,7.2,7.2
Sarguja,Chhattisgarh,2023-09-26,29.1,21.5,1.2,1.2
Sarguja,Chhattisgarh,2023-09-27,29.5,22.1,2.6,2.6
Sarguja,Chhattisgarh,2023-09-28,30.1,22.0,1.9,1.9
Sarguja,Chhattisgarh,2023-09-29,30.8,22.1,8.0,8.0
Sarguja,Chhattisgarh,2023-09-30,29.8,22.2,5.4,5.4
Sarguja,Chhattisgarh,2023-10-01,27.4,22.4,4.7,4.7
Sarguja,Chhattisgarh,2023-10-02,26.3,22.4,52.7,52.7
Sarguja,Chhattisgarh,2023-10-03,26.4,22.4,18.7,18.7
Sarguja,Chhattisgarh,2023-10-04,27.7,22.4,6.5,6.5
Sarguja,Chhattisgarh,2023-10-05,28.5,22.1,2.4,2.4
Sarguja,Chhattisgarh,2023-10-06,29.0,22.1,2.0,2.0
Sarguja,Chhattisgarh,2023-10-07,29.4,22.2,0.2,0.2
Sarguja,Chhattisgarh,2023-10-08,29.9,21.0,0.0,0.0
Sarguja,Chhattisgarh,2023-10-09,31.3,20.3,0.0,0.0
Sarguja,Chhattisgarh,2023-10-10,31.0,21.2,0.0,0.0
Sarguja,Chhattisgarh,2023-10-11,30.9,20.5,0.0,0.0
Sarguja,Chhattisgarh,2023-10-12,30.6,20.5,0.0,0.0
Sarguja,Chhattisgarh,2023-10-13,30.1,20.5,0.0,0.0
Sarguja,Chhattisgarh,2023-10-14,30.0,18.6,0.0,0.0
Sarguja,Chhattisgarh,2023-10-15,30.1,18.9,0.0,0.0
Sarguja,Chhattisgarh,2023-10-16,29.2,18.6,0.0,0.0
Sarguja,Chhattisgarh,2023-10-17,28.9,18.9,0.0,0.0
Sarguja,Chhattisgarh,2023-10-18,27.9,18.2,0.2,0.2
Sarguja,Chhattisgarh,2023-10-19,27.8,17.6,0.0,0.0
Sarguja,Chhattisgarh,2023-10-20,27.4,16.8,0.0,0.0
Sarguja,Chhattisgarh,2023-10-21,27.6,15.2,0.0,0.0
Sarguja,Chhattisgarh,2023-10-22,26.7,15.3,0.0,0.0
Sarguja,Chhattisgarh,2023-10-23,27.2,14.6,0.0,0.0
Sarguja,Chhattisgarh,2023-10-24,27.4,16.0,0.0,0.0
Sarguja,Chhattisgarh,2023-10-25,27.1,17.1,0.0,0.0
Sarguja,Chhattisgarh,2023-10-26,26.3,15.6,0.0,0.0
Sarguja,Chhattisgarh,2023-10-27,26.5,15.4,0.0,0.0
Sarguja,Chhattisgarh,2023-10-28,27.0,15.0,0.0,0.0
Sarguja,Chhattisgarh,2023-10-29,27.4,14.4,0.0,0.0
Sarguja,Chhattisgarh,2023-10-30,27.6,14.8,0.0,0.0
Sarguja,Chhattisgarh,2023-10-31,28.5,16.7,0.0,0.0
Sarguja,Chhattisgarh,2023-11-01,28.2,16.8,0.0,0.0
Sarguja,Chhattisgarh,2023-11-02,28.0,17.0,0.5,0.5
Sarguja,Chhattisgarh,2023-11-03,27.6,18.8,2.7,2.7
Sarguja,Chhattisgarh,2023-11-04,27.8,17.2,0.1,0.1
Sarguja,Chhattisgarh,2023-11-05,27.8,15.6,0.0,0.0
Sarguja,Chhattisgarh,2023-11-06,27.9,13.8,0.0,0.0
Sarguja,Chhattisgarh,2023-11-07,26.6,16.1,0.0,0.0
Sarguja,Chhattisgarh,2023-11-08,27.0,13.4,0.0,0.0
Sarguja,Chhattisgarh,2023-11-09,28.0,14.5,0.0,0.0
Sarguja,Chhattisgarh,2023-11-10,28.0,15.8,0.0,0.0
Sarguja,Chhattisgarh,2023-11-11,28.6,16.3,0.0,0.0
Sarguja,Chhattisgarh,2023-11-12,28.1,17.1,0.0,0.0
Sarguja,Chhattisgarh,2023-11-13,27.5,15.1,0.0,0.0
Sarguja,Chhattisgarh,2023-11-14,26.6,15.8,0.0,0.0
Sarguja,Chhattisgarh,2023-11-15,26.0,13.7,0.0,0.0
Sarguja,Chhattisgarh,2023-11-16,26.5,13.6,0.0,0.0
Sarguja,Chhattisgarh,2023-11-17,26.7,15.1,0.0,0.0
Sarguja,Chhattisgarh,2023-11-18,27.2,16.0,0.0,0.0
Sarguja,Chhattisgarh,2023-11-19,27.3,15.4,0.0,0.0
Sarguja,Chhattisgarh,2023-11-20,27.2,15.9,0.0,0.0
Sarguja,Chhattisgarh,2023-11-21,26.4,15.0,0.0,0.0
Sarguja,Chhattisgarh,2023-11-22,25.8,13.9,0.0,0.0
Sarguja,Chhattisgarh,2023-11-23,25.7,13.2,0.0,0.0
Sarguja,Chhattisgarh,2023-11-24,25.5,13.0,0.0,0.0
Sarguja,Chhattisgarh,2023-11-25,25.4,12.4,0.0,0.0
Sarguja,Chhattisgarh,2023-11-26,25.5,12.1,0.0,0.0
Sarguja,Chhattisgarh,2023-11-27,23.5,14.3,0.0,0.0
Sarguja,Chhattisgarh,2023-11-28,23.9,13.2,4.1,4.1
Sarguja,Chhattisgarh,2023-11-29,25.9,13.8,0.0,0.0
Sarguja,Chhattisgarh,2023-11-30,27.4,16.1,1.9,1.9
Sarguja,Chhattisgarh,2023-12-01,25.0,17.5,0.4,0.4
Sarguja,Chhattisgarh,2023-12-02,27.4,17.1,0.8,0.8
Sarguja,Chhattisgarh,2023-12-03,27.8,15.4,0.0,0.0
Sarguja,Chhattisgarh,2023-12-04,27.0,16.4,0.0,0.0
Sarguja,Chhattisgarh,2023-12-05,21.8,18.2,4.2,4.2
Sarguja,Chhattisgarh,2023-12-06,20.3,17.8,9.6,9.6
Sarguja,Chhattisgarh,2023-12-07,19.6,15.2,14.8,14.8
Sarguja,Chhattisgarh,2023-12-08,22.9,13.3,0.0,0.0
Sarguja,Chhattisgarh,2023-12-09,23.2,11.4,0.0,0.0
Sarguja,Chhattisgarh,2023-12-10,21.6,11.3,0.0,0.0
Sarguja,Chhattisgarh,2023-12-11,21.8,10.5,0.0,0.0
Sarguja,Chhattisgarh,2023-12-12,21.6,10.0,0.0,0.0
Sarguja,Chhattisgarh,2023-12-13,22.1,10.7,0.0,0.0
Sarguja,Chhattisgarh,2023-12-14,21.9,9.7,0.0,0.0
Sarguja,Chhattisgarh,2023-12-15,22.0,9.4,0.0,0.0
Sarguja,Chhattisgarh,2023-12-16,22.1,8.6,0.0,0.0
Sarguja,Chhattisgarh,2023-12-17,21.2,8.9,0.0,0.0
Sarguja,Chhattisgarh,2023-12-18,19.8,8.8,0.0,0.0
Sarguja,Chhattisgarh,2023-12-19,20.0,7.3,0.0,0.0
Sarguja,Chhattisgarh,2023-12-20,20.5,7.2,0.0,0.0
Sarguja,Chhattisgarh,2023-12-21,21.8,7.7,0.0,0.0
Sarguja,Chhattisgarh,2023-12-22,22.9,9.2,0.0,0.0
Sarguja,Chhattisgarh,2023-12-23,24.0,12.1,0.0,0.0
Sarguja,Chhattisgarh,2023-12-24,24.7,11.0,0.0,0.0
Sarguja,Chhattisgarh,2023-12-25,25.0,11.5,0.0,0.0
Sarguja,Chhattisgarh,2023-12-26,24.5,10.1,0.0,0.0
Sarguja,Chhattisgarh,2023-12-27,24.8,9.9,0.0,0.0
Sarguja,Chhattisgarh,2023-12-28,24.3,10.2,0.0,0.0
Sarguja,Chhattisgarh,2023-12-29,24.4,11.0,0.0,0.0
Sarguja,Chhattisgarh,2023-12-30,24.0,11.5,0.0,0.0
Sarguja,Chhattisgarh,2023-12-31,23.3,10.5,0.0,0.0
Sarguja,Chhattisgarh,2024-01-01,23.5,10.0,0.0,0.0
Sarguja,Chhattisgarh,2024-01-02,25.1,11.2,0.0,0.0
Sarguja,Chhattisgarh,2024-01-03,24.9,11.7,0.0,0.0
Sarguja,Chhattisgarh,2024-01-04,25.0,12.1,0.0,0.0
Sarguja,Chhattisgarh,2024-01-05,25.0,13.5,0.0,0.0
Sarguja,Chhattisgarh,2024-01-06,24.5,14.4,0.1,0.1
Sarguja,Chhattisgarh,2024-01-07,23.4,12.5,0.3,0.3
Sarguja,Chhattisgarh,2024-01-08,24.6,12.7,0.5,0.5
Sarguja,Chhattisgarh,2024-01-09,26.1,12.3,0.0,0.0
Sarguja,Chhattisgarh,2024-01-10,23.4,13.4,0.0,0.0
Sarguja,Chhattisgarh,2024-01-11,23.1,12.4,0.0,0.0
Sarguja,Chhattisgarh,2024-01-12,22.9,9.9,0.0,0.0
Sarguja,Chhattisgarh,2024-01-13,23.8,9.0,0.0,0.0
Sarguja,Chhattisgarh,2024-01-14,24.3,8.3,0.0,0.0
Sarguja,Chhattisgarh,2024-01-15,23.1,8.0,0.0,0.0
Sarguja,Chhattisgarh,2024-01-16,23.4,8.1,0.0,0.0
Sarguja,Chhattisgarh,2024-01-17,24.2,9.7,1.6,1.6
Sarguja,Chhattisgarh,2024-01-18,23.8,12.0,2.3,2.3
Sarguja,Chhattisgarh,2024-01-19,21.9,10.4,0.0,0.0
Sarguja,Chhattisgarh,2024-01-20,23.6,8.3,0.1,0.1
Sarguja,Chhattisgarh,2024-01-21,22.9,10.5,0.1,0.1
Sarguja,Chhattisgarh,2024-01-22,23.1,7.7,0.0,0.0
Sarguja,Chhattisgarh,2024-01-23,19.2,10.3,0.0,0.0
Sarguja,Chhattisgarh,2024-01-24,23.0,8.8,0.0,0.0
Sarguja,Chhattisgarh,2024-01-25,21.8,6.6,0.0,0.0
Sarguja,Chhattisgarh,2024-01-26,22.8,7.1,0.0,0.0
Sarguja,Chhattisgarh,2024-01-27,23.4,9.9,0.0,0.0
Sarguja,Chhattisgarh,2024-01-28,25.2,9.5,0.0,0.0
Sarguja,Chhattisgarh,2024-01-29,25.8,9.8,0.0,0.0
Sarguja,Chhattisgarh,2024-01-30,25.9,11.7,0.0,0.0
Sarguja,Chhattisgarh,2024-01-31,25.3,11.4,0.0,0.0
Sarguja,Chhattisgarh,2024-02-01,24.2,13.0,2.7,2.7
Sarguja,Chhattisgarh,2024-02-02,25.4,11.5,0.0,0.0
Sarguja,Chhattisgarh,2024-02-03,24.4,11.4,0.0,0.0
Sarguja,Chhattisgarh,2024-02-04,26.3,11.8,0.0,0.0
Sarguja,Chhattisgarh,2024-02-05,28.6,12.9,0.0,0.0
Sarguja,Chhattisgarh,2024-02-06,27.6,14.7,0.0,0.0
Sarguja,Chhattisgarh,2024-02-07,24.5,13.0,0.0,0.0
Sarguja,Chhattisgarh,2024-02-08,22.9,10.0,0.0,0.0
Sarguja,Chhattisgarh,2024-02-09,22.7,7.8,0.0,0.0
Sarguja,Chhattisgarh,2024-02-10,25.6,8.5,0.0,0.0
Sarguja,Chhattisgarh,2024-02-11,22.3,11.8,4.3,4.3
Sarguja,Chhattisgarh,2024-02-12,26.7,11.8,0.1,0.1
Sarguja,Chhattisgarh,2024-02-13,26.4,15.5,1.8,1.8
Sarguja,Chhattisgarh,2024-02-14,27.1,14.9,1.8,1.8
Sarguja,Chhattisgarh,2024-02-15,24.8,13.7,0.5,0.5
Sarguja,Chhattisgarh,2024-02-16,26.3,12.4,0.0,0.0
Sarguja,Chhattisgarh,2024-02-17,27.5,12.0,0.0,0.0
Sarguja,Chhattisgarh,2024-02-18,28.1,13.9,0.0,0.0
Sarguja,Chhattisgarh,2024-02-19,29.1,15.5,0.1,0.1
Sarguja,Chhattisgarh,2024-02-20,30.2,15.7,0.0,0.0
Sarguja,Chhattisgarh,2024-02-21,29.6,15.8,0.0,0.0
Sarguja,Chhattisgarh,2024-02-22,28.7,15.9,0.1,0.1
Sarguja,Chhattisgarh,2024-02-23,24.5,13.7,0.0,0.0
Sarguja,Chhattisgarh,2024-02-24,26.2,12.8,0.2,0.2
Sarguja,Chhattisgarh,2024-02-25,26.6,14.4,2.0,2.0
Sarguja,Chhattisgarh,2024-02-26,27.6,15.1,0.0,0.0
Sarguja,Chhattisgarh,2024-02-27,29.2,15.1,5.1,5.1
Sarguja,Chhattisgarh,2024-02-28,27.0,15.3,0.3,0.3
Sarguja,Chhattisgarh,2024-02-29,27.7,12.7,0.0,0.0
Sarguja,Chhattisgarh,2024-03-01,29.2,14.1,0.0,0.0
Sarguja,Chhattisgarh,2024-03-02,30.2,15.6,0.0,0.0
Sarguja,Chhattisgarh,2024-03-03,25.5,17.9,4.6,4.6
Sarguja,Chhattisgarh,2024-03-04,27.9,17.7,2.0,2.0
Sarguja,Chhattisgarh,2024-03-05,27.2,14.6,0.0,0.0
Sarguja,Chhattisgarh,2024-03-06,28.0,12.1,0.0,0.0
Sarguja,Chhattisgarh,2024-03-07,28.3,15.8,0.0,0.0
Sarguja,Chhattisgarh,2024-03-08,27.5,14.3,0.0,0.0
Sarguja,Chhattisgarh,2024-03-09,28.1,13.3,0.0,0.0
Sarguja,Chhattisgarh,2024-03-10,29.8,13.5,0.0,0.0
Sarguja,Chhattisgarh,2024-03-11,32.3,15.6,0.0,0.0
Sarguja,Chhattisgarh,2024-03-12,31.3,16.7,0.0,0.0
Sarguja,Chhattisgarh,2024-03-13,32.7,16.3,0.0,0.0
Sarguja,Chhattisgarh,2024-03-14,31.9,16.9,0.0,0.0
Sarguja,Chhattisgarh,2024-03-15,32.5,16.2,0.0,0.0
Sarguja,Chhattisgarh,2024-03-16,31.7,18.8,0.0,0.0
Sarguja,Chhattisgarh,2024-03-17,30.7,19.1,2.5,2.5
Sarguja,Chhattisgarh,2024-03-18,29.7,18.7,15.9,15.9
Sarguja,Chhattisgarh,2024-03-19,26.4,16.3,1.6,1.6
Sarguja,Chhattisgarh,2024-03-20,26.6,14.4,14.7,14.7
Sarguja,Chhattisgarh,2024-03-21,27.6,12.7,0.0,0.0
Sarguja,Chhattisgarh,2024-03-22,28.3,13.8,0.0,0.0
Sarguja,Chhattisgarh,2024-03-23,31.9,15.5,0.0,0.0
Sarguja,Chhattisgarh,2024-03-24,33.0,16.8,0.0,0.0
Sarguja,Chhattisgarh,2024-03-25,32.0,19.1,0.8,0.8
Sarguja,Chhattisgarh,2024-03-26,32.7,18.3,0.0,0.0
Sarguja,Chhattisgarh,2024-03-27,33.6,18.4,0.0,0.0
Sarguja,Chhattisgarh,2024-03-28,35.3,19.4,0.0,0.0
Sarguja,Chhattisgarh,2024-03-29,35.9,18.0,0.0,0.0
Sarguja,Chhattisgarh,2024-03-30,34.7,21.4,0.6,0.6
Sarguja,Chhattisgarh,2024-03-31,34.0,20.6,0.0,0.0
Sarguja,Chhattisgarh,2024-04-01,34.9,20.8,0.0,0.0
Sarguja,Chhattisgarh,2024-04-02,34.0,19.7,0.0,0.0
Sarguja,Chhattisgarh,2024-04-03,34.7,19.8,0.0,0.0
Sarguja,Chhattisgarh,2024-04-04,37.0,21.3,0.0,0.0
Sarguja,Chhattisgarh,2024-04-05,35.7,22.0,0.0,0.0
Sarguja,Chhattisgarh,2024-04-06,35.5,21.7,0.0,0.0
Sarguja,Chhattisgarh,2024-04-07,30.5,19.6,5.1,5.1
Sarguja,Chhattisgarh,2024-04-08,29.3,20.0,1.5,1.5
Sarguja,Chhattisgarh,2024-04-09,30.5,17.1,0.0,0.0
Sarguja,Chhattisgarh,2024-04-10,31.8,20.1,0.3,0.3
Sarguja,Chhattisgarh,2024-04-11,30.0,18.8,0.6,0.6
Sarguja,Chhattisgarh,2024-04-12,31.0,18.6,0.0,0.0
Sarguja,Chhattisgarh,2024-04-13,32.0,18.1,0.0,0.0
Sarguja,Chhattisgarh,2024-04-14,32.8,21.2,0.2,0.2
Sarguja,Chhattisgarh,2024-04-15,34.9,21.3,0.0,0.0
Sarguja,Chhattisgarh,2024-04-16,35.3,21.4,0.0,0.0
Sarguja,Chhattisgarh,2024-04-17,35.8,21.9,0.0,0.0
Sarguja,Chhattisgarh,2024-04-18,36.0,22.0,0.0,0.0
Sarguja,Chhattisgarh,2024-04-19,38.3,21.5,0.0,0.0
Sarguja,Chhattisgarh,2024-04-20,38.2,24.3,0.0,0.0
Sarguja,Chhattisgarh,2024-04-21,37.9,23.7,0.0,0.0
Sarguja,Chhattisgarh,2024-04-22,31.6,21.9,4.1,4.1
Sarguja,Chhattisgarh,2024-04-23,35.1,21.5,0.0,0.0
Sarguja,Chhattisgarh,2024-04-24,35.5,22.7,0.0,0.0
Sarguja,Chhattisgarh,2024-04-25,36.3,21.5,0.0,0.0
Sarguja,Chhattisgarh,2024-04-26,37.3,21.0,0.0,0.0
Sarguja,Chhattisgarh,2024-04-27,37.8,22.5,0.0,0.0
Sarguja,Chhattisgarh,2024-04-28,36.1,22.9,0.0,0.0
Sarguja,Chhattisgarh,2024-04-29,37.7,24.3,0.0,0.0
Sarguja,Chhattisgarh,2024-04-30,38.6,24.7,0.0,0.0
Sarguja,Chhattisgarh,2024-05-01,37.3,23.3,0.0,0.0
Sarguja,Chhattisgarh,2024-05-02,35.9,20.9,0.0,0.0
Sarguja,Chhattisgarh,2024-05-03,35.3,19.1,0.0,0.0
Sarguja,Chhattisgarh,2024-05-04,36.6,20.1,0.0,0.0
Sarguja,Chhattisgarh,2024-05-05,38.5,21.6,0.0,0.0
Sarguja,Chhattisgarh,2024-05-06,39.3,24.2,0.0,0.0
Sarguja,Chhattisgarh,2024-05-07,36.1,23.2,0.5,0.5
Sarguja,Chhattisgarh,2024-05-08,34.2,23.1,0.1,0.1
Sarguja,Chhattisgarh,2024-05-09,33.4,21.9,7.1,7.1
Sarguja,Chhattisgarh,2024-05-10,35.4,23.0,1.8,1.8
Sarguja,Chhattisgarh,2024-05-11,37.1,23.1,0.1,0.1
Sarguja,Chhattisgarh,2024-05-12,36.3,23.2,0.0,0.0
Sarguja,Chhattisgarh,2024-05-13,33.4,26.0,0.1,0.1
Sarguja,Chhattisgarh,2024-05-14,36.6,23.3,0.0,0.0
Sarguja,Chhattisgarh,2024-05-15,36.4,23.0,0.0,0.0
Sarguja,Chhattisgarh,2024-05-16,35.3,23.7,0.0,0.0
Sarguja,Chhattisgarh,2024-05-17,33.9,24.3,0.1,0.1
Sarguja,Chhattisgarh,2024-05-18,34.8,25.3,0.6,0.6
Sarguja,Chhattisgarh,2024-05-19,37.0,24.2,0.4,0.4
Sarguja,Chhattisgarh,2024-05-20,38.3,25.1,0.0,0.0
Sarguja,Chhattisgarh,2024-05-21,38.4,25.8,0.0,0.0
Sarguja,Chhattisgarh,2024-05-22,36.4,24.7,0.0,0.0
Sarguja,Chhattisgarh,2024-05-23,35.2,24.6,0.8,0.8
Sarguja,Chhattisgarh,2024-05-24,35.2,25.0,0.2,0.2
Sarguja,Chhattisgarh,2024-05-25,36.5,26.1,0.2,0.2
Sarguja,Chhattisgarh,2024-05-26,38.1,25.4,0.0,0.0
Sarguja,Chhattisgarh,2024-05-27,38.4,25.9,0.1,0.1
Sarguja,Chhattisgarh,2024-05-28,42.6,27.0,0.0,0.0
Sarguja,Chhattisgarh,2024-05-29,41.4,26.3,0.0,0.0
Sarguja,Chhattisgarh,2024-05-30,41.1,30.0,0.0,0.0
Sarguja,Chhattisgarh,2024-05-31,41.2,29.5,0.0,0.0
Sarguja,Chhattisgarh,2024-06-01,38.7,27.6,1.4,1.4
Sarguja,Chhattisgarh,2024-06-02,37.8,26.8,0.2,0.2
Sarguja,Chhattisgarh,2024-06-03,36.1,25.6,0.6,0.6
Sarguja,Chhattisgarh,2024-06-04,38.8,26.7,0.0,0.0
Sarguja,Chhattisgarh,2024-06-05,38.5,26.6,0.0,0.0
Sarguja,Chhattisgarh,2024-06-06,37.8,27.1,0.3,0.3
Sarguja,Chhattisgarh,2024-06-07,37.9,25.3,0.0,0.0
Sarguja,Chhattisgarh,2024-06-08,38.0,27.0,0.1,0.1
Sarguja,Chhattisgarh,2024-06-09,37.5,26.9,0.1,0.1
Sarguja,Chhattisgarh,2024-06-10,36.6,27.5,4.7,4.7
Sarguja,Chhattisgarh,2024-06-11,39.4,26.6,0.0,0.0
Sarguja,Chhattisgarh,2024-06-12,40.0,28.1,0.0,0.0
Sarguja,Chhattisgarh,2024-06-13,39.9,27.6,0.0,0.0
Sarguja,Chhattisgarh,2024-06-14,38.5,28.7,0.0,0.0
Sarguja,Chhattisgarh,2024-06-15,39.8,27.8,0.5,0.5
Sarguja,Chhattisgarh,2024-06-16,37.4,26.0,0.0,0.0
Sarguja,Chhattisgarh,2024-06-17,36.2,27.5,1.3,1.3
Sarguja,Chhattisgarh,2024-06-18,37.3,27.1,5.3,5.3
Sarguja,Chhattisgarh,2024-06-19,35.2,26.3,0.4,0.4
Sarguja,Chhattisgarh,2024-06-20,33.1,24.4,8.3,8.3
Sarguja,Chhattisgarh,2024-06-21,32.5,24.3,2.6,2.6
Sarguja,Chhattisgarh,2024-06-22,33.1,23.6,13.4,13.4
Sarguja,Chhattisgarh,2024-06-23,31.5,23.8,2.5,2.5
Sarguja,Chhattisgarh,2024-06-24,33.0,24.5,6.8,6.8
Sarguja,Chhattisgarh,2024-06-25,33.4,25.4,5.4,5.4
Sarguja,Chhattisgarh,2024-06-26,33.6,24.9,4.7,4.7
Sarguja,Chhattisgarh,2024-06-27,32.6,25.1,5.3,5.3
Sarguja,Chhattisgarh,2024-06-28,29.1,24.3,39.6,39.6
Sarguja,Chhattisgarh,2024-06-29,30.6,23.7,29.2,29.2
Sarguja,Chhattisgarh,2024-06-30,28.4,23.6,31.8,31.8
Sarguja,Chhattisgarh,2024-07-01,27.7,23.4,5.9,5.9
Sarguja,Chhattisgarh,2024-07-02,27.1,23.2,49.4,49.4
Sarguja,Chhattisgarh,2024-07-03,28.6,22.9,10.8,10.8
Sarguja,Chhattisgarh,2024-07-04,29.0,23.2,18.2,18.2
Sarguja,Chhattisgarh,2024-07-05,28.7,23.5,14.9,14.9
Sarguja,Chhattisgarh,2024-07-06,29.7,23.7,4.5,4.5
Sarguja,Chhattisgarh,2024-07-07,30.8,24.1,17.8,17.8
Sarguja,Chhattisgarh,2024-07-08,29.9,23.6,4.3,4.3
Sarguja,Chhattisgarh,2024-07-09,31.2,24.3,3.1,3.1
Sarguja,Chhattisgarh,2024-07-10,30.5,23.6,4.5,4.5
Sarguja,Chhattisgarh,2024-07-11,31.1,24.6,7.1,7.1
Sarguja,Chhattisgarh,2024-07-12,27.8,23.8,24.3,24.3
Sarguja,Chhattisgarh,2024-07-13,29.6,23.4,4.3,4.3
Sarguja,Chhattisgarh,2024-07-14,29.7,23.2,18.4,18.4
Sarguja,Chhattisgarh,2024-07-15,32.3,24.4,0.6,0.6
Sarguja,Chhattisgarh,2024-07-16,30.9,24.2,0.7,0.7
Sarguja,Chhattisgarh,2024-07-17,31.2,24.5,2.4,2.4
Sarguja,Chhattisgarh,2024-07-18,32.0,24.5,5.7,5.7
Sarguja,Chhattisgarh,2024-07-19,32.1,24.8,0.9,0.9
Sarguja,Chhattisgarh,2024-07-20,32.3,25.0,2.4,2.4
Sarguja,Chhattisgarh,2024-07-21,30.0,25.2,7.9,7.9
Sarguja,Chhattisgarh,2024-07-22,31.8,24.9,5.2,5.2
Sarguja,Chhattisgarh,2024-07-23,28.5,24.3,25.5,25.5
Sarguja,Chhattisgarh,2024-07-24,28.1,23.8,27.4,27.4
Sarguja,Chhattisgarh,2024-07-25,29.4,23.7,10.1,10.1
Sarguja,Chhattisgarh,2024-07-26,30.8,24.0,14.7,14.7
Sarguja,Chhattisgarh,2024-07-27,30.2,23.4,61.9,61.9
Sarguja,Chhattisgarh,2024-07-28,30.0,24.4,0.0,0.0
Sarguja,Chhattisgarh,2024-07-29,30.6,23.5,1.1,1.1
Sarguja,Chhattisgarh,2024-07-30,29.3,23.6,8.8,8.8
Sarguja,Chhattisgarh,2024-07-31,28.9,23.5,24.1,24.1
Sarguja,Chhattisgarh,2024-08-01,28.7,22.7,30.9,30.9
Sarguja,Chhattisgarh,2024-08-02,24.5,23.2,60.3,60.3
Sarguja,Chhattisgarh,2024-08-03,25.0,22.7,58.0,58.0
Sarguja,Chhattisgarh,2024-08-04,28.3,23.3,14.1,14.1
Sarguja,Chhattisgarh,2024-08-05,29.0,23.2,21.7,21.7
Sarguja,Chhattisgarh,2024-08-06,27.4,23.0,36.3,36.3
Sarguja,Chhattisgarh,2024-08-07,28.0,23.1,39.2,39.2
Sarguja,Chhattisgarh,2024-08-08,28.2,22.4,53.7,53.7
Sarguja,Chhattisgarh,2024-08-09,27.4,22.9,19.8,19.8
Sarguja,Chhattisgarh,2024-08-10,28.9,22.8,10.5,10.5
Sarguja,Chhattisgarh,2024-08-11,28.7,22.6,24.2,24.2
Sarguja,Chhattisgarh,2024-08-12,28.3,22.6,17.0,17.0
Sarguja,Chhattisgarh,2024-08-13,29.1,23.1,8.9,8.9
Sarguja,Chhattisgarh,2024-08-14,28.5,23.8,18.7,18.7
Sarguja,Chhattisgarh,2024-08-15,28.6,23.0,24.8,24.8
Sarguja,Chhattisgarh,2024-08-16,29.3,22.7,31.1,31.1
Sarguja,Chhattisgarh,2024-08-17,30.1,22.5,6.3,6.3
Sarguja,Chhattisgarh,2024-08-18,29.4,22.2,8.7,8.7
Sarguja,Chhattisgarh,2024-08-19,29.3,22.7,16.7,16.7
Sarguja,Chhattisgarh,2024-08-20,29.8,22.9,16.9,16.9
Sarguja,Chhattisgarh,2024-08-21,29.2,22.5,12.6,12.6
Sarguja,Chhattisgarh,2024-08-22,29.2,22.7,13.7,13.7
Sarguja,Chhattisgarh,2024-08-23,28.1,22.6,43.1,43.1
Sarguja,Chhattisgarh,2024-08-24,27.1,22.5,66.6,66.6
Sarguja,Chhattisgarh,2024-08-25,27.7,22.7,6.9,6.9
Sarguja,Chhattisgarh,2024-08-26,28.2,22.3,4.4,4.4
Sarguja,Chhattisgarh,2024-08-27,27.5,21.8,36.7,36.7
Sarguja,Chhattisgarh,2024-08-28,26.9,22.5,2.9,2.9
Sarguja,Chhattisgarh,2024-08-29,28.9,21.6,7.7,7.7
Sarguja,Chhattisgarh,2024-08-30,30.4,21.4,1.3,1.3
Sarguja,Chhattisgarh,2024-08-31,30.9,22.8,5.2,5.2
Sarguja,Chhattisgarh,2024-09-01,30.7,23.0,0.2,0.2
Sarguja,Chhattisgarh,2024-09-02,29.1,23.8,0.9,0.9
Sarguja,Chhattisgarh,2024-09-03,30.2,23.2,0.0,0.0
Sarguja,Chhattisgarh,2024-09-04,29.6,23.1,1.3,1.3
Sarguja,Chhattisgarh,2024-09-05,28.6,21.7,32.5,32.5
Sarguja,Chhattisgarh,2024-09-06,29.6,22.7,8.5,8.5
Sarguja,Chhattisgarh,2024-09-07,30.8,22.5,7.7,7.7
Sarguja,Chhattisgarh,2024-09-08,29.1,22.4,8.8,8.8
Sarguja,Chhattisgarh,2024-09-09,30.2,22.8,22.7,22.7
Sarguja,Chhattisgarh,2024-09-10,28.7,23.8,2.5,2.5
Sarguja,Chhattisgarh,2024-09-11,29.0,24.0,4.0,4.0
Sarguja,Chhattisgarh,2024-09-12,29.0,23.2,9.2,9.2
Sarguja,Chhattisgarh,2024-09-13,28.7,22.2,19.8,19.8
Sarguja,Chhattisgarh,2024-09-14,28.1,22.2,2.3,2.3
Sarguja,Chhattisgarh,2024-09-15,25.6,22.5,14.0,14.0
Sarguja,Chhattisgarh,2024-09-16,24.1,22.1,25.2,25.2
Sarguja,Chhattisgarh,2024-09-17,27.4,22.2,17.8,17.8
Sarguja,Chhattisgarh,2024-09-18,28.3,22.6,3.8,3.8
Sarguja,Chhattisgarh,2024-09-19,29.6,21.2,0.4,0.4
Sarguja,Chhattisgarh,2024-09-20,30.2,22.1,3.4,3.4
Sarguja,Chhattisgarh,2024-09-21,30.3,22.2,0.9,0.9
Sarguja,Chhattisgarh,2024-09-22,30.4,21.7,8.1,8.1
Sarguja,Chhattisgarh,2024-09-23,31.0,22.7,0.3,0.3
Sarguja,Chhattisgarh,2024-09-24,29.6,23.5,7.6,7.6
Sarguja,Chhattisgarh,2024-09-25,26.9,22.6,35.1,35.1
Sarguja,Chhattisgarh,2024-09-26,27.5,22.2,16.5,16.5
Sarguja,Chhattisgarh,2024-09-27,27.3,23.5,18.4,18.4
Sarguja,Chhattisgarh,2024-09-28,29.2,23.2,1.7,1.7
Sarguja,Chhattisgarh,2024-09-29,29.8,22.3,2.3,2.3
Sarguja,Chhattisgarh,2024-09-30,30.2,22.8,0.9,0.9
Sarguja,Chhattisgarh,2024-10-01,29.5,22.5,2.5,2.5
Sarguja,Chhattisgarh,2024-10-02,30.2,21.4,0.7,0.7
Sarguja,Chhattisgarh,2024-10-03,29.9,22.0,2.0,2.0
Sarguja,Chhattisgarh,2024-10-04,30.8,20.5,0.0,0.0
Sarguja,Chhattisgarh,2024-10-05,29.5,21.6,0.1,0.1
Sarguja,Chhattisgarh,2024-10-06,29.2,20.4,0.8,0.8
Sarguja,Chhattisgarh,2024-10-07,29.3,20.6,0.8,0.8
Sarguja,Chhattisgarh,2024-10-08,29.0,21.3,5.5,5.5
Sarguja,Chhattisgarh,2024-10-09,27.9,21.2,4.6,4.6
Sarguja,Chhattisgarh,2024-10-10,29.3,20.8,3.2,3.2
Sarguja,Chhattisgarh,2024-10-11,29.8,20.4,0.3,0.3
Sarguja,Chhattisgarh,2024-10-12,29.7,20.6,0.0,0.0
Sarguja,Chhattisgarh,2024-10-13,29.0,21.2,3.5,3.5
Sarguja,Chhattisgarh,2024-10-14,29.5,20.8,7.4,7.4
Sarguja,Chhattisgarh,2024-10-15,28.8,20.3,0.7,0.7
Sarguja,Chhattisgarh,2024-10-16,29.1,21.3,2.1,2.1
Sarguja,Chhattisgarh,2024-10-17,28.8,21.2,1.2,1.2
Sarguja,Chhattisgarh,2024-10-18,29.1,21.0,0.5,0.5
Sarguja,Chhattisgarh,2024-10-19,29.5,19.2,0.0,0.0
Sarguja,Chhattisgarh,2024-10-20,29.1,19.5,0.0,0.0
Sarguja,Chhattisgarh,2024-10-21,29.4,19.6,0.0,0.0
Sarguja,Chhattisgarh,2024-10-22,28.7,17.8,0.0,0.0
Sarguja,Chhattisgarh,2024-10-23,28.4,17.2,0.1,0.1
Sarguja,Chhattisgarh,2024-10-24,27.3,18.5,1.6,1.6
Sarguja,Chhattisgarh,2024-10-25,25.3,19.8,0.6,0.6
Sarguja,Chhattisgarh,2024-10-26,25.8,19.7,0.0,0.0
Sarguja,Chhattisgarh,2024-10-27,26.6,20.5,3.0,3.0
Sarguja,Chhattisgarh,2024-10-28,28.3,19.9,0.7,0.7
Sarguja,Chhattisgarh,2024-10-29,28.4,20.1,1.2,1.2
Sarguja,Chhattisgarh,2024-10-30,29.1,20.0,1.0,1.0
Sarguja,Chhattisgarh,2024-10-31,29.9,19.3,0.0,0.0
Sarguja,Chhattisgarh,2024-11-01,29.9,18.7,0.0,0.0
Sarguja,Chhattisgarh,2024-11-02,28.8,18.6,0.0,0.0
Sarguja,Chhattisgarh,2024-11-03,28.1,17.5,0.0,0.0
Sarguja,Chhattisgarh,2024-11-04,26.8,16.7,0.0,0.0
Sarguja,Chhattisgarh,2024-11-05,27.8,14.8,0.0,0.0
Sarguja,Chhattisgarh,2024-11-06,28.1,16.2,0.0,0.0
Sarguja,Chhattisgarh,2024-11-07,28.0,16.2,0.0,0.0
Sarguja,Chhattisgarh,2024-11-08,28.1,18.1,0.0,0.0
Sarguja,Chhattisgarh,2024-11-09,28.0,19.3,0.0,0.0
Sarguja,Chhattisgarh,2024-11-10,27.6,16.5,0.0,0.0
Sarguja,Chhattisgarh,2024-11-11,27.5,15.8,0.0,0.0
Sarguja,Chhattisgarh,2024-11-12,27.1,15.9,0.0,0.0
Sarguja,Chhattisgarh,2024-11-13,27.3,16.3,0.0,0.0
Sarguja,Chhattisgarh,2024-11-14,27.2,14.8,0.0,0.0
Sarguja,Chhattisgarh,2024-11-15,25.9,15.2,0.0,0.0
Sarguja,Chhattisgarh,2024-11-16,25.7,14.3,0.0,0.0
Sarguja,Chhattisgarh,2024-11-17,25.6,14.3,0.0,0.0
Sarguja,Chhattisgarh,2024-11-18,25.2,14.5,0.0,0.0
Sarguja,Chhattisgarh,2024-11-19,24.8,13.7,0.0,0.0
Sarguja,Chhattisgarh,2024-11-20,24.5,11.8,0.0,0.0
Sarguja,Chhattisgarh,2024-11-21,24.0,13.2,0.0,0.0
Sarguja,Chhattisgarh,2024-11-22,23.9,11.3,0.0,0.0
Sarguja,Chhattisgarh,2024-11-23,23.9,11.1,0.0,0.0
Sarguja,Chhattisgarh,2024-11-24,23.6,11.8,0.0,0.0
Sarguja,Chhattisgarh,2024-11-25,24.5,12.1,0.0,0.0
Sarguja,Chhattisgarh,2024-11-26,24.4,11.2,0.0,0.0
Sarguja,Chhattisgarh,2024-11-27,23.4,12.0,0.0,0.0
Sarguja,Chhattisgarh,2024-11-28,23.7,11.0,0.0,0.0
Sarguja,Chhattisgarh,2024-11-29,24.5,10.7,0.0,0.0
Sarguja,Chhattisgarh,2024-11-30,26.1,11.1,0.0,0.0
Sarguja,Chhattisgarh,2024-12-01,23.8,14.0,0.5,0.5
Sarguja,Chhattisgarh,2024-12-02,24.2,15.6,0.1,0.1
Sarguja,Chhattisgarh,2024-12-03,26.2,15.8,0.0,0.0
Sarguja,Chhattisgarh,2024-12-04,26.7,14.3,0.0,0.0
Sarguja,Chhattisgarh,2024-12-05,25.8,14.5,0.0,0.0
Sarguja,Chhattisgarh,2024-12-06,24.2,12.9,0.0,0.0
Sarguja,Chhattisgarh,2024-12-07,23.9,11.9,0.0,0.0
Sarguja,Chhattisgarh,2024-12-08,24.3,12.2,0.1,0.1
Sarguja,Chhattisgarh,2024-12-09,25.1,14.5,2.7,2.7
Sarguja,Chhattisgarh,2024-12-10,21.9,11.7,0.0,0.0
Sarguja,Chhattisgarh,2024-12-11,21.7,9.3,0.0,0.0
Sarguja,Chhattisgarh,2024-12-12,22.8,9.1,0.0,0.0
Sarguja,Chhattisgarh,2024-12-13,21.3,8.6,0.0,0.0
Sarguja,Chhattisgarh,2024-12-14,21.4,7.4,0.0,0.0
Sarguja,Chhattisgarh,2024-12-15,21.4,7.3,0.0,0.0
Sarguja,Chhattisgarh,2024-12-16,22.2,7.6,0.0,0.0
Sarguja,Chhattisgarh,2024-12-17,23.3,7.3,0.0,0.0
Sarguja,Chhattisgarh,2024-12-18,23.6,9.8,0.0,0.0
Sarguja,Chhattisgarh,2024-12-19,25.7,9.1,0.0,0.0
Sarguja,Chhattisgarh,2024-12-20,25.1,10.1,0.0,0.0
Sarguja,Chhattisgarh,2024-12-21,23.6,14.4,13.9,13.9
Sarguja,Chhattisgarh,2024-12-22,24.5,11.7,0.0,0.0
Sarguja,Chhattisgarh,2024-12-23,24.4,13.8,0.0,0.0
Sarguja,Chhattisgarh,2024-12-24,24.8,12.2,0.0,0.0
Sarguja,Chhattisgarh,2024-12-25,25.4,12.1,0.0,0.0
Sarguja,Chhattisgarh,2024-12-26,26.2,13.3,0.0,0.0
Sarguja,Chhattisgarh,2024-12-27,26.7,14.8,0.0,0.0
Sarguja,Chhattisgarh,2024-12-28,27.5,15.3,2.5,2.5
Sarguja,Chhattisgarh,2024-12-29,24.2,14.7,0.1,0.1
Sarguja,Chhattisgarh,2024-12-30,22.6,12.3,0.0,0.0
Sarguja,Chhattisgarh,2024-12-31,21.9,9.8,0.0,0.0
Ernakulam,Kerala,2023-01-01,31.1,19.4,0.0,0.0
Ernakulam,Kerala,2023-01-02,29.8,19.6,0.0,0.0
Ernakulam,Kerala,2023-01-03,29.7,18.7,0.3,0.3
Ernakulam,Kerala,2023-01-04,30.6,20.1,0.0,0.0
Ernakulam,Kerala,2023-01-05,30.1,20.2,0.0,0.0
Ernakulam,Kerala,2023-01-06,31.8,20.3,0.0,0.0
Ernakulam,Kerala,2023-01-07,30.8,21.7,0.0,0.0
Ernakulam,Kerala,2023-01-08,31.4,21.7,0.0,0.0
Ernakulam,Kerala,2023-01-09,31.9,21.2,0.0,0.0
Ernakulam,Kerala,2023-01-10,31.1,19.9,0.0,0.0
Ernakulam,Kerala,2023-01-11,30.0,19.1,0.0,0.0
Ernakulam,Kerala,2023-01-12,30.6,18.8,0.0,0.0
Ernakulam,Kerala,2023-01-13,30.3,19.1,0.0,0.0
Ernakulam,Kerala,2023-01-14,30.6,19.3,0.0,0.0
Ernakulam,Kerala,2023-01-15,30.4,20.5,0.0,0.0
Ernakulam,Kerala,2023-01-16,31.0,20.1,0.0,0.0
Ernakulam,Kerala,2023-01-17,30.5,21.4,0.0,0.0
Ernakulam,Kerala,2023-01-18,32.3,20.2,0.0,0.0
Ernakulam,Kerala,2023-01-19,31.4,20.4,0.0,0.0
Ernakulam,Kerala,2023-01-20,30.7,19.4,0.0,0.0
Ernakulam,Kerala,2023-01-21,32.1,19.0,0.0,0.0
Ernakulam,Kerala,2023-01-22,30.7,20.1,0.0,0.0
Ernakulam,Kerala,2023-01-23,32.0,21.3,0.0,0.0
Ernakulam,Kerala,2023-01-24,31.5,22.7,25.1,25.1
Ernakulam,Kerala,2023-01-25,29.8,22.1,1.2,1.2
Ernakulam,Kerala,2023-01-26,30.1,21.3,0.4,0.4
Ernakulam,Kerala,2023-01-27,29.7,21.7,0.8,0.8
Ernakulam,Kerala,2023-01-28,31.1,20.7,0.0,0.0
Ernakulam,Kerala,2023-01-29,30.2,19.8,0.0,0.0
Ernakulam,Kerala,2023-01-30,31.0,21.2,0.3,0.3
Ernakulam,Kerala,2023-01-31,30.7,22.5,2.5,2.5
Ernakulam,Kerala,2023-02-01,32.0,21.9,0.0,0.0
Ernakulam,Kerala,2023-02-02,31.3,21.8,2.1,2.1
Ernakulam,Kerala,2023-02-03,30.0,21.9,2.3,2.3
Ernakulam,Kerala,2023-02-04,31.2,22.3,3.0,3.0
Ernakulam,Kerala,2023-02-05,31.1,22.1,0.5,0.5
Ernakulam,Kerala,2023-02-06,30.7,20.6,0.0,0.0
Ernakulam,Kerala,2023-02-07,31.4,21.0,0.0,0.0
Ernakulam,Kerala,2023-02-08,32.5,21.1,0.0,0.0
Ernakulam,Kerala,2023-02-09,30.9,21.9,0.3,0.3
Ernakulam,Kerala,2023-02-10,32.8,21.7,0.0,0.0
Ernakulam,Kerala,2023-02-11,31.1,19.5,0.0,0.0
Ernakulam,Kerala,2023-02-12,31.9,20.8,0.0,0.0
Ernakulam,Kerala,2023-02-13,32.9,20.0,0.0,0.0
Ernakulam,Kerala,2023-02-14,31.4,20.0,0.0,0.0
Ernakulam,Kerala,2023-02-15,33.0,20.5,0.0,0.0
Ernakulam,Kerala,2023-02-16,32.5,20.6,0.0,0.0
Ernakulam,Kerala,2023-02-17,32.8,20.0,0.0,0.0
Ernakulam,Kerala,2023-02-18,32.3,21.1,0.0,0.0
Ernakulam,Kerala,2023-02-19,33.3,20.4,0.0,0.0
Ernakulam,Kerala,2023-02-20,32.4,21.9,0.0,0.0
Ernakulam,Kerala,2023-02-21,32.7,22.6,0.0,0.0
Ernakulam,Kerala,2023-02-22,33.5,23.0,0.3,0.3
Ernakulam,Kerala,2023-02-23,32.1,22.6,0.2,0.2
Ernakulam,Kerala,2023-02-24,32.1,20.3,0.0,0.0
Ernakulam,Kerala,2023-02-25,33.9,21.7,0.0,0.0
Ernakulam,Kerala,2023-02-26,34.3,21.6,0.0,0.0
Ernakulam,Kerala,2023-02-27,33.4,20.9,0.0,0.0
Ernakulam,Kerala,2023-02-28,32.5,19.0,0.0,0.0
Ernakulam,Kerala,2023-03-01,33.8,22.8,7.0,7.0
Ernakulam,Kerala,2023-03-02,34.4,23.1,0.0,0.0
Ernakulam,Kerala,2023-03-03,35.2,21.1,0.0,0.0
Ernakulam,Kerala,2023-03-04,34.3,20.0,0.0,0.0
Ernakulam,Kerala,2023-03-05,35.1,22.9,0.0,0.0
Ernakulam,Kerala,2023-03-06,33.9,23.8,0.0,0.0
Ernakulam,Kerala,2023-03-07,33.9,22.9,0.0,0.0
Ernakulam,Kerala,2023-03-08,34.1,22.3,0.0,0.0
Ernakulam,Kerala,2023-03-09,34.1,23.3,0.4,0.4
Ernakulam,Kerala,2023-03-10,34.7,23.5,0.1,0.1
Ernakulam,Kerala,2023-03-11,33.5,24.0,0.3,0.3
Ernakulam,Kerala,2023-03-12,34.3,23.6,0.0,0.0
Ernakulam,Kerala,2023-03-13,34.0,23.9,1.3,1.3
Ernakulam,Kerala,2023-03-14,33.6,24.8,0.6,0.6
Ernakulam,Kerala,2023-03-15,32.4,23.3,4.8,4.8
Ernakulam,Kerala,2023-03-16,33.0,23.6,2.3,2.3
Ernakulam,Kerala,2023-03-17,34.2,23.2,0.6,0.6
Ernakulam,Kerala,2023-03-18,31.8,22.7,2.3,2.3
Ernakulam,Kerala,2023-03-19,30.8,22.6,3.0,3.0
Ernakulam,Kerala,2023-03-20,31.4,23.7,2.1,2.1
Ernakulam,Kerala,2023-03-21,33.7,23.2,0.2,0.2
Ernakulam,Kerala,2023-03-22,33.6,22.7,0.0,0.0
Ernakulam,Kerala,2023-03-23,33.7,23.6,0.0,0.0
Ernakulam,Kerala,2023-03-24,33.5,24.1,4.1,4.1
Ernakulam,Kerala,2023-03-25,34.7,23.5,4.1,4.1
Ernakulam,Kerala,2023-03-26,33.7,24.3,3.4,3.4
Ernakulam,Kerala,2023-03-27,33.5,23.3,0.0,0.0
Ernakulam,Kerala,2023-03-28,34.0,24.6,0.1,0.1
Ernakulam,Kerala,2023-03-29,33.7,25.1,7.3,7.3
Ernakulam,Kerala,2023-03-30,32.6,23.1,16.2,16.2
Ernakulam,Kerala,2023-03-31,32.8,23.5,0.3,0.3
Ernakulam,Kerala,2023-04-01,32.6,23.8,2.9,2.9
Ernakulam,Kerala,2023-04-02,32.6,23.6,3.9,3.9
Ernakulam,Kerala,2023-04-03,33.0,24.8,2.4,2.4
Ernakulam,Kerala,2023-04-04,32.9,23.5,15.6,15.6
Ernakulam,Kerala,2023-04-05,32.1,23.3,10.1,10.1
Ernakulam,Kerala,2023-04-06,33.3,23.1,3.9,3.9
Ernakulam,Kerala,2023-04-07,32.6,23.9,7.8,7.8
Ernakulam,Kerala,2023-04-08,33.3,23.6,2.7,2.7
Ernakulam,Kerala,2023-04-09,32.8,24.2,3.2,3.2
Ernakulam,Kerala,2023-04-10,32.3,23.1,0.4,0.4
Ernakulam,Kerala,2023-04-11,32.4,24.6,2.8,2.8
Ernakulam,Kerala,2023-04-12,33.2,24.3,3.3,3.3
Ernakulam,Kerala,2023-04-13,33.4,24.5,0.0,0.0
Ernakulam,Kerala,2023-04-14,33.1,24.8,1.3,1.3
Ernakulam,Kerala,2023-04-15,33.7,25.4,1.0,1.0
Ernakulam,Kerala,2023-04-16,33.3,24.7,1.4,1.4
Ernakulam,Kerala,2023-04-17,33.6,25.0,1.7,1.7
Ernakulam,Kerala,2023-04-18,33.8,24.9,1.4,1.4
Ernakulam,Kerala,2023-04-19,33.7,25.4,1.5,1.5
Ernakulam,Kerala,2023-04-20,33.3,24.9,4.8,4.8
Ernakulam,Kerala,2023-04-21,32.4,25.2,1.3,1.3
Ernakulam,Kerala,2023-04-22,32.7,24.3,16.9,16.9
Ernakulam,Kerala,2023-04-23,33.4,24.0,1.7,1.7
Ernakulam,Kerala,2023-04-24,33.9,26.1,2.2,2.2
Ernakulam,Kerala,2023-04-25,32.1,24.3,17.6,17.6
Ernakulam,Kerala,2023-04-26,31.8,23.7,25.1,25.1
Ernakulam,Kerala,2023-04-27,32.9,24.1,2.8,2.8
Ernakulam,Kerala,2023-04-28,31.7,24.5,11.6,11.6
Ernakulam,Kerala,2023-04-29,31.2,23.4,39.5,39.5
Ernakulam,Kerala,2023-04-30,31.4,23.7,22.2,22.2
Ernakulam,Kerala,2023-05-01,30.7,23.7,24.0,24.0
Ernakulam,Kerala,2023-05-02,30.7,23.8,14.1,14.1
Ernakulam,Kerala,2023-05-03,30.4,23.7,7.3,7.3
Ernakulam,Kerala,2023-05-04,31.7,24.5,0.1,0.1
Ernakulam,Kerala,2023-05-05,29.9,24.6,2.4,2.4
Ernakulam,Kerala,2023-05-06,31.2,24.7,2.4,2.4
Ernakulam,Kerala,2023-05-07,29.4,23.7,1.8,1.8
Ernakulam,Kerala,2023-05-08,31.5,24.9,3.4,3.4
Ernakulam,Kerala,2023-05-09,31.6,24.3,13.1,13.1
Ernakulam,Kerala,2023-05-10,31.9,23.9,8.8,8.8
Ernakulam,Kerala,2023-05-11,30.0,23.1,15.4,15.4
Ernakulam,Kerala,2023-05-12,31.4,24.1,7.5,7.5
Ernakulam,Kerala,2023-05-13,31.1,25.5,7.2,7.2
Ernakulam,Kerala,2023-05-14,31.3,25.0,8.9,8.9
Ernakulam,Kerala,2023-05-15,31.3,25.5,1.5,1.5
Ernakulam,Kerala,2023-05-16,32.3,25.6,2.2,2.2
Ernakulam,Kerala,2023-05-17,32.6,25.6,3.0,3.0
Ernakulam,Kerala,2023-05-18,33.1,26.0,4.7,4.7
Ernakulam,Kerala,2023-05-19,30.2,25.5,12.9,12.9
Ernakulam,Kerala,2023-05-20,31.2,24.8,1.4,1.4
Ernakulam,Kerala,2023-05-21,31.4,24.4,8.7,8.7
Ernakulam,Kerala,2023-05-22,31.9,24.6,6.2,6.2
Ernakulam,Kerala,2023-05-23,31.7,24.4,9.9,9.9
Ernakulam,Kerala,2023-05-24,31.1,24.4,6.4,6.4
Ernakulam,Kerala,2023-05-25,30.8,24.6,1.9,1.9
Ernakulam,Kerala,2023-05-26,30.5,24.3,5.9,5.9
Ernakulam,Kerala,2023-05-27,30.7,24.2,1.5,1.5
Ernakulam,Kerala,2023-05-28,31.1,24.3,19.6,19.6
Ernakulam,Kerala,2023-05-29,31.1,25.0,10.0,10.0
Ernakulam,Kerala,2023-05-30,32.0,24.8,1.8,1.8
Ernakulam,Kerala,2023-05-31,30.9,24.7,12.7,12.7
Ernakulam,Kerala,2023-06-01,29.3,24.4,17.1,17.1
Ernakulam,Kerala,2023-06-02,31.3,24.9,6.9,6.9
Ernakulam,Kerala,2023-06-03,31.8,24.2,24.0,24.0
Ernakulam,Kerala,2023-06-04,30.8,24.0,9.7,9.7
Ernakulam,Kerala,2023-06-05,30.8,24.6,12.9,12.9
Ernakulam,Kerala,2023-06-06,30.8,23.2,5.1,5.1
Ernakulam,Kerala,2023-06-07,29.2,23.0,28.1,28.1
Ernakulam,Kerala,2023-06-08,30.1,24.3,5.2,5.2
Ernakulam,Kerala,2023-06-09,29.7,23.9,20.1,20.1
Ernakulam,Kerala,2023-06-10,30.1,22.9,15.4,15.4
Ernakulam,Kerala,2023-06-11,30.9,24.0,22.1,22.1
Ernakulam,Kerala,2023-06-12,27.7,24.3,35.6,35.6
Ernakulam,Kerala,2023-06-13,28.5,24.0,7.1,7.1
Ernakulam,Kerala,2023-06-14,29.3,23.8,7.6,7.6
Ernakulam,Kerala,2023-06-15,30.6,24.9,1.2,1.2
Ernakulam,Kerala,2023-06-16,30.4,24.7,4.6,4.6
Ernakulam,Kerala,2023-06-17,29.0,24.1,7.4,7.4
Ernakulam,Kerala,2023-06-18,29.5,23.7,6.8,6.8
Ernakulam,Kerala,2023-06-19,28.4,23.4,9.2,9.2
Ernakulam,Kerala,2023-06-20,28.3,24.0,10.2,10.2
Ernakulam,Kerala,2023-06-21,30.1,24.2,4.8,4.8
Ernakulam,Kerala,2023-06-22,29.5,24.0,7.0,7.0
Ernakulam,Kerala,2023-06-23,28.8,23.7,10.7,10.7
Ernakulam,Kerala,2023-06-24,30.6,23.2,1.6,1.6
Ernakulam,Kerala,2023-06-25,28.6,23.7,46.7,46.7
Ernakulam,Kerala,2023-06-26,28.9,23.8,13.9,13.9
Ernakulam,Kerala,2023-06-27,27.0,23.6,48.4,48.4
Ernakulam,Kerala,2023-06-28,30.2,23.1,10.2,10.2
Ernakulam,Kerala,2023-06-29,28.5,22.8,27.5,27.5
Ernakulam,Kerala,2023-06-30,29.3,23.7,7.9,7.9
Ernakulam,Kerala,2023-07-01,30.2,23.7,3.7,3.7
Ernakulam,Kerala,2023-07-02,28.2,23.1,29.9,29.9
Ernakulam,Kerala,2023-07-03,27.2,22.9,38.2,38.2
Ernakulam,Kerala,2023-07-04,26.3,22.7,81.9,81.9
Ernakulam,Kerala,2023-07-05,25.5,24.1,87.6,87.6
Ernakulam,Kerala,2023-07-06,25.4,23.2,73.4,73.4
Ernakulam,Kerala,2023-07-07,26.6,23.4,36.9,36.9
Ernakulam,Kerala,2023-07-08,25.8,23.3,55.1,55.1
Ernakulam,Kerala,2023-07-09,29.7,23.0,2.5,2.5
Ernakulam,Kerala,2023-07-10,28.9,23.7,7.0,7.0
Ernakulam,Kerala,2023-07-11,28.0,23.1,10.2,10.2
Ernakulam,Kerala,2023-07-12,29.3,23.4,7.1,7.1
Ernakulam,Kerala,2023-07-13,27.8,23.4,29.5,29.5
Ernakulam,Kerala,2023-07-14,27.9,23.1,12.4,12.4
Ernakulam,Kerala,2023-07-15,29.0,24.0,4.8,4.8
Ernakulam,Kerala,2023-07-16,28.9,24.4,11.0,11.0
Ernakulam,Kerala,2023-07-17,28.4,23.9,5.4,5.4
Ernakulam,Kerala,2023-07-18,28.1,23.3,15.2,15.2
Ernakulam,Kerala,2023-07-19,28.5,23.4,18.8,18.8
Ernakulam,Kerala,2023-07-20,30.0,23.0,10.1,10.1
Ernakulam,Kerala,2023-07-21,29.2,23.7,7.7,7.7
Ernakulam,Kerala,2023-07-22,29.3,23.3,28.8,28.8
Ernakulam,Kerala,2023-07-23,26.6,23.3,27.4,27.4
Ernakulam,Kerala,2023-07-24,27.4,23.1,24.2,24.2
Ernakulam,Kerala,2023-07-25,27.9,22.7,4.4,4.4
Ernakulam,Kerala,2023-07-26,28.7,22.5,14.3,14.3
Ernakulam,Kerala,2023-07-27,29.9,23.0,5.8,5.8
Ernakulam,Kerala,2023-07-28,29.6,23.2,1.2,1.2
Ernakulam,Kerala,2023-07-29,30.1,23.7,1.2,1.2
Ernakulam,Kerala,2023-07-30,29.4,23.6,1.7,1.7
Ernakulam,Kerala,2023-07-31,29.2,23.8,4.0,4.0
Ernakulam,Kerala,2023-08-01,29.7,23.5,2.4,2.4
Ernakulam,Kerala,2023-08-02,29.4,24.0,2.4,2.4
Ernakulam,Kerala,2023-08-03,29.8,24.2,4.0,4.0
Ernakulam,Kerala,2023-08-04,29.5,23.4,6.3,6.3
Ernakulam,Kerala,2023-08-05,30.4,23.5,3.4,3.4
Ernakulam,Kerala,2023-08-06,29.4,23.8,3.3,3.3
Ernakulam,Kerala,2023-08-07,29.8,24.1,3.7,3.7
Ernakulam,Kerala,2023-08-08,28.9,23.7,8.7,8.7
Ernakulam,Kerala,2023-08-09,30.4,23.4,1.1,1.1
Ernakulam,Kerala,2023-08-10,30.0,24.6,3.8,3.8
Ernakulam,Kerala,2023-08-11,30.6,24.4,5.8,5.8
Ernakulam,Kerala,2023-08-12,28.7,23.0,6.5,6.5
Ernakulam,Kerala,2023-08-13,28.8,24.1,5.9,5.9
Ernakulam,Kerala,2023-08-14,29.3,23.9,1.1,1.1
Ernakulam,Kerala,2023-08-15,30.1,23.2,2.2,2.2
Ernakulam,Kerala,2023-08-16,29.8,22.5,0.6,0.6
Ernakulam,Kerala,2023-08-17,29.4,23.8,3.2,3.2
Ernakulam,Kerala,2023-08-18,29.6,23.6,6.8,6.8
Ernakulam,Kerala,2023-08-19,29.1,23.1,3.0,3.0
Ernakulam,Kerala,2023-08-20,29.8,24.0,2.1,2.1
Ernakulam,Kerala,2023-08-21,30.4,24.0,0.9,0.9
Ernakulam,Kerala,2023-08-22,31.3,24.3,1.6,1.6
Ernakulam,Kerala,2023-08-23,31.0,24.6,0.8,0.8
Ernakulam,Kerala,2023-08-24,30.9,23.8,1.0,1.0
Ernakulam,Kerala,2023-08-25,30.8,23.9,1.8,1.8
Ernakulam,Kerala,2023-08-26,30.5,23.6,1.4,1.4
Ernakulam,Kerala,2023-08-27,30.6,24.6,1.4,1.4
Ernakulam,Kerala,2023-08-28,30.9,24.2,10.7,10.7
Ernakulam,Kerala,2023-08-29,30.5,22.8,32.5,32.5
Ernakulam,Kerala,2023-08-30,29.7,23.7,5.2,5.2
Ernakulam,Kerala,2023-08-31,30.8,23.8,8.9,8.9
Ernakulam,Kerala,2023-09-01,31.4,23.3,7.9,7.9
Ernakulam,Kerala,2023-09-02,29.5,24.2,15.3,15.3
Ernakulam,Kerala,2023-09-03,27.6,23.5,29.8,29.8
Ernakulam,Kerala,2023-09-04,27.6,23.1,29.2,29.2
Ernakulam,Kerala,2023-09-05,26.4,23.2,30.4,30.4
Ernakulam,Kerala,2023-09-06,25.7,23.0,28.3,28.3
Ernakulam,Kerala,2023-09-07,25.6,23.3,38.1,38.1
Ernakulam,Kerala,2023-09-08,26.3,23.0,32.8,32.8
Ernakulam,Kerala,2023-09-09,28.0,23.3,20.2,20.2
Ernakulam,Kerala,2023-09-10,28.0,23.5,38.6,38.6
Ernakulam,Kerala,2023-09-11,29.3,23.0,24.3,24.3
Ernakulam,Kerala,2023-09-12,30.0,22.6,12.4,12.4
Ernakulam,Kerala,2023-09-13,28.3,23.2,21.4,21.4
Ernakulam,Kerala,2023-09-14,29.2,23.4,18.4,18.4
Ernakulam,Kerala,2023-09-15,26.3,23.3,21.9,21.9
Ernakulam,Kerala,2023-09-16,29.1,23.4,36.0,36.0
Ernakulam,Kerala,2023-09-17,28.8,23.2,9.8,9.8
Ernakulam,Kerala,2023-09-18,25.4,22.9,35.0,35.0
Ernakulam,Kerala,2023-09-19,28.2,22.7,12.1,12.1
Ernakulam,Kerala,2023-09-20,29.1,23.2,12.1,12.1
Ernakulam,Kerala,2023-09-21,29.7,23.3,18.8,18.8
Ernakulam,Kerala,2023-09-22,28.8,23.5,28.3,28.3
Ernakulam,Kerala,2023-09-23,29.5,23.0,21.6,21.6
Ernakulam,Kerala,2023-09-24,29.5,22.8,19.5,19.5
Ernakulam,Kerala,2023-09-25,28.4,23.5,44.1,44.1
Ernakulam,Kerala,2023-09-26,29.3,23.8,7.8,7.8
Ernakulam,Kerala,2023-09-27,29.5,23.4,8.2,8.2
Ernakulam,Kerala,2023-09-28,26.6,22.9,21.9,21.9
Ernakulam,Kerala,2023-09-29,26.2,22.7,51.7,51.7
Ernakulam,Kerala,2023-09-30,26.7,22.5,42.6,42.6
Ernakulam,Kerala,2023-10-01,26.7,23.2,43.7,43.7
Ernakulam,Kerala,2023-10-02,26.8,23.1,16.7,16.7
Ernakulam,Kerala,2023-10-03,30.2,23.4,5.4,5.4
Ernakulam,Kerala,2023-10-04,30.2,23.5,3.5,3.5
Ernakulam,Kerala,2023-10-05,30.2,23.0,0.4,0.4
Ernakulam,Kerala,2023-10-06,30.8,24.1,1.0,1.0
Ernakulam,Kerala,2023-10-07,30.7,22.7,0.0,0.0
Ernakulam,Kerala,2023-10-08,30.7,22.9,2.5,2.5
Ernakulam,Kerala,2023-10-09,31.7,23.3,0.0,0.0
Ernakulam,Kerala,2023-10-10,31.5,23.7,5.1,5.1
Ernakulam,Kerala,2023-10-11,29.9,23.8,35.5,35.5
Ernakulam,Kerala,2023-10-12,28.3,22.9,29.7,29.7
Ernakulam,Kerala,2023-10-13,30.5,22.6,16.3,16.3
Ernakulam,Kerala,2023-10-14,30.1,23.0,58.3,58.3
Ernakulam,Kerala,2023-10-15,28.8,22.9,29.1,29.1
Ernakulam,Kerala,2023-10-16,30.6,23.7,8.2,8.2
Ernakulam,Kerala,2023-10-17,29.8,23.0,33.9,33.9
Ernakulam,Kerala,2023-10-18,29.5,23.1,25.8,25.8
Ernakulam,Kerala,2023-10-19,30.3,23.1,15.8,15.8
Ernakulam,Kerala,2023-10-20,30.1,23.1,4.8,4.8
Ernakulam,Kerala,2023-10-21,29.9,23.2,11.9,11.9
Ernakulam,Kerala,2023-10-22,30.4,22.9,29.4,29.4
Ernakulam,Kerala,2023-10-23,29.6,22.6,24.3,24.3
Ernakulam,Kerala,2023-10-24,29.2,22.3,9.7,9.7
Ernakulam,Kerala,2023-10-25,30.2,22.6,8.4,8.4
Ernakulam,Kerala,2023-10-26,30.8,23.5,6.8,6.8
Ernakulam,Kerala,2023-10-27,29.6,23.3,12.0,12.0
Ernakulam,Kerala,2023-10-28,30.0,22.8,27.7,27.7
Ernakulam,Kerala,2023-10-29,30.0,23.2,65.6,65.6
Ernakulam,Kerala,2023-10-30,29.6,22.9,26.0,26.0
Ernakulam,Kerala,2023-10-31,28.5,22.7,13.6,13.6
Ernakulam,Kerala,2023-11-01,30.6,23.3,18.6,18.6
Ernakulam,Kerala,2023-11-02,31.0,23.2,8.3,8.3
Ernakulam,Kerala,2023-11-03,30.5,22.6,17.5,17.5
Ernakulam,Kerala,2023-11-04,27.4,23.5,27.0,27.0
Ernakulam,Kerala,2023-11-05,29.1,23.1,28.1,28.1
Ernakulam,Kerala,2023-11-06,30.6,22.7,8.1,8.1
Ernakulam,Kerala,2023-11-07,29.5,22.8,6.8,6.8
Ernakulam,Kerala,2023-11-08,30.0,23.5,34.4,34.4
Ernakulam,Kerala,2023-11-09,29.2,23.4,15.1,15.1
Ernakulam,Kerala,2023-11-10,30.4,23.0,7.4,7.4
Ernakulam,Kerala,2023-11-11,31.2,23.0,20.7,20.7
Ernakulam,Kerala,2023-11-12,31.0,24.1,0.0,0.0
Ernakulam,Kerala,2023-11-13,31.4,21.9,0.1,0.1
Ernakulam,Kerala,2023-11-14,29.5,23.0,0.7,0.7
Ernakulam,Kerala,2023-11-15,30.9,22.5,8.5,8.5
Ernakulam,Kerala,2023-11-16,30.5,22.7,4.8,4.8
Ernakulam,Kerala,2023-11-17,30.9,23.2,3.8,3.8
Ernakulam,Kerala,2023-11-18,29.8,24.0,5.2,5.2
Ernakulam,Kerala,2023-11-19,29.9,23.3,0.8,0.8
Ernakulam,Kerala,2023-11-20,30.7,22.5,1.0,1.0
Ernakulam,Kerala,2023-11-21,31.2,23.4,8.5,8.5
Ernakulam,Kerala,2023-11-22,29.5,23.8,33.0,33.0
Ernakulam,Kerala,2023-11-23,27.2,23.3,23.0,23.0
Ernakulam,Kerala,2023-11-24,31.4,23.5,1.9,1.9
Ernakulam,Kerala,2023-11-25,30.9,23.0,5.3,5.3
Ernakulam,Kerala,2023-11-26,31.3,23.3,7.6,7.6
Ernakulam,Kerala,2023-11-27,31.8,23.2,0.7,0.7
Ernakulam,Kerala,2023-11-28,31.5,23.5,0.3,0.3
Ernakulam,Kerala,2023-11-29,31.6,23.0,1.0,1.0
Ernakulam,Kerala,2023-11-30,31.1,22.8,4.9,4.9
Ernakulam,Kerala,2023-12-01,30.8,23.7,15.0,15.0
Ernakulam,Kerala,2023-12-02,30.3,23.1,0.8,0.8
Ernakulam,Kerala,2023-12-03,29.9,23.2,1.1,1.1
Ernakulam,Kerala,2023-12-04,29.8,23.5,1.6,1.6
Ernakulam,Kerala,2023-12-05,30.8,23.8,0.9,0.9
Ernakulam,Kerala,2023-12-06,30.7,23.1,0.2,0.2
Ernakulam,Kerala,2023-12-07,30.8,23.1,0.4,0.4
Ernakulam,Kerala,2023-12-08,31.6,23.9,12.3,12.3
Ernakulam,Kerala,2023-12-09,30.1,23.6,19.7,19.7
Ernakulam,Kerala,2023-12-10,31.5,23.4,20.5,20.5
Ernakulam,Kerala,2023-12-11,30.4,22.9,2.8,2.8
Ernakulam,Kerala,2023-12-12,30.1,23.4,8.2,8.2
Ernakulam,Kerala,2023-12-13,31.8,22.9,0.0,0.0
Ernakulam,Kerala,2023-12-14,31.4,21.8,0.0,0.0
Ernakulam,Kerala,2023-12-15,31.3,21.9,0.0,0.0
Ernakulam,Kerala,2023-12-16,30.8,22.5,0.8,0.8
Ernakulam,Kerala,2023-12-17,27.6,23.5,13.7,13.7
Ernakulam,Kerala,2023-12-18,25.9,23.6,23.3,23.3
Ernakulam,Kerala,2023-12-19,31.4,22.6,0.0,0.0
Ernakulam,Kerala,2023-12-20,32.5,23.2,0.0,0.0
Ernakulam,Kerala,2023-12-21,31.8,23.1,1.0,1.0
Ernakulam,Kerala,2023-12-22,31.8,22.8,0.5,0.5
Ernakulam,Kerala,2023-12-23,31.9,21.5,0.0,0.0
Ernakulam,Kerala,2023-12-24,32.7,20.2,0.0,0.0
Ernakulam,Kerala,2023-12-25,32.4,22.4,0.0,0.0
Ernakulam,Kerala,2023-12-26,32.5,22.5,0.0,0.0
Ernakulam,Kerala,2023-12-27,33.4,19.6,0.0,0.0
Ernakulam,Kerala,2023-12-28,33.5,22.7,0.0,0.0
Ernakulam,Kerala,2023-12-29,34.1,22.8,0.6,0.6
Ernakulam,Kerala,2023-12-30,34.4,22.6,0.0,0.0
Ernakulam,Kerala,2023-12-31,34.0,22.9,0.0,0.0
Ernakulam,Kerala,2024-01-01,32.8,23.4,0.0,0.0
Ernakulam,Kerala,2024-01-02,33.0,23.5,0.1,0.1
Ernakulam,Kerala,2024-01-03,30.7,23.9,16.7,16.7
Ernakulam,Kerala,2024-01-04,31.1,23.1,26.0,26.0
Ernakulam,Kerala,2024-01-05,28.1,23.9,25.5,25.5
Ernakulam,Kerala,2024-01-06,30.2,23.0,23.6,23.6
Ernakulam,Kerala,2024-01-07,30.7,22.7,7.8,7.8
Ernakulam,Kerala,2024-01-08,30.1,23.2,23.0,23.0
Ernakulam,Kerala,2024-01-09,28.8,23.1,38.4,38.4
Ernakulam,Kerala,2024-01-10,30.5,23.2,11.8,11.8
Ernakulam,Kerala,2024-01-11,32.1,23.3,0.0,0.0
Ernakulam,Kerala,2024-01-12,32.1,22.2,0.0,0.0
Ernakulam,Kerala,2024-01-13,31.6,21.9,0.0,0.0
Ernakulam,Kerala,2024-01-14,31.5,21.3,0.0,0.0
Ernakulam,Kerala,2024-01-15,31.2,21.0,0.0,0.0
Ernakulam,Kerala,2024-01-16,29.9,22.1,4.8,4.8
Ernakulam,Kerala,2024-01-17,29.2,22.9,1.7,1.7
Ernakulam,Kerala,2024-01-18,31.1,22.0,1.5,1.5
Ernakulam,Kerala,2024-01-19,30.8,22.8,1.4,1.4
Ernakulam,Kerala,2024-01-20,30.6,23.1,19.0,19.0
Ernakulam,Kerala,2024-01-21,33.5,23.2,5.8,5.8
Ernakulam,Kerala,2024-01-22,33.5,23.3,0.7,0.7
Ernakulam,Kerala,2024-01-23,32.5,23.8,0.1,0.1
Ernakulam,Kerala,2024-01-24,29.4,23.4,93.3,93.3
Ernakulam,Kerala,2024-01-25,32.2,22.7,0.1,0.1
Ernakulam,Kerala,2024-01-26,34.0,21.4,0.0,0.0
Ernakulam,Kerala,2024-01-27,34.6,20.8,0.0,0.0
Ernakulam,Kerala,2024-01-28,32.5,20.7,0.0,0.0
Ernakulam,Kerala,2024-01-29,32.4,21.6,0.0,0.0
Ernakulam,Kerala,2024-01-30,33.3,21.2,0.0,0.0
Ernakulam,Kerala,2024-01-31,32.7,22.4,0.0,0.0
Ernakulam,Kerala,2024-02-01,33.8,22.8,1.0,1.0
Ernakulam,Kerala,2024-02-02,32.5,22.2,0.0,0.0
Ernakulam,Kerala,2024-02-03,32.6,22.5,1.0,1.0
Ernakulam,Kerala,2024-02-04,34.0,23.2,0.0,0.0
Ernakulam,Kerala,2024-02-05,34.4,22.6,0.0,0.0
Ernakulam,Kerala,2024-02-06,34.8,21.1,0.0,0.0
Ernakulam,Kerala,2024-02-07,34.2,21.2,0.1,0.1
Ernakulam,Kerala,2024-02-08,34.3,21.5,0.0,0.0
Ernakulam,Kerala,2024-02-09,34.0,22.4,1.8,1.8
Ernakulam,Kerala,2024-02-10,35.9,21.9,0.0,0.0
Ernakulam,Kerala,2024-02-11,35.3,23.0,0.0,0.0
Ernakulam,Kerala,2024-02-12,34.0,22.1,0.0,0.0
Ernakulam,Kerala,2024-02-13,35.5,21.4,0.0,0.0
Ernakulam,Kerala,2024-02-14,34.8,23.7,0.0,0.0
Ernakulam,Kerala,2024-02-15,34.4,23.7,0.0,0.0
Ernakulam,Kerala,2024-02-16,36.7,22.9,0.0,0.0
Ernakulam,Kerala,2024-02-17,36.0,22.8,0.1,0.1
Ernakulam,Kerala,2024-02-18,34.6,23.2,2.1,2.1
Ernakulam,Kerala,2024-02-19,36.2,23.4,0.0,0.0
Ernakulam,Kerala,2024-02-20,35.4,23.9,0.1,0.1
Ernakulam,Kerala,2024-02-21,33.3,24.0,5.1,5.1
Ernakulam,Kerala,2024-02-22,33.1,23.8,1.1,1.1
Ernakulam,Kerala,2024-02-23,33.2,24.4,0.9,0.9
Ernakulam,Kerala,2024-02-24,32.7,23.8,1.5,1.5
Ernakulam,Kerala,2024-02-25,34.6,24.9,0.2,0.2
Ernakulam,Kerala,2024-02-26,36.3,24.8,0.0,0.0
Ernakulam,Kerala,2024-02-27,37.1,24.2,0.1,0.1
Ernakulam,Kerala,2024-02-28,35.4,23.8,0.0,0.0
Ernakulam,Kerala,2024-02-29,35.2,23.9,0.0,0.0
Ernakulam,Kerala,2024-03-01,35.5,24.1,0.0,0.0
Ernakulam,Kerala,2024-03-02,34.0,24.1,0.0,0.0
Ernakulam,Kerala,2024-03-03,33.1,23.5,2.4,2.4
Ernakulam,Kerala,2024-03-04,32.7,23.4,1.1,1.1
Ernakulam,Kerala,2024-03-05,34.8,24.3,0.5,0.5
Ernakulam,Kerala,2024-03-06,34.6,24.0,1.5,1.5
Ernakulam,Kerala,2024-03-07,34.5,24.6,0.1,0.1
Ernakulam,Kerala,2024-03-08,33.9,23.7,5.5,5.5
Ernakulam,Kerala,2024-03-09,34.0,24.2,2.9,2.9
Ernakulam,Kerala,2024-03-10,35.4,24.1,0.9,0.9
Ernakulam,Kerala,2024-03-11,33.9,24.2,7.6,7.6
Ernakulam,Kerala,2024-03-12,34.2,23.5,0.2,0.2
Ernakulam,Kerala,2024-03-13,32.0,24.8,3.6,3.6
Ernakulam,Kerala,2024-03-14,33.2,24.9,0.6,0.6
Ernakulam,Kerala,2024-03-15,33.8,23.9,6.0,6.0
Ernakulam,Kerala,2024-03-16,33.8,23.5,2.6,2.6
Ernakulam,Kerala,2024-03-17,33.9,24.6,3.4,3.4
Ernakulam,Kerala,2024-03-18,33.6,23.5,1.5,1.5
Ernakulam,Kerala,2024-03-19,33.6,23.3,1.6,1.6
Ernakulam,Kerala,2024-03-20,33.8,23.3,2.6,2.6
Ernakulam,Kerala,2024-03-21,35.4,23.6,0.1,0.1
Ernakulam,Kerala,2024-03-22,34.6,24.7,6.8,6.8
Ernakulam,Kerala,2024-03-23,33.9,23.9,5.4,5.4
Ernakulam,Kerala,2024-03-24,34.6,23.4,2.0,2.0
Ernakulam,Kerala,2024-03-25,34.3,24.2,2.2,2.2
Ernakulam,Kerala,2024-03-26,33.8,23.8,2.9,2.9
Ernakulam,Kerala,2024-03-27,34.2,24.5,1.8,1.8
Ernakulam,Kerala,2024-03-28,33.7,24.6,6.3,6.3
Ernakulam,Kerala,2024-03-29,31.2,22.8,17.7,17.7
Ernakulam,Kerala,2024-03-30,33.6,24.9,3.4,3.4
Ernakulam,Kerala,2024-03-31,32.9,24.1,1.1,1.1
Ernakulam,Kerala,2024-04-01,33.8,25.0,2.6,2.6
Ernakulam,Kerala,2024-04-02,33.8,24.5,7.0,7.0
Ernakulam,Kerala,2024-04-03,33.2,24.7,11.2,11.2
Ernakulam,Kerala,2024-04-04,34.1,24.7,18.8,18.8
Ernakulam,Kerala,2024-04-05,33.1,24.3,3.1,3.1
Ernakulam,Kerala,2024-04-06,36.1,25.8,0.1,0.1
Ernakulam,Kerala,2024-04-07,34.6,25.0,12.2,12.2
Ernakulam,Kerala,2024-04-08,34.6,24.0,18.0,18.0
Ernakulam,Kerala,2024-04-09,35.0,24.7,0.9,0.9
Ernakulam,Kerala,2024-04-10,35.3,25.3,2.2,2.2
Ernakulam,Kerala,2024-04-11,33.9,24.9,21.7,21.7
Ernakulam,Kerala,2024-04-12,33.2,24.6,10.5,10.5
Ernakulam,Kerala,2024-04-13,33.1,24.7,17.9,17.9
Ernakulam,Kerala,2024-04-14,34.3,24.0,3.0,3.0
Ernakulam,Kerala,2024-04-15,36.1,24.7,0.5,0.5
Ernakulam,Kerala,2024-04-16,34.4,24.1,4.2,4.2
Ernakulam,Kerala,2024-04-17,32.7,24.9,3.3,3.3
Ernakulam,Kerala,2024-04-18,33.1,25.1,5.5,5.5
Ernakulam,Kerala,2024-04-19,32.0,25.2,15.1,15.1
Ernakulam,Kerala,2024-04-20,33.4,25.2,2.0,2.0
Ernakulam,Kerala,2024-04-21,34.1,24.4,22.3,22.3
Ernakulam,Kerala,2024-04-22,32.6,24.4,7.0,7.0
Ernakulam,Kerala,2024-04-23,35.0,24.8,2.9,2.9
Ernakulam,Kerala,2024-04-24,33.2,24.9,0.8,0.8
Ernakulam,Kerala,2024-04-25,34.4,24.7,1.3,1.3
Ernakulam,Kerala,2024-04-26,35.2,25.3,8.9,8.9
Ernakulam,Kerala,2024-04-27,35.4,24.6,2.0,2.0
Ernakulam,Kerala,2024-04-28,33.9,24.9,4.9,4.9
Ernakulam,Kerala,2024-04-29,35.2,25.1,4.4,4.4
Ernakulam,Kerala,2024-04-30,33.9,24.3,14.8,14.8
Ernakulam,Kerala,2024-05-01,33.8,25.4,1.6,1.6
Ernakulam,Kerala,2024-05-02,36.3,26.1,3.2,3.2
Ernakulam,Kerala,2024-05-03,34.4,24.7,8.1,8.1
Ernakulam,Kerala,2024-05-04,34.3,24.9,3.4,3.4
Ernakulam,Kerala,2024-05-05,34.0,25.3,12.2,12.2
Ernakulam,Kerala,2024-05-06,35.1,27.2,0.0,0.0
Ernakulam,Kerala,2024-05-07,35.9,26.6,0.1,0.1
Ernakulam,Kerala,2024-05-08,35.8,25.0,55.9,55.9
Ernakulam,Kerala,2024-05-09,34.2,25.1,12.6,12.6
Ernakulam,Kerala,2024-05-10,31.6,24.1,27.4,27.4
Ernakulam,Kerala,2024-05-11,33.3,26.0,47.5,47.5
Ernakulam,Kerala,2024-05-12,32.6,25.1,26.8,26.8
Ernakulam,Kerala,2024-05-13,30.9,25.1,8.2,8.2
Ernakulam,Kerala,2024-05-14,29.4,25.4,12.7,12.7
Ernakulam,Kerala,2024-05-15,32.9,25.2,34.1,34.1
Ernakulam,Kerala,2024-05-16,31.7,25.0,6.8,6.8
Ernakulam,Kerala,2024-05-17,31.1,24.1,41.7,41.7
Ernakulam,Kerala,2024-05-18,29.5,24.2,15.1,15.1
Ernakulam,Kerala,2024-05-19,29.7,24.3,33.3,33.3
Ernakulam,Kerala,2024-05-20,25.9,23.9,72.2,72.2
Ernakulam,Kerala,2024-05-21,29.3,24.3,35.0,35.0
Ernakulam,Kerala,2024-05-22,27.2,24.4,135.0,135.0
Ernakulam,Kerala,2024-05-23,27.3,24.5,147.9,147.9
Ernakulam,Kerala,2024-05-24,27.2,24.3,73.4,73.4
Ernakulam,Kerala,2024-05-25,28.5,23.3,69.9,69.9
Ernakulam,Kerala,2024-05-26,30.3,23.8,19.3,19.3
Ernakulam,Kerala,2024-05-27,28.5,23.7,41.6,41.6
Ernakulam,Kerala,2024-05-28,26.0,23.7,104.9,104.9
Ernakulam,Kerala,2024-05-29,28.8,24.1,35.6,35.6
Ernakulam,Kerala,2024-05-30,28.4,23.6,110.6,110.6
Ernakulam,Kerala,2024-05-31,30.1,24.5,27.6,27.6
Ernakulam,Kerala,2024-06-01,30.1,24.1,10.4,10.4
Ernakulam,Kerala,2024-06-02,28.1,24.8,31.7,31.7
Ernakulam,Kerala,2024-06-03,29.4,23.4,48.9,48.9
Ernakulam,Kerala,2024-06-04,29.8,24.6,16.5,16.5
Ernakulam,Kerala,2024-06-05,29.5,24.2,41.1,41.1
Ernakulam,Kerala,2024-06-06,28.3,24.3,43.4,43.4
Ernakulam,Kerala,2024-06-07,27.5,24.4,26.5,26.5
Ernakulam,Kerala,2024-06-08,27.7,23.8,41.5,41.5
Ernakulam,Kerala,2024-06-09,29.2,24.0,13.1,13.1
Ernakulam,Kerala,2024-06-10,29.4,23.9,20.3,20.3
Ernakulam,Kerala,2024-06-11,29.3,23.9,12.8,12.8
Ernakulam,Kerala,2024-06-12,27.2,23.7,11.5,11.5
Ernakulam,Kerala,2024-06-13,29.7,23.7,12.9,12.9
Ernakulam,Kerala,2024-06-14,29.9,24.3,2.4,2.4
Ernakulam,Kerala,2024-06-15,30.6,23.1,1.8,1.8
Ernakulam,Kerala,2024-06-16,30.4,24.2,13.6,13.6
Ernakulam,Kerala,2024-06-17,28.9,24.7,20.0,20.0
Ernakulam,Kerala,2024-06-18,28.6,23.8,40.8,40.8
Ernakulam,Kerala,2024-06-19,28.4,23.4,28.3,28.3
Ernakulam,Kerala,2024-06-20,27.1,22.9,30.3,30.3
Ernakulam,Kerala,2024-06-21,25.8,23.5,27.3,27.3
Ernakulam,Kerala,2024-06-22,28.1,23.3,27.1,27.1
Ernakulam,Kerala,2024-06-23,26.8,23.6,48.6,48.6
Ernakulam,Kerala,2024-06-24,26.8,23.7,58.3,58.3
Ernakulam,Kerala,2024-06-25,26.6,22.9,59.4,59.4
Ernakulam,Kerala,2024-06-26,26.3,23.2,54.0,54.0
Ernakulam,Kerala,2024-06-27,26.2,22.9,28.3,28.3
Ernakulam,Kerala,2024-06-28,29.3,23.3,7.0,7.0
Ernakulam,Kerala,2024-06-29,29.7,23.7,6.6,6.6
Ernakulam,Kerala,2024-06-30,28.5,23.5,20.5,20.5
Ernakulam,Kerala,2024-07-01,27.8,24.5,18.5,18.5
Ernakulam,Kerala,2024-07-02,28.9,24.1,4.1,4.1
Ernakulam,Kerala,2024-07-03,29.8,23.6,12.9,12.9
Ernakulam,Kerala,2024-07-04,30.1,23.3,15.8,15.8
Ernakulam,Kerala,2024-07-05,28.2,23.7,12.1,12.1
Ernakulam,Kerala,2024-07-06,28.3,23.4,3.4,3.4
Ernakulam,Kerala,2024-07-07,29.0,23.5,7.6,7.6
Ernakulam,Kerala,2024-07-08,25.6,23.6,30.0,30.0
Ernakulam,Kerala,2024-07-09,28.5,22.9,3.9,3.9
Ernakulam,Kerala,2024-07-10,29.1,23.2,21.5,21.5
Ernakulam,Kerala,2024-07-11,30.1,23.3,0.7,0.7
Ernakulam,Kerala,2024-07-12,27.3,24.1,24.1,24.1
Ernakulam,Kerala,2024-07-13,26.9,23.2,36.0,36.0
Ernakulam,Kerala,2024-07-14,28.3,23.1,17.5,17.5
Ernakulam,Kerala,2024-07-15,26.5,23.1,52.5,52.5
Ernakulam,Kerala,2024-07-16,27.6,21.8,33.7,33.7
Ernakulam,Kerala,2024-07-17,26.1,23.8,46.4,46.4
Ernakulam,Kerala,2024-07-18,26.0,23.7,36.7,36.7
Ernakulam,Kerala,2024-07-19,27.1,22.6,13.3,13.3
Ernakulam,Kerala,2024-07-20,29.4,23.6,4.1,4.1
Ernakulam,Kerala,2024-07-21,30.3,23.5,1.7,1.7
Ernakulam,Kerala,2024-07-22,28.5,24.3,3.5,3.5
Ernakulam,Kerala,2024-07-23,29.2,24.0,5.7,5.7
Ernakulam,Kerala,2024-07-24,29.1,23.5,2.8,2.8
Ernakulam,Kerala,2024-07-25,28.0,23.9,16.2,16.2
Ernakulam,Kerala,2024-07-26,28.2,23.4,14.5,14.5
Ernakulam,Kerala,2024-07-27,28.9,23.9,11.4,11.4
Ernakulam,Kerala,2024-07-28,28.6,23.7,24.5,24.5
Ernakulam,Kerala,2024-07-29,26.4,23.2,44.2,44.2
Ernakulam,Kerala,2024-07-30,26.7,23.5,35.7,35.7
Ernakulam,Kerala,2024-07-31,26.7,23.4,33.0,33.0
Ernakulam,Kerala,2024-08-01,27.9,23.4,7.3,7.3
Ernakulam,Kerala,2024-08-02,28.8,23.0,6.1,6.1
Ernakulam,Kerala,2024-08-03,29.7,23.4,7.2,7.2
Ernakulam,Kerala,2024-08-04,29.4,23.7,17.3,17.3
Ernakulam,Kerala,2024-08-05,29.4,23.7,7.9,7.9
Ernakulam,Kerala,2024-08-06,29.0,23.4,15.1,15.1
Ernakulam,Kerala,2024-08-07,28.3,23.8,6.1,6.1
Ernakulam,Kerala,2024-08-08,27.1,23.6,18.7,18.7
Ernakulam,Kerala,2024-08-09,29.2,23.1,1.9,1.9
Ernakulam,Kerala,2024-08-10,29.0,23.9,9.7,9.7
Ernakulam,Kerala,2024-08-11,29.9,24.7,3.7,3.7
Ernakulam,Kerala,2024-08-12,30.2,24.8,14.8,14.8
Ernakulam,Kerala,2024-08-13,31.1,23.8,41.6,41.6
Ernakulam,Kerala,2024-08-14,29.8,24.1,10.2,10.2
Ernakulam,Kerala,2024-08-15,30.1,24.2,8.2,8.2
Ernakulam,Kerala,2024-08-16,29.1,24.7,10.6,10.6
Ernakulam,Kerala,2024-08-17,29.2,24.5,3.2,3.2
Ernakulam,Kerala,2024-08-18,29.1,24.1,1.8,1.8
Ernakulam,Kerala,2024-08-19,29.9,24.5,15.7,15.7
Ernakulam,Kerala,2024-08-20,30.3,24.2,25.7,25.7
Ernakulam,Kerala,2024-08-21,30.1,23.8,17.9,17.9
Ernakulam,Kerala,2024-08-22,29.9,23.7,2.4,2.4
Ernakulam,Kerala,2024-08-23,29.6,24.0,1.5,1.5
Ernakulam,Kerala,2024-08-24,28.4,24.2,9.8,9.8
Ernakulam,Kerala,2024-08-25,29.3,23.9,3.4,3.4
Ernakulam,Kerala,2024-08-26,29.2,23.6,5.9,5.9
Ernakulam,Kerala,2024-08-27,27.9,24.0,10.2,10.2
Ernakulam,Kerala,2024-08-28,28.2,23.6,4.3,4.3
Ernakulam,Kerala,2024-08-29,26.6,23.3,11.6,11.6
Ernakulam,Kerala,2024-08-30,28.0,23.2,21.6,21.6
Ernakulam,Kerala,2024-08-31,27.2,22.9,7.8,7.8
Ernakulam,Kerala,2024-09-01,26.9,23.2,35.4,35.4
Ernakulam,Kerala,2024-09-02,28.8,23.0,10.9,10.9
Ernakulam,Kerala,2024-09-03,27.4,22.8,21.6,21.6
Ernakulam,Kerala,2024-09-04,28.3,23.5,5.7,5.7
Ernakulam,Kerala,2024-09-05,29.5,24.2,4.5,4.5
Ernakulam,Kerala,2024-09-06,29.4,22.7,3.7,3.7
Ernakulam,Kerala,2024-09-07,29.4,24.0,6.7,6.7
Ernakulam,Kerala,2024-09-08,27.7,23.7,18.0,18.0
Ernakulam,Kerala,2024-09-09,26.9,23.5,24.9,24.9
Ernakulam,Kerala,2024-09-10,28.9,22.9,13.3,13.3
Ernakulam,Kerala,2024-09-11,27.6,22.6,36.6,36.6
Ernakulam,Kerala,2024-09-12,28.5,23.0,2.3,2.3
Ernakulam,Kerala,2024-09-13,29.5,23.6,1.7,1.7
Ernakulam,Kerala,2024-09-14,28.7,23.7,13.8,13.8
Ernakulam,Kerala,2024-09-15,29.2,23.8,11.9,11.9
Ernakulam,Kerala,2024-09-16,29.6,23.8,2.6,2.6
Ernakulam,Kerala,2024-09-17,29.4,23.7,1.7,1.7
Ernakulam,Kerala,2024-09-18,29.8,23.8,2.1,2.1
Ernakulam,Kerala,2024-09-19,29.6,23.3,1.7,1.7
Ernakulam,Kerala,2024-09-20,29.5,22.4,1.4,1.4
Ernakulam,Kerala,2024-09-21,29.1,23.1,2.1,2.1
Ernakulam,Kerala,2024-09-22,28.8,23.5,5.3,5.3
Ernakulam,Kerala,2024-09-23,28.1,23.4,23.1,23.1
Ernakulam,Kerala,2024-09-24,29.0,23.6,3.4,3.4
Ernakulam,Kerala,2024-09-25,29.3,23.5,8.1,8.1
Ernakulam,Kerala,2024-09-26,29.9,23.2,0.8,0.8
Ernakulam,Kerala,2024-09-27,30.3,23.9,1.7,1.7
Ernakulam,Kerala,2024-09-28,30.3,23.8,1.5,1.5
Ernakulam,Kerala,2024-09-29,32.4,23.9,30.2,30.2
Ernakulam,Kerala,2024-09-30,32.3,23.1,10.8,10.8
Ernakulam,Kerala,2024-10-01,31.2,23.2,6.6,6.6
Ernakulam,Kerala,2024-10-02,31.0,24.2,2.3,2.3
Ernakulam,Kerala,2024-10-03,30.0,24.2,2.7,2.7
Ernakulam,Kerala,2024-10-04,30.4,24.3,9.7,9.7
Ernakulam,Kerala,2024-10-05,28.9,22.8,1.7,1.7
Ernakulam,Kerala,2024-10-06,29.7,23.8,30.8,30.8
Ernakulam,Kerala,2024-10-07,29.7,23.2,21.9,21.9
Ernakulam,Kerala,2024-10-08,29.7,23.5,4.9,4.9
Ernakulam,Kerala,2024-10-09,29.0,23.5,32.5,32.5
Ernakulam,Kerala,2024-10-10,27.7,23.2,13.7,13.7
Ernakulam,Kerala,2024-10-11,28.1,23.3,16.4,16.4
Ernakulam,Kerala,2024-10-12,29.3,23.2,36.0,36.0
Ernakulam,Kerala,2024-10-13,28.9,22.9,8.1,8.1
Ernakulam,Kerala,2024-10-14,28.3,22.8,29.2,29.2
Ernakulam,Kerala,2024-10-15,27.2,21.9,14.9,14.9
Ernakulam,Kerala,2024-10-16,27.1,22.8,12.4,12.4
Ernakulam,Kerala,2024-10-17,28.6,23.5,4.6,4.6
Ernakulam,Kerala,2024-10-18,29.4,22.9,2.3,2.3
Ernakulam,Kerala,2024-10-19,29.5,23.0,6.1,6.1
Ernakulam,Kerala,2024-10-20,29.9,23.2,0.8,0.8
Ernakulam,Kerala,2024-10-21,29.1,24.1,13.6,13.6
Ernakulam,Kerala,2024-10-22,30.5,24.1,9.2,9.2
Ernakulam,Kerala,2024-10-23,30.1,22.9,19.9,19.9
Ernakulam,Kerala,2024-10-24,28.9,23.0,36.3,36.3
Ernakulam,Kerala,2024-10-25,27.5,22.9,28.1,28.1
Ernakulam,Kerala,2024-10-26,29.6,22.5,16.9,16.9
Ernakulam,Kerala,2024-10-27,29.4,22.6,2.3,2.3
Ernakulam,Kerala,2024-10-28,29.5,22.9,1.4,1.4
Ernakulam,Kerala,2024-10-29,30.2,22.3,0.6,0.6
Ernakulam,Kerala,2024-10-30,29.8,22.9,0.9,0.9
Ernakulam,Kerala,2024-10-31,30.7,23.5,1.5,1.5
Ernakulam,Kerala,2024-11-01,30.3,23.1,12.6,12.6
Ernakulam,Kerala,2024-11-02,29.8,23.2,32.5,32.5
Ernakulam,Kerala,2024-11-03,30.4,22.0,19.7,19.7
Ernakulam,Kerala,2024-11-04,29.7,22.2,20.0,20.0
Ernakulam,Kerala,2024-11-05,29.1,21.8,2.2,2.2
Ernakulam,Kerala,2024-11-06,29.1,22.5,3.3,3.3
Ernakulam,Kerala,2024-11-07,30.0,22.1,2.7,2.7
Ernakulam,Kerala,2024-11-08,28.6,23.5,23.6,23.6
Ernakulam,Kerala,2024-11-09,30.8,22.8,0.4,0.4
Ernakulam,Kerala,2024-11-10,30.6,22.7,1.0,1.0
Ernakulam,Kerala,2024-11-11,30.2,22.8,1.9,1.9
Ernakulam,Kerala,2024-11-12,30.3,22.5,3.0,3.0
Ernakulam,Kerala,2024-11-13,31.9,23.2,1.5,1.5
Ernakulam,Kerala,2024-11-14,30.9,23.6,20.0,20.0
Ernakulam,Kerala,2024-11-15,30.8,23.7,8.4,8.4
Ernakulam,Kerala,2024-11-16,30.9,23.3,28.0,28.0
Ernakulam,Kerala,2024-11-17,31.6,23.2,6.7,6.7
Ernakulam,Kerala,2024-11-18,30.9,23.5,0.0,0.0
Ernakulam,Kerala,2024-11-19,32.7,23.2,0.0,0.0
Ernakulam,Kerala,2024-11-20,28.6,22.9,9.1,9.1
Ernakulam,Kerala,2024-11-21,32.9,23.0,1.0,1.0
Ernakulam,Kerala,2024-11-22,32.1,23.7,1.6,1.6
Ernakulam,Kerala,2024-11-23,31.5,23.4,2.0,2.0
Ernakulam,Kerala,2024-11-24,31.7,22.9,0.5,0.5
Ernakulam,Kerala,2024-11-25,32.7,23.6,0.9,0.9
Ernakulam,Kerala,2024-11-26,29.7,23.6,16.4,16.4
Ernakulam,Kerala,2024-11-27,29.4,23.2,1.5,1.5
Ernakulam,Kerala,2024-11-28,31.7,23.2,0.2,0.2
Ernakulam,Kerala,2024-11-29,32.1,23.9,0.1,0.1
Ernakulam,Kerala,2024-11-30,30.6,23.6,4.0,4.0
Ernakulam,Kerala,2024-12-01,29.4,23.3,7.9,7.9
Ernakulam,Kerala,2024-12-02,26.7,23.1,38.1,38.1
Ernakulam,Kerala,2024-12-03,29.5,22.8,4.9,4.9
Ernakulam,Kerala,2024-12-04,29.1,23.8,3.4,3.4
Ernakulam,Kerala,2024-12-05,30.7,22.8,4.9,4.9
Ernakulam,Kerala,2024-12-06,31.7,22.3,0.8,0.8
Ernakulam,Kerala,2024-12-07,30.8,23.0,3.7,3.7
Ernakulam,Kerala,2024-12-08,31.3,22.6,2.8,2.8
Ernakulam,Kerala,2024-12-09,31.6,22.5,1.3,1.3
Ernakulam,Kerala,2024-12-10,30.7,22.8,9.5,9.5
Ernakulam,Kerala,2024-12-11,32.4,22.9,0.0,0.0
Ernakulam,Kerala,2024-12-12,26.6,24.2,40.7,40.7
Ernakulam,Kerala,2024-12-13,28.6,23.9,32.8,32.8
Ernakulam,Kerala,2024-12-14,28.8,23.2,4.2,4.2
Ernakulam,Kerala,2024-12-15,30.9,22.2,0.0,0.0
Ernakulam,Kerala,2024-12-16,31.4,21.4,0.0,0.0
Ernakulam,Kerala,2024-12-17,31.1,23.4,0.0,0.0
Ernakulam,Kerala,2024-12-18,30.7,21.7,0.0,0.0
Ernakulam,Kerala,2024-12-19,31.4,21.9,0.1,0.1
Ernakulam,Kerala,2024-12-20,31.4,22.8,0.5,0.5
Ernakulam,Kerala,2024-12-21,31.1,22.9,0.3,0.3
Ernakulam,Kerala,2024-12-22,30.9,23.3,2.2,2.2
Ernakulam,Kerala,2024-12-23,30.7,22.0,0.3,0.3
Ernakulam,Kerala,2024-12-24,30.5,21.3,0.0,0.0
Ernakulam,Kerala,2024-12-25,30.6,21.2,0.0,0.0
Ernakulam,Kerala,2024-12-26,30.7,21.8,0.5,0.5
Ernakulam,Kerala,2024-12-27,31.1,23.2,2.4,2.4
Ernakulam,Kerala,2024-12-28,31.6,23.2,0.4,0.4
Ernakulam,Kerala,2024-12-29,32.5,22.9,0.0,0.0
Ernakulam,Kerala,2024-12-30,33.2,22.8,0.6,0.6
Ernakulam,Kerala,2024-12-31,33.7,24.0,0.1,0.1
Nagpur,Maharashtra,2023-01-01,27.4,16.2,0.0,0.0
Nagpur,Maharashtra,2023-01-02,27.3,15.2,0.0,0.0
Nagpur,Maharashtra,2023-01-03,27.8,14.9,0.0,0.0
Nagpur,Maharashtra,2023-01-04,25.3,16.1,0.1,0.1
Nagpur,Maharashtra,2023-01-05,26.5,15.1,0.2,0.2
Nagpur,Maharashtra,2023-01-06,26.5,15.1,0.0,0.0
Nagpur,Maharashtra,2023-01-07,25.4,13.0,0.0,0.0
Nagpur,Maharashtra,2023-01-08,26.2,10.6,0.0,0.0
Nagpur,Maharashtra,2023-01-09,27.3,10.3,0.0,0.0
Nagpur,Maharashtra,2023-01-10,28.5,10.7,0.0,0.0
Nagpur,Maharashtra,2023-01-11,28.1,11.6,0.0,0.0
Nagpur,Maharashtra,2023-01-12,28.5,12.9,0.0,0.0
Nagpur,Maharashtra,2023-01-13,29.1,12.8,0.0,0.0
Nagpur,Maharashtra,2023-01-14,28.0,15.8,0.0,0.0
Nagpur,Maharashtra,2023-01-15,27.6,14.3,0.0,0.0
Nagpur,Maharashtra,2023-01-16,28.0,14.4,0.0,0.0
Nagpur,Maharashtra,2023-01-17,29.0,15.9,0.0,0.0
Nagpur,Maharashtra,2023-01-18,28.7,16.1,0.0,0.0
Nagpur,Maharashtra,2023-01-19,29.0,15.5,0.0,0.0
Nagpur,Maharashtra,2023-01-20,29.6,16.2,0.0,0.0
Nagpur,Maharashtra,2023-01-21,29.8,17.4,0.0,0.0
Nagpur,Maharashtra,2023-01-22,29.9,17.6,0.0,0.0
Nagpur,Maharashtra,2023-01-23,29.6,16.8,0.0,0.0
Nagpur,Maharashtra,2023-01-24,29.9,17.4,0.0,0.0
Nagpur,Maharashtra,2023-01-25,29.7,18.0,0.0,0.0
Nagpur,Maharashtra,2023-01-26,29.0,15.1,0.0,0.0
Nagpur,Maharashtra,2023-01-27,30.0,16.6,0.0,0.0
Nagpur,Maharashtra,2023-01-28,30.3,17.8,0.0,0.0
Nagpur,Maharashtra,2023-01-29,30.7,16.9,0.0,0.0
Nagpur,Maharashtra,2023-01-30,30.6,17.7,0.4,0.4
Nagpur,Maharashtra,2023-01-31,30.6,19.0,0.0,0.0
Nagpur,Maharashtra,2023-02-01,29.3,18.2,0.0,0.0
Nagpur,Maharashtra,2023-02-02,28.7,14.3,0.0,0.0
Nagpur,Maharashtra,2023-02-03,29.5,12.9,0.0,0.0
Nagpur,Maharashtra,2023-02-04,29.8,12.0,0.0,0.0
Nagpur,Maharashtra,2023-02-05,30.1,11.8,0.0,0.0
Nagpur,Maharashtra,2023-02-06,31.0,13.2,0.0,0.0
Nagpur,Maharashtra,2023-02-07,31.4,15.7,0.0,0.0
Nagpur,Maharashtra,2023-02-08,31.2,15.8,0.0,0.0
Nagpur,Maharashtra,2023-02-09,31.4,14.1,0.0,0.0
Nagpur,Maharashtra,2023-02-10,33.9,14.8,0.0,0.0
Nagpur,Maharashtra,2023-02-11,34.1,16.3,0.0,0.0
Nagpur,Maharashtra,2023-02-12,32.1,16.5,0.0,0.0
Nagpur,Maharashtra,2023-02-13,30.5,14.6,0.0,0.0
Nagpur,Maharashtra,2023-02-14,31.1,12.6,0.0,0.0
Nagpur,Maharashtra,2023-02-15,33.4,14.7,0.0,0.0
Nagpur,Maharashtra,2023-02-16,34.6,16.5,0.0,0.0
Nagpur,Maharashtra,2023-02-17,32.0,18.2,0.0,0.0
Nagpur,Maharashtra,2023-02-18,32.3,18.2,0.0,0.0
Nagpur,Maharashtra,2023-02-19,33.3,17.2,0.0,0.0
Nagpur,Maharashtra,2023-02-20,34.5,16.3,0.0,0.0
Nagpur,Maharashtra,2023-02-21,35.6,16.7,0.0,0.0
Nagpur,Maharashtra,2023-02-22,35.1,17.8,0.0,0.0
Nagpur,Maharashtra,2023-02-23,34.9,16.6,0.0,0.0
Nagpur,Maharashtra,2023-02-24,34.9,17.8,0.0,0.0
Nagpur,Maharashtra,2023-02-25,34.7,17.9,0.0,0.0
Nagpur,Maharashtra,2023-02-26,34.6,18.5,0.0,0.0
Nagpur,Maharashtra,2023-02-27,34.8,17.8,0.0,0.0
Nagpur,Maharashtra,2023-02-28,34.6,18.9,0.0,0.0
Nagpur,Maharashtra,2023-03-01,34.2,19.5,0.0,0.0
Nagpur,Maharashtra,2023-03-02,34.9,20.6,0.0,0.0
Nagpur,Maharashtra,2023-03-03,35.6,21.7,0.0,0.0
Nagpur,Maharashtra,2023-03-04,35.7,20.7,0.0,0.0
Nagpur,Maharashtra,2023-03-05,34.8,19.9,0.0,0.0
Nagpur,Maharashtra,2023-03-06,35.1,20.7,0.5,0.5
Nagpur,Maharashtra,2023-03-07,29.9,19.4,0.3,0.3
Nagpur,Maharashtra,2023-03-08,33.3,16.9,0.0,0.0
Nagpur,Maharashtra,2023-03-09,33.7,19.3,0.0,0.0
Nagpur,Maharashtra,2023-03-10,33.5,20.3,0.0,0.0
Nagpur,Maharashtra,2023-03-11,35.0,20.7,0.0,0.0
Nagpur,Maharashtra,2023-03-12,35.6,20.9,0.0,0.0
Nagpur,Maharashtra,2023-03-13,37.1,21.6,0.0,0.0
Nagpur,Maharashtra,2023-03-14,36.0,21.1,1.1,1.1
Nagpur,Maharashtra,2023-03-15,34.8,19.6,0.0,0.0
Nagpur,Maharashtra,2023-03-16,30.0,22.7,1.0,1.0
Nagpur,Maharashtra,2023-03-17,29.7,20.4,3.3,3.3
Nagpur,Maharashtra,2023-03-18,27.3,19.3,9.8,9.8
Nagpur,Maharashtra,2023-03-19,29.3,18.7,1.4,1.4
Nagpur,Maharashtra,2023-03-20,30.5,17.1,0.0,0.0
Nagpur,Maharashtra,2023-03-21,31.1,19.8,0.0,0.0
Nagpur,Maharashtra,2023-03-22,32.8,19.8,0.0,0.0
Nagpur,Maharashtra,2023-03-23,33.4,19.5,0.0,0.0
Nagpur,Maharashtra,2023-03-24,35.4,20.8,0.0,0.0
Nagpur,Maharashtra,2023-03-25,36.0,22.6,0.0,0.0
Nagpur,Maharashtra,2023-03-26,34.0,21.1,13.8,13.8
Nagpur,Maharashtra,2023-03-27,36.0,21.4,0.0,0.0
Nagpur,Maharashtra,2023-03-28,36.7,21.9,0.0,0.0
Nagpur,Maharashtra,2023-03-29,37.7,21.0,0.0,0.0
Nagpur,Maharashtra,2023-03-30,38.1,22.4,0.0,0.0
Nagpur,Maharashtra,2023-03-31,34.4,26.1,0.0,0.0
Nagpur,Maharashtra,2023-04-01,35.3,22.6,0.0,0.0
Nagpur,Maharashtra,2023-04-02,35.5,21.9,0.0,0.0
Nagpur,Maharashtra,2023-04-03,37.2,22.8,0.0,0.0
Nagpur,Maharashtra,2023-04-04,37.9,23.2,0.0,0.0
Nagpur,Maharashtra,2023-04-05,36.8,23.6,0.0,0.0
Nagpur,Maharashtra,2023-04-06,37.2,23.4,0.0,0.0
Nagpur,Maharashtra,2023-04-07,37.8,22.6,4.4,4.4
Nagpur,Maharashtra,2023-04-08,32.9,21.3,0.6,0.6
Nagpur,Maharashtra,2023-04-09,35.5,22.4,5.7,5.7
Nagpur,Maharashtra,2023-04-10,37.0,22.6,0.0,0.0
Nagpur,Maharashtra,2023-04-11,39.3,23.5,0.0,0.0
Nagpur,Maharashtra,2023-04-12,39.8,24.6,0.0,0.0
Nagpur,Maharashtra,2023-04-13,41.0,25.4,0.0,0.0
Nagpur,Maharashtra,2023-04-14,40.0,27.4,0.0,0.0
Nagpur,Maharashtra,2023-04-15,35.4,24.8,0.9,0.9
Nagpur,Maharashtra,2023-04-16,39.8,23.7,0.0,0.0
Nagpur,Maharashtra,2023-04-17,40.5,25.3,0.0,0.0
Nagpur,Maharashtra,2023-04-18,41.7,26.3,0.0,0.0
Nagpur,Maharashtra,2023-04-19,41.6,26.7,0.0,0.0
Nagpur,Maharashtra,2023-04-20,39.3,25.7,0.1,0.1
Nagpur,Maharashtra,2023-04-21,37.7,22.6,0.0,0.0
Nagpur,Maharashtra,2023-04-22,37.4,23.7,2.6,2.6
Nagpur,Maharashtra,2023-04-23,35.7,22.0,0.1,0.1
Nagpur,Maharashtra,2023-04-24,34.8,23.1,1.8,1.8
Nagpur,Maharashtra,2023-04-25,33.9,22.3,1.5,1.5
Nagpur,Maharashtra,2023-04-26,34.0,22.3,0.0,0.0
Nagpur,Maharashtra,2023-04-27,32.5,21.2,4.7,4.7
Nagpur,Maharashtra,2023-04-28,33.3,20.6,17.3,17.3
Nagpur,Maharashtra,2023-04-29,32.3,21.2,15.4,15.4
Nagpur,Maharashtra,2023-04-30,28.5,20.3,56.7,56.7
Nagpur,Maharashtra,2023-05-01,29.1,19.0,1.0,1.0
Nagpur,Maharashtra,2023-05-02,29.9,20.0,10.2,10.2
Nagpur,Maharashtra,2023-05-03,27.8,20.4,30.7,30.7
Nagpur,Maharashtra,2023-05-04,31.4,21.2,1.6,1.6
Nagpur,Maharashtra,2023-05-05,32.7,21.6,4.6,4.6
Nagpur,Maharashtra,2023-05-06,35.1,22.7,0.0,0.0
Nagpur,Maharashtra,2023-05-07,36.9,23.2,1.6,1.6
Nagpur,Maharashtra,2023-05-08,38.3,22.4,0.0,0.0
Nagpur,Maharashtra,2023-05-09,38.7,24.8,0.0,0.0
Nagpur,Maharashtra,2023-05-10,40.2,25.9,0.0,0.0
Nagpur,Maharashtra,2023-05-11,40.9,21.6,0.0,0.0
Nagpur,Maharashtra,2023-05-12,41.3,21.8,0.0,0.0
Nagpur,Maharashtra,2023-05-13,42.3,22.7,0.0,0.0
Nagpur,Maharashtra,2023-05-14,43.8,24.6,0.0,0.0
Nagpur,Maharashtra,2023-05-15,41.8,29.9,0.0,0.0
Nagpur,Maharashtra,2023-05-16,40.1,30.0,0.0,0.0
Nagpur,Maharashtra,2023-05-17,40.0,27.5,0.0,0.0
Nagpur,Maharashtra,2023-05-18,41.4,29.0,0.2,0.2
Nagpur,Maharashtra,2023-05-19,42.1,29.5,0.0,0.0
Nagpur,Maharashtra,2023-05-20,42.3,28.6,0.0,0.0
Nagpur,Maharashtra,2023-05-21,42.6,27.5,1.2,1.2
Nagpur,Maharashtra,2023-05-22,39.5,26.2,0.1,0.1
Nagpur,Maharashtra,2023-05-23,41.8,27.2,0.0,0.0
Nagpur,Maharashtra,2023-05-24,41.6,29.2,0.0,0.0
Nagpur,Maharashtra,2023-05-25,41.0,30.1,0.0,0.0
Nagpur,Maharashtra,2023-05-26,38.5,29.7,0.0,0.0
Nagpur,Maharashtra,2023-05-27,40.6,28.0,0.0,0.0
Nagpur,Maharashtra,2023-05-28,40.6,27.4,0.0,0.0
Nagpur,Maharashtra,2023-05-29,40.9,26.0,0.0,0.0
Nagpur,Maharashtra,2023-05-30,40.8,27.3,0.0,0.0
Nagpur,Maharashtra,2023-05-31,41.4,27.8,0.0,0.0
Nagpur,Maharashtra,2023-06-01,42.4,27.7,0.0,0.0
Nagpur,Maharashtra,2023-06-02,41.8,27.8,0.0,0.0
Nagpur,Maharashtra,2023-06-03,41.5,29.2,0.3,0.3
Nagpur,Maharashtra,2023-06-04,39.6,28.2,0.0,0.0
Nagpur,Maharashtra,2023-06-05,40.3,27.8,0.0,0.0
Nagpur,Maharashtra,2023-06-06,41.9,28.6,0.0,0.0
Nagpur,Maharashtra,2023-06-07,41.5,30.1,0.0,0.0
Nagpur,Maharashtra,2023-06-08,42.7,29.0,0.0,0.0
Nagpur,Maharashtra,2023-06-09,40.4,30.8,0.2,0.2
Nagpur,Maharashtra,2023-06-10,40.5,28.8,0.7,0.7
Nagpur,Maharashtra,2023-06-11,42.0,30.3,0.0,0.0
Nagpur,Maharashtra,2023-06-12,42.1,30.3,0.4,0.4
Nagpur,Maharashtra,2023-06-13,41.5,29.5,0.5,0.5
Nagpur,Maharashtra,2023-06-14,41.5,30.6,0.0,0.0
Nagpur,Maharashtra,2023-06-15,41.0,31.3,0.0,0.0
Nagpur,Maharashtra,2023-06-16,40.6,30.4,0.0,0.0
Nagpur,Maharashtra,2023-06-17,40.3,30.4,0.0,0.0
Nagpur,Maharashtra,2023-06-18,40.0,30.7,0.0,0.0
Nagpur,Maharashtra,2023-06-19,40.4,30.6,0.0,0.0
Nagpur,Maharashtra,2023-06-20,39.9,30.5,0.0,0.0
Nagpur,Maharashtra,2023-06-21,40.7,28.2,0.0,0.0
Nagpur,Maharashtra,2023-06-22,39.1,29.2,0.3,0.3
Nagpur,Maharashtra,2023-06-23,27.9,25.3,20.8,20.8
Nagpur,Maharashtra,2023-06-24,32.3,25.2,4.9,4.9
Nagpur,Maharashtra,2023-06-25,33.9,25.8,3.7,3.7
Nagpur,Maharashtra,2023-06-26,28.6,24.9,24.3,24.3
Nagpur,Maharashtra,2023-06-27,28.6,24.6,23.9,23.9
Nagpur,Maharashtra,2023-06-28,29.0,24.9,9.4,9.4
Nagpur,Maharashtra,2023-06-29,32.0,24.6,1.5,1.5
Nagpur,Maharashtra,2023-06-30,32.0,25.4,0.3,0.3
Nagpur,Maharashtra,2023-07-01,33.6,26.1,1.1,1.1
Nagpur,Maharashtra,2023-07-02,33.7,26.0,1.1,1.1
Nagpur,Maharashtra,2023-07-03,34.5,25.7,0.9,0.9
Nagpur,Maharashtra,2023-07-04,32.6,25.9,16.0,16.0
Nagpur,Maharashtra,2023-07-05,32.0,24.5,17.7,17.7
Nagpur,Maharashtra,2023-07-06,32.9,25.6,9.6,9.6
Nagpur,Maharashtra,2023-07-07,30.0,25.0,41.8,41.8
Nagpur,Maharashtra,2023-07-08,29.9,24.2,25.2,25.2
Nagpur,Maharashtra,2023-07-09,28.1,24.7,23.8,23.8
Nagpur,Maharashtra,2023-07-10,31.5,24.2,14.9,14.9
Nagpur,Maharashtra,2023-07-11,27.7,24.7,12.9,12.9
Nagpur,Maharashtra,2023-07-12,31.2,24.1,27.1,27.1
Nagpur,Maharashtra,2023-07-13,31.1,24.0,19.5,19.5
Nagpur,Maharashtra,2023-07-14,31.5,24.9,8.2,8.2
Nagpur,Maharashtra,2023-07-15,29.8,25.2,16.3,16.3
Nagpur,Maharashtra,2023-07-16,29.3,24.6,12.3,12.3
Nagpur,Maharashtra,2023-07-17,31.5,24.1,21.8,21.8
Nagpur,Maharashtra,2023-07-18,30.2,24.1,29.9,29.9
Nagpur,Maharashtra,2023-07-19,30.4,24.3,15.4,15.4
Nagpur,Maharashtra,2023-07-20,30.8,24.5,12.9,12.9
Nagpur,Maharashtra,2023-07-21,30.9,24.6,23.4,23.4
Nagpur,Maharashtra,2023-07-22,30.1,24.5,14.2,14.2
Nagpur,Maharashtra,2023-07-23,30.2,24.1,26.3,26.3
Nagpur,Maharashtra,2023-07-24,31.8,23.6,36.5,36.5
Nagpur,Maharashtra,2023-07-25,31.9,24.5,2.6,2.6
Nagpur,Maharashtra,2023-07-26,31.9,24.9,32.6,32.6
Nagpur,Maharashtra,2023-07-27,31.8,24.9,49.5,49.5
Nagpur,Maharashtra,2023-07-28,29.9,24.9,33.3,33.3
Nagpur,Maharashtra,2023-07-29,31.0,26.0,6.0,6.0
Nagpur,Maharashtra,2023-07-30,32.0,25.0,1.1,1.1
Nagpur,Maharashtra,2023-07-31,30.9,25.6,5.8,5.8
Nagpur,Maharashtra,2023-08-01,31.9,25.7,1.2,1.2
Nagpur,Maharashtra,2023-08-02,28.9,24.8,9.6,9.6
Nagpur,Maharashtra,2023-08-03,26.0,24.2,30.0,30.0
Nagpur,Maharashtra,2023-08-04,31.3,23.9,1.5,1.5
Nagpur,Maharashtra,2023-08-05,31.5,24.5,1.5,1.5
Nagpur,Maharashtra,2023-08-06,31.8,24.8,0.3,0.3
Nagpur,Maharashtra,2023-08-07,30.5,25.0,0.1,0.1
Nagpur,Maharashtra,2023-08-08,31.3,24.5,0.2,0.2
Nagpur,Maharashtra,2023-08-09,31.7,23.7,2.1,2.1
Nagpur,Maharashtra,2023-08-10,32.8,23.7,0.3,0.3
Nagpur,Maharashtra,2023-08-11,31.9,24.7,0.7,0.7
Nagpur,Maharashtra,2023-08-12,32.7,24.8,0.1,0.1
Nagpur,Maharashtra,2023-08-13,31.3,24.6,0.7,0.7
Nagpur,Maharashtra,2023-08-14,31.4,24.8,1.0,1.0
Nagpur,Maharashtra,2023-08-15,30.9,24.5,1.9,1.9
Nagpur,Maharashtra,2023-08-16,32.4,24.3,1.1,1.1
Nagpur,Maharashtra,2023-08-17,33.1,25.3,15.8,15.8
Nagpur,Maharashtra,2023-08-18,29.4,24.4,48.4,48.4
Nagpur,Maharashtra,2023-08-19,28.1,23.9,33.4,33.4
Nagpur,Maharashtra,2023-08-20,29.8,24.3,5.8,5.8
Nagpur,Maharashtra,2023-08-21,30.8,24.4,1.9,1.9
Nagpur,Maharashtra,2023-08-22,32.1,24.3,0.2,0.2
Nagpur,Maharashtra,2023-08-23,30.7,24.8,21.7,21.7
Nagpur,Maharashtra,2023-08-24,31.4,24.4,10.5,10.5
Nagpur,Maharashtra,2023-08-25,30.8,24.6,0.8,0.8
Nagpur,Maharashtra,2023-08-26,32.0,24.5,0.2,0.2
Nagpur,Maharashtra,2023-08-27,32.0,24.2,0.0,0.0
Nagpur,Maharashtra,2023-08-28,31.4,23.0,0.0,0.0
Nagpur,Maharashtra,2023-08-29,31.5,22.1,1.4,1.4
Nagpur,Maharashtra,2023-08-30,31.8,23.5,0.4,0.4
Nagpur,Maharashtra,2023-08-31,32.9,23.8,0.2,0.2
Nagpur,Maharashtra,2023-09-01,33.6,24.5,0.6,0.6
Nagpur,Maharashtra,2023-09-02,33.9,25.3,5.9,5.9
Nagpur,Maharashtra,2023-09-03,32.8,25.3,3.6,3.6
Nagpur,Maharashtra,2023-09-04,34.3,24.9,1.7,1.7
Nagpur,Maharashtra,2023-09-05,32.8,24.8,19.0,19.0
Nagpur,Maharashtra,2023-09-06,30.0,24.1,7.2,7.2
Nagpur,Maharashtra,2023-09-07,30.0,24.2,18.0,18.0
Nagpur,Maharashtra,2023-09-08,29.7,24.0,13.3,13.3
Nagpur,Maharashtra,2023-09-09,30.2,24.0,9.9,9.9
Nagpur,Maharashtra,2023-09-10,29.5,24.1,11.2,11.2
Nagpur,Maharashtra,2023-09-11,31.9,24.9,0.8,0.8
Nagpur,Maharashtra,2023-09-12,31.5,24.8,1.5,1.5
Nagpur,Maharashtra,2023-09-13,30.5,24.8,21.8,21.8
Nagpur,Maharashtra,2023-09-14,30.4,23.9,40.5,40.5
Nagpur,Maharashtra,2023-09-15,25.9,24.2,50.5,50.5
Nagpur,Maharashtra,2023-09-16,30.3,24.1,0.5,0.5
Nagpur,Maharashtra,2023-09-17,30.8,23.3,0.5,0.5
Nagpur,Maharashtra,2023-09-18,31.6,22.8,0.0,0.0
Nagpur,Maharashtra,2023-09-19,32.0,22.7,0.0,0.0
Nagpur,Maharashtra,2023-09-20,31.6,24.6,5.2,5.2
Nagpur,Maharashtra,2023-09-21,30.1,23.7,18.0,18.0
Nagpur,Maharashtra,2023-09-22,29.3,24.2,16.6,16.6
Nagpur,Maharashtra,2023-09-23,28.3,23.4,39.5,39.5
Nagpur,Maharashtra,2023-09-24,31.0,23.3,6.9,6.9
Nagpur,Maharashtra,2023-09-25,31.9,23.4,0.5,0.5
Nagpur,Maharashtra,2023-09-26,30.8,24.3,2.0,2.0
Nagpur,Maharashtra,2023-09-27,30.3,23.1,0.5,0.5
Nagpur,Maharashtra,2023-09-28,32.0,23.7,0.0,0.0
Nagpur,Maharashtra,2023-09-29,29.6,24.0,17.6,17.6
Nagpur,Maharashtra,2023-09-30,31.1,23.5,6.5,6.5
Nagpur,Maharashtra,2023-10-01,32.6,24.1,0.2,0.2
Nagpur,Maharashtra,2023-10-02,32.3,23.3,4.7,4.7
Nagpur,Maharashtra,2023-10-03,33.2,23.6,0.0,0.0
Nagpur,Maharashtra,2023-10-04,33.2,21.4,0.0,0.0
Nagpur,Maharashtra,2023-10-05,33.6,20.2,0.0,0.0
Nagpur,Maharashtra,2023-10-06,33.5,20.0,0.0,0.0
Nagpur,Maharashtra,2023-10-07,33.7,22.5,0.0,0.0
Nagpur,Maharashtra,2023-10-08,34.5,24.0,0.0,0.0
Nagpur,Maharashtra,2023-10-09,34.4,22.9,0.0,0.0
Nagpur,Maharashtra,2023-10-10,34.6,22.5,0.0,0.0
Nagpur,Maharashtra,2023-10-11,34.5,22.7,0.0,0.0
Nagpur,Maharashtra,2023-10-12,33.6,21.1,0.0,0.0
Nagpur,Maharashtra,2023-10-13,34.1,21.7,0.0,0.0
Nagpur,Maharashtra,2023-10-14,33.7,20.7,0.0,0.0
Nagpur,Maharashtra,2023-10-15,31.1,22.2,1.0,1.0
Nagpur,Maharashtra,2023-10-16,32.7,21.6,0.3,0.3
Nagpur,Maharashtra,2023-10-17,32.9,21.7,0.0,0.0
Nagpur,Maharashtra,2023-10-18,32.7,22.3,0.0,0.0
Nagpur,Maharashtra,2023-10-19,31.6,22.7,0.0,0.0
Nagpur,Maharashtra,2023-10-20,31.8,21.5,0.3,0.3
Nagpur,Maharashtra,2023-10-21,32.0,20.1,0.0,0.0
Nagpur,Maharashtra,2023-10-22,32.7,19.2,0.0,0.0
Nagpur,Maharashtra,2023-10-23,31.3,20.0,0.0,0.0
Nagpur,Maharashtra,2023-10-24,31.5,19.3,0.0,0.0
Nagpur,Maharashtra,2023-10-25,31.9,18.5,0.0,0.0
Nagpur,Maharashtra,2023-10-26,31.9,18.3,0.0,0.0
Nagpur,Maharashtra,2023-10-27,31.3,17.2,0.0,0.0
Nagpur,Maharashtra,2023-10-28,31.2,17.7,0.0,0.0
Nagpur,Maharashtra,2023-10-29,31.2,17.6,0.0,0.0
Nagpur,Maharashtra,2023-10-30,31.0,18.0,0.0,0.0
Nagpur,Maharashtra,2023-10-31,31.2,18.4,0.0,0.0
Nagpur,Maharashtra,2023-11-01,31.3,19.7,0.0,0.0
Nagpur,Maharashtra,2023-11-02,31.5,19.6,0.1,0.1
Nagpur,Maharashtra,2023-11-03,32.1,19.4,0.0,0.0
Nagpur,Maharashtra,2023-11-04,32.9,20.4,0.0,0.0
Nagpur,Maharashtra,2023-11-05,32.4,19.1,0.0,0.0
Nagpur,Maharashtra,2023-11-06,32.4,16.8,0.0,0.0
Nagpur,Maharashtra,2023-11-07,32.3,17.4,0.0,0.0
Nagpur,Maharashtra,2023-11-08,32.4,17.2,0.0,0.0
Nagpur,Maharashtra,2023-11-09,32.4,17.7,0.0,0.0
Nagpur,Maharashtra,2023-11-10,32.5,17.3,0.0,0.0
Nagpur,Maharashtra,2023-11-11,33.0,18.9,0.0,0.0
Nagpur,Maharashtra,2023-11-12,32.4,20.4,0.0,0.0
Nagpur,Maharashtra,2023-11-13,31.5,16.9,0.0,0.0
Nagpur,Maharashtra,2023-11-14,30.8,17.5,0.0,0.0
Nagpur,Maharashtra,2023-11-15,30.4,17.5,0.0,0.0
Nagpur,Maharashtra,2023-11-16,30.2,17.9,0.0,0.0
Nagpur,Maharashtra,2023-11-17,30.1,17.7,0.0,0.0
Nagpur,Maharashtra,2023-11-18,30.6,17.4,0.0,0.0
Nagpur,Maharashtra,2023-11-19,31.7,17.7,0.0,0.0
Nagpur,Maharashtra,2023-11-20,31.2,18.2,0.0,0.0
Nagpur,Maharashtra,2023-11-21,30.9,19.0,0.0,0.0
Nagpur,Maharashtra,2023-11-22,31.2,18.4,0.0,0.0
Nagpur,Maharashtra,2023-11-23,31.2,17.6,0.0,0.0
Nagpur,Maharashtra,2023-11-24,31.0,19.0,0.0,0.0
Nagpur,Maharashtra,2023-11-25,30.7,18.3,0.0,0.0
Nagpur,Maharashtra,2023-11-26,30.7,18.1,0.0,0.0
Nagpur,Maharashtra,2023-11-27,24.7,19.2,1.5,1.5
Nagpur,Maharashtra,2023-11-28,26.4,18.4,2.4,2.4
Nagpur,Maharashtra,2023-11-29,26.5,17.0,14.1,14.1
Nagpur,Maharashtra,2023-11-30,29.0,19.3,1.8,1.8
Nagpur,Maharashtra,2023-12-01,28.9,20.7,0.0,0.0
Nagpur,Maharashtra,2023-12-02,30.0,19.9,0.0,0.0
Nagpur,Maharashtra,2023-12-03,30.2,20.0,0.0,0.0
Nagpur,Maharashtra,2023-12-04,30.2,19.8,0.0,0.0
Nagpur,Maharashtra,2023-12-05,28.0,20.9,1.3,1.3
Nagpur,Maharashtra,2023-12-06,24.5,20.2,3.3,3.3
Nagpur,Maharashtra,2023-12-07,25.2,19.2,1.3,1.3
Nagpur,Maharashtra,2023-12-08,26.2,16.8,0.3,0.3
Nagpur,Maharashtra,2023-12-09,27.2,16.4,0.0,0.0
Nagpur,Maharashtra,2023-12-10,26.3,14.3,0.0,0.0
Nagpur,Maharashtra,2023-12-11,26.7,13.7,0.0,0.0
Nagpur,Maharashtra,2023-12-12,27.2,14.2,0.0,0.0
Nagpur,Maharashtra,2023-12-13,27.2,15.1,0.0,0.0
Nagpur,Maharashtra,2023-12-14,27.0,14.6,0.0,0.0
Nagpur,Maharashtra,2023-12-15,26.6,14.1,0.0,0.0
Nagpur,Maharashtra,2023-12-16,26.6,13.4,0.0,0.0
Nagpur,Maharashtra,2023-12-17,25.8,13.5,0.0,0.0
Nagpur,Maharashtra,2023-12-18,24.9,14.6,0.0,0.0
Nagpur,Maharashtra,2023-12-19,24.4,13.2,0.0,0.0
Nagpur,Maharashtra,2023-12-20,24.9,12.1,0.0,0.0
Nagpur,Maharashtra,2023-12-21,25.9,11.8,0.0,0.0
Nagpur,Maharashtra,2023-12-22,26.9,11.7,0.0,0.0
Nagpur,Maharashtra,2023-12-23,28.2,14.0,0.0,0.0
Nagpur,Maharashtra,2023-12-24,28.6,12.6,0.0,0.0
Nagpur,Maharashtra,2023-12-25,28.7,14.1,0.0,0.0
Nagpur,Maharashtra,2023-12-26,29.0,14.3,0.0,0.0
Nagpur,Maharashtra,2023-12-27,28.4,14.4,0.0,0.0
Nagpur,Maharashtra,2023-12-28,28.2,14.7,0.0,0.0
Nagpur,Maharashtra,2023-12-29,28.2,15.0,0.0,0.0
Nagpur,Maharashtra,2023-12-30,28.0,13.8,0.0,0.0
Nagpur,Maharashtra,2023-12-31,28.2,14.6,0.0,0.0
Nagpur,Maharashtra,2024-01-01,28.4,14.6,0.0,0.0
Nagpur,Maharashtra,2024-01-02,28.6,14.2,0.0,0.0
Nagpur,Maharashtra,2024-01-03,28.2,14.6,1.9,1.9
Nagpur,Maharashtra,2024-01-04,27.7,16.0,0.0,0.0
Nagpur,Maharashtra,2024-01-05,27.9,16.5,0.0,0.0
Nagpur,Maharashtra,2024-01-06,26.4,17.6,3.3,3.3
Nagpur,Maharashtra,2024-01-07,28.2,16.6,0.0,0.0
Nagpur,Maharashtra,2024-01-08,28.1,16.7,0.0,0.0
Nagpur,Maharashtra,2024-01-09,29.6,16.3,0.0,0.0
Nagpur,Maharashtra,2024-01-10,28.2,19.3,0.4,0.4
Nagpur,Maharashtra,2024-01-11,28.5,17.0,0.0,0.0
Nagpur,Maharashtra,2024-01-12,29.5,17.4,0.0,0.0
Nagpur,Maharashtra,2024-01-13,29.9,17.9,0.0,0.0
Nagpur,Maharashtra,2024-01-14,29.8,17.6,0.0,0.0
Nagpur,Maharashtra,2024-01-15,28.0,16.8,0.0,0.0
Nagpur,Maharashtra,2024-01-16,28.2,15.0,0.0,0.0
Nagpur,Maharashtra,2024-01-17,29.0,15.8,0.5,0.5
Nagpur,Maharashtra,2024-01-18,27.1,17.7,0.3,0.3
Nagpur,Maharashtra,2024-01-19,27.5,16.1,0.0,0.0
Nagpur,Maharashtra,2024-01-20,28.0,17.6,0.6,0.6
Nagpur,Maharashtra,2024-01-21,27.4,16.6,1.1,1.1
Nagpur,Maharashtra,2024-01-22,27.6,14.7,0.0,0.0
Nagpur,Maharashtra,2024-01-23,27.9,18.2,4.0,4.0
Nagpur,Maharashtra,2024-01-24,25.9,14.6,0.0,0.0
Nagpur,Maharashtra,2024-01-25,24.7,11.8,0.0,0.0
Nagpur,Maharashtra,2024-01-26,25.8,10.7,0.0,0.0
Nagpur,Maharashtra,2024-01-27,26.8,11.7,0.0,0.0
Nagpur,Maharashtra,2024-01-28,28.1,10.9,0.0,0.0
Nagpur,Maharashtra,2024-01-29,29.1,12.6,0.0,0.0
Nagpur,Maharashtra,2024-01-30,28.5,15.4,0.0,0.0
Nagpur,Maharashtra,2024-01-31,28.9,14.1,0.0,0.0
Nagpur,Maharashtra,2024-02-01,29.6,16.9,0.0,0.0
Nagpur,Maharashtra,2024-02-02,29.3,16.9,0.0,0.0
Nagpur,Maharashtra,2024-02-03,28.7,15.8,0.0,0.0
Nagpur,Maharashtra,2024-02-04,30.3,15.5,0.0,0.0
Nagpur,Maharashtra,2024-02-05,32.8,16.6,0.0,0.0
Nagpur,Maharashtra,2024-02-06,32.9,17.7,0.0,0.0
Nagpur,Maharashtra,2024-02-07,30.1,18.0,0.0,0.0
Nagpur,Maharashtra,2024-02-08,28.1,17.7,0.0,0.0
Nagpur,Maharashtra,2024-02-09,28.1,14.6,0.0,0.0
Nagpur,Maharashtra,2024-02-10,28.1,15.1,1.7,1.7
Nagpur,Maharashtra,2024-02-11,28.6,17.3,2.3,2.3
Nagpur,Maharashtra,2024-02-12,29.2,17.7,0.4,0.4
Nagpur,Maharashtra,2024-02-13,30.7,17.4,0.0,0.0
Nagpur,Maharashtra,2024-02-14,30.8,18.1,0.0,0.0
Nagpur,Maharashtra,2024-02-15,28.7,18.6,0.0,0.0
Nagpur,Maharashtra,2024-02-16,30.7,18.0,0.1,0.1
Nagpur,Maharashtra,2024-02-17,31.3,18.3,0.0,0.0
Nagpur,Maharashtra,2024-02-18,31.7,17.6,0.0,0.0
Nagpur,Maharashtra,2024-02-19,33.2,17.4,0.0,0.0
Nagpur,Maharashtra,2024-02-20,33.3,19.3,0.0,0.0
Nagpur,Maharashtra,2024-02-21,33.0,17.1,0.0,0.0
Nagpur,Maharashtra,2024-02-22,30.2,20.1,0.0,0.0
Nagpur,Maharashtra,2024-02-23,29.7,16.5,0.0,0.0
Nagpur,Maharashtra,2024-02-24,30.9,16.8,0.0,0.0
Nagpur,Maharashtra,2024-02-25,31.5,17.2,0.0,0.0
Nagpur,Maharashtra,2024-02-26,28.4,20.2,4.0,4.0
Nagpur,Maharashtra,2024-02-27,31.4,19.6,9.0,9.0
Nagpur,Maharashtra,2024-02-28,31.3,19.4,0.0,0.0
Nagpur,Maharashtra,2024-02-29,33.6,18.0,0.0,0.0
Nagpur,Maharashtra,2024-03-01,34.8,18.6,0.0,0.0
Nagpur,Maharashtra,2024-03-02,32.4,22.1,0.3,0.3
Nagpur,Maharashtra,2024-03-03,33.6,21.3,0.0,0.0
Nagpur,Maharashtra,2024-03-04,31.8,21.2,0.0,0.0
Nagpur,Maharashtra,2024-03-05,33.9,18.2,0.0,0.0
Nagpur,Maharashtra,2024-03-06,34.2,19.8,0.0,0.0
Nagpur,Maharashtra,2024-03-07,34.4,19.3,0.0,0.0
Nagpur,Maharashtra,2024-03-08,34.2,18.8,0.0,0.0
Nagpur,Maharashtra,2024-03-09,34.9,19.5,0.0,0.0
Nagpur,Maharashtra,2024-03-10,36.2,20.5,0.0,0.0
Nagpur,Maharashtra,2024-03-11,36.9,21.9,0.0,0.0
Nagpur,Maharashtra,2024-03-12,37.0,21.0,0.0,0.0
Nagpur,Maharashtra,2024-03-13,36.8,22.1,0.0,0.0
Nagpur,Maharashtra,2024-03-14,36.0,20.5,0.0,0.0
Nagpur,Maharashtra,2024-03-15,36.0,20.5,0.0,0.0
Nagpur,Maharashtra,2024-03-16,36.3,23.2,1.1,1.1
Nagpur,Maharashtra,2024-03-17,33.0,21.4,2.8,2.8
Nagpur,Maharashtra,2024-03-18,34.0,22.6,0.5,0.5
Nagpur,Maharashtra,2024-03-19,29.4,20.6,4.3,4.3
Nagpur,Maharashtra,2024-03-20,30.5,17.8,3.1,3.1
Nagpur,Maharashtra,2024-03-21,32.8,16.0,0.0,0.0
Nagpur,Maharashtra,2024-03-22,35.1,19.4,0.0,0.0
Nagpur,Maharashtra,2024-03-23,37.0,18.9,0.0,0.0
Nagpur,Maharashtra,2024-03-24,37.9,19.9,0.0,0.0
Nagpur,Maharashtra,2024-03-25,38.1,21.8,0.0,0.0
Nagpur,Maharashtra,2024-03-26,38.4,22.5,0.0,0.0
Nagpur,Maharashtra,2024-03-27,38.3,23.6,0.0,0.0
Nagpur,Maharashtra,2024-03-28,39.9,24.0,0.0,0.0
Nagpur,Maharashtra,2024-03-29,40.1,25.2,0.0,0.0
Nagpur,Maharashtra,2024-03-30,39.1,26.2,0.1,0.1
Nagpur,Maharashtra,2024-03-31,38.6,25.5,0.0,0.0
Nagpur,Maharashtra,2024-04-01,40.3,23.7,0.0,0.0
Nagpur,Maharashtra,2024-04-02,40.4,25.8,0.0,0.0
Nagpur,Maharashtra,2024-04-03,40.2,25.0,0.0,0.0
Nagpur,Maharashtra,2024-04-04,41.4,25.8,0.0,0.0
Nagpur,Maharashtra,2024-04-05,40.1,24.7,0.0,0.0
Nagpur,Maharashtra,2024-04-06,40.2,27.8,0.0,0.0
Nagpur,Maharashtra,2024-04-07,36.4,25.0,0.7,0.7
Nagpur,Maharashtra,2024-04-08,35.6,22.6,0.9,0.9
Nagpur,Maharashtra,2024-04-09,34.8,23.0,11.1,11.1
Nagpur,Maharashtra,2024-04-10,35.9,21.4,0.4,0.4
Nagpur,Maharashtra,2024-04-11,32.8,20.5,1.1,1.1
Nagpur,Maharashtra,2024-04-12,31.8,22.3,2.8,2.8
Nagpur,Maharashtra,2024-04-13,32.4,21.8,6.3,6.3
Nagpur,Maharashtra,2024-04-14,35.8,23.2,0.0,0.0
Nagpur,Maharashtra,2024-04-15,38.4,24.1,0.4,0.4
Nagpur,Maharashtra,2024-04-16,38.9,24.4,0.0,0.0
Nagpur,Maharashtra,2024-04-17,40.1,24.7,0.0,0.0
Nagpur,Maharashtra,2024-04-18,40.9,24.1,0.0,0.0
Nagpur,Maharashtra,2024-04-19,42.0,24.7,0.0,0.0
Nagpur,Maharashtra,2024-04-20,41.3,27.3,0.0,0.0
Nagpur,Maharashtra,2024-04-21,40.4,28.3,0.0,0.0
Nagpur,Maharashtra,2024-04-22,38.7,25.6,0.4,0.4
Nagpur,Maharashtra,2024-04-23,36.7,25.1,1.1,1.1
Nagpur,Maharashtra,2024-04-24,39.2,24.9,0.4,0.4
Nagpur,Maharashtra,2024-04-25,38.3,25.1,0.0,0.0
Nagpur,Maharashtra,2024-04-26,41.9,24.8,0.0,0.0
Nagpur,Maharashtra,2024-04-27,41.1,26.2,0.1,0.1
Nagpur,Maharashtra,2024-04-28,40.2,27.5,0.6,0.6
Nagpur,Maharashtra,2024-04-29,39.2,26.8,0.3,0.3
Nagpur,Maharashtra,2024-04-30,42.1,27.0,0.0,0.0
Nagpur,Maharashtra,2024-05-01,41.6,28.5,0.0,0.0
Nagpur,Maharashtra,2024-05-02,39.9,25.5,0.0,0.0
Nagpur,Maharashtra,2024-05-03,40.9,23.4,0.0,0.0
Nagpur,Maharashtra,2024-05-04,42.1,23.7,0.0,0.0
Nagpur,Maharashtra,2024-05-05,42.7,26.2,0.0,0.0
Nagpur,Maharashtra,2024-05-06,41.5,30.3,0.0,0.0
Nagpur,Maharashtra,2024-05-07,40.3,24.7,1.5,1.5
Nagpur,Maharashtra,2024-05-08,39.0,24.7,0.0,0.0
Nagpur,Maharashtra,2024-05-09,37.4,27.0,0.1,0.1
Nagpur,Maharashtra,2024-05-10,40.5,26.3,7.4,7.4
Nagpur,Maharashtra,2024-05-11,41.4,27.4,0.0,0.0
Nagpur,Maharashtra,2024-05-12,39.4,27.7,2.2,2.2
Nagpur,Maharashtra,2024-05-13,37.5,26.5,0.3,0.3
Nagpur,Maharashtra,2024-05-14,39.7,26.4,0.6,0.6
Nagpur,Maharashtra,2024-05-15,38.6,26.0,0.0,0.0
Nagpur,Maharashtra,2024-05-16,35.3,26.8,1.2,1.2
Nagpur,Maharashtra,2024-05-17,34.9,26.4,7.0,7.0
Nagpur,Maharashtra,2024-05-18,39.7,26.0,0.0,0.0
Nagpur,Maharashtra,2024-05-19,40.2,26.4,14.2,14.2
Nagpur,Maharashtra,2024-05-20,40.9,27.4,10.5,10.5
Nagpur,Maharashtra,2024-05-21,42.7,29.8,0.5,0.5
Nagpur,Maharashtra,2024-05-22,41.9,26.9,1.3,1.3
Nagpur,Maharashtra,2024-05-23,42.1,28.3,0.9,0.9
Nagpur,Maharashtra,2024-05-24,43.7,27.6,0.0,0.0
Nagpur,Maharashtra,2024-05-25,41.7,28.2,0.2,0.2
Nagpur,Maharashtra,2024-05-26,44.9,29.6,0.0,0.0
Nagpur,Maharashtra,2024-05-27,45.5,32.2,0.0,0.0
Nagpur,Maharashtra,2024-05-28,44.6,31.8,0.0,0.0
Nagpur,Maharashtra,2024-05-29,44.0,30.4,0.0,0.0
Nagpur,Maharashtra,2024-05-30,44.1,30.6,0.0,0.0
Nagpur,Maharashtra,2024-05-31,44.5,31.6,0.0,0.0
Nagpur,Maharashtra,2024-06-01,44.0,32.1,0.0,0.0
Nagpur,Maharashtra,2024-06-02,42.8,29.4,3.2,3.2
Nagpur,Maharashtra,2024-06-03,39.6,26.8,1.6,1.6
Nagpur,Maharashtra,2024-06-04,40.9,27.4,1.2,1.2
Nagpur,Maharashtra,2024-06-05,40.4,26.4,1.9,1.9
Nagpur,Maharashtra,2024-06-06,41.4,28.3,0.2,0.2
Nagpur,Maharashtra,2024-06-07,39.4,26.9,0.3,0.3
Nagpur,Maharashtra,2024-06-08,40.0,26.4,3.8,3.8
Nagpur,Maharashtra,2024-06-09,38.9,26.5,0.4,0.4
Nagpur,Maharashtra,2024-06-10,39.2,27.0,1.7,1.7
Nagpur,Maharashtra,2024-06-11,40.5,26.5,1.1,1.1
Nagpur,Maharashtra,2024-06-12,37.4,25.9,2.3,2.3
Nagpur,Maharashtra,2024-06-13,39.7,28.0,4.2,4.2
Nagpur,Maharashtra,2024-06-14,39.7,27.7,0.3,0.3
Nagpur,Maharashtra,2024-06-15,39.2,27.1,0.1,0.1
Nagpur,Maharashtra,2024-06-16,37.4,26.9,7.0,7.0
Nagpur,Maharashtra,2024-06-17,37.4,27.5,0.0,0.0
Nagpur,Maharashtra,2024-06-18,37.1,27.0,6.3,6.3
Nagpur,Maharashtra,2024-06-19,36.6,26.5,6.5,6.5
Nagpur,Maharashtra,2024-06-20,36.5,25.5,12.1,12.1
Nagpur,Maharashtra,2024-06-21,33.3,25.5,18.0,18.0
Nagpur,Maharashtra,2024-06-22,31.0,25.0,16.6,16.6
Nagpur,Maharashtra,2024-06-23,31.8,24.2,22.8,22.8
Nagpur,Maharashtra,2024-06-24,32.5,24.6,4.7,4.7
Nagpur,Maharashtra,2024-06-25,34.5,25.0,1.1,1.1
Nagpur,Maharashtra,2024-06-26,35.0,26.4,1.2,1.2
Nagpur,Maharashtra,2024-06-27,33.6,25.3,24.9,24.9
Nagpur,Maharashtra,2024-06-28,31.9,25.0,24.8,24.8
Nagpur,Maharashtra,2024-06-29,30.8,25.4,2.7,2.7
Nagpur,Maharashtra,2024-06-30,31.6,25.7,7.1,7.1
Nagpur,Maharashtra,2024-07-01,29.8,24.6,5.8,5.8
Nagpur,Maharashtra,2024-07-02,31.1,25.0,23.7,23.7
Nagpur,Maharashtra,2024-07-03,31.2,25.0,0.2,0.2
Nagpur,Maharashtra,2024-07-04,31.5,24.9,11.2,11.2
Nagpur,Maharashtra,2024-07-05,31.7,24.6,8.7,8.7
Nagpur,Maharashtra,2024-07-06,32.9,24.8,5.5,5.5
Nagpur,Maharashtra,2024-07-07,30.0,24.7,12.8,12.8
Nagpur,Maharashtra,2024-07-08,31.8,24.7,16.6,16.6
Nagpur,Maharashtra,2024-07-09,32.1,24.4,12.9,12.9
Nagpur,Maharashtra,2024-07-10,31.3,23.9,12.4,12.4
Nagpur,Maharashtra,2024-07-11,30.7,24.9,2.4,2.4
Nagpur,Maharashtra,2024-07-12,31.7,24.7,12.0,12.0
Nagpur,Maharashtra,2024-07-13,32.0,25.1,16.3,16.3
Nagpur,Maharashtra,2024-07-14,31.4,24.5,19.7,19.7
Nagpur,Maharashtra,2024-07-15,31.0,24.4,16.4,16.4
Nagpur,Maharashtra,2024-07-16,30.8,24.6,27.1,27.1
Nagpur,Maharashtra,2024-07-17,31.5,25.0,29.4,29.4
Nagpur,Maharashtra,2024-07-18,31.1,24.7,4.9,4.9
Nagpur,Maharashtra,2024-07-19,31.6,24.7,25.0,25.0
Nagpur,Maharashtra,2024-07-20,30.3,25.1,69.1,69.1
Nagpur,Maharashtra,2024-07-21,30.9,24.9,80.2,80.2
Nagpur,Maharashtra,2024-07-22,27.9,25.0,52.4,52.4
Nagpur,Maharashtra,2024-07-23,28.5,24.2,28.7,28.7
Nagpur,Maharashtra,2024-07-24,28.2,24.2,22.0,22.0
Nagpur,Maharashtra,2024-07-25,31.2,24.4,6.7,6.7
Nagpur,Maharashtra,2024-07-26,28.6,24.7,7.5,7.5
Nagpur,Maharashtra,2024-07-27,27.9,24.4,24.6,24.6
Nagpur,Maharashtra,2024-07-28,28.2,24.1,22.3,22.3
Nagpur,Maharashtra,2024-07-29,30.4,23.5,11.8,11.8
Nagpur,Maharashtra,2024-07-30,30.7,24.4,14.5,14.5
Nagpur,Maharashtra,2024-07-31,30.4,25.0,10.7,10.7
Nagpur,Maharashtra,2024-08-01,28.1,24.5,38.2,38.2
Nagpur,Maharashtra,2024-08-02,26.1,24.2,19.7,19.7
Nagpur,Maharashtra,2024-08-03,27.6,24.1,12.6,12.6
Nagpur,Maharashtra,2024-08-04,27.3,23.8,42.7,42.7
Nagpur,Maharashtra,2024-08-05,30.2,23.6,5.8,5.8
Nagpur,Maharashtra,2024-08-06,31.4,24.4,3.2,3.2
Nagpur,Maharashtra,2024-08-07,28.0,23.8,10.0,10.0
Nagpur,Maharashtra,2024-08-08,27.9,23.9,16.8,16.8
Nagpur,Maharashtra,2024-08-09,29.4,22.7,0.9,0.9
Nagpur,Maharashtra,2024-08-10,30.2,23.6,9.4,9.4
Nagpur,Maharashtra,2024-08-11,29.7,23.7,14.7,14.7
Nagpur,Maharashtra,2024-08-12,30.6,23.8,0.8,0.8
Nagpur,Maharashtra,2024-08-13,30.8,24.1,2.6,2.6
Nagpur,Maharashtra,2024-08-14,30.7,25.2,21.4,21.4
Nagpur,Maharashtra,2024-08-15,29.6,25.0,33.1,33.1
Nagpur,Maharashtra,2024-08-16,29.3,24.7,8.1,8.1
Nagpur,Maharashtra,2024-08-17,30.0,24.9,1.3,1.3
Nagpur,Maharashtra,2024-08-18,30.3,25.1,8.6,8.6
Nagpur,Maharashtra,2024-08-19,31.5,24.1,10.2,10.2
Nagpur,Maharashtra,2024-08-20,30.7,23.9,4.7,4.7
Nagpur,Maharashtra,2024-08-21,30.9,24.5,8.9,8.9
Nagpur,Maharashtra,2024-08-22,30.7,25.1,21.6,21.6
Nagpur,Maharashtra,2024-08-23,30.1,24.1,10.6,10.6
Nagpur,Maharashtra,2024-08-24,27.7,23.8,15.2,15.2
Nagpur,Maharashtra,2024-08-25,25.6,23.4,24.3,24.3
Nagpur,Maharashtra,2024-08-26,29.6,23.5,0.4,0.4
Nagpur,Maharashtra,2024-08-27,31.1,23.7,0.9,0.9
Nagpur,Maharashtra,2024-08-28,31.5,23.9,0.5,0.5
Nagpur,Maharashtra,2024-08-29,30.3,24.1,8.1,8.1
Nagpur,Maharashtra,2024-08-30,29.7,24.1,16.3,16.3
Nagpur,Maharashtra,2024-08-31,30.1,23.6,27.3,27.3
Nagpur,Maharashtra,2024-09-01,31.5,23.3,33.4,33.4
Nagpur,Maharashtra,2024-09-02,29.5,24.9,11.4,11.4
Nagpur,Maharashtra,2024-09-03,30.8,24.3,2.3,2.3
Nagpur,Maharashtra,2024-09-04,30.6,24.0,3.2,3.2
Nagpur,Maharashtra,2024-09-05,30.2,24.0,11.0,11.0
Nagpur,Maharashtra,2024-09-06,31.0,24.1,7.8,7.8
Nagpur,Maharashtra,2024-09-07,31.1,24.1,6.6,6.6
Nagpur,Maharashtra,2024-09-08,30.9,24.4,9.0,9.0
Nagpur,Maharashtra,2024-09-09,31.1,24.5,19.1,19.1
Nagpur,Maharashtra,2024-09-10,26.0,24.8,58.0,58.0
Nagpur,Maharashtra,2024-09-11,30.8,24.8,3.2,3.2
Nagpur,Maharashtra,2024-09-12,30.8,24.7,1.2,1.2
Nagpur,Maharashtra,2024-09-13,30.5,23.9,7.9,7.9
Nagpur,Maharashtra,2024-09-14,30.5,23.3,0.0,0.0
Nagpur,Maharashtra,2024-09-15,30.3,22.5,0.5,0.5
Nagpur,Maharashtra,2024-09-16,30.6,23.0,0.2,0.2
Nagpur,Maharashtra,2024-09-17,30.8,25.2,0.1,0.1
Nagpur,Maharashtra,2024-09-18,31.3,23.9,0.4,0.4
Nagpur,Maharashtra,2024-09-19,31.5,22.4,1.5,1.5
Nagpur,Maharashtra,2024-09-20,32.3,23.6,0.6,0.6
Nagpur,Maharashtra,2024-09-21,32.0,24.5,5.5,5.5
Nagpur,Maharashtra,2024-09-22,31.2,23.5,5.9,5.9
Nagpur,Maharashtra,2024-09-23,31.5,24.3,7.2,7.2
Nagpur,Maharashtra,2024-09-24,30.3,24.5,16.2,16.2
Nagpur,Maharashtra,2024-09-25,29.9,23.7,24.0,24.0
Nagpur,Maharashtra,2024-09-26,29.3,23.6,49.3,49.3
Nagpur,Maharashtra,2024-09-27,28.6,24.3,18.7,18.7
Nagpur,Maharashtra,2024-09-28,30.2,24.2,0.8,0.8
Nagpur,Maharashtra,2024-09-29,31.6,23.9,2.9,2.9
Nagpur,Maharashtra,2024-09-30,32.1,23.7,0.4,0.4
Nagpur,Maharashtra,2024-10-01,32.8,24.0,0.1,0.1
Nagpur,Maharashtra,2024-10-02,34.0,24.5,0.0,0.0
Nagpur,Maharashtra,2024-10-03,34.4,24.6,0.0,0.0
Nagpur,Maharashtra,2024-10-04,33.4,24.3,0.0,0.0
Nagpur,Maharashtra,2024-10-05,33.2,22.7,19.3,19.3
Nagpur,Maharashtra,2024-10-06,32.8,23.2,1.7,1.7
Nagpur,Maharashtra,2024-10-07,32.2,22.6,0.0,0.0
Nagpur,Maharashtra,2024-10-08,31.9,23.5,0.5,0.5
Nagpur,Maharashtra,2024-10-09,30.9,23.1,5.4,5.4
Nagpur,Maharashtra,2024-10-10,31.7,22.2,0.2,0.2
Nagpur,Maharashtra,2024-10-11,31.3,23.4,4.1,4.1
Nagpur,Maharashtra,2024-10-12,29.4,22.4,7.1,7.1
Nagpur,Maharashtra,2024-10-13,31.1,23.1,13.5,13.5
Nagpur,Maharashtra,2024-10-14,31.8,23.1,0.1,0.1
Nagpur,Maharashtra,2024-10-15,31.9,23.3,0.3,0.3
Nagpur,Maharashtra,2024-10-16,31.6,23.7,0.4,0.4
Nagpur,Maharashtra,2024-10-17,32.6,24.0,0.7,0.7
Nagpur,Maharashtra,2024-10-18,32.5,24.3,0.3,0.3
Nagpur,Maharashtra,2024-10-19,31.9,23.1,9.8,9.8
Nagpur,Maharashtra,2024-10-20,31.3,22.8,0.8,0.8
Nagpur,Maharashtra,2024-10-21,31.4,21.2,0.0,0.0
Nagpur,Maharashtra,2024-10-22,31.1,22.0,0.0,0.0
Nagpur,Maharashtra,2024-10-23,32.9,21.8,0.0,0.0
Nagpur,Maharashtra,2024-10-24,31.6,21.3,0.0,0.0
Nagpur,Maharashtra,2024-10-25,32.2,20.9,0.0,0.0
Nagpur,Maharashtra,2024-10-26,32.4,21.8,0.0,0.0
Nagpur,Maharashtra,2024-10-27,31.4,20.4,0.0,0.0
Nagpur,Maharashtra,2024-10-28,31.6,22.2,0.2,0.2
Nagpur,Maharashtra,2024-10-29,32.7,22.7,0.3,0.3
Nagpur,Maharashtra,2024-10-30,33.4,22.6,0.0,0.0
Nagpur,Maharashtra,2024-10-31,33.1,22.3,0.0,0.0
Nagpur,Maharashtra,2024-11-01,33.8,20.4,0.0,0.0
Nagpur,Maharashtra,2024-11-02,33.4,20.6,0.0,0.0
Nagpur,Maharashtra,2024-11-03,32.3,22.4,0.0,0.0
Nagpur,Maharashtra,2024-11-04,31.9,20.0,0.0,0.0
Nagpur,Maharashtra,2024-11-05,31.4,20.3,0.0,0.0
Nagpur,Maharashtra,2024-11-06,31.2,18.7,0.0,0.0
Nagpur,Maharashtra,2024-11-07,30.5,20.1,0.0,0.0
Nagpur,Maharashtra,2024-11-08,30.5,19.3,0.0,0.0
Nagpur,Maharashtra,2024-11-09,30.4,18.9,0.0,0.0
Nagpur,Maharashtra,2024-11-10,30.9,20.0,0.0,0.0
Nagpur,Maharashtra,2024-11-11,30.2,19.5,0.0,0.0
Nagpur,Maharashtra,2024-11-12,30.5,18.7,0.0,0.0
Nagpur,Maharashtra,2024-11-13,30.4,19.6,0.0,0.0
Nagpur,Maharashtra,2024-11-14,30.2,19.5,0.0,0.0
Nagpur,Maharashtra,2024-11-15,30.0,18.7,0.0,0.0
Nagpur,Maharashtra,2024-11-16,29.7,18.2,0.0,0.0
Nagpur,Maharashtra,2024-11-17,29.3,18.0,0.0,0.0
Nagpur,Maharashtra,2024-11-18,29.0,17.5,0.0,0.0
Nagpur,Maharashtra,2024-11-19,28.7,16.9,0.0,0.0
Nagpur,Maharashtra,2024-11-20,28.2,17.6,0.0,0.0
Nagpur,Maharashtra,2024-11-21,28.5,17.3,0.0,0.0
Nagpur,Maharashtra,2024-11-22,28.1,17.2,0.0,0.0
Nagpur,Maharashtra,2024-11-23,28.3,16.2,0.0,0.0
Nagpur,Maharashtra,2024-11-24,28.3,15.5,0.0,0.0
Nagpur,Maharashtra,2024-11-25,28.3,16.2,0.0,0.0
Nagpur,Maharashtra,2024-11-26,28.4,15.6,0.0,0.0
Nagpur,Maharashtra,2024-11-27,28.3,16.7,0.0,0.0
Nagpur,Maharashtra,2024-11-28,27.4,16.2,0.0,0.0
Nagpur,Maharashtra,2024-11-29,27.7,15.5,0.0,0.0
Nagpur,Maharashtra,2024-11-30,28.9,16.9,0.0,0.0
Nagpur,Maharashtra,2024-12-01,29.0,18.7,0.0,0.0
Nagpur,Maharashtra,2024-12-02,30.0,20.0,0.0,0.0
Nagpur,Maharashtra,2024-12-03,29.4,21.7,0.1,0.1
Nagpur,Maharashtra,2024-12-04,30.5,21.8,1.0,1.0
Nagpur,Maharashtra,2024-12-05,32.2,21.8,0.0,0.0
Nagpur,Maharashtra,2024-12-06,30.1,22.0,1.4,1.4
Nagpur,Maharashtra,2024-12-07,30.0,21.7,0.5,0.5
Nagpur,Maharashtra,2024-12-08,30.2,21.0,1.3,1.3
Nagpur,Maharashtra,2024-12-09,28.7,19.0,0.0,0.0
Nagpur,Maharashtra,2024-12-10,26.5,15.7,0.0,0.0
Nagpur,Maharashtra,2024-12-11,25.7,13.8,0.0,0.0
Nagpur,Maharashtra,2024-12-12,26.7,13.6,0.0,0.0
Nagpur,Maharashtra,2024-12-13,26.5,14.9,0.0,0.0
Nagpur,Maharashtra,2024-12-14,26.0,13.3,0.0,0.0
Nagpur,Maharashtra,2024-12-15,25.6,12.3,0.0,0.0
Nagpur,Maharashtra,2024-12-16,26.8,13.3,0.0,0.0
Nagpur,Maharashtra,2024-12-17,27.6,12.4,0.0,0.0
Nagpur,Maharashtra,2024-12-18,27.7,13.2,0.0,0.0
Nagpur,Maharashtra,2024-12-19,28.0,13.4,0.0,0.0
Nagpur,Maharashtra,2024-12-20,29.9,18.9,0.0,0.0
Nagpur,Maharashtra,2024-12-21,29.9,18.9,0.0,0.0
Nagpur,Maharashtra,2024-12-22,28.5,16.5,0.0,0.0
Nagpur,Maharashtra,2024-12-23,29.1,17.1,0.0,0.0
Nagpur,Maharashtra,2024-12-24,28.9,18.4,0.0,0.0
Nagpur,Maharashtra,2024-12-25,28.9,19.2,0.0,0.0
Nagpur,Maharashtra,2024-12-26,28.6,19.0,0.0,0.0
Nagpur,Maharashtra,2024-12-27,29.1,19.5,0.6,0.6
Nagpur,Maharashtra,2024-12-28,29.7,20.0,1.6,1.6
Nagpur,Maharashtra,2024-12-29,28.1,18.7,0.7,0.7
Nagpur,Maharashtra,2024-12-30,29.4,19.0,0.0,0.0
Nagpur,Maharashtra,2024-12-31,29.6,17.9,0.0,0.0
Jaipur,Rajasthan,2023-01-01,19.7,7.2,0.0,0.0
Jaipur,Rajasthan,2023-01-02,19.1,7.2,0.0,0.0
Jaipur,Rajasthan,2023-01-03,19.3,6.9,0.0,0.0
Jaipur,Rajasthan,2023-01-04,18.4,5.2,0.0,0.0
Jaipur,Rajasthan,2023-01-05,18.5,3.2,0.0,0.0
Jaipur,Rajasthan,2023-01-06,18.2,3.6,0.0,0.0
Jaipur,Rajasthan,2023-01-07,20.0,4.5,0.0,0.0
Jaipur,Rajasthan,2023-01-08,23.0,6.6,0.0,0.0
Jaipur,Rajasthan,2023-01-09,23.5,8.7,0.0,0.0
Jaipur,Rajasthan,2023-01-10,23.8,8.9,0.0,0.0
Jaipur,Rajasthan,2023-01-11,23.1,9.0,0.0,0.0
Jaipur,Rajasthan,2023-01-12,23.5,12.7,0.0,0.0
Jaipur,Rajasthan,2023-01-13,23.5,12.2,0.0,0.0
Jaipur,Rajasthan,2023-01-14,18.2,8.1,0.0,0.0
Jaipur,Rajasthan,2023-01-15,16.9,3.9,0.0,0.0
Jaipur,Rajasthan,2023-01-16,17.9,3.5,0.0,0.0
Jaipur,Rajasthan,2023-01-17,18.2,3.6,0.0,0.0
Jaipur,Rajasthan,2023-01-18,18.6,4.6,0.0,0.0
Jaipur,Rajasthan,2023-01-19,19.9,6.5,0.0,0.0
Jaipur,Rajasthan,2023-01-20,20.2,8.6,0.0,0.0
Jaipur,Rajasthan,2023-01-21,21.4,8.6,0.0,0.0
Jaipur,Rajasthan,2023-01-22,20.6,10.9,0.7,0.7
Jaipur,Rajasthan,2023-01-23,21.8,10.2,0.2,0.2
Jaipur,Rajasthan,2023-01-24,21.8,11.7,0.5,0.5
Jaipur,Rajasthan,2023-01-25,21.3,11.2,0.0,0.0
Jaipur,Rajasthan,2023-01-26,20.4,9.8,0.0,0.0
Jaipur,Rajasthan,2023-01-27,20.9,6.3,0.0,0.0
Jaipur,Rajasthan,2023-01-28,22.0,6.3,0.0,0.0
Jaipur,Rajasthan,2023-01-29,19.2,12.3,7.1,7.1
Jaipur,Rajasthan,2023-01-30,19.6,11.5,7.3,7.3
Jaipur,Rajasthan,2023-01-31,20.9,10.2,0.0,0.0
Jaipur,Rajasthan,2023-02-01,21.8,8.1,0.0,0.0
Jaipur,Rajasthan,2023-02-02,23.4,8.4,0.0,0.0
Jaipur,Rajasthan,2023-02-03,24.3,8.7,0.0,0.0
Jaipur,Rajasthan,2023-02-04,24.9,10.3,0.0,0.0
Jaipur,Rajasthan,2023-02-05,25.7,11.5,0.0,0.0
Jaipur,Rajasthan,2023-02-06,26.4,12.0,0.0,0.0
Jaipur,Rajasthan,2023-02-07,25.4,12.7,0.0,0.0
Jaipur,Rajasthan,2023-02-08,25.4,11.0,0.0,0.0
Jaipur,Rajasthan,2023-02-09,26.3,10.7,0.0,0.0
Jaipur,Rajasthan,2023-02-10,28.4,14.0,0.0,0.0
Jaipur,Rajasthan,2023-02-11,27.7,16.0,0.0,0.0
Jaipur,Rajasthan,2023-02-12,24.9,11.6,0.0,0.0
Jaipur,Rajasthan,2023-02-13,24.3,9.8,0.0,0.0
Jaipur,Rajasthan,2023-02-14,27.1,11.8,0.0,0.0
Jaipur,Rajasthan,2023-02-15,29.9,14.8,0.0,0.0
Jaipur,Rajasthan,2023-02-16,30.7,13.5,0.0,0.0
Jaipur,Rajasthan,2023-02-17,29.9,14.4,0.0,0.0
Jaipur,Rajasthan,2023-02-18,30.1,14.4,0.0,0.0
Jaipur,Rajasthan,2023-02-19,29.7,14.1,0.0,0.0
Jaipur,Rajasthan,2023-02-20,31.7,16.6,0.0,0.0
Jaipur,Rajasthan,2023-02-21,31.4,18.5,0.0,0.0
Jaipur,Rajasthan,2023-02-22,30.2,16.7,0.0,0.0
Jaipur,Rajasthan,2023-02-23,29.7,16.1,0.0,0.0
Jaipur,Rajasthan,2023-02-24,28.6,16.6,0.0,0.0
Jaipur,Rajasthan,2023-02-25,29.8,15.7,0.0,0.0
Jaipur,Rajasthan,2023-02-26,29.8,15.0,0.0,0.0
Jaipur,Rajasthan,2023-02-27,30.3,16.9,0.0,0.0
Jaipur,Rajasthan,2023-02-28,30.0,17.2,0.0,0.0
Jaipur,Rajasthan,2023-03-01,29.0,16.9,0.1,0.1
Jaipur,Rajasthan,2023-03-02,31.0,16.8,0.0,0.0
Jaipur,Rajasthan,2023-03-03,31.4,17.1,0.0,0.0
Jaipur,Rajasthan,2023-03-04,31.1,19.1,0.0,0.0
Jaipur,Rajasthan,2023-03-05,30.6,16.7,0.0,0.0
Jaipur,Rajasthan,2023-03-06,30.3,16.4,0.0,0.0
Jaipur,Rajasthan,2023-03-07,29.8,16.0,0.0,0.0
Jaipur,Rajasthan,2023-03-08,25.2,16.7,2.9,2.9
Jaipur,Rajasthan,2023-03-09,28.6,15.6,0.2,0.2
Jaipur,Rajasthan,2023-03-10,29.9,15.8,0.0,0.0
Jaipur,Rajasthan,2023-03-11,30.0,16.1,0.0,0.0
Jaipur,Rajasthan,2023-03-12,31.5,17.9,0.0,0.0
Jaipur,Rajasthan,2023-03-13,32.4,19.6,0.0,0.0
Jaipur,Rajasthan,2023-03-14,32.9,17.5,0.0,0.0
Jaipur,Rajasthan,2023-03-15,31.9,18.2,0.0,0.0
Jaipur,Rajasthan,2023-03-16,30.0,20.7,0.8,0.8
Jaipur,Rajasthan,2023-03-17,30.5,18.4,2.3,2.3
Jaipur,Rajasthan,2023-03-18,27.7,16.1,1.3,1.3
Jaipur,Rajasthan,2023-03-19,27.8,16.7,12.0,12.0
Jaipur,Rajasthan,2023-03-20,25.0,15.7,9.0,9.0
Jaipur,Rajasthan,2023-03-21,28.3,13.9,0.0,0.0
Jaipur,Rajasthan,2023-03-22,28.1,15.2,0.3,0.3
Jaipur,Rajasthan,2023-03-23,29.3,16.5,0.0,0.0
Jaipur,Rajasthan,2023-03-24,29.5,17.9,0.3,0.3
Jaipur,Rajasthan,2023-03-25,29.8,16.5,0.0,0.0
Jaipur,Rajasthan,2023-03-26,28.8,17.8,0.0,0.0
Jaipur,Rajasthan,2023-03-27,30.2,17.8,0.0,0.0
Jaipur,Rajasthan,2023-03-28,31.7,16.3,0.0,0.0
Jaipur,Rajasthan,2023-03-29,32.0,18.2,0.0,0.0
Jaipur,Rajasthan,2023-03-30,31.4,18.5,9.2,9.2
Jaipur,Rajasthan,2023-03-31,26.9,16.2,5.3,5.3
Jaipur,Rajasthan,2023-04-01,28.1,15.2,0.1,0.1
Jaipur,Rajasthan,2023-04-02,30.4,16.5,0.5,0.5
Jaipur,Rajasthan,2023-04-03,32.5,17.7,0.0,0.0
Jaipur,Rajasthan,2023-04-04,31.2,18.6,0.0,0.0
Jaipur,Rajasthan,2023-04-05,32.5,19.4,0.0,0.0
Jaipur,Rajasthan,2023-04-06,31.2,19.5,0.0,0.0
Jaipur,Rajasthan,2023-04-07,33.8,20.5,0.0,0.0
Jaipur,Rajasthan,2023-04-08,33.5,19.3,0.0,0.0
Jaipur,Rajasthan,2023-04-09,34.8,19.8,0.0,0.0
Jaipur,Rajasthan,2023-04-10,35.5,19.6,0.0,0.0
Jaipur,Rajasthan,2023-04-11,37.0,21.1,0.0,0.0
Jaipur,Rajasthan,2023-04-12,36.1,22.5,0.0,0.0
Jaipur,Rajasthan,2023-04-13,36.9,22.6,0.0,0.0
Jaipur,Rajasthan,2023-04-14,37.9,24.1,0.0,0.0
Jaipur,Rajasthan,2023-04-15,38.8,24.1,0.0,0.0
Jaipur,Rajasthan,2023-04-16,37.5,24.0,0.0,0.0
Jaipur,Rajasthan,2023-04-17,38.1,23.7,0.0,0.0
Jaipur,Rajasthan,2023-04-18,39.3,25.6,0.0,0.0
Jaipur,Rajasthan,2023-04-19,37.3,26.0,0.0,0.0
Jaipur,Rajasthan,2023-04-20,35.5,25.3,0.0,0.0
Jaipur,Rajasthan,2023-04-21,35.6,22.6,0.0,0.0
Jaipur,Rajasthan,2023-04-22,36.2,22.0,0.0,0.0
Jaipur,Rajasthan,2023-04-23,33.1,21.9,0.0,0.0
Jaipur,Rajasthan,2023-04-24,32.2,18.7,0.0,0.0
Jaipur,Rajasthan,2023-04-25,33.8,20.0,0.0,0.0
Jaipur,Rajasthan,2023-04-26,35.0,21.4,0.0,0.0
Jaipur,Rajasthan,2023-04-27,35.4,22.1,0.0,0.0
Jaipur,Rajasthan,2023-04-28,33.3,22.5,0.9,0.9
Jaipur,Rajasthan,2023-04-29,30.1,21.7,0.5,0.5
Jaipur,Rajasthan,2023-04-30,29.9,19.1,1.8,1.8
Jaipur,Rajasthan,2023-05-01,28.5,18.2,13.8,13.8
Jaipur,Rajasthan,2023-05-02,31.4,17.9,0.0,0.0
Jaipur,Rajasthan,2023-05-03,31.7,19.4,2.2,2.2
Jaipur,Rajasthan,2023-05-04,32.3,19.0,0.0,0.0
Jaipur,Rajasthan,2023-05-05,35.1,19.8,0.5,0.5
Jaipur,Rajasthan,2023-05-06,36.8,22.3,0.0,0.0
Jaipur,Rajasthan,2023-05-07,38.2,22.0,0.0,0.0
Jaipur,Rajasthan,2023-05-08,38.5,24.5,0.0,0.0
Jaipur,Rajasthan,2023-05-09,39.2,24.6,0.0,0.0
Jaipur,Rajasthan,2023-05-10,38.9,22.5,0.0,0.0
Jaipur,Rajasthan,2023-05-11,40.4,22.4,0.0,0.0
Jaipur,Rajasthan,2023-05-12,42.3,24.0,0.0,0.0
Jaipur,Rajasthan,2023-05-13,43.4,26.6,0.0,0.0
Jaipur,Rajasthan,2023-05-14,42.0,27.9,0.0,0.0
Jaipur,Rajasthan,2023-05-15,40.9,25.8,0.0,0.0
Jaipur,Rajasthan,2023-05-16,38.5,28.6,0.2,0.2
Jaipur,Rajasthan,2023-05-17,39.4,27.9,0.0,0.0
Jaipur,Rajasthan,2023-05-18,38.4,26.0,0.0,0.0
Jaipur,Rajasthan,2023-05-19,39.9,25.6,0.0,0.0
Jaipur,Rajasthan,2023-05-20,41.5,25.6,0.0,0.0
Jaipur,Rajasthan,2023-05-21,42.5,31.0,0.2,0.2
Jaipur,Rajasthan,2023-05-22,42.1,30.3,0.0,0.0
Jaipur,Rajasthan,2023-05-23,41.3,30.7,0.0,0.0
Jaipur,Rajasthan,2023-05-24,36.9,23.5,13.0,13.0
Jaipur,Rajasthan,2023-05-25,34.4,24.2,3.4,3.4
Jaipur,Rajasthan,2023-05-26,34.1,20.8,4.2,4.2
Jaipur,Rajasthan,2023-05-27,33.3,21.3,4.7,4.7
Jaipur,Rajasthan,2023-05-28,35.7,21.4,0.0,0.0
Jaipur,Rajasthan,2023-05-29,32.5,23.6,0.2,0.2
Jaipur,Rajasthan,2023-05-30,35.5,22.7,1.0,1.0
Jaipur,Rajasthan,2023-05-31,32.1,20.9,0.1,0.1
Jaipur,Rajasthan,2023-06-01,35.6,22.2,0.4,0.4
Jaipur,Rajasthan,2023-06-02,33.4,21.1,0.6,0.6
Jaipur,Rajasthan,2023-06-03,36.5,24.0,0.2,0.2
Jaipur,Rajasthan,2023-06-04,35.4,23.2,0.0,0.0
Jaipur,Rajasthan,2023-06-05,36.1,24.1,0.0,0.0
Jaipur,Rajasthan,2023-06-06,38.1,24.1,0.0,0.0
Jaipur,Rajasthan,2023-06-07,39.0,25.4,0.0,0.0
Jaipur,Rajasthan,2023-06-08,37.9,26.4,0.8,0.8
Jaipur,Rajasthan,2023-06-09,39.2,27.9,0.0,0.0
Jaipur,Rajasthan,2023-06-10,39.0,28.9,0.0,0.0
Jaipur,Rajasthan,2023-06-11,39.2,28.4,0.0,0.0
Jaipur,Rajasthan,2023-06-12,39.5,29.7,0.0,0.0
Jaipur,Rajasthan,2023-06-13,39.6,30.1,0.0,0.0
Jaipur,Rajasthan,2023-06-14,38.7,30.2,0.0,0.0
Jaipur,Rajasthan,2023-06-15,38.3,29.7,0.3,0.3
Jaipur,Rajasthan,2023-06-16,34.7,27.6,0.5,0.5
Jaipur,Rajasthan,2023-06-17,34.6,26.0,3.2,3.2
Jaipur,Rajasthan,2023-06-18,31.1,24.6,20.2,20.2
Jaipur,Rajasthan,2023-06-19,30.4,24.4,56.9,56.9
Jaipur,Rajasthan,2023-06-20,33.0,23.0,33.5,33.5
Jaipur,Rajasthan,2023-06-21,34.9,25.4,0.2,0.2
Jaipur,Rajasthan,2023-06-22,35.2,27.0,0.0,0.0
Jaipur,Rajasthan,2023-06-23,35.9,27.4,0.0,0.0
Jaipur,Rajasthan,2023-06-24,37.8,27.5,1.1,1.1
Jaipur,Rajasthan,2023-06-25,32.0,26.2,1.4,1.4
Jaipur,Rajasthan,2023-06-26,33.4,25.1,3.8,3.8
Jaipur,Rajasthan,2023-06-27,33.8,25.0,0.4,0.4
Jaipur,Rajasthan,2023-06-28,34.0,25.1,5.3,5.3
Jaipur,Rajasthan,2023-06-29,32.0,24.9,23.1,23.1
Jaipur,Rajasthan,2023-06-30,32.9,24.5,18.9,18.9
Jaipur,Rajasthan,2023-07-01,34.1,25.0,2.8,2.8
Jaipur,Rajasthan,2023-07-02,34.1,25.3,0.2,0.2
Jaipur,Rajasthan,2023-07-03,35.6,26.3,0.2,0.2
Jaipur,Rajasthan,2023-07-04,36.5,26.2,4.4,4.4
Jaipur,Rajasthan,2023-07-05,35.0,25.3,2.3,2.3
Jaipur,Rajasthan,2023-07-06,34.0,25.7,0.4,0.4
Jaipur,Rajasthan,2023-07-07,33.4,26.1,12.7,12.7
Jaipur,Rajasthan,2023-07-08,32.5,25.3,22.9,22.9
Jaipur,Rajasthan,2023-07-09,32.3,24.8,18.4,18.4
Jaipur,Rajasthan,2023-07-10,30.5,24.6,28.3,28.3
Jaipur,Rajasthan,2023-07-11,34.2,25.1,2.0,2.0
Jaipur,Rajasthan,2023-07-12,34.6,25.4,0.1,0.1
Jaipur,Rajasthan,2023-07-13,34.1,26.3,3.4,3.4
Jaipur,Rajasthan,2023-07-14,33.6,26.2,3.1,3.1
Jaipur,Rajasthan,2023-07-15,33.1,25.9,2.5,2.5
Jaipur,Rajasthan,2023-07-16,31.1,25.1,41.2,41.2
Jaipur,Rajasthan,2023-07-17,33.1,25.2,0.8,0.8
Jaipur,Rajasthan,2023-07-18,32.6,25.3,2.7,2.7
Jaipur,Rajasthan,2023-07-19,32.7,25.6,1.1,1.1
Jaipur,Rajasthan,2023-07-20,34.5,26.6,0.3,0.3
Jaipur,Rajasthan,2023-07-21,34.7,27.6,0.3,0.3
Jaipur,Rajasthan,2023-07-22,34.3,26.6,0.3,0.3
Jaipur,Rajasthan,2023-07-23,33.1,25.5,4.1,4.1
Jaipur,Rajasthan,2023-07-24,33.6,26.7,2.9,2.9
Jaipur,Rajasthan,2023-07-25,33.0,24.8,5.5,5.5
Jaipur,Rajasthan,2023-07-26,32.4,25.0,5.4,5.4
Jaipur,Rajasthan,2023-07-27,32.2,25.0,6.9,6.9
Jaipur,Rajasthan,2023-07-28,32.2,25.6,3.7,3.7
Jaipur,Rajasthan,2023-07-29,27.8,24.0,22.6,22.6
Jaipur,Rajasthan,2023-07-30,31.6,23.8,14.3,14.3
Jaipur,Rajasthan,2023-07-31,31.8,25.3,0.7,0.7
Jaipur,Rajasthan,2023-08-01,32.9,25.2,1.3,1.3
Jaipur,Rajasthan,2023-08-02,32.8,25.7,0.5,0.5
Jaipur,Rajasthan,2023-08-03,32.7,25.8,0.0,0.0
Jaipur,Rajasthan,2023-08-04,32.0,26.0,3.4,3.4
Jaipur,Rajasthan,2023-08-05,32.7,26.3,0.0,0.0
Jaipur,Rajasthan,2023-08-06,33.2,25.9,0.0,0.0
Jaipur,Rajasthan,2023-08-07,31.9,25.1,0.0,0.0
Jaipur,Rajasthan,2023-08-08,32.7,24.5,0.0,0.0
Jaipur,Rajasthan,2023-08-09,32.6,24.8,0.0,0.0
Jaipur,Rajasthan,2023-08-10,32.5,24.6,0.0,0.0
Jaipur,Rajasthan,2023-08-11,33.1,24.8,0.0,0.0
Jaipur,Rajasthan,2023-08-12,33.2,24.9,0.0,0.0
Jaipur,Rajasthan,2023-08-13,32.1,25.4,0.0,0.0
Jaipur,Rajasthan,2023-08-14,30.6,24.6,0.2,0.2
Jaipur,Rajasthan,2023-08-15,33.5,24.7,1.0,1.0
Jaipur,Rajasthan,2023-08-16,34.2,25.9,0.1,0.1
Jaipur,Rajasthan,2023-08-17,34.3,25.9,0.0,0.0
Jaipur,Rajasthan,2023-08-18,34.3,25.3,1.6,1.6
Jaipur,Rajasthan,2023-08-19,33.4,26.3,1.0,1.0
Jaipur,Rajasthan,2023-08-20,34.7,26.5,3.3,3.3
Jaipur,Rajasthan,2023-08-21,34.5,26.0,1.1,1.1
Jaipur,Rajasthan,2023-08-22,35.5,27.1,9.1,9.1
Jaipur,Rajasthan,2023-08-23,31.1,26.4,0.3,0.3
Jaipur,Rajasthan,2023-08-24,31.4,25.1,0.0,0.0
Jaipur,Rajasthan,2023-08-25,31.4,24.5,0.0,0.0
Jaipur,Rajasthan,2023-08-26,33.0,24.3,0.1,0.1
Jaipur,Rajasthan,2023-08-27,32.6,23.4,0.0,0.0
Jaipur,Rajasthan,2023-08-28,33.2,25.0,0.0,0.0
Jaipur,Rajasthan,2023-08-29,33.1,24.3,0.0,0.0
Jaipur,Rajasthan,2023-08-30,33.9,24.6,0.3,0.3
Jaipur,Rajasthan,2023-08-31,34.7,24.2,0.0,0.0
Jaipur,Rajasthan,2023-09-01,35.3,26.4,0.4,0.4
Jaipur,Rajasthan,2023-09-02,35.4,26.7,0.0,0.0
Jaipur,Rajasthan,2023-09-03,35.1,25.8,0.0,0.0
Jaipur,Rajasthan,2023-09-04,35.2,26.0,0.0,0.0
Jaipur,Rajasthan,2023-09-05,36.1,26.1,0.2,0.2
Jaipur,Rajasthan,2023-09-06,35.0,25.4,0.3,0.3
Jaipur,Rajasthan,2023-09-07,34.5,24.4,0.1,0.1
Jaipur,Rajasthan,2023-09-08,34.4,25.9,0.2,0.2
Jaipur,Rajasthan,2023-09-09,33.5,24.7,1.5,1.5
Jaipur,Rajasthan,2023-09-10,33.9,24.6,3.2,3.2
Jaipur,Rajasthan,2023-09-11,33.2,23.9,1.0,1.0
Jaipur,Rajasthan,2023-09-12,32.7,24.7,1.1,1.1
Jaipur,Rajasthan,2023-09-13,32.9,24.4,1.7,1.7
Jaipur,Rajasthan,2023-09-14,33.2,25.7,29.0,29.0
Jaipur,Rajasthan,2023-09-15,33.2,24.5,1.4,1.4
Jaipur,Rajasthan,2023-09-16,29.9,25.2,7.3,7.3
Jaipur,Rajasthan,2023-09-17,29.4,23.8,3.4,3.4
Jaipur,Rajasthan,2023-09-18,29.5,23.1,1.6,1.6
Jaipur,Rajasthan,2023-09-19,31.7,23.8,0.3,0.3
Jaipur,Rajasthan,2023-09-20,32.7,24.3,0.0,0.0
Jaipur,Rajasthan,2023-09-21,33.2,25.6,0.1,0.1
Jaipur,Rajasthan,2023-09-22,33.2,24.9,0.2,0.2
Jaipur,Rajasthan,2023-09-23,31.5,24.8,7.7,7.7
Jaipur,Rajasthan,2023-09-24,33.8,24.6,0.6,0.6
Jaipur,Rajasthan,2023-09-25,32.4,23.6,0.3,0.3
Jaipur,Rajasthan,2023-09-26,33.1,24.0,2.0,2.0
Jaipur,Rajasthan,2023-09-27,33.5,23.8,0.0,0.0
Jaipur,Rajasthan,2023-09-28,34.2,22.5,0.0,0.0
Jaipur,Rajasthan,2023-09-29,34.7,21.2,0.0,0.0
Jaipur,Rajasthan,2023-09-30,35.7,21.9,0.0,0.0
Jaipur,Rajasthan,2023-10-01,34.6,21.5,0.0,0.0
Jaipur,Rajasthan,2023-10-02,35.4,20.7,0.0,0.0
Jaipur,Rajasthan,2023-10-03,34.3,20.9,0.0,0.0
Jaipur,Rajasthan,2023-10-04,35.1,20.3,0.0,0.0
Jaipur,Rajasthan,2023-10-05,35.5,20.2,0.0,0.0
Jaipur,Rajasthan,2023-10-06,35.6,23.3,0.0,0.0
Jaipur,Rajasthan,2023-10-07,35.3,23.5,0.0,0.0
Jaipur,Rajasthan,2023-10-08,35.0,23.8,0.0,0.0
Jaipur,Rajasthan,2023-10-09,34.8,24.5,0.0,0.0
Jaipur,Rajasthan,2023-10-10,33.9,23.4,0.0,0.0
Jaipur,Rajasthan,2023-10-11,34.8,22.5,0.0,0.0
Jaipur,Rajasthan,2023-10-12,34.5,21.0,0.0,0.0
Jaipur,Rajasthan,2023-10-13,34.9,22.3,0.0,0.0
Jaipur,Rajasthan,2023-10-14,34.6,22.8,0.0,0.0
Jaipur,Rajasthan,2023-10-15,33.5,22.1,0.0,0.0
Jaipur,Rajasthan,2023-10-16,32.9,21.6,0.0,0.0
Jaipur,Rajasthan,2023-10-17,30.8,20.0,0.1,0.1
Jaipur,Rajasthan,2023-10-18,30.1,18.5,0.0,0.0
Jaipur,Rajasthan,2023-10-19,31.3,17.1,0.0,0.0
Jaipur,Rajasthan,2023-10-20,31.6,19.3,0.0,0.0
Jaipur,Rajasthan,2023-10-21,32.1,19.4,0.0,0.0
Jaipur,Rajasthan,2023-10-22,32.4,20.0,0.0,0.0
Jaipur,Rajasthan,2023-10-23,31.5,19.2,0.0,0.0
Jaipur,Rajasthan,2023-10-24,31.3,17.9,0.0,0.0
Jaipur,Rajasthan,2023-10-25,31.3,17.3,0.0,0.0
Jaipur,Rajasthan,2023-10-26,31.7,18.3,0.0,0.0
Jaipur,Rajasthan,2023-10-27,31.4,16.7,0.0,0.0
Jaipur,Rajasthan,2023-10-28,31.3,19.3,0.0,0.0
Jaipur,Rajasthan,2023-10-29,32.9,19.5,0.0,0.0
Jaipur,Rajasthan,2023-10-30,32.6,18.9,0.0,0.0
Jaipur,Rajasthan,2023-10-31,32.9,19.2,0.0,0.0
Jaipur,Rajasthan,2023-11-01,31.6,19.2,0.0,0.0
Jaipur,Rajasthan,2023-11-02,31.4,18.5,0.0,0.0
Jaipur,Rajasthan,2023-11-03,31.7,19.6,0.0,0.0
Jaipur,Rajasthan,2023-11-04,30.7,17.1,0.0,0.0
Jaipur,Rajasthan,2023-11-05,31.0,19.2,0.0,0.0
Jaipur,Rajasthan,2023-11-06,30.6,18.1,0.0,0.0
Jaipur,Rajasthan,2023-11-07,31.4,17.6,0.0,0.0
Jaipur,Rajasthan,2023-11-08,31.3,18.0,0.0,0.0
Jaipur,Rajasthan,2023-11-09,31.1,18.5,0.0,0.0
Jaipur,Rajasthan,2023-11-10,29.7,18.1,0.0,0.0
Jaipur,Rajasthan,2023-11-11,27.0,15.4,0.0,0.0
Jaipur,Rajasthan,2023-11-12,26.6,14.7,0.0,0.0
Jaipur,Rajasthan,2023-11-13,26.5,14.7,0.0,0.0
Jaipur,Rajasthan,2023-11-14,25.6,16.7,0.0,0.0
Jaipur,Rajasthan,2023-11-15,26.6,14.4,0.0,0.0
Jaipur,Rajasthan,2023-11-16,26.1,13.7,0.0,0.0
Jaipur,Rajasthan,2023-11-17,25.6,14.0,0.0,0.0
Jaipur,Rajasthan,2023-11-18,25.7,14.3,0.0,0.0
Jaipur,Rajasthan,2023-11-19,26.6,13.2,0.0,0.0
Jaipur,Rajasthan,2023-11-20,27.1,14.1,0.0,0.0
Jaipur,Rajasthan,2023-11-21,27.1,14.4,0.0,0.0
Jaipur,Rajasthan,2023-11-22,26.0,12.8,0.0,0.0
Jaipur,Rajasthan,2023-11-23,26.5,12.4,0.0,0.0
Jaipur,Rajasthan,2023-11-24,26.5,13.2,0.0,0.0
Jaipur,Rajasthan,2023-11-25,25.8,13.0,0.0,0.0
Jaipur,Rajasthan,2023-11-26,25.6,14.8,0.0,0.0
Jaipur,Rajasthan,2023-11-27,21.8,15.3,2.6,2.6
Jaipur,Rajasthan,2023-11-28,21.0,14.4,0.3,0.3
Jaipur,Rajasthan,2023-11-29,23.5,14.0,0.2,0.2
Jaipur,Rajasthan,2023-11-30,24.4,14.6,0.2,0.2
Jaipur,Rajasthan,2023-12-01,24.3,14.3,0.0,0.0
Jaipur,Rajasthan,2023-12-02,24.3,14.6,0.0,0.0
Jaipur,Rajasthan,2023-12-03,23.1,15.0,2.2,2.2
Jaipur,Rajasthan,2023-12-04,22.6,13.9,0.7,0.7
Jaipur,Rajasthan,2023-12-05,23.2,13.3,0.0,0.0
Jaipur,Rajasthan,2023-12-06,22.6,12.3,0.0,0.0
Jaipur,Rajasthan,2023-12-07,23.7,12.8,0.0,0.0
Jaipur,Rajasthan,2023-12-08,24.3,12.4,0.0,0.0
Jaipur,Rajasthan,2023-12-09,24.4,12.1,0.0,0.0
Jaipur,Rajasthan,2023-12-10,24.3,10.7,0.0,0.0
Jaipur,Rajasthan,2023-12-11,23.2,10.2,0.0,0.0
Jaipur,Rajasthan,2023-12-12,23.3,10.6,0.0,0.0
Jaipur,Rajasthan,2023-12-13,23.6,11.7,0.0,0.0
Jaipur,Rajasthan,2023-12-14,23.5,10.0,0.0,0.0
Jaipur,Rajasthan,2023-12-15,22.9,10.2,0.0,0.0
Jaipur,Rajasthan,2023-12-16,23.6,10.4,0.0,0.0
Jaipur,Rajasthan,2023-12-17,23.9,10.1,0.0,0.0
Jaipur,Rajasthan,2023-12-18,22.7,11.5,0.0,0.0
Jaipur,Rajasthan,2023-12-19,22.3,9.3,0.0,0.0
Jaipur,Rajasthan,2023-12-20,21.0,10.0,0.0,0.0
Jaipur,Rajasthan,2023-12-21,22.9,9.1,0.0,0.0
Jaipur,Rajasthan,2023-12-22,23.3,9.0,0.0,0.0
Jaipur,Rajasthan,2023-12-23,23.3,11.2,0.4,0.4
Jaipur,Rajasthan,2023-12-24,22.8,9.7,0.0,0.0
Jaipur,Rajasthan,2023-12-25,24.1,9.7,0.0,0.0
Jaipur,Rajasthan,2023-12-26,25.1,10.0,0.0,0.0
Jaipur,Rajasthan,2023-12-27,24.6,9.6,0.0,0.0
Jaipur,Rajasthan,2023-12-28,23.0,10.3,0.0,0.0
Jaipur,Rajasthan,2023-12-29,21.7,9.6,0.0,0.0
Jaipur,Rajasthan,2023-12-30,21.5,9.1,0.0,0.0
Jaipur,Rajasthan,2023-12-31,21.5,9.1,0.0,0.0
Jaipur,Rajasthan,2024-01-01,21.0,8.3,0.0,0.0
Jaipur,Rajasthan,2024-01-02,19.0,7.4,0.0,0.0
Jaipur,Rajasthan,2024-01-03,17.7,7.3,0.0,0.0
Jaipur,Rajasthan,2024-01-04,18.1,6.5,0.0,0.0
Jaipur,Rajasthan,2024-01-05,17.5,6.4,0.0,0.0
Jaipur,Rajasthan,2024-01-06,18.1,6.3,0.0,0.0
Jaipur,Rajasthan,2024-01-07,18.2,5.7,0.0,0.0
Jaipur,Rajasthan,2024-01-08,19.7,7.2,0.0,0.0
Jaipur,Rajasthan,2024-01-09,19.9,9.0,0.0,0.0
Jaipur,Rajasthan,2024-01-10,19.4,6.3,0.0,0.0
Jaipur,Rajasthan,2024-01-11,20.1,4.1,0.0,0.0
Jaipur,Rajasthan,2024-01-12,21.1,6.0,0.0,0.0
Jaipur,Rajasthan,2024-01-13,22.2,6.8,0.0,0.0
Jaipur,Rajasthan,2024-01-14,22.6,8.6,0.0,0.0
Jaipur,Rajasthan,2024-01-15,21.2,8.0,0.0,0.0
Jaipur,Rajasthan,2024-01-16,21.0,7.1,0.0,0.0
Jaipur,Rajasthan,2024-01-17,20.9,8.7,0.0,0.0
Jaipur,Rajasthan,2024-01-18,20.9,7.1,0.0,0.0
Jaipur,Rajasthan,2024-01-19,19.9,7.8,0.0,0.0
Jaipur,Rajasthan,2024-01-20,19.1,6.0,0.0,0.0
Jaipur,Rajasthan,2024-01-21,20.8,7.3,0.0,0.0
Jaipur,Rajasthan,2024-01-22,20.5,6.8,0.0,0.0
Jaipur,Rajasthan,2024-01-23,21.1,8.3,0.0,0.0
Jaipur,Rajasthan,2024-01-24,21.1,7.7,0.0,0.0
Jaipur,Rajasthan,2024-01-25,20.3,7.7,0.0,0.0
Jaipur,Rajasthan,2024-01-26,21.7,6.6,0.0,0.0
Jaipur,Rajasthan,2024-01-27,23.5,8.6,0.0,0.0
Jaipur,Rajasthan,2024-01-28,24.0,10.2,0.0,0.0
Jaipur,Rajasthan,2024-01-29,24.6,11.1,0.0,0.0
Jaipur,Rajasthan,2024-01-30,23.5,10.9,0.0,0.0
Jaipur,Rajasthan,2024-01-31,24.2,12.7,0.1,0.1
Jaipur,Rajasthan,2024-02-01,25.8,11.9,0.0,0.0
Jaipur,Rajasthan,2024-02-02,22.8,12.4,0.1,0.1
Jaipur,Rajasthan,2024-02-03,22.9,10.1,0.8,0.8
Jaipur,Rajasthan,2024-02-04,24.1,13.9,4.9,4.9
Jaipur,Rajasthan,2024-02-05,21.6,12.1,0.1,0.1
Jaipur,Rajasthan,2024-02-06,20.7,9.4,0.0,0.0
Jaipur,Rajasthan,2024-02-07,21.2,10.8,0.0,0.0
Jaipur,Rajasthan,2024-02-08,21.2,9.4,0.0,0.0
Jaipur,Rajasthan,2024-02-09,21.3,6.8,0.0,0.0
Jaipur,Rajasthan,2024-02-10,21.9,8.3,0.0,0.0
Jaipur,Rajasthan,2024-02-11,22.5,8.9,0.0,0.0
Jaipur,Rajasthan,2024-02-12,21.8,8.8,0.0,0.0
Jaipur,Rajasthan,2024-02-13,23.5,10.2,0.0,0.0
Jaipur,Rajasthan,2024-02-14,24.5,13.3,0.1,0.1
Jaipur,Rajasthan,2024-02-15,24.9,10.8,0.0,0.0
Jaipur,Rajasthan,2024-02-16,25.4,11.1,0.0,0.0
Jaipur,Rajasthan,2024-02-17,26.9,11.3,0.0,0.0
Jaipur,Rajasthan,2024-02-18,27.9,13.6,0.0,0.0
Jaipur,Rajasthan,2024-02-19,30.6,12.9,0.0,0.0
Jaipur,Rajasthan,2024-02-20,27.6,18.4,0.0,0.0
Jaipur,Rajasthan,2024-02-21,26.1,13.6,0.0,0.0
Jaipur,Rajasthan,2024-02-22,23.9,13.9,0.0,0.0
Jaipur,Rajasthan,2024-02-23,24.3,11.9,0.0,0.0
Jaipur,Rajasthan,2024-02-24,22.4,12.2,0.5,0.5
Jaipur,Rajasthan,2024-02-25,24.7,12.0,0.0,0.0
Jaipur,Rajasthan,2024-02-26,23.1,14.3,0.0,0.0
Jaipur,Rajasthan,2024-02-27,25.0,12.9,0.0,0.0
Jaipur,Rajasthan,2024-02-28,25.7,12.7,0.0,0.0
Jaipur,Rajasthan,2024-02-29,27.4,12.3,0.0,0.0
Jaipur,Rajasthan,2024-03-01,30.5,15.2,4.2,4.2
Jaipur,Rajasthan,2024-03-02,25.0,15.7,1.9,1.9
Jaipur,Rajasthan,2024-03-03,23.9,13.5,0.0,0.0
Jaipur,Rajasthan,2024-03-04,22.6,10.7,0.0,0.0
Jaipur,Rajasthan,2024-03-05,23.3,10.5,0.0,0.0
Jaipur,Rajasthan,2024-03-06,24.6,11.5,0.4,0.4
Jaipur,Rajasthan,2024-03-07,27.2,10.8,0.0,0.0
Jaipur,Rajasthan,2024-03-08,26.6,12.8,0.0,0.0
Jaipur,Rajasthan,2024-03-09,27.7,14.1,0.0,0.0
Jaipur,Rajasthan,2024-03-10,28.7,13.1,0.0,0.0
Jaipur,Rajasthan,2024-03-11,30.4,15.3,0.0,0.0
Jaipur,Rajasthan,2024-03-12,31.5,16.3,0.0,0.0
Jaipur,Rajasthan,2024-03-13,31.2,15.5,0.0,0.0
Jaipur,Rajasthan,2024-03-14,29.9,15.7,0.0,0.0
Jaipur,Rajasthan,2024-03-15,29.4,17.2,0.0,0.0
Jaipur,Rajasthan,2024-03-16,28.1,15.2,0.0,0.0
Jaipur,Rajasthan,2024-03-17,29.5,16.0,0.0,0.0
Jaipur,Rajasthan,2024-03-18,30.6,15.2,0.0,0.0
Jaipur,Rajasthan,2024-03-19,32.2,16.1,0.1,0.1
Jaipur,Rajasthan,2024-03-20,31.3,17.6,0.0,0.0
Jaipur,Rajasthan,2024-03-21,31.4,17.7,0.0,0.0
Jaipur,Rajasthan,2024-03-22,35.4,17.3,0.0,0.0
Jaipur,Rajasthan,2024-03-23,36.2,19.5,0.0,0.0
Jaipur,Rajasthan,2024-03-24,35.1,20.3,0.0,0.0
Jaipur,Rajasthan,2024-03-25,35.1,19.2,0.0,0.0
Jaipur,Rajasthan,2024-03-26,36.8,21.4,0.0,0.0
Jaipur,Rajasthan,2024-03-27,37.2,22.0,0.0,0.0
Jaipur,Rajasthan,2024-03-28,38.4,22.8,0.0,0.0
Jaipur,Rajasthan,2024-03-29,37.9,23.2,0.0,0.0
Jaipur,Rajasthan,2024-03-30,36.1,23.0,0.0,0.0
Jaipur,Rajasthan,2024-03-31,34.8,21.8,0.0,0.0
Jaipur,Rajasthan,2024-04-01,33.7,20.4,0.0,0.0
Jaipur,Rajasthan,2024-04-02,34.6,18.5,0.0,0.0
Jaipur,Rajasthan,2024-04-03,35.6,20.2,0.0,0.0
Jaipur,Rajasthan,2024-04-04,35.2,22.3,0.0,0.0
Jaipur,Rajasthan,2024-04-05,33.9,23.8,0.0,0.0
Jaipur,Rajasthan,2024-04-06,34.3,22.3,0.5,0.5
Jaipur,Rajasthan,2024-04-07,36.1,22.0,0.0,0.0
Jaipur,Rajasthan,2024-04-08,37.4,20.2,0.0,0.0
Jaipur,Rajasthan,2024-04-09,37.7,22.9,0.0,0.0
Jaipur,Rajasthan,2024-04-10,36.0,23.5,0.1,0.1
Jaipur,Rajasthan,2024-04-11,36.9,20.8,0.0,0.0
Jaipur,Rajasthan,2024-04-12,36.7,23.1,0.0,0.0
Jaipur,Rajasthan,2024-04-13,36.3,21.9,0.0,0.0
Jaipur,Rajasthan,2024-04-14,35.5,23.2,0.8,0.8
Jaipur,Rajasthan,2024-04-15,35.2,24.3,0.0,0.0
Jaipur,Rajasthan,2024-04-16,36.1,24.2,0.0,0.0
Jaipur,Rajasthan,2024-04-17,36.9,23.3,0.0,0.0
Jaipur,Rajasthan,2024-04-18,38.9,23.3,0.5,0.5
Jaipur,Rajasthan,2024-04-19,37.8,25.1,0.0,0.0
Jaipur,Rajasthan,2024-04-20,35.7,23.2,0.0,0.0
Jaipur,Rajasthan,2024-04-21,35.4,23.3,0.0,0.0
Jaipur,Rajasthan,2024-04-22,36.6,23.4,0.0,0.0
Jaipur,Rajasthan,2024-04-23,37.5,24.1,0.0,0.0
Jaipur,Rajasthan,2024-04-24,38.2,22.7,0.0,0.0
Jaipur,Rajasthan,2024-04-25,38.8,24.1,0.0,0.0
Jaipur,Rajasthan,2024-04-26,37.8,23.9,0.0,0.0
Jaipur,Rajasthan,2024-04-27,36.8,25.7,0.0,0.0
Jaipur,Rajasthan,2024-04-28,37.9,23.3,0.0,0.0
Jaipur,Rajasthan,2024-04-29,37.7,22.8,0.0,0.0
Jaipur,Rajasthan,2024-04-30,35.8,23.1,0.0,0.0
Jaipur,Rajasthan,2024-05-01,34.0,22.4,0.0,0.0
Jaipur,Rajasthan,2024-05-02,35.2,20.1,0.0,0.0
Jaipur,Rajasthan,2024-05-03,38.1,22.2,0.0,0.0
Jaipur,Rajasthan,2024-05-04,39.2,26.5,0.0,0.0
Jaipur,Rajasthan,2024-05-05,39.6,27.1,0.0,0.0
Jaipur,Rajasthan,2024-05-06,40.8,25.1,0.0,0.0
Jaipur,Rajasthan,2024-05-07,42.1,27.3,0.0,0.0
Jaipur,Rajasthan,2024-05-08,42.6,26.8,0.0,0.0
Jaipur,Rajasthan,2024-05-09,42.7,26.5,0.0,0.0
Jaipur,Rajasthan,2024-05-10,42.4,26.0,0.0,0.0
Jaipur,Rajasthan,2024-05-11,39.4,28.3,0.0,0.0
Jaipur,Rajasthan,2024-05-12,40.6,27.0,0.0,0.0
Jaipur,Rajasthan,2024-05-13,38.6,27.5,0.7,0.7
Jaipur,Rajasthan,2024-05-14,41.3,25.7,0.0,0.0
Jaipur,Rajasthan,2024-05-15,42.6,26.4,0.0,0.0
Jaipur,Rajasthan,2024-05-16,43.7,27.6,0.0,0.0
Jaipur,Rajasthan,2024-05-17,43.8,28.0,0.0,0.0
Jaipur,Rajasthan,2024-05-18,44.5,30.0,0.0,0.0
Jaipur,Rajasthan,2024-05-19,44.4,29.1,0.0,0.0
Jaipur,Rajasthan,2024-05-20,43.4,31.5,0.0,0.0
Jaipur,Rajasthan,2024-05-21,44.2,31.8,0.0,0.0
Jaipur,Rajasthan,2024-05-22,43.9,30.6,0.0,0.0
Jaipur,Rajasthan,2024-05-23,44.8,30.4,0.0,0.0
Jaipur,Rajasthan,2024-05-24,42.3,30.2,0.0,0.0
Jaipur,Rajasthan,2024-05-25,44.9,29.8,0.0,0.0
Jaipur,Rajasthan,2024-05-26,46.0,30.7,0.0,0.0
Jaipur,Rajasthan,2024-05-27,46.6,31.4,0.0,0.0
Jaipur,Rajasthan,2024-05-28,45.5,30.6,0.0,0.0
Jaipur,Rajasthan,2024-05-29,46.0,32.5,0.0,0.0
Jaipur,Rajasthan,2024-05-30,44.9,31.0,0.0,0.0
Jaipur,Rajasthan,2024-05-31,44.9,31.7,0.0,0.0
Jaipur,Rajasthan,2024-06-01,42.2,31.8,0.0,0.0
Jaipur,Rajasthan,2024-06-02,41.5,29.0,0.0,0.0
Jaipur,Rajasthan,2024-06-03,42.4,30.1,0.0,0.0
Jaipur,Rajasthan,2024-06-04,42.9,31.5,0.0,0.0
Jaipur,Rajasthan,2024-06-05,41.8,31.2,0.0,0.0
Jaipur,Rajasthan,2024-06-06,41.6,30.0,0.0,0.0
Jaipur,Rajasthan,2024-06-07,41.9,30.3,0.0,0.0
Jaipur,Rajasthan,2024-06-08,40.2,28.4,0.0,0.0
Jaipur,Rajasthan,2024-06-09,42.1,28.5,0.0,0.0
Jaipur,Rajasthan,2024-06-10,42.7,29.9,0.0,0.0
Jaipur,Rajasthan,2024-06-11,42.0,30.5,0.0,0.0
Jaipur,Rajasthan,2024-06-12,42.2,30.7,0.0,0.0
Jaipur,Rajasthan,2024-06-13,40.6,31.8,1.1,1.1
Jaipur,Rajasthan,2024-06-14,39.7,30.7,0.0,0.0
Jaipur,Rajasthan,2024-06-15,42.1,30.4,0.0,0.0
Jaipur,Rajasthan,2024-06-16,41.9,31.5,0.0,0.0
Jaipur,Rajasthan,2024-06-17,42.6,32.5,0.0,0.0
Jaipur,Rajasthan,2024-06-18,42.0,33.0,0.0,0.0
Jaipur,Rajasthan,2024-06-19,41.0,32.0,0.0,0.0
Jaipur,Rajasthan,2024-06-20,38.8,28.8,1.1,1.1
Jaipur,Rajasthan,2024-06-21,36.7,25.2,13.0,13.0
Jaipur,Rajasthan,2024-06-22,37.4,27.0,0.0,0.0
Jaipur,Rajasthan,2024-06-23,37.9,28.3,0.0,0.0
Jaipur,Rajasthan,2024-06-24,37.2,29.2,1.0,1.0
Jaipur,Rajasthan,2024-06-25,35.9,27.5,7.2,7.2
Jaipur,Rajasthan,2024-06-26,36.4,27.5,3.3,3.3
Jaipur,Rajasthan,2024-06-27,33.4,26.2,24.6,24.6
Jaipur,Rajasthan,2024-06-28,33.1,25.4,8.6,8.6
Jaipur,Rajasthan,2024-06-29,31.2,26.2,32.1,32.1
Jaipur,Rajasthan,2024-06-30,33.4,25.6,1.6,1.6
Jaipur,Rajasthan,2024-07-01,34.4,25.6,0.2,0.2
Jaipur,Rajasthan,2024-07-02,34.4,26.1,0.2,0.2
Jaipur,Rajasthan,2024-07-03,35.8,27.3,2.1,2.1
Jaipur,Rajasthan,2024-07-04,30.7,25.5,30.8,30.8
Jaipur,Rajasthan,2024-07-05,32.8,24.7,18.2,18.2
Jaipur,Rajasthan,2024-07-06,32.8,24.5,5.1,5.1
Jaipur,Rajasthan,2024-07-07,33.9,25.4,3.2,3.2
Jaipur,Rajasthan,2024-07-08,31.8,23.9,6.0,6.0
Jaipur,Rajasthan,2024-07-09,33.8,25.6,1.0,1.0
Jaipur,Rajasthan,2024-07-10,33.4,25.6,10.8,10.8
Jaipur,Rajasthan,2024-07-11,35.6,26.7,3.1,3.1
Jaipur,Rajasthan,2024-07-12,33.6,25.6,7.4,7.4
Jaipur,Rajasthan,2024-07-13,33.8,24.9,0.9,0.9
Jaipur,Rajasthan,2024-07-14,34.0,25.6,1.4,1.4
Jaipur,Rajasthan,2024-07-15,33.4,27.1,1.0,1.0
Jaipur,Rajasthan,2024-07-16,33.7,26.8,0.8,0.8
Jaipur,Rajasthan,2024-07-17,34.4,27.4,1.4,1.4
Jaipur,Rajasthan,2024-07-18,33.7,26.5,2.7,2.7
Jaipur,Rajasthan,2024-07-19,34.6,26.4,0.2,0.2
Jaipur,Rajasthan,2024-07-20,34.9,25.6,0.4,0.4
Jaipur,Rajasthan,2024-07-21,35.2,26.7,0.1,0.1
Jaipur,Rajasthan,2024-07-22,34.3,26.3,9.0,9.0
Jaipur,Rajasthan,2024-07-23,34.1,26.1,1.7,1.7
Jaipur,Rajasthan,2024-07-24,33.8,25.8,17.6,17.6
Jaipur,Rajasthan,2024-07-25,32.6,25.4,20.8,20.8
Jaipur,Rajasthan,2024-07-26,31.9,25.6,14.8,14.8
Jaipur,Rajasthan,2024-07-27,32.9,26.4,10.6,10.6
Jaipur,Rajasthan,2024-07-28,32.9,25.8,5.1,5.1
Jaipur,Rajasthan,2024-07-29,33.6,26.6,0.5,0.5
Jaipur,Rajasthan,2024-07-30,33.2,27.3,2.6,2.6
Jaipur,Rajasthan,2024-07-31,32.3,26.5,3.4,3.4
Jaipur,Rajasthan,2024-08-01,27.9,25.0,28.0,28.0
Jaipur,Rajasthan,2024-08-02,30.3,24.6,8.0,8.0
Jaipur,Rajasthan,2024-08-03,31.0,24.8,0.9,0.9
Jaipur,Rajasthan,2024-08-04,31.4,24.9,3.8,3.8
Jaipur,Rajasthan,2024-08-05,29.8,24.2,11.2,11.2
Jaipur,Rajasthan,2024-08-06,28.1,24.4,1.0,1.0
Jaipur,Rajasthan,2024-08-07,29.3,24.6,1.6,1.6
Jaipur,Rajasthan,2024-08-08,28.2,24.3,12.5,12.5
Jaipur,Rajasthan,2024-08-09,29.4,23.9,4.3,4.3
Jaipur,Rajasthan,2024-08-10,30.7,23.8,15.8,15.8
Jaipur,Rajasthan,2024-08-11,29.0,23.9,18.3,18.3
Jaipur,Rajasthan,2024-08-12,29.9,23.7,30.7,30.7
Jaipur,Rajasthan,2024-08-13,30.6,24.0,20.3,20.3
Jaipur,Rajasthan,2024-08-14,30.5,24.4,25.4,25.4
Jaipur,Rajasthan,2024-08-15,29.4,24.7,38.2,38.2
Jaipur,Rajasthan,2024-08-16,28.7,24.5,25.7,25.7
Jaipur,Rajasthan,2024-08-17,31.0,24.0,0.4,0.4
Jaipur,Rajasthan,2024-08-18,31.6,24.9,0.8,0.8
Jaipur,Rajasthan,2024-08-19,31.4,25.1,0.9,0.9
Jaipur,Rajasthan,2024-08-20,31.4,25.2,1.9,1.9
Jaipur,Rajasthan,2024-08-21,31.6,25.1,2.0,2.0
Jaipur,Rajasthan,2024-08-22,31.6,24.9,15.8,15.8
Jaipur,Rajasthan,2024-08-23,31.7,24.4,10.3,10.3
Jaipur,Rajasthan,2024-08-24,31.9,24.3,7.1,7.1
Jaipur,Rajasthan,2024-08-25,30.1,24.2,11.6,11.6
Jaipur,Rajasthan,2024-08-26,30.4,24.2,12.7,12.7
Jaipur,Rajasthan,2024-08-27,30.0,23.6,7.3,7.3
Jaipur,Rajasthan,2024-08-28,30.6,23.5,0.0,0.0
Jaipur,Rajasthan,2024-08-29,29.5,23.3,1.0,1.0
Jaipur,Rajasthan,2024-08-30,30.8,24.0,9.4,9.4
Jaipur,Rajasthan,2024-08-31,31.2,23.7,12.2,12.2
Jaipur,Rajasthan,2024-09-01,32.0,25.1,1.8,1.8
Jaipur,Rajasthan,2024-09-02,30.6,24.9,6.2,6.2
Jaipur,Rajasthan,2024-09-03,31.0,24.5,6.0,6.0
Jaipur,Rajasthan,2024-09-04,29.6,23.6,1.8,1.8
Jaipur,Rajasthan,2024-09-05,28.2,23.6,47.6,47.6
Jaipur,Rajasthan,2024-09-06,29.8,23.8,15.5,15.5
Jaipur,Rajasthan,2024-09-07,29.0,23.8,12.4,12.4
Jaipur,Rajasthan,2024-09-08,28.3,23.4,6.8,6.8
Jaipur,Rajasthan,2024-09-09,30.5,23.3,1.6,1.6
Jaipur,Rajasthan,2024-09-10,30.7,24.2,4.6,4.6
Jaipur,Rajasthan,2024-09-11,31.1,23.7,14.3,14.3
Jaipur,Rajasthan,2024-09-12,31.0,25.4,6.0,6.0
Jaipur,Rajasthan,2024-09-13,30.5,24.0,0.8,0.8
Jaipur,Rajasthan,2024-09-14,29.9,22.3,0.3,0.3
Jaipur,Rajasthan,2024-09-15,30.0,22.0,0.0,0.0
Jaipur,Rajasthan,2024-09-16,31.3,21.7,0.0,0.0
Jaipur,Rajasthan,2024-09-17,30.5,22.2,0.0,0.0
Jaipur,Rajasthan,2024-09-18,30.2,23.1,1.2,1.2
Jaipur,Rajasthan,2024-09-19,27.9,22.4,0.3,0.3
Jaipur,Rajasthan,2024-09-20,29.5,21.8,0.5,0.5
Jaipur,Rajasthan,2024-09-21,30.4,23.5,0.6,0.6
Jaipur,Rajasthan,2024-09-22,32.6,24.1,0.0,0.0
Jaipur,Rajasthan,2024-09-23,32.9,24.4,0.0,0.0
Jaipur,Rajasthan,2024-09-24,33.3,24.5,0.1,0.1
Jaipur,Rajasthan,2024-09-25,33.0,25.2,0.4,0.4
Jaipur,Rajasthan,2024-09-26,31.1,24.7,0.4,0.4
Jaipur,Rajasthan,2024-09-27,31.2,23.9,0.0,0.0
Jaipur,Rajasthan,2024-09-28,31.4,23.0,0.0,0.0
Jaipur,Rajasthan,2024-09-29,31.6,21.7,0.0,0.0
Jaipur,Rajasthan,2024-09-30,32.6,23.0,0.0,0.0
Jaipur,Rajasthan,2024-10-01,34.6,23.7,0.0,0.0
Jaipur,Rajasthan,2024-10-02,35.0,25.9,0.0,0.0
Jaipur,Rajasthan,2024-10-03,35.0,24.7,0.0,0.0
Jaipur,Rajasthan,2024-10-04,33.6,23.5,0.0,0.0
Jaipur,Rajasthan,2024-10-05,32.5,22.8,0.0,0.0
Jaipur,Rajasthan,2024-10-06,32.7,22.9,0.1,0.1
Jaipur,Rajasthan,2024-10-07,33.1,22.2,0.0,0.0
Jaipur,Rajasthan,2024-10-08,33.5,21.7,0.0,0.0
Jaipur,Rajasthan,2024-10-09,33.8,22.5,0.0,0.0
Jaipur,Rajasthan,2024-10-10,32.1,22.4,0.4,0.4
Jaipur,Rajasthan,2024-10-11,32.5,20.6,0.0,0.0
Jaipur,Rajasthan,2024-10-12,31.9,21.8,0.0,0.0
Jaipur,Rajasthan,2024-10-13,29.9,22.5,0.0,0.0
Jaipur,Rajasthan,2024-10-14,31.9,20.6,0.0,0.0
Jaipur,Rajasthan,2024-10-15,32.2,20.6,0.0,0.0
Jaipur,Rajasthan,2024-10-16,33.1,19.4,0.0,0.0
Jaipur,Rajasthan,2024-10-17,32.8,20.7,0.0,0.0
Jaipur,Rajasthan,2024-10-18,32.8,21.8,0.0,0.0
Jaipur,Rajasthan,2024-10-19,33.9,21.9,0.0,0.0
Jaipur,Rajasthan,2024-10-20,33.4,20.9,0.0,0.0
Jaipur,Rajasthan,2024-10-21,33.3,21.1,0.0,0.0
Jaipur,Rajasthan,2024-10-22,32.0,20.5,0.0,0.0
Jaipur,Rajasthan,2024-10-23,32.2,20.4,0.0,0.0
Jaipur,Rajasthan,2024-10-24,32.0,20.0,0.0,0.0
Jaipur,Rajasthan,2024-10-25,33.0,19.9,0.0,0.0
Jaipur,Rajasthan,2024-10-26,33.5,20.2,0.0,0.0
Jaipur,Rajasthan,2024-10-27,32.4,19.6,0.0,0.0
Jaipur,Rajasthan,2024-10-28,32.1,20.1,0.0,0.0
Jaipur,Rajasthan,2024-10-29,33.3,20.2,0.0,0.0
Jaipur,Rajasthan,2024-10-30,34.9,22.1,0.0,0.0
Jaipur,Rajasthan,2024-10-31,33.7,21.8,0.0,0.0
Jaipur,Rajasthan,2024-11-01,32.7,19.7,0.0,0.0
Jaipur,Rajasthan,2024-11-02,32.3,19.7,0.0,0.0
Jaipur,Rajasthan,2024-11-03,32.6,19.7,0.0,0.0
Jaipur,Rajasthan,2024-11-04,31.1,18.1,0.0,0.0
Jaipur,Rajasthan,2024-11-05,30.5,17.7,0.0,0.0
Jaipur,Rajasthan,2024-11-06,31.0,18.3,0.0,0.0
Jaipur,Rajasthan,2024-11-07,31.4,18.6,0.0,0.0
Jaipur,Rajasthan,2024-11-08,31.3,18.2,0.0,0.0
Jaipur,Rajasthan,2024-11-09,31.6,18.2,0.0,0.0
Jaipur,Rajasthan,2024-11-10,31.7,18.0,0.0,0.0
Jaipur,Rajasthan,2024-11-11,31.3,19.0,0.0,0.0
Jaipur,Rajasthan,2024-11-12,31.2,17.8,0.0,0.0
Jaipur,Rajasthan,2024-11-13,30.6,19.5,0.0,0.0
Jaipur,Rajasthan,2024-11-14,29.8,18.1,0.0,0.0
Jaipur,Rajasthan,2024-11-15,29.4,17.6,0.0,0.0
Jaipur,Rajasthan,2024-11-16,29.6,17.3,0.0,0.0
Jaipur,Rajasthan,2024-11-17,29.1,17.7,0.0,0.0
Jaipur,Rajasthan,2024-11-18,27.0,15.9,0.0,0.0
Jaipur,Rajasthan,2024-11-19,26.3,14.1,0.0,0.0
Jaipur,Rajasthan,2024-11-20,26.1,13.8,0.0,0.0
Jaipur,Rajasthan,2024-11-21,25.8,14.0,0.0,0.0
Jaipur,Rajasthan,2024-11-22,26.0,13.6,0.0,0.0
Jaipur,Rajasthan,2024-11-23,25.7,14.3,0.0,0.0
Jaipur,Rajasthan,2024-11-24,27.2,15.4,0.0,0.0
Jaipur,Rajasthan,2024-11-25,27.5,16.6,0.0,0.0
Jaipur,Rajasthan,2024-11-26,26.9,14.1,0.0,0.0
Jaipur,Rajasthan,2024-11-27,27.3,14.5,0.0,0.0
Jaipur,Rajasthan,2024-11-28,26.1,15.0,0.0,0.0
Jaipur,Rajasthan,2024-11-29,24.2,13.4,0.0,0.0
Jaipur,Rajasthan,2024-11-30,24.8,13.4,0.0,0.0
Jaipur,Rajasthan,2024-12-01,25.4,14.2,0.0,0.0
Jaipur,Rajasthan,2024-12-02,25.7,14.3,0.0,0.0
Jaipur,Rajasthan,2024-12-03,26.4,14.3,0.0,0.0
Jaipur,Rajasthan,2024-12-04,26.2,15.4,0.0,0.0
Jaipur,Rajasthan,2024-12-05,24.9,14.4,0.0,0.0
Jaipur,Rajasthan,2024-12-06,24.3,13.6,0.0,0.0
Jaipur,Rajasthan,2024-12-07,24.1,10.8,0.0,0.0
Jaipur,Rajasthan,2024-12-08,22.7,11.6,0.0,0.0
Jaipur,Rajasthan,2024-12-09,20.7,10.8,0.0,0.0
Jaipur,Rajasthan,2024-12-10,21.1,10.3,0.0,0.0
Jaipur,Rajasthan,2024-12-11,21.9,8.9,0.0,0.0
Jaipur,Rajasthan,2024-12-12,20.7,8.4,0.0,0.0
Jaipur,Rajasthan,2024-12-13,21.4,11.0,0.0,0.0
Jaipur,Rajasthan,2024-12-14,23.0,9.0,0.0,0.0
Jaipur,Rajasthan,2024-12-15,22.6,9.4,0.0,0.0
Jaipur,Rajasthan,2024-12-16,22.4,8.1,0.0,0.0
Jaipur,Rajasthan,2024-12-17,22.2,8.1,0.0,0.0
Jaipur,Rajasthan,2024-12-18,21.6,9.2,0.0,0.0
Jaipur,Rajasthan,2024-12-19,20.8,9.5,0.0,0.0
Jaipur,Rajasthan,2024-12-20,21.8,11.6,0.0,0.0
Jaipur,Rajasthan,2024-12-21,22.9,10.4,0.0,0.0
Jaipur,Rajasthan,2024-12-22,22.0,10.9,0.0,0.0
Jaipur,Rajasthan,2024-12-23,18.5,12.8,1.5,1.5
Jaipur,Rajasthan,2024-12-24,20.5,11.6,0.4,0.4
Jaipur,Rajasthan,2024-12-25,20.2,11.2,0.0,0.0
Jaipur,Rajasthan,2024-12-26,20.8,11.9,0.8,0.8
Jaipur,Rajasthan,2024-12-27,19.3,14.7,25.4,25.4
Jaipur,Rajasthan,2024-12-28,19.9,12.2,1.4,1.4
Jaipur,Rajasthan,2024-12-29,18.6,9.3,0.0,0.0
Jaipur,Rajasthan,2024-12-30,18.5,6.6,0.0,0.0
Jaipur,Rajasthan,2024-12-31,16.9,7.4,0.0,0.0
Tiruvallur,Tamil Nadu,2023-01-01,29.4,20.2,0.0,0.0
Tiruvallur,Tamil Nadu,2023-01-02,29.6,20.3,0.2,0.2
Tiruvallur,Tamil Nadu,2023-01-03,28.3,20.7,0.5,0.5
Tiruvallur,Tamil Nadu,2023-01-04,27.7,20.4,0.5,0.5
Tiruvallur,Tamil Nadu,2023-01-05,29.1,21.2,0.0,0.0
Tiruvallur,Tamil Nadu,2023-01-06,28.8,22.1,0.1,0.1
Tiruvallur,Tamil Nadu,2023-01-07,28.7,22.0,0.4,0.4
Tiruvallur,Tamil Nadu,2023-01-08,27.0,20.7,0.3,0.3
Tiruvallur,Tamil Nadu,2023-01-09,27.8,18.9,0.0,0.0
Tiruvallur,Tamil Nadu,2023-01-10,27.7,18.9,0.0,0.0
Tiruvallur,Tamil Nadu,2023-01-11,28.8,17.8,0.0,0.0
Tiruvallur,Tamil Nadu,2023-01-12,28.9,17.8,0.0,0.0
Tiruvallur,Tamil Nadu,2023-01-13,29.2,18.3,0.0,0.0
Tiruvallur,Tamil Nadu,2023-01-14,29.2,18.2,0.0,0.0
Tiruvallur,Tamil Nadu,2023-01-15,28.7,17.1,0.0,0.0
Tiruvallur,Tamil Nadu,2023-01-16,28.9,17.1,0.0,0.0
Tiruvallur,Tamil Nadu,2023-01-17,28.9,17.9,0.3,0.3
Tiruvallur,Tamil Nadu,2023-01-18,28.9,18.0,0.0,0.0
Tiruvallur,Tamil Nadu,2023-01-19,29.1,18.3,0.0,0.0
Tiruvallur,Tamil Nadu,2023-01-20,27.7,20.0,0.6,0.6
Tiruvallur,Tamil Nadu,2023-01-21,29.9,21.2,0.9,0.9
Tiruvallur,Tamil Nadu,2023-01-22,29.2,20.5,0.0,0.0
Tiruvallur,Tamil Nadu,2023-01-23,29.3,21.8,0.3,0.3
Tiruvallur,Tamil Nadu,2023-01-24,29.6,20.9,0.0,0.0
Tiruvallur,Tamil Nadu,2023-01-25,29.2,19.5,0.1,0.1
Tiruvallur,Tamil Nadu,2023-01-26,30.1,20.2,0.0,0.0
Tiruvallur,Tamil Nadu,2023-01-27,29.7,19.3,0.0,0.0
Tiruvallur,Tamil Nadu,2023-01-28,29.9,19.4,0.0,0.0
Tiruvallur,Tamil Nadu,2023-01-29,29.7,20.4,0.3,0.3
Tiruvallur,Tamil Nadu,2023-01-30,29.6,21.9,2.1,2.1
Tiruvallur,Tamil Nadu,2023-01-31,28.8,22.5,1.0,1.0
Tiruvallur,Tamil Nadu,2023-02-01,29.9,22.7,0.2,0.2
Tiruvallur,Tamil Nadu,2023-02-02,30.2,24.1,0.3,0.3
Tiruvallur,Tamil Nadu,2023-02-03,30.5,24.1,0.2,0.2
Tiruvallur,Tamil Nadu,2023-02-04,30.9,21.9,0.0,0.0
Tiruvallur,Tamil Nadu,2023-02-05,30.8,19.5,0.0,0.0
Tiruvallur,Tamil Nadu,2023-02-06,31.1,19.9,0.0,0.0
Tiruvallur,Tamil Nadu,2023-02-07,32.4,20.5,0.0,0.0
Tiruvallur,Tamil Nadu,2023-02-08,32.0,20.9,0.0,0.0
Tiruvallur,Tamil Nadu,2023-02-09,31.3,21.0,0.0,0.0
Tiruvallur,Tamil Nadu,2023-02-10,32.9,20.0,0.0,0.0
Tiruvallur,Tamil Nadu,2023-02-11,31.7,20.5,0.0,0.0
Tiruvallur,Tamil Nadu,2023-02-12,32.5,19.0,0.0,0.0
Tiruvallur,Tamil Nadu,2023-02-13,32.3,18.3,0.0,0.0
Tiruvallur,Tamil Nadu,2023-02-14,32.0,19.2,0.0,0.0
Tiruvallur,Tamil Nadu,2023-02-15,32.5,20.0,0.0,0.0
Tiruvallur,Tamil Nadu,2023-02-16,31.7,19.2,0.0,0.0
Tiruvallur,Tamil Nadu,2023-02-17,31.7,18.5,0.0,0.0
Tiruvallur,Tamil Nadu,2023-02-18,32.3,18.9,0.0,0.0
Tiruvallur,Tamil Nadu,2023-02-19,32.3,21.1,0.0,0.0
Tiruvallur,Tamil Nadu,2023-02-20,33.4,19.6,0.0,0.0
Tiruvallur,Tamil Nadu,2023-02-21,33.6,19.2,0.0,0.0
Tiruvallur,Tamil Nadu,2023-02-22,32.9,20.0,0.0,0.0
Tiruvallur,Tamil Nadu,2023-02-23,33.2,19.3,0.0,0.0
Tiruvallur,Tamil Nadu,2023-02-24,33.2,19.5,0.0,0.0
Tiruvallur,Tamil Nadu,2023-02-25,34.2,18.4,0.0,0.0
Tiruvallur,Tamil Nadu,2023-02-26,32.2,19.2,0.0,0.0
Tiruvallur,Tamil Nadu,2023-02-27,33.5,19.5,0.0,0.0
Tiruvallur,Tamil Nadu,2023-02-28,32.4,20.6,0.1,0.1
Tiruvallur,Tamil Nadu,2023-03-01,33.3,22.8,0.0,0.0
Tiruvallur,Tamil Nadu,2023-03-02,33.0,20.5,0.0,0.0
Tiruvallur,Tamil Nadu,2023-03-03,33.5,19.6,0.0,0.0
Tiruvallur,Tamil Nadu,2023-03-04,34.5,19.6,0.0,0.0
Tiruvallur,Tamil Nadu,2023-03-05,34.1,20.8,0.0,0.0
Tiruvallur,Tamil Nadu,2023-03-06,34.0,20.6,0.0,0.0
Tiruvallur,Tamil Nadu,2023-03-07,33.7,19.4,0.0,0.0
Tiruvallur,Tamil Nadu,2023-03-08,33.4,21.6,0.0,0.0
Tiruvallur,Tamil Nadu,2023-03-09,33.5,21.7,0.0,0.0
Tiruvallur,Tamil Nadu,2023-03-10,33.0,22.5,0.0,0.0
Tiruvallur,Tamil Nadu,2023-03-11,33.0,21.1,0.0,0.0
Tiruvallur,Tamil Nadu,2023-03-12,33.5,22.4,0.0,0.0
Tiruvallur,Tamil Nadu,2023-03-13,34.8,23.0,0.0,0.0
Tiruvallur,Tamil Nadu,2023-03-14,35.1,22.3,0.0,0.0
Tiruvallur,Tamil Nadu,2023-03-15,34.5,23.4,0.5,0.5
Tiruvallur,Tamil Nadu,2023-03-16,33.5,24.3,0.0,0.0
Tiruvallur,Tamil Nadu,2023-03-17,33.5,24.4,3.5,3.5
Tiruvallur,Tamil Nadu,2023-03-18,32.5,24.1,3.5,3.5
Tiruvallur,Tamil Nadu,2023-03-19,30.7,21.2,26.8,26.8
Tiruvallur,Tamil Nadu,2023-03-20,31.5,23.0,1.7,1.7
Tiruvallur,Tamil Nadu,2023-03-21,33.8,23.5,1.0,1.0
Tiruvallur,Tamil Nadu,2023-03-22,34.7,24.3,2.3,2.3
Tiruvallur,Tamil Nadu,2023-03-23,33.6,25.3,1.2,1.2
Tiruvallur,Tamil Nadu,2023-03-24,34.5,25.6,0.8,0.8
Tiruvallur,Tamil Nadu,2023-03-25,34.2,25.5,0.6,0.6
Tiruvallur,Tamil Nadu,2023-03-26,33.6,25.1,2.3,2.3
Tiruvallur,Tamil Nadu,2023-03-27,35.9,25.0,0.9,0.9
Tiruvallur,Tamil Nadu,2023-03-28,34.9,25.3,0.7,0.7
Tiruvallur,Tamil Nadu,2023-03-29,34.8,25.2,0.7,0.7
Tiruvallur,Tamil Nadu,2023-03-30,35.2,24.0,0.0,0.0
Tiruvallur,Tamil Nadu,2023-03-31,36.4,24.3,0.0,0.0
Tiruvallur,Tamil Nadu,2023-04-01,35.1,25.3,2.1,2.1
Tiruvallur,Tamil Nadu,2023-04-02,35.5,26.2,1.1,1.1
Tiruvallur,Tamil Nadu,2023-04-03,35.5,26.6,1.8,1.8
Tiruvallur,Tamil Nadu,2023-04-04,35.6,26.3,0.2,0.2
Tiruvallur,Tamil Nadu,2023-04-05,37.0,25.8,0.0,0.0
Tiruvallur,Tamil Nadu,2023-04-06,36.8,25.5,0.0,0.0
Tiruvallur,Tamil Nadu,2023-04-07,35.4,25.1,0.0,0.0
Tiruvallur,Tamil Nadu,2023-04-08,34.8,23.5,0.0,0.0
Tiruvallur,Tamil Nadu,2023-04-09,34.8,24.0,0.1,0.1
Tiruvallur,Tamil Nadu,2023-04-10,35.6,24.7,0.1,0.1
Tiruvallur,Tamil Nadu,2023-04-11,37.1,24.2,0.0,0.0
Tiruvallur,Tamil Nadu,2023-04-12,38.1,23.0,0.0,0.0
Tiruvallur,Tamil Nadu,2023-04-13,39.0,23.3,0.0,0.0
Tiruvallur,Tamil Nadu,2023-04-14,39.6,23.7,0.0,0.0
Tiruvallur,Tamil Nadu,2023-04-15,39.7,22.9,0.0,0.0
Tiruvallur,Tamil Nadu,2023-04-16,39.2,24.7,0.0,0.0
Tiruvallur,Tamil Nadu,2023-04-17,38.5,23.9,0.0,0.0
Tiruvallur,Tamil Nadu,2023-04-18,39.3,24.7,0.0,0.0
Tiruvallur,Tamil Nadu,2023-04-19,39.6,25.1,0.0,0.0
Tiruvallur,Tamil Nadu,2023-04-20,40.1,25.5,0.0,0.0
Tiruvallur,Tamil Nadu,2023-04-21,40.1,27.0,0.1,0.1
Tiruvallur,Tamil Nadu,2023-04-22,38.4,27.7,0.7,0.7
Tiruvallur,Tamil Nadu,2023-04-23,36.7,27.8,1.8,1.8
Tiruvallur,Tamil Nadu,2023-04-24,35.6,27.8,0.7,0.7
Tiruvallur,Tamil Nadu,2023-04-25,34.3,26.7,1.8,1.8
Tiruvallur,Tamil Nadu,2023-04-26,34.9,26.1,0.4,0.4
Tiruvallur,Tamil Nadu,2023-04-27,35.9,26.0,0.0,0.0
Tiruvallur,Tamil Nadu,2023-04-28,35.9,26.5,1.8,1.8
Tiruvallur,Tamil Nadu,2023-04-29,34.0,26.7,7.8,7.8
Tiruvallur,Tamil Nadu,2023-04-30,35.0,25.7,6.2,6.2
Tiruvallur,Tamil Nadu,2023-05-01,33.4,24.5,33.7,33.7
Tiruvallur,Tamil Nadu,2023-05-02,31.0,24.0,3.2,3.2
Tiruvallur,Tamil Nadu,2023-05-03,31.8,24.9,10.3,10.3
Tiruvallur,Tamil Nadu,2023-05-04,33.3,25.0,2.0,2.0
Tiruvallur,Tamil Nadu,2023-05-05,33.4,24.8,16.5,16.5
Tiruvallur,Tamil Nadu,2023-05-06,32.0,24.8,16.9,16.9
Tiruvallur,Tamil Nadu,2023-05-07,33.9,25.7,0.3,0.3
Tiruvallur,Tamil Nadu,2023-05-08,34.7,24.9,0.0,0.0
Tiruvallur,Tamil Nadu,2023-05-09,35.8,25.4,0.2,0.2
Tiruvallur,Tamil Nadu,2023-05-10,37.3,25.8,0.0,0.0
Tiruvallur,Tamil Nadu,2023-05-11,37.5,25.6,0.0,0.0
Tiruvallur,Tamil Nadu,2023-05-12,39.9,26.5,0.0,0.0
Tiruvallur,Tamil Nadu,2023-05-13,40.2,28.5,0.0,0.0
Tiruvallur,Tamil Nadu,2023-05-14,42.0,29.4,0.0,0.0
Tiruvallur,Tamil Nadu,2023-05-15,42.4,28.1,0.0,0.0
Tiruvallur,Tamil Nadu,2023-05-16,41.2,28.4,0.0,0.0
Tiruvallur,Tamil Nadu,2023-05-17,39.7,28.2,0.0,0.0
Tiruvallur,Tamil Nadu,2023-05-18,39.2,28.1,0.0,0.0
Tiruvallur,Tamil Nadu,2023-05-19,39.4,28.1,0.0,0.0
Tiruvallur,Tamil Nadu,2023-05-20,39.6,27.9,0.1,0.1
Tiruvallur,Tamil Nadu,2023-05-21,38.7,28.2,1.0,1.0
Tiruvallur,Tamil Nadu,2023-05-22,37.2,27.7,8.2,8.2
Tiruvallur,Tamil Nadu,2023-05-23,38.2,27.5,0.0,0.0
Tiruvallur,Tamil Nadu,2023-05-24,39.2,28.2,0.0,0.0
Tiruvallur,Tamil Nadu,2023-05-25,40.2,29.2,0.0,0.0
Tiruvallur,Tamil Nadu,2023-05-26,40.0,29.0,0.2,0.2
Tiruvallur,Tamil Nadu,2023-05-27,39.5,27.8,0.0,0.0
Tiruvallur,Tamil Nadu,2023-05-28,36.7,28.5,1.4,1.4
Tiruvallur,Tamil Nadu,2023-05-29,39.0,27.5,0.1,0.1
Tiruvallur,Tamil Nadu,2023-05-30,38.6,27.2,1.7,1.7
Tiruvallur,Tamil Nadu,2023-05-31,38.0,26.3,0.4,0.4
Tiruvallur,Tamil Nadu,2023-06-01,39.8,28.4,0.4,0.4
Tiruvallur,Tamil Nadu,2023-06-02,40.9,29.4,0.2,0.2
Tiruvallur,Tamil Nadu,2023-06-03,41.4,29.1,0.0,0.0
Tiruvallur,Tamil Nadu,2023-06-04,38.3,29.2,0.6,0.6
Tiruvallur,Tamil Nadu,2023-06-05,39.9,28.7,1.1,1.1
Tiruvallur,Tamil Nadu,2023-06-06,40.6,28.1,0.0,0.0
Tiruvallur,Tamil Nadu,2023-06-07,35.6,26.9,12.5,12.5
Tiruvallur,Tamil Nadu,2023-06-08,39.8,29.9,0.2,0.2
Tiruvallur,Tamil Nadu,2023-06-09,40.0,28.5,2.6,2.6
Tiruvallur,Tamil Nadu,2023-06-10,39.2,28.5,0.5,0.5
Tiruvallur,Tamil Nadu,2023-06-11,39.2,27.8,3.1,3.1
Tiruvallur,Tamil Nadu,2023-06-12,39.1,27.9,1.0,1.0
Tiruvallur,Tamil Nadu,2023-06-13,38.3,28.5,0.1,0.1
Tiruvallur,Tamil Nadu,2023-06-14,39.5,29.4,0.0,0.0
Tiruvallur,Tamil Nadu,2023-06-15,40.0,29.8,0.0,0.0
Tiruvallur,Tamil Nadu,2023-06-16,40.3,29.2,0.0,0.0
Tiruvallur,Tamil Nadu,2023-06-17,39.5,28.6,0.2,0.2
Tiruvallur,Tamil Nadu,2023-06-18,35.4,27.0,1.7,1.7
Tiruvallur,Tamil Nadu,2023-06-19,31.7,25.7,17.2,17.2
Tiruvallur,Tamil Nadu,2023-06-20,34.2,25.3,3.0,3.0
Tiruvallur,Tamil Nadu,2023-06-21,33.8,26.0,1.3,1.3
Tiruvallur,Tamil Nadu,2023-06-22,34.8,26.9,2.7,2.7
Tiruvallur,Tamil Nadu,2023-06-23,34.7,26.2,0.4,0.4
Tiruvallur,Tamil Nadu,2023-06-24,33.8,27.3,1.2,1.2
Tiruvallur,Tamil Nadu,2023-06-25,34.1,27.8,0.0,0.0
Tiruvallur,Tamil Nadu,2023-06-26,35.1,27.4,2.1,2.1
Tiruvallur,Tamil Nadu,2023-06-27,36.0,27.4,0.0,0.0
Tiruvallur,Tamil Nadu,2023-06-28,36.1,27.9,1.5,1.5
Tiruvallur,Tamil Nadu,2023-06-29,36.9,27.6,1.0,1.0
Tiruvallur,Tamil Nadu,2023-06-30,36.3,26.8,0.1,0.1
Tiruvallur,Tamil Nadu,2023-07-01,34.6,27.8,0.4,0.4
Tiruvallur,Tamil Nadu,2023-07-02,34.0,26.4,0.6,0.6
Tiruvallur,Tamil Nadu,2023-07-03,33.9,25.7,5.4,5.4
Tiruvallur,Tamil Nadu,2023-07-04,33.3,26.2,14.2,14.2
Tiruvallur,Tamil Nadu,2023-07-05,34.5,25.7,9.3,9.3
Tiruvallur,Tamil Nadu,2023-07-06,32.0,27.1,0.0,0.0
Tiruvallur,Tamil Nadu,2023-07-07,34.3,27.4,0.1,0.1
Tiruvallur,Tamil Nadu,2023-07-08,34.9,28.0,0.3,0.3
Tiruvallur,Tamil Nadu,2023-07-09,35.3,26.8,4.8,4.8
Tiruvallur,Tamil Nadu,2023-07-10,32.2,25.1,11.4,11.4
Tiruvallur,Tamil Nadu,2023-07-11,31.5,25.7,12.6,12.6
Tiruvallur,Tamil Nadu,2023-07-12,33.6,24.2,22.2,22.2
Tiruvallur,Tamil Nadu,2023-07-13,32.5,26.2,0.1,0.1
Tiruvallur,Tamil Nadu,2023-07-14,34.2,27.0,0.3,0.3
Tiruvallur,Tamil Nadu,2023-07-15,35.4,27.6,0.1,0.1
Tiruvallur,Tamil Nadu,2023-07-16,34.2,27.7,0.3,0.3
Tiruvallur,Tamil Nadu,2023-07-17,35.7,28.0,0.0,0.0
Tiruvallur,Tamil Nadu,2023-07-18,36.1,27.8,0.0,0.0
Tiruvallur,Tamil Nadu,2023-07-19,36.3,28.8,0.9,0.9
Tiruvallur,Tamil Nadu,2023-07-20,36.6,28.2,0.0,0.0
Tiruvallur,Tamil Nadu,2023-07-21,36.3,28.8,0.0,0.0
Tiruvallur,Tamil Nadu,2023-07-22,34.2,27.2,0.0,0.0
Tiruvallur,Tamil Nadu,2023-07-23,29.5,25.6,11.6,11.6
Tiruvallur,Tamil Nadu,2023-07-24,29.8,25.4,8.1,8.1
Tiruvallur,Tamil Nadu,2023-07-25,28.9,24.6,12.1,12.1
Tiruvallur,Tamil Nadu,2023-07-26,28.9,24.9,8.8,8.8
Tiruvallur,Tamil Nadu,2023-07-27,34.9,25.2,0.0,0.0
Tiruvallur,Tamil Nadu,2023-07-28,35.8,27.0,0.2,0.2
Tiruvallur,Tamil Nadu,2023-07-29,36.0,27.7,0.0,0.0
Tiruvallur,Tamil Nadu,2023-07-30,36.2,28.3,0.0,0.0
Tiruvallur,Tamil Nadu,2023-07-31,35.0,27.7,0.3,0.3
Tiruvallur,Tamil Nadu,2023-08-01,36.0,27.7,0.0,0.0
Tiruvallur,Tamil Nadu,2023-08-02,36.6,28.3,0.0,0.0
Tiruvallur,Tamil Nadu,2023-08-03,37.5,28.3,0.3,0.3
Tiruvallur,Tamil Nadu,2023-08-04,37.1,27.7,4.8,4.8
Tiruvallur,Tamil Nadu,2023-08-05,36.8,28.4,0.2,0.2
Tiruvallur,Tamil Nadu,2023-08-06,37.1,25.0,25.6,25.6
Tiruvallur,Tamil Nadu,2023-08-07,36.7,26.9,0.2,0.2
Tiruvallur,Tamil Nadu,2023-08-08,36.3,25.4,0.7,0.7
Tiruvallur,Tamil Nadu,2023-08-09,35.1,26.6,3.8,3.8
Tiruvallur,Tamil Nadu,2023-08-10,36.0,25.7,1.5,1.5
Tiruvallur,Tamil Nadu,2023-08-11,33.7,26.3,5.3,5.3
Tiruvallur,Tamil Nadu,2023-08-12,35.3,25.3,7.7,7.7
Tiruvallur,Tamil Nadu,2023-08-13,34.6,25.3,0.2,0.2
Tiruvallur,Tamil Nadu,2023-08-14,33.5,25.6,5.7,5.7
Tiruvallur,Tamil Nadu,2023-08-15,33.9,25.5,0.5,0.5
Tiruvallur,Tamil Nadu,2023-08-16,34.6,26.2,0.0,0.0
Tiruvallur,Tamil Nadu,2023-08-17,35.3,24.7,12.5,12.5
Tiruvallur,Tamil Nadu,2023-08-18,35.2,24.6,0.4,0.4
Tiruvallur,Tamil Nadu,2023-08-19,35.3,26.9,0.2,0.2
Tiruvallur,Tamil Nadu,2023-08-20,35.1,26.7,0.7,0.7
Tiruvallur,Tamil Nadu,2023-08-21,34.8,27.0,0.2,0.2
Tiruvallur,Tamil Nadu,2023-08-22,34.6,26.6,1.6,1.6
Tiruvallur,Tamil Nadu,2023-08-23,34.9,26.2,0.5,0.5
Tiruvallur,Tamil Nadu,2023-08-24,34.8,26.5,0.0,0.0
Tiruvallur,Tamil Nadu,2023-08-25,36.4,27.0,0.0,0.0
Tiruvallur,Tamil Nadu,2023-08-26,35.7,27.0,2.7,2.7
Tiruvallur,Tamil Nadu,2023-08-27,33.5,25.7,10.4,10.4
Tiruvallur,Tamil Nadu,2023-08-28,35.0,26.6,18.5,18.5
Tiruvallur,Tamil Nadu,2023-08-29,35.4,25.3,4.7,4.7
Tiruvallur,Tamil Nadu,2023-08-30,34.8,25.1,18.8,18.8
Tiruvallur,Tamil Nadu,2023-08-31,34.5,24.7,2.9,2.9
Tiruvallur,Tamil Nadu,2023-09-01,34.8,25.2,4.2,4.2
Tiruvallur,Tamil Nadu,2023-09-02,34.6,26.8,17.7,17.7
Tiruvallur,Tamil Nadu,2023-09-03,34.1,26.1,0.1,0.1
Tiruvallur,Tamil Nadu,2023-09-04,32.4,25.2,4.9,4.9
Tiruvallur,Tamil Nadu,2023-09-05,32.4,25.8,0.3,0.3
Tiruvallur,Tamil Nadu,2023-09-06,32.8,25.9,5.0,5.0
Tiruvallur,Tamil Nadu,2023-09-07,32.9,25.7,27.2,27.2
Tiruvallur,Tamil Nadu,2023-09-08,33.9,25.8,1.6,1.6
Tiruvallur,Tamil Nadu,2023-09-09,34.4,26.4,0.2,0.2
Tiruvallur,Tamil Nadu,2023-09-10,33.8,27.1,0.0,0.0
Tiruvallur,Tamil Nadu,2023-09-11,34.6,27.0,0.0,0.0
Tiruvallur,Tamil Nadu,2023-09-12,35.3,26.9,0.4,0.4
Tiruvallur,Tamil Nadu,2023-09-13,35.0,26.4,0.2,0.2
Tiruvallur,Tamil Nadu,2023-09-14,35.5,26.2,2.6,2.6
Tiruvallur,Tamil Nadu,2023-09-15,34.8,25.7,2.5,2.5
Tiruvallur,Tamil Nadu,2023-09-16,34.0,25.8,15.9,15.9
Tiruvallur,Tamil Nadu,2023-09-17,32.4,25.5,10.2,10.2
Tiruvallur,Tamil Nadu,2023-09-18,33.5,24.5,3.2,3.2
Tiruvallur,Tamil Nadu,2023-09-19,33.5,25.4,0.1,0.1
Tiruvallur,Tamil Nadu,2023-09-20,34.0,26.0,1.2,1.2
Tiruvallur,Tamil Nadu,2023-09-21,32.4,25.5,6.2,6.2
Tiruvallur,Tamil Nadu,2023-09-22,33.3,24.9,6.2,6.2
Tiruvallur,Tamil Nadu,2023-09-23,34.1,25.1,18.3,18.3
Tiruvallur,Tamil Nadu,2023-09-24,33.6,24.5,26.6,26.6
Tiruvallur,Tamil Nadu,2023-09-25,33.6,24.9,2.1,2.1
Tiruvallur,Tamil Nadu,2023-09-26,32.8,24.8,33.7,33.7
Tiruvallur,Tamil Nadu,2023-09-27,33.8,24.9,2.6,2.6
Tiruvallur,Tamil Nadu,2023-09-28,33.4,25.4,6.2,6.2
Tiruvallur,Tamil Nadu,2023-09-29,33.0,26.1,9.8,9.8
Tiruvallur,Tamil Nadu,2023-09-30,32.6,25.5,0.3,0.3
Tiruvallur,Tamil Nadu,2023-10-01,32.8,26.1,1.3,1.3
Tiruvallur,Tamil Nadu,2023-10-02,33.7,26.4,0.0,0.0
Tiruvallur,Tamil Nadu,2023-10-03,34.5,26.5,0.0,0.0
Tiruvallur,Tamil Nadu,2023-10-04,34.4,26.3,0.6,0.6
Tiruvallur,Tamil Nadu,2023-10-05,34.3,25.3,1.3,1.3
Tiruvallur,Tamil Nadu,2023-10-06,34.2,25.4,0.4,0.4
Tiruvallur,Tamil Nadu,2023-10-07,33.9,25.9,2.7,2.7
Tiruvallur,Tamil Nadu,2023-10-08,33.7,25.8,0.0,0.0
Tiruvallur,Tamil Nadu,2023-10-09,34.2,25.7,0.6,0.6
Tiruvallur,Tamil Nadu,2023-10-10,34.2,25.4,6.9,6.9
Tiruvallur,Tamil Nadu,2023-10-11,33.3,24.5,0.2,0.2
Tiruvallur,Tamil Nadu,2023-10-12,33.2,25.2,0.5,0.5
Tiruvallur,Tamil Nadu,2023-10-13,31.9,24.0,4.6,4.6
Tiruvallur,Tamil Nadu,2023-10-14,30.8,23.7,21.3,21.3
Tiruvallur,Tamil Nadu,2023-10-15,30.5,24.8,8.0,8.0
Tiruvallur,Tamil Nadu,2023-10-16,31.5,24.2,10.8,10.8
Tiruvallur,Tamil Nadu,2023-10-17,32.5,24.4,1.2,1.2
Tiruvallur,Tamil Nadu,2023-10-18,32.5,24.3,0.4,0.4
Tiruvallur,Tamil Nadu,2023-10-19,33.1,23.9,0.7,0.7
Tiruvallur,Tamil Nadu,2023-10-20,33.0,23.8,0.1,0.1
Tiruvallur,Tamil Nadu,2023-10-21,32.8,24.4,2.5,2.5
Tiruvallur,Tamil Nadu,2023-10-22,32.9,24.3,0.4,0.4
Tiruvallur,Tamil Nadu,2023-10-23,34.7,23.1,0.0,0.0
Tiruvallur,Tamil Nadu,2023-10-24,34.1,22.8,0.0,0.0
Tiruvallur,Tamil Nadu,2023-10-25,34.4,23.1,0.0,0.0
Tiruvallur,Tamil Nadu,2023-10-26,31.2,23.2,2.6,2.6
Tiruvallur,Tamil Nadu,2023-10-27,31.9,24.2,0.8,0.8
Tiruvallur,Tamil Nadu,2023-10-28,31.2,24.4,3.9,3.9
Tiruvallur,Tamil Nadu,2023-10-29,30.6,24.0,4.9,4.9
Tiruvallur,Tamil Nadu,2023-10-30,31.1,24.1,6.3,6.3
Tiruvallur,Tamil Nadu,2023-10-31,31.9,24.2,0.8,0.8
Tiruvallur,Tamil Nadu,2023-11-01,31.9,24.4,9.4,9.4
Tiruvallur,Tamil Nadu,2023-11-02,30.4,23.9,7.8,7.8
Tiruvallur,Tamil Nadu,2023-11-03,30.2,23.9,5.1,5.1
Tiruvallur,Tamil Nadu,2023-11-04,28.5,23.8,34.1,34.1
Tiruvallur,Tamil Nadu,2023-11-05,29.2,23.9,24.1,24.1
Tiruvallur,Tamil Nadu,2023-11-06,30.4,23.6,23.7,23.7
Tiruvallur,Tamil Nadu,2023-11-07,29.4,23.8,12.6,12.6
Tiruvallur,Tamil Nadu,2023-11-08,30.0,24.1,18.4,18.4
Tiruvallur,Tamil Nadu,2023-11-09,29.6,23.2,20.9,20.9
Tiruvallur,Tamil Nadu,2023-11-10,30.8,22.9,5.9,5.9
Tiruvallur,Tamil Nadu,2023-11-11,30.8,23.5,0.1,0.1
Tiruvallur,Tamil Nadu,2023-11-12,30.5,23.1,0.2,0.2
Tiruvallur,Tamil Nadu,2023-11-13,30.9,23.4,2.2,2.2
Tiruvallur,Tamil Nadu,2023-11-14,27.8,21.6,38.1,38.1
Tiruvallur,Tamil Nadu,2023-11-15,25.8,23.4,18.6,18.6
Tiruvallur,Tamil Nadu,2023-11-16,30.1,22.8,0.4,0.4
Tiruvallur,Tamil Nadu,2023-11-17,30.6,23.3,0.6,0.6
Tiruvallur,Tamil Nadu,2023-11-18,30.7,24.2,0.0,0.0
Tiruvallur,Tamil Nadu,2023-11-19,30.8,24.2,0.1,0.1
Tiruvallur,Tamil Nadu,2023-11-20,27.5,23.8,7.2,7.2
Tiruvallur,Tamil Nadu,2023-11-21,29.2,23.3,13.1,13.1
Tiruvallur,Tamil Nadu,2023-11-22,28.7,23.3,23.3,23.3
Tiruvallur,Tamil Nadu,2023-11-23,28.6,23.5,6.3,6.3
Tiruvallur,Tamil Nadu,2023-11-24,28.6,23.5,27.8,27.8
Tiruvallur,Tamil Nadu,2023-11-25,29.6,23.1,3.9,3.9
Tiruvallur,Tamil Nadu,2023-11-26,29.9,23.7,5.6,5.6
Tiruvallur,Tamil Nadu,2023-11-27,29.9,23.0,2.3,2.3
Tiruvallur,Tamil Nadu,2023-11-28,29.2,23.0,4.3,4.3
Tiruvallur,Tamil Nadu,2023-11-29,27.4,22.6,11.8,11.8
Tiruvallur,Tamil Nadu,2023-11-30,27.3,23.1,8.6,8.6
Tiruvallur,Tamil Nadu,2023-12-01,29.5,22.9,1.5,1.5
Tiruvallur,Tamil Nadu,2023-12-02,27.6,23.0,23.2,23.2
Tiruvallur,Tamil Nadu,2023-12-03,26.0,23.2,48.8,48.8
Tiruvallur,Tamil Nadu,2023-12-04,24.7,23.6,212.5,212.5
Tiruvallur,Tamil Nadu,2023-12-05,31.6,23.4,12.9,12.9
Tiruvallur,Tamil Nadu,2023-12-06,31.1,22.8,9.7,9.7
Tiruvallur,Tamil Nadu,2023-12-07,30.3,23.3,5.8,5.8
Tiruvallur,Tamil Nadu,2023-12-08,29.5,23.1,1.5,1.5
Tiruvallur,Tamil Nadu,2023-12-09,30.3,23.6,0.5,0.5
Tiruvallur,Tamil Nadu,2023-12-10,30.3,23.6,0.2,0.2
Tiruvallur,Tamil Nadu,2023-12-11,28.9,23.6,0.9,0.9
Tiruvallur,Tamil Nadu,2023-12-12,28.3,22.3,0.6,0.6
Tiruvallur,Tamil Nadu,2023-12-13,27.9,20.8,0.7,0.7
Tiruvallur,Tamil Nadu,2023-12-14,29.4,21.2,0.0,0.0
Tiruvallur,Tamil Nadu,2023-12-15,26.3,23.8,4.0,4.0
Tiruvallur,Tamil Nadu,2023-12-16,29.0,23.5,1.4,1.4
Tiruvallur,Tamil Nadu,2023-12-17,28.8,23.5,3.8,3.8
Tiruvallur,Tamil Nadu,2023-12-18,28.2,23.4,0.2,0.2
Tiruvallur,Tamil Nadu,2023-12-19,28.3,21.7,0.0,0.0
Tiruvallur,Tamil Nadu,2023-12-20,28.6,23.2,0.0,0.0
Tiruvallur,Tamil Nadu,2023-12-21,28.9,21.7,0.0,0.0
Tiruvallur,Tamil Nadu,2023-12-22,28.4,21.1,0.0,0.0
Tiruvallur,Tamil Nadu,2023-12-23,28.1,19.7,0.0,0.0
Tiruvallur,Tamil Nadu,2023-12-24,28.7,20.8,0.1,0.1
Tiruvallur,Tamil Nadu,2023-12-25,28.4,22.8,4.6,4.6
Tiruvallur,Tamil Nadu,2023-12-26,28.6,20.7,0.3,0.3
Tiruvallur,Tamil Nadu,2023-12-27,28.8,21.7,0.3,0.3
Tiruvallur,Tamil Nadu,2023-12-28,29.2,22.7,0.9,0.9
Tiruvallur,Tamil Nadu,2023-12-29,28.9,22.5,1.7,1.7
Tiruvallur,Tamil Nadu,2023-12-30,29.3,22.3,0.4,0.4
Tiruvallur,Tamil Nadu,2023-12-31,29.1,20.8,0.2,0.2
Tiruvallur,Tamil Nadu,2024-01-01,29.9,20.8,0.0,0.0
Tiruvallur,Tamil Nadu,2024-01-02,28.1,21.0,0.0,0.0
Tiruvallur,Tamil Nadu,2024-01-03,28.5,21.1,0.1,0.1
Tiruvallur,Tamil Nadu,2024-01-04,29.2,22.6,0.7,0.7
Tiruvallur,Tamil Nadu,2024-01-05,29.7,22.6,0.4,0.4
Tiruvallur,Tamil Nadu,2024-01-06,28.8,23.7,1.5,1.5
Tiruvallur,Tamil Nadu,2024-01-07,27.0,22.9,17.1,17.1
Tiruvallur,Tamil Nadu,2024-01-08,25.3,23.0,27.4,27.4
Tiruvallur,Tamil Nadu,2024-01-09,29.1,23.6,0.2,0.2
Tiruvallur,Tamil Nadu,2024-01-10,29.1,23.1,0.0,0.0
Tiruvallur,Tamil Nadu,2024-01-11,29.4,22.4,0.0,0.0
Tiruvallur,Tamil Nadu,2024-01-12,29.6,21.3,0.1,0.1
Tiruvallur,Tamil Nadu,2024-01-13,29.6,21.9,0.7,0.7
Tiruvallur,Tamil Nadu,2024-01-14,30.0,20.8,0.1,0.1
Tiruvallur,Tamil Nadu,2024-01-15,29.9,19.5,0.0,0.0
Tiruvallur,Tamil Nadu,2024-01-16,29.7,18.5,0.0,0.0
Tiruvallur,Tamil Nadu,2024-01-17,29.7,18.0,0.0,0.0
Tiruvallur,Tamil Nadu,2024-01-18,30.7,18.5,0.0,0.0
Tiruvallur,Tamil Nadu,2024-01-19,29.6,20.1,0.6,0.6
Tiruvallur,Tamil Nadu,2024-01-20,30.1,21.6,0.0,0.0
Tiruvallur,Tamil Nadu,2024-01-21,31.1,20.1,0.0,0.0
Tiruvallur,Tamil Nadu,2024-01-22,30.6,20.4,0.0,0.0
Tiruvallur,Tamil Nadu,2024-01-23,30.5,20.9,0.3,0.3
Tiruvallur,Tamil Nadu,2024-01-24,30.8,20.6,0.0,0.0
Tiruvallur,Tamil Nadu,2024-01-25,30.9,20.0,0.2,0.2
Tiruvallur,Tamil Nadu,2024-01-26,30.2,20.8,0.8,0.8
Tiruvallur,Tamil Nadu,2024-01-27,31.0,21.4,0.4,0.4
Tiruvallur,Tamil Nadu,2024-01-28,30.3,20.9,0.0,0.0
Tiruvallur,Tamil Nadu,2024-01-29,30.0,21.4,0.0,0.0
Tiruvallur,Tamil Nadu,2024-01-30,31.4,19.6,0.0,0.0
Tiruvallur,Tamil Nadu,2024-01-31,31.1,20.8,0.2,0.2
Tiruvallur,Tamil Nadu,2024-02-01,31.0,22.2,0.7,0.7
Tiruvallur,Tamil Nadu,2024-02-02,31.0,23.2,0.7,0.7
Tiruvallur,Tamil Nadu,2024-02-03,31.9,22.0,0.1,0.1
Tiruvallur,Tamil Nadu,2024-02-04,32.3,21.6,0.0,0.0
Tiruvallur,Tamil Nadu,2024-02-05,31.8,21.0,0.0,0.0
Tiruvallur,Tamil Nadu,2024-02-06,31.9,20.6,0.0,0.0
Tiruvallur,Tamil Nadu,2024-02-07,33.0,20.5,0.0,0.0
Tiruvallur,Tamil Nadu,2024-02-08,33.8,19.6,0.0,0.0
Tiruvallur,Tamil Nadu,2024-02-09,32.8,21.1,0.1,0.1
Tiruvallur,Tamil Nadu,2024-02-10,32.2,22.8,0.1,0.1
Tiruvallur,Tamil Nadu,2024-02-11,31.4,22.2,0.2,0.2
Tiruvallur,Tamil Nadu,2024-02-12,30.8,21.1,0.0,0.0
Tiruvallur,Tamil Nadu,2024-02-13,31.8,22.3,0.8,0.8
Tiruvallur,Tamil Nadu,2024-02-14,32.5,22.6,0.5,0.5
Tiruvallur,Tamil Nadu,2024-02-15,32.0,21.5,0.1,0.1
Tiruvallur,Tamil Nadu,2024-02-16,32.7,22.1,0.0,0.0
Tiruvallur,Tamil Nadu,2024-02-17,33.3,21.5,0.0,0.0
Tiruvallur,Tamil Nadu,2024-02-18,33.6,21.5,0.0,0.0
Tiruvallur,Tamil Nadu,2024-02-19,33.9,21.2,0.1,0.1
Tiruvallur,Tamil Nadu,2024-02-20,33.9,21.4,0.0,0.0
Tiruvallur,Tamil Nadu,2024-02-21,34.7,22.8,0.0,0.0
Tiruvallur,Tamil Nadu,2024-02-22,34.5,23.9,0.1,0.1
Tiruvallur,Tamil Nadu,2024-02-23,35.9,25.1,0.0,0.0
Tiruvallur,Tamil Nadu,2024-02-24,33.4,25.2,0.6,0.6
Tiruvallur,Tamil Nadu,2024-02-25,32.8,23.6,0.0,0.0
Tiruvallur,Tamil Nadu,2024-02-26,33.0,23.7,0.5,0.5
Tiruvallur,Tamil Nadu,2024-02-27,33.3,23.3,0.2,0.2
Tiruvallur,Tamil Nadu,2024-02-28,34.3,22.6,0.0,0.0
Tiruvallur,Tamil Nadu,2024-02-29,34.6,21.5,0.0,0.0
Tiruvallur,Tamil Nadu,2024-03-01,34.6,22.9,0.0,0.0
Tiruvallur,Tamil Nadu,2024-03-02,35.8,23.0,0.0,0.0
Tiruvallur,Tamil Nadu,2024-03-03,34.9,22.1,0.0,0.0
Tiruvallur,Tamil Nadu,2024-03-04,33.8,21.3,0.0,0.0
Tiruvallur,Tamil Nadu,2024-03-05,35.0,21.9,0.0,0.0
Tiruvallur,Tamil Nadu,2024-03-06,36.2,22.1,0.0,0.0
Tiruvallur,Tamil Nadu,2024-03-07,37.0,22.2,0.0,0.0
Tiruvallur,Tamil Nadu,2024-03-08,36.0,23.3,0.0,0.0
Tiruvallur,Tamil Nadu,2024-03-09,35.9,24.2,0.0,0.0
Tiruvallur,Tamil Nadu,2024-03-10,35.9,24.3,0.0,0.0
Tiruvallur,Tamil Nadu,2024-03-11,35.9,24.1,0.0,0.0
Tiruvallur,Tamil Nadu,2024-03-12,37.0,23.3,0.0,0.0
Tiruvallur,Tamil Nadu,2024-03-13,36.8,24.7,0.1,0.1
Tiruvallur,Tamil Nadu,2024-03-14,37.1,24.8,0.0,0.0
Tiruvallur,Tamil Nadu,2024-03-15,35.8,23.7,0.2,0.2
Tiruvallur,Tamil Nadu,2024-03-16,36.0,24.6,0.3,0.3
Tiruvallur,Tamil Nadu,2024-03-17,35.1,24.4,0.2,0.2
Tiruvallur,Tamil Nadu,2024-03-18,36.5,22.8,0.0,0.0
Tiruvallur,Tamil Nadu,2024-03-19,36.2,23.3,0.0,0.0
Tiruvallur,Tamil Nadu,2024-03-20,35.4,23.2,0.0,0.0
Tiruvallur,Tamil Nadu,2024-03-21,32.9,25.1,0.8,0.8
Tiruvallur,Tamil Nadu,2024-03-22,34.6,23.9,0.2,0.2
Tiruvallur,Tamil Nadu,2024-03-23,36.8,23.7,0.0,0.0
Tiruvallur,Tamil Nadu,2024-03-24,36.3,23.9,0.0,0.0
Tiruvallur,Tamil Nadu,2024-03-25,35.6,22.8,0.0,0.0
Tiruvallur,Tamil Nadu,2024-03-26,35.1,22.3,0.0,0.0
Tiruvallur,Tamil Nadu,2024-03-27,36.3,23.3,0.0,0.0
Tiruvallur,Tamil Nadu,2024-03-28,37.7,23.0,0.0,0.0
Tiruvallur,Tamil Nadu,2024-03-29,38.8,24.9,0.0,0.0
Tiruvallur,Tamil Nadu,2024-03-30,38.1,24.9,0.0,0.0
Tiruvallur,Tamil Nadu,2024-03-31,37.5,23.8,0.0,0.0
Tiruvallur,Tamil Nadu,2024-04-01,38.1,25.2,0.0,0.0
Tiruvallur,Tamil Nadu,2024-04-02,39.4,25.5,0.0,0.0
Tiruvallur,Tamil Nadu,2024-04-03,38.9,26.3,0.0,0.0
Tiruvallur,Tamil Nadu,2024-04-04,39.7,25.4,0.0,0.0
Tiruvallur,Tamil Nadu,2024-04-05,40.0,25.8,0.0,0.0
Tiruvallur,Tamil Nadu,2024-04-06,40.3,26.0,0.0,0.0
Tiruvallur,Tamil Nadu,2024-04-07,40.6,25.6,0.0,0.0
Tiruvallur,Tamil Nadu,2024-04-08,39.5,26.1,0.0,0.0
Tiruvallur,Tamil Nadu,2024-04-09,37.1,24.3,0.0,0.0
Tiruvallur,Tamil Nadu,2024-04-10,36.2,25.8,0.1,0.1
Tiruvallur,Tamil Nadu,2024-04-11,36.6,25.3,0.0,0.0
Tiruvallur,Tamil Nadu,2024-04-12,35.8,27.1,1.1,1.1
Tiruvallur,Tamil Nadu,2024-04-13,36.8,25.3,0.2,0.2
Tiruvallur,Tamil Nadu,2024-04-14,37.0,25.6,0.0,0.0
Tiruvallur,Tamil Nadu,2024-04-15,37.8,24.4,0.0,0.0
Tiruvallur,Tamil Nadu,2024-04-16,38.4,24.8,0.0,0.0
Tiruvallur,Tamil Nadu,2024-04-17,39.6,25.9,0.0,0.0
Tiruvallur,Tamil Nadu,2024-04-18,40.4,26.6,0.3,0.3
Tiruvallur,Tamil Nadu,2024-04-19,40.1,27.7,0.1,0.1
Tiruvallur,Tamil Nadu,2024-04-20,39.7,27.8,0.0,0.0
Tiruvallur,Tamil Nadu,2024-04-21,39.5,27.6,0.0,0.0
Tiruvallur,Tamil Nadu,2024-04-22,40.8,26.8,0.0,0.0
Tiruvallur,Tamil Nadu,2024-04-23,38.9,25.8,0.0,0.0
Tiruvallur,Tamil Nadu,2024-04-24,40.0,26.0,0.0,0.0
Tiruvallur,Tamil Nadu,2024-04-25,38.5,26.9,0.0,0.0
Tiruvallur,Tamil Nadu,2024-04-26,38.7,26.4,0.0,0.0
Tiruvallur,Tamil Nadu,2024-04-27,39.0,26.0,0.0,0.0
Tiruvallur,Tamil Nadu,2024-04-28,40.2,26.3,0.0,0.0
Tiruvallur,Tamil Nadu,2024-04-29,40.2,27.1,0.0,0.0
Tiruvallur,Tamil Nadu,2024-04-30,40.5,27.9,0.0,0.0
Tiruvallur,Tamil Nadu,2024-05-01,42.4,28.4,0.0,0.0
Tiruvallur,Tamil Nadu,2024-05-02,42.7,29.4,0.0,0.0
Tiruvallur,Tamil Nadu,2024-05-03,42.7,28.2,0.1,0.1
Tiruvallur,Tamil Nadu,2024-05-04,42.1,28.9,1.2,1.2
Tiruvallur,Tamil Nadu,2024-05-05,42.3,29.5,0.6,0.6
Tiruvallur,Tamil Nadu,2024-05-06,42.6,30.1,0.0,0.0
Tiruvallur,Tamil Nadu,2024-05-07,40.1,29.6,0.2,0.2
Tiruvallur,Tamil Nadu,2024-05-08,36.4,26.7,0.8,0.8
Tiruvallur,Tamil Nadu,2024-05-09,36.8,27.6,2.1,2.1
Tiruvallur,Tamil Nadu,2024-05-10,36.6,26.9,8.3,8.3
Tiruvallur,Tamil Nadu,2024-05-11,35.8,24.2,3.0,3.0
Tiruvallur,Tamil Nadu,2024-05-12,35.5,28.6,6.2,6.2
Tiruvallur,Tamil Nadu,2024-05-13,36.0,26.2,1.2,1.2
Tiruvallur,Tamil Nadu,2024-05-14,35.9,27.2,0.8,0.8
Tiruvallur,Tamil Nadu,2024-05-15,35.4,26.5,9.7,9.7
Tiruvallur,Tamil Nadu,2024-05-16,30.6,26.4,7.3,7.3
Tiruvallur,Tamil Nadu,2024-05-17,32.6,26.1,5.2,5.2
Tiruvallur,Tamil Nadu,2024-05-18,32.2,25.9,5.7,5.7
Tiruvallur,Tamil Nadu,2024-05-19,35.2,26.1,10.7,10.7
Tiruvallur,Tamil Nadu,2024-05-20,31.7,25.8,19.3,19.3
Tiruvallur,Tamil Nadu,2024-05-21,31.2,26.7,30.6,30.6
Tiruvallur,Tamil Nadu,2024-05-22,32.0,25.5,19.1,19.1
Tiruvallur,Tamil Nadu,2024-05-23,34.4,26.4,21.0,21.0
Tiruvallur,Tamil Nadu,2024-05-24,39.4,26.8,0.7,0.7
Tiruvallur,Tamil Nadu,2024-05-25,36.4,27.6,20.2,20.2
Tiruvallur,Tamil Nadu,2024-05-26,39.6,28.8,0.7,0.7
Tiruvallur,Tamil Nadu,2024-05-27,41.8,30.5,0.1,0.1
Tiruvallur,Tamil Nadu,2024-05-28,42.6,30.9,0.5,0.5
Tiruvallur,Tamil Nadu,2024-05-29,43.3,30.4,0.0,0.0
Tiruvallur,Tamil Nadu,2024-05-30,42.8,30.6,0.0,0.0
Tiruvallur,Tamil Nadu,2024-05-31,41.4,28.4,22.8,22.8
Tiruvallur,Tamil Nadu,2024-06-01,42.2,27.2,14.2,14.2
Tiruvallur,Tamil Nadu,2024-06-02,36.5,26.5,22.2,22.2
Tiruvallur,Tamil Nadu,2024-06-03,32.9,27.1,5.7,5.7
Tiruvallur,Tamil Nadu,2024-06-04,34.8,27.2,11.2,11.2
Tiruvallur,Tamil Nadu,2024-06-05,33.6,26.2,27.8,27.8
Tiruvallur,Tamil Nadu,2024-06-06,32.5,25.8,33.0,33.0
Tiruvallur,Tamil Nadu,2024-06-07,31.8,25.9,8.4,8.4
Tiruvallur,Tamil Nadu,2024-06-08,34.0,26.7,0.2,0.2
Tiruvallur,Tamil Nadu,2024-06-09,35.4,26.9,0.4,0.4
Tiruvallur,Tamil Nadu,2024-06-10,37.0,27.4,8.8,8.8
Tiruvallur,Tamil Nadu,2024-06-11,36.4,28.2,8.4,8.4
Tiruvallur,Tamil Nadu,2024-06-12,33.6,27.7,0.3,0.3
Tiruvallur,Tamil Nadu,2024-06-13,35.0,28.0,0.7,0.7
Tiruvallur,Tamil Nadu,2024-06-14,35.7,28.1,0.0,0.0
Tiruvallur,Tamil Nadu,2024-06-15,36.0,27.3,0.1,0.1
Tiruvallur,Tamil Nadu,2024-06-16,36.7,26.6,0.4,0.4
Tiruvallur,Tamil Nadu,2024-06-17,37.3,27.6,0.6,0.6
Tiruvallur,Tamil Nadu,2024-06-18,37.3,27.5,4.4,4.4
Tiruvallur,Tamil Nadu,2024-06-19,35.6,25.8,21.1,21.1
Tiruvallur,Tamil Nadu,2024-06-20,35.4,25.7,0.8,0.8
Tiruvallur,Tamil Nadu,2024-06-21,35.9,27.4,17.9,17.9
Tiruvallur,Tamil Nadu,2024-06-22,35.5,27.9,0.6,0.6
Tiruvallur,Tamil Nadu,2024-06-23,35.9,27.3,0.6,0.6
Tiruvallur,Tamil Nadu,2024-06-24,35.8,27.7,0.0,0.0
Tiruvallur,Tamil Nadu,2024-06-25,35.1,27.6,1.3,1.3
Tiruvallur,Tamil Nadu,2024-06-26,35.3,28.3,1.0,1.0
Tiruvallur,Tamil Nadu,2024-06-27,33.9,27.3,2.8,2.8
Tiruvallur,Tamil Nadu,2024-06-28,37.1,28.0,0.1,0.1
Tiruvallur,Tamil Nadu,2024-06-29,37.4,27.5,0.5,0.5
Tiruvallur,Tamil Nadu,2024-06-30,35.8,28.0,0.0,0.0
Tiruvallur,Tamil Nadu,2024-07-01,34.2,26.6,0.2,0.2
Tiruvallur,Tamil Nadu,2024-07-02,36.4,27.5,0.0,0.0
Tiruvallur,Tamil Nadu,2024-07-03,37.6,27.6,10.9,10.9
Tiruvallur,Tamil Nadu,2024-07-04,33.7,26.4,0.6,0.6
Tiruvallur,Tamil Nadu,2024-07-05,37.3,27.1,0.5,0.5
Tiruvallur,Tamil Nadu,2024-07-06,32.8,25.7,2.2,2.2
Tiruvallur,Tamil Nadu,2024-07-07,37.0,26.8,1.0,1.0
Tiruvallur,Tamil Nadu,2024-07-08,32.6,26.6,7.2,7.2
Tiruvallur,Tamil Nadu,2024-07-09,34.0,25.8,1.5,1.5
Tiruvallur,Tamil Nadu,2024-07-10,36.0,26.7,0.5,0.5
Tiruvallur,Tamil Nadu,2024-07-11,32.8,26.2,2.6,2.6
Tiruvallur,Tamil Nadu,2024-07-12,36.4,26.6,2.7,2.7
Tiruvallur,Tamil Nadu,2024-07-13,30.3,25.5,10.7,10.7
Tiruvallur,Tamil Nadu,2024-07-14,28.4,25.4,6.5,6.5
Tiruvallur,Tamil Nadu,2024-07-15,30.6,25.2,6.3,6.3
Tiruvallur,Tamil Nadu,2024-07-16,31.3,25.3,2.5,2.5
Tiruvallur,Tamil Nadu,2024-07-17,31.3,25.8,0.0,0.0
Tiruvallur,Tamil Nadu,2024-07-18,31.8,26.8,1.5,1.5
Tiruvallur,Tamil Nadu,2024-07-19,29.8,25.9,1.0,1.0
Tiruvallur,Tamil Nadu,2024-07-20,33.2,25.4,0.1,0.1
Tiruvallur,Tamil Nadu,2024-07-21,35.4,26.7,0.3,0.3
Tiruvallur,Tamil Nadu,2024-07-22,35.5,27.6,0.0,0.0
Tiruvallur,Tamil Nadu,2024-07-23,36.7,26.9,0.3,0.3
Tiruvallur,Tamil Nadu,2024-07-24,36.2,27.9,0.2,0.2
Tiruvallur,Tamil Nadu,2024-07-25,36.9,27.7,2.4,2.4
Tiruvallur,Tamil Nadu,2024-07-26,36.8,27.4,2.2,2.2
Tiruvallur,Tamil Nadu,2024-07-27,35.1,29.0,0.0,0.0
Tiruvallur,Tamil Nadu,2024-07-28,37.1,28.4,0.2,0.2
Tiruvallur,Tamil Nadu,2024-07-29,37.6,26.7,1.9,1.9
Tiruvallur,Tamil Nadu,2024-07-30,36.8,27.4,0.8,0.8
Tiruvallur,Tamil Nadu,2024-07-31,36.3,27.4,0.7,0.7
Tiruvallur,Tamil Nadu,2024-08-01,36.7,28.2,0.8,0.8
Tiruvallur,Tamil Nadu,2024-08-02,36.1,27.5,5.7,5.7
Tiruvallur,Tamil Nadu,2024-08-03,36.4,26.1,8.2,8.2
Tiruvallur,Tamil Nadu,2024-08-04,35.6,26.6,0.2,0.2
Tiruvallur,Tamil Nadu,2024-08-05,32.8,24.6,4.2,4.2
Tiruvallur,Tamil Nadu,2024-08-06,32.8,25.1,21.7,21.7
Tiruvallur,Tamil Nadu,2024-08-07,32.0,24.8,16.2,16.2
Tiruvallur,Tamil Nadu,2024-08-08,32.7,25.5,12.2,12.2
Tiruvallur,Tamil Nadu,2024-08-09,33.5,24.7,57.7,57.7
Tiruvallur,Tamil Nadu,2024-08-10,32.7,24.4,11.5,11.5
Tiruvallur,Tamil Nadu,2024-08-11,33.8,24.8,16.4,16.4
Tiruvallur,Tamil Nadu,2024-08-12,33.8,24.5,3.6,3.6
Tiruvallur,Tamil Nadu,2024-08-13,33.3,25.2,2.1,2.1
Tiruvallur,Tamil Nadu,2024-08-14,31.8,25.5,1.6,1.6
Tiruvallur,Tamil Nadu,2024-08-15,32.6,26.0,2.3,2.3
Tiruvallur,Tamil Nadu,2024-08-16,33.1,26.6,0.8,0.8
Tiruvallur,Tamil Nadu,2024-08-17,33.5,25.9,1.1,1.1
Tiruvallur,Tamil Nadu,2024-08-18,34.1,26.5,1.1,1.1
Tiruvallur,Tamil Nadu,2024-08-19,33.9,26.3,5.6,5.6
Tiruvallur,Tamil Nadu,2024-08-20,33.5,26.0,3.2,3.2
Tiruvallur,Tamil Nadu,2024-08-21,32.8,26.4,0.5,0.5
Tiruvallur,Tamil Nadu,2024-08-22,33.7,26.6,0.3,0.3
Tiruvallur,Tamil Nadu,2024-08-23,34.7,26.6,0.2,0.2
Tiruvallur,Tamil Nadu,2024-08-24,34.7,27.0,0.0,0.0
Tiruvallur,Tamil Nadu,2024-08-25,35.6,26.9,0.2,0.2
Tiruvallur,Tamil Nadu,2024-08-26,35.5,27.8,0.8,0.8
Tiruvallur,Tamil Nadu,2024-08-27,34.6,26.9,1.8,1.8
Tiruvallur,Tamil Nadu,2024-08-28,30.2,25.6,3.5,3.5
Tiruvallur,Tamil Nadu,2024-08-29,33.3,25.2,8.1,8.1
Tiruvallur,Tamil Nadu,2024-08-30,33.3,25.9,8.8,8.8
Tiruvallur,Tamil Nadu,2024-08-31,31.5,25.6,0.5,0.5
Tiruvallur,Tamil Nadu,2024-09-01,34.1,26.7,0.1,0.1
Tiruvallur,Tamil Nadu,2024-09-02,35.7,26.1,3.7,3.7
Tiruvallur,Tamil Nadu,2024-09-03,33.8,25.1,1.0,1.0
Tiruvallur,Tamil Nadu,2024-09-04,33.9,25.9,0.0,0.0
Tiruvallur,Tamil Nadu,2024-09-05,35.8,26.4,2.4,2.4
Tiruvallur,Tamil Nadu,2024-09-06,33.8,24.8,9.5,9.5
Tiruvallur,Tamil Nadu,2024-09-07,33.3,24.7,6.1,6.1
Tiruvallur,Tamil Nadu,2024-09-08,33.5,27.2,0.3,0.3
Tiruvallur,Tamil Nadu,2024-09-09,34.4,27.7,0.0,0.0
Tiruvallur,Tamil Nadu,2024-09-10,36.1,27.5,1.9,1.9
Tiruvallur,Tamil Nadu,2024-09-11,35.4,27.5,0.0,0.0
Tiruvallur,Tamil Nadu,2024-09-12,36.4,27.0,0.5,0.5
Tiruvallur,Tamil Nadu,2024-09-13,36.8,26.5,0.0,0.0
Tiruvallur,Tamil Nadu,2024-09-14,37.9,26.6,0.0,0.0
Tiruvallur,Tamil Nadu,2024-09-15,37.2,26.6,1.9,1.9
Tiruvallur,Tamil Nadu,2024-09-16,37.4,27.1,0.0,0.0
Tiruvallur,Tamil Nadu,2024-09-17,37.7,27.4,0.1,0.1
Tiruvallur,Tamil Nadu,2024-09-18,36.9,26.9,0.2,0.2
Tiruvallur,Tamil Nadu,2024-09-19,36.5,24.7,6.7,6.7
Tiruvallur,Tamil Nadu,2024-09-20,36.8,26.1,0.5,0.5
Tiruvallur,Tamil Nadu,2024-09-21,32.7,25.8,0.8,0.8
Tiruvallur,Tamil Nadu,2024-09-22,34.8,26.6,0.4,0.4
Tiruvallur,Tamil Nadu,2024-09-23,34.2,24.8,5.0,5.0
Tiruvallur,Tamil Nadu,2024-09-24,34.3,25.5,6.8,6.8
Tiruvallur,Tamil Nadu,2024-09-25,35.2,25.8,1.7,1.7
Tiruvallur,Tamil Nadu,2024-09-26,32.6,25.6,0.1,0.1
Tiruvallur,Tamil Nadu,2024-09-27,34.2,25.0,15.6,15.6
Tiruvallur,Tamil Nadu,2024-09-28,33.4,24.3,34.1,34.1
Tiruvallur,Tamil Nadu,2024-09-29,32.6,24.4,3.9,3.9
Tiruvallur,Tamil Nadu,2024-09-30,32.2,25.0,0.4,0.4
Tiruvallur,Tamil Nadu,2024-10-01,33.9,25.1,0.2,0.2
Tiruvallur,Tamil Nadu,2024-10-02,35.6,25.4,0.0,0.0
Tiruvallur,Tamil Nadu,2024-10-03,35.8,26.6,1.6,1.6
Tiruvallur,Tamil Nadu,2024-10-04,34.1,26.7,3.1,3.1
Tiruvallur,Tamil Nadu,2024-10-05,34.8,25.5,0.2,0.2
Tiruvallur,Tamil Nadu,2024-10-06,34.5,25.3,0.0,0.0
Tiruvallur,Tamil Nadu,2024-10-07,31.8,24.9,8.5,8.5
Tiruvallur,Tamil Nadu,2024-10-08,32.3,24.7,8.3,8.3
Tiruvallur,Tamil Nadu,2024-10-09,32.0,24.8,4.8,4.8
Tiruvallur,Tamil Nadu,2024-10-10,31.5,24.6,5.0,5.0
Tiruvallur,Tamil Nadu,2024-10-11,31.4,24.6,6.6,6.6
Tiruvallur,Tamil Nadu,2024-10-12,31.5,24.2,2.3,2.3
Tiruvallur,Tamil Nadu,2024-10-13,31.9,23.7,2.7,2.7
Tiruvallur,Tamil Nadu,2024-10-14,27.0,24.4,45.7,45.7
Tiruvallur,Tamil Nadu,2024-10-15,29.2,24.3,46.9,46.9
Tiruvallur,Tamil Nadu,2024-10-16,28.7,23.6,36.8,36.8
Tiruvallur,Tamil Nadu,2024-10-17,32.3,23.3,4.9,4.9
Tiruvallur,Tamil Nadu,2024-10-18,30.2,24.5,19.5,19.5
Tiruvallur,Tamil Nadu,2024-10-19,29.1,24.0,16.4,16.4
Tiruvallur,Tamil Nadu,2024-10-20,30.5,24.0,4.6,4.6
Tiruvallur,Tamil Nadu,2024-10-21,31.4,24.2,4.5,4.5
Tiruvallur,Tamil Nadu,2024-10-22,31.3,23.4,0.7,0.7
Tiruvallur,Tamil Nadu,2024-10-23,32.6,23.4,0.1,0.1
Tiruvallur,Tamil Nadu,2024-10-24,31.4,25.0,0.0,0.0
Tiruvallur,Tamil Nadu,2024-10-25,32.9,23.7,0.0,0.0
Tiruvallur,Tamil Nadu,2024-10-26,33.8,23.9,0.0,0.0
Tiruvallur,Tamil Nadu,2024-10-27,32.5,23.6,0.4,0.4
Tiruvallur,Tamil Nadu,2024-10-28,32.6,23.5,0.0,0.0
Tiruvallur,Tamil Nadu,2024-10-29,33.7,24.2,1.1,1.1
Tiruvallur,Tamil Nadu,2024-10-30,32.2,24.3,8.3,8.3
Tiruvallur,Tamil Nadu,2024-10-31,31.9,24.5,2.8,2.8
Tiruvallur,Tamil Nadu,2024-11-01,30.6,24.0,2.9,2.9
Tiruvallur,Tamil Nadu,2024-11-02,30.7,23.9,7.5,7.5
Tiruvallur,Tamil Nadu,2024-11-03,30.3,23.1,2.3,2.3
Tiruvallur,Tamil Nadu,2024-11-04,31.0,23.4,1.1,1.1
Tiruvallur,Tamil Nadu,2024-11-05,31.2,23.6,0.3,0.3
Tiruvallur,Tamil Nadu,2024-11-06,30.4,23.7,14.4,14.4
Tiruvallur,Tamil Nadu,2024-11-07,30.7,24.1,1.8,1.8
Tiruvallur,Tamil Nadu,2024-11-08,31.5,24.2,0.1,0.1
Tiruvallur,Tamil Nadu,2024-11-09,31.1,24.4,0.2,0.2
Tiruvallur,Tamil Nadu,2024-11-10,30.8,23.5,0.4,0.4
Tiruvallur,Tamil Nadu,2024-11-11,31.1,23.4,2.0,2.0
Tiruvallur,Tamil Nadu,2024-11-12,27.4,24.0,16.9,16.9
Tiruvallur,Tamil Nadu,2024-11-13,26.2,23.2,40.1,40.1
Tiruvallur,Tamil Nadu,2024-11-14,30.2,23.5,14.8,14.8
Tiruvallur,Tamil Nadu,2024-11-15,29.1,23.6,24.5,24.5
Tiruvallur,Tamil Nadu,2024-11-16,28.1,23.5,15.7,15.7
Tiruvallur,Tamil Nadu,2024-11-17,30.6,23.6,1.8,1.8
Tiruvallur,Tamil Nadu,2024-11-18,30.2,23.7,0.3,0.3
Tiruvallur,Tamil Nadu,2024-11-19,29.2,23.0,1.0,1.0
Tiruvallur,Tamil Nadu,2024-11-20,30.0,22.6,0.0,0.0
Tiruvallur,Tamil Nadu,2024-11-21,29.9,22.8,0.2,0.2
Tiruvallur,Tamil Nadu,2024-11-22,30.1,21.6,0.0,0.0
Tiruvallur,Tamil Nadu,2024-11-23,29.7,23.0,1.1,1.1
Tiruvallur,Tamil Nadu,2024-11-24,29.9,23.6,0.2,0.2
Tiruvallur,Tamil Nadu,2024-11-25,30.3,23.1,0.3,0.3
Tiruvallur,Tamil Nadu,2024-11-26,27.0,22.8,15.2,15.2
Tiruvallur,Tamil Nadu,2024-11-27,28.3,23.2,1.3,1.3
Tiruvallur,Tamil Nadu,2024-11-28,27.5,23.1,29.7,29.7
Tiruvallur,Tamil Nadu,2024-11-29,26.2,22.2,9.3,9.3
Tiruvallur,Tamil Nadu,2024-11-30,25.2,22.9,144.5,144.5
Tiruvallur,Tamil Nadu,2024-12-01,28.0,24.1,24.5,24.5
Tiruvallur,Tamil Nadu,2024-12-02,30.0,24.1,33.2,33.2
Tiruvallur,Tamil Nadu,2024-12-03,30.6,24.1,1.7,1.7
Tiruvallur,Tamil Nadu,2024-12-04,30.1,23.8,12.5,12.5
Tiruvallur,Tamil Nadu,2024-12-05,29.8,22.9,3.6,3.6
Tiruvallur,Tamil Nadu,2024-12-06,29.1,23.5,1.4,1.4
Tiruvallur,Tamil Nadu,2024-12-07,30.7,23.7,0.6,0.6
Tiruvallur,Tamil Nadu,2024-12-08,30.6,21.8,0.1,0.1
Tiruvallur,Tamil Nadu,2024-12-09,29.6,22.5,0.8,0.8
Tiruvallur,Tamil Nadu,2024-12-10,29.9,23.7,0.4,0.4
Tiruvallur,Tamil Nadu,2024-12-11,26.3,23.5,10.4,10.4
Tiruvallur,Tamil Nadu,2024-12-12,25.8,23.2,39.0,39.0
Tiruvallur,Tamil Nadu,2024-12-13,28.4,23.8,1.0,1.0
Tiruvallur,Tamil Nadu,2024-12-14,29.0,22.3,0.0,0.0
Tiruvallur,Tamil Nadu,2024-12-15,28.4,21.1,0.3,0.3
Tiruvallur,Tamil Nadu,2024-12-16,27.7,21.0,0.0,0.0
Tiruvallur,Tamil Nadu,2024-12-17,27.4,21.8,15.0,15.0
Tiruvallur,Tamil Nadu,2024-12-18,27.4,21.3,28.6,28.6
Tiruvallur,Tamil Nadu,2024-12-19,28.4,23.3,2.7,2.7
Tiruvallur,Tamil Nadu,2024-12-20,30.1,24.1,0.4,0.4
Tiruvallur,Tamil Nadu,2024-12-21,30.2,23.5,0.9,0.9
Tiruvallur,Tamil Nadu,2024-12-22,29.8,23.1,0.0,0.0
Tiruvallur,Tamil Nadu,2024-12-23,29.8,22.2,0.0,0.0
Tiruvallur,Tamil Nadu,2024-12-24,27.9,23.4,6.6,6.6
Tiruvallur,Tamil Nadu,2024-12-25,28.5,22.9,1.9,1.9
Tiruvallur,Tamil Nadu,2024-12-26,29.7,23.5,10.3,10.3
Tiruvallur,Tamil Nadu,2024-12-27,29.1,22.6,3.9,3.9
Tiruvallur,Tamil Nadu,2024-12-28,29.7,22.9,0.2,0.2
Tiruvallur,Tamil Nadu,2024-12-29,29.1,22.9,0.6,0.6
Tiruvallur,Tamil Nadu,2024-12-30,29.0,22.9,2.0,2.0
Tiruvallur,Tamil Nadu,2024-12-31,29.5,23.0,0.2,0.2
Pilibhit,Uttar Pradesh,2023-01-01,18.4,8.0,0.0,0.0
Pilibhit,Uttar Pradesh,2023-01-02,17.7,6.8,0.0,0.0
Pilibhit,Uttar Pradesh,2023-01-03,17.3,6.4,0.0,0.0
Pilibhit,Uttar Pradesh,2023-01-04,17.0,5.4,0.0,0.0
Pilibhit,Uttar Pradesh,2023-01-05,15.6,4.8,0.0,0.0
Pilibhit,Uttar Pradesh,2023-01-06,13.9,4.6,0.0,0.0
Pilibhit,Uttar Pradesh,2023-01-07,16.1,4.7,0.0,0.0
Pilibhit,Uttar Pradesh,2023-01-08,14.8,5.8,0.0,0.0
Pilibhit,Uttar Pradesh,2023-01-09,17.1,5.2,0.0,0.0
Pilibhit,Uttar Pradesh,2023-01-10,17.5,7.3,0.0,0.0
Pilibhit,Uttar Pradesh,2023-01-11,16.1,6.6,0.0,0.0
Pilibhit,Uttar Pradesh,2023-01-12,17.7,5.9,0.0,0.0
Pilibhit,Uttar Pradesh,2023-01-13,19.6,8.6,0.0,0.0
Pilibhit,Uttar Pradesh,2023-01-14,20.7,9.4,0.0,0.0
Pilibhit,Uttar Pradesh,2023-01-15,16.5,8.5,0.0,0.0
Pilibhit,Uttar Pradesh,2023-01-16,16.6,5.9,0.0,0.0
Pilibhit,Uttar Pradesh,2023-01-17,16.3,5.8,0.0,0.0
Pilibhit,Uttar Pradesh,2023-01-18,17.1,5.0,0.0,0.0
Pilibhit,Uttar Pradesh,2023-01-19,17.9,5.3,0.0,0.0
Pilibhit,Uttar Pradesh,2023-01-20,20.0,8.7,0.0,0.0
Pilibhit,Uttar Pradesh,2023-01-21,21.3,7.8,0.0,0.0
Pilibhit,Uttar Pradesh,2023-01-22,22.7,8.0,0.0,0.0
Pilibhit,Uttar Pradesh,2023-01-23,24.3,8.2,0.0,0.0
Pilibhit,Uttar Pradesh,2023-01-24,20.9,14.4,3.7,3.7
Pilibhit,Uttar Pradesh,2023-01-25,20.5,13.7,13.9,13.9
Pilibhit,Uttar Pradesh,2023-01-26,22.5,13.2,0.0,0.0
Pilibhit,Uttar Pradesh,2023-01-27,20.2,11.1,0.0,0.0
Pilibhit,Uttar Pradesh,2023-01-28,19.2,8.8,0.0,0.0
Pilibhit,Uttar Pradesh,2023-01-29,18.6,9.5,0.0,0.0
Pilibhit,Uttar Pradesh,2023-01-30,19.5,9.9,0.8,0.8
Pilibhit,Uttar Pradesh,2023-01-31,22.6,10.5,0.0,0.0
Pilibhit,Uttar Pradesh,2023-02-01,21.1,11.1,0.0,0.0
Pilibhit,Uttar Pradesh,2023-02-02,18.8,10.1,0.0,0.0
Pilibhit,Uttar Pradesh,2023-02-03,19.5,9.2,0.0,0.0
Pilibhit,Uttar Pradesh,2023-02-04,22.3,10.7,0.0,0.0
Pilibhit,Uttar Pradesh,2023-02-05,22.8,9.7,0.0,0.0
Pilibhit,Uttar Pradesh,2023-02-06,22.4,8.7,0.0,0.0
Pilibhit,Uttar Pradesh,2023-02-07,24.5,10.8,0.0,0.0
Pilibhit,Uttar Pradesh,2023-02-08,22.8,11.2,0.0,0.0
Pilibhit,Uttar Pradesh,2023-02-09,22.7,10.4,0.0,0.0
Pilibhit,Uttar Pradesh,2023-02-10,25.5,11.0,0.0,0.0
Pilibhit,Uttar Pradesh,2023-02-11,25.9,12.6,0.0,0.0
Pilibhit,Uttar Pradesh,2023-02-12,22.4,13.8,0.0,0.0
Pilibhit,Uttar Pradesh,2023-02-13,20.6,11.1,0.0,0.0
Pilibhit,Uttar Pradesh,2023-02-14,20.1,8.0,0.0,0.0
Pilibhit,Uttar Pradesh,2023-02-15,21.6,9.3,0.0,0.0
Pilibhit,Uttar Pradesh,2023-02-16,25.4,11.3,0.0,0.0
Pilibhit,Uttar Pradesh,2023-02-17,26.8,11.5,0.0,0.0
Pilibhit,Uttar Pradesh,2023-02-18,26.1,13.4,0.0,0.0
Pilibhit,Uttar Pradesh,2023-02-19,26.1,14.0,0.0,0.0
Pilibhit,Uttar Pradesh,2023-02-20,28.8,13.3,0.0,0.0
Pilibhit,Uttar Pradesh,2023-02-21,29.3,16.5,0.4,0.4
Pilibhit,Uttar Pradesh,2023-02-22,28.2,13.5,0.0,0.0
Pilibhit,Uttar Pradesh,2023-02-23,27.8,14.3,0.0,0.0
Pilibhit,Uttar Pradesh,2023-02-24,26.4,13.2,0.0,0.0
Pilibhit,Uttar Pradesh,2023-02-25,26.1,11.1,0.0,0.0
Pilibhit,Uttar Pradesh,2023-02-26,27.0,12.0,0.0,0.0
Pilibhit,Uttar Pradesh,2023-02-27,27.1,12.4,0.0,0.0
Pilibhit,Uttar Pradesh,2023-02-28,28.1,12.2,0.0,0.0
Pilibhit,Uttar Pradesh,2023-03-01,29.5,12.6,0.0,0.0
Pilibhit,Uttar Pradesh,2023-03-02,29.7,15.8,0.0,0.0
Pilibhit,Uttar Pradesh,2023-03-03,29.8,19.8,0.0,0.0
Pilibhit,Uttar Pradesh,2023-03-04,29.9,18.6,0.0,0.0
Pilibhit,Uttar Pradesh,2023-03-05,29.4,18.6,0.0,0.0
Pilibhit,Uttar Pradesh,2023-03-06,28.7,16.4,0.0,0.0
Pilibhit,Uttar Pradesh,2023-03-07,28.0,13.8,0.0,0.0
Pilibhit,Uttar Pradesh,2023-03-08,28.5,14.7,0.0,0.0
Pilibhit,Uttar Pradesh,2023-03-09,28.1,15.5,0.0,0.0
Pilibhit,Uttar Pradesh,2023-03-10,29.4,14.4,0.0,0.0
Pilibhit,Uttar Pradesh,2023-03-11,29.4,15.9,0.0,0.0
Pilibhit,Uttar Pradesh,2023-03-12,30.1,15.7,0.0,0.0
Pilibhit,Uttar Pradesh,2023-03-13,30.2,15.2,0.0,0.0
Pilibhit,Uttar Pradesh,2023-03-14,30.3,15.6,0.0,0.0
Pilibhit,Uttar Pradesh,2023-03-15,31.1,15.3,0.0,0.0
Pilibhit,Uttar Pradesh,2023-03-16,31.0,16.6,0.0,0.0
Pilibhit,Uttar Pradesh,2023-03-17,27.4,17.0,1.7,1.7
Pilibhit,Uttar Pradesh,2023-03-18,25.8,16.8,1.0,1.0
Pilibhit,Uttar Pradesh,2023-03-19,25.1,15.1,0.0,0.0
Pilibhit,Uttar Pradesh,2023-03-20,23.7,16.8,20.7,20.7
Pilibhit,Uttar Pradesh,2023-03-21,22.0,15.3,27.7,27.7
Pilibhit,Uttar Pradesh,2023-03-22,25.8,12.9,0.0,0.0
Pilibhit,Uttar Pradesh,2023-03-23,28.1,16.7,0.0,0.0
Pilibhit,Uttar Pradesh,2023-03-24,28.7,15.0,0.0,0.0
Pilibhit,Uttar Pradesh,2023-03-25,28.1,17.5,8.6,8.6
Pilibhit,Uttar Pradesh,2023-03-26,30.1,17.2,0.0,0.0
Pilibhit,Uttar Pradesh,2023-03-27,29.2,17.3,0.0,0.0
Pilibhit,Uttar Pradesh,2023-03-28,29.6,16.8,0.0,0.0
Pilibhit,Uttar Pradesh,2023-03-29,31.4,15.8,0.0,0.0
Pilibhit,Uttar Pradesh,2023-03-30,32.8,15.5,0.0,0.0
Pilibhit,Uttar Pradesh,2023-03-31,23.4,17.4,29.2,29.2
Pilibhit,Uttar Pradesh,2023-04-01,24.2,16.1,9.1,9.1
Pilibhit,Uttar Pradesh,2023-04-02,27.3,14.7,0.0,0.0
Pilibhit,Uttar Pradesh,2023-04-03,31.3,16.2,0.0,0.0
Pilibhit,Uttar Pradesh,2023-04-04,29.0,17.4,0.0,0.0
Pilibhit,Uttar Pradesh,2023-04-05,30.5,16.9,0.0,0.0
Pilibhit,Uttar Pradesh,2023-04-06,31.4,16.9,0.0,0.0
Pilibhit,Uttar Pradesh,2023-04-07,32.1,18.7,0.0,0.0
Pilibhit,Uttar Pradesh,2023-04-08,31.7,17.5,0.0,0.0
Pilibhit,Uttar Pradesh,2023-04-09,33.5,15.0,0.0,0.0
Pilibhit,Uttar Pradesh,2023-04-10,33.8,16.3,0.0,0.0
Pilibhit,Uttar Pradesh,2023-04-11,34.9,17.8,0.0,0.0
Pilibhit,Uttar Pradesh,2023-04-12,35.9,21.2,0.0,0.0
Pilibhit,Uttar Pradesh,2023-04-13,36.5,21.9,0.0,0.0
Pilibhit,Uttar Pradesh,2023-04-14,37.3,20.4,0.0,0.0
Pilibhit,Uttar Pradesh,2023-04-15,37.7,18.7,0.0,0.0
Pilibhit,Uttar Pradesh,2023-04-16,38.2,19.4,0.0,0.0
Pilibhit,Uttar Pradesh,2023-04-17,38.8,21.8,0.0,0.0
Pilibhit,Uttar Pradesh,2023-04-18,39.6,21.0,0.0,0.0
Pilibhit,Uttar Pradesh,2023-04-19,38.8,22.0,0.0,0.0
Pilibhit,Uttar Pradesh,2023-04-20,35.1,23.4,0.4,0.4
Pilibhit,Uttar Pradesh,2023-04-21,33.8,22.3,0.0,0.0
Pilibhit,Uttar Pradesh,2023-04-22,33.6,18.8,0.2,0.2
Pilibhit,Uttar Pradesh,2023-04-23,33.2,17.4,0.0,0.0
Pilibhit,Uttar Pradesh,2023-04-24,28.1,20.5,0.5,0.5
Pilibhit,Uttar Pradesh,2023-04-25,31.1,17.3,0.0,0.0
Pilibhit,Uttar Pradesh,2023-04-26,32.9,18.1,0.0,0.0
Pilibhit,Uttar Pradesh,2023-04-27,33.0,19.8,0.0,0.0
Pilibhit,Uttar Pradesh,2023-04-28,32.5,19.8,0.9,0.9
Pilibhit,Uttar Pradesh,2023-04-29,34.0,19.7,0.2,0.2
Pilibhit,Uttar Pradesh,2023-04-30,31.4,20.6,21.1,21.1
Pilibhit,Uttar Pradesh,2023-05-01,25.0,19.4,27.4,27.4
Pilibhit,Uttar Pradesh,2023-05-02,26.9,19.0,0.7,0.7
Pilibhit,Uttar Pradesh,2023-05-03,27.7,18.9,3.0,3.0
Pilibhit,Uttar Pradesh,2023-05-04,28.9,18.8,0.0,0.0
Pilibhit,Uttar Pradesh,2023-05-05,31.0,19.1,0.0,0.0
Pilibhit,Uttar Pradesh,2023-05-06,34.3,19.3,0.0,0.0
Pilibhit,Uttar Pradesh,2023-05-07,35.0,20.7,0.0,0.0
Pilibhit,Uttar Pradesh,2023-05-08,33.8,18.9,0.4,0.4
Pilibhit,Uttar Pradesh,2023-05-09,36.4,19.4,0.0,0.0
Pilibhit,Uttar Pradesh,2023-05-10,34.6,20.5,0.0,0.0
Pilibhit,Uttar Pradesh,2023-05-11,36.0,18.5,0.0,0.0
Pilibhit,Uttar Pradesh,2023-05-12,37.1,19.2,0.0,0.0
Pilibhit,Uttar Pradesh,2023-05-13,37.1,20.4,0.0,0.0
Pilibhit,Uttar Pradesh,2023-05-14,36.6,22.6,0.0,0.0
Pilibhit,Uttar Pradesh,2023-05-15,36.7,22.1,0.0,0.0
Pilibhit,Uttar Pradesh,2023-05-16,38.6,20.7,0.0,0.0
Pilibhit,Uttar Pradesh,2023-05-17,38.6,22.1,0.0,0.0
Pilibhit,Uttar Pradesh,2023-05-18,38.4,23.4,0.0,0.0
Pilibhit,Uttar Pradesh,2023-05-19,37.4,24.1,0.0,0.0
Pilibhit,Uttar Pradesh,2023-05-20,37.7,23.5,0.0,0.0
Pilibhit,Uttar Pradesh,2023-05-21,39.3,22.7,0.0,0.0
Pilibhit,Uttar Pradesh,2023-05-22,38.2,22.9,0.3,0.3
Pilibhit,Uttar Pradesh,2023-05-23,38.1,25.8,0.0,0.0
Pilibhit,Uttar Pradesh,2023-05-24,34.0,25.8,1.6,1.6
Pilibhit,Uttar Pradesh,2023-05-25,31.0,24.0,10.1,10.1
Pilibhit,Uttar Pradesh,2023-05-26,31.2,22.0,0.1,0.1
Pilibhit,Uttar Pradesh,2023-05-27,32.7,22.7,0.0,0.0
Pilibhit,Uttar Pradesh,2023-05-28,34.3,20.2,0.0,0.0
Pilibhit,Uttar Pradesh,2023-05-29,35.5,23.0,0.0,0.0
Pilibhit,Uttar Pradesh,2023-05-30,36.6,24.5,0.0,0.0
Pilibhit,Uttar Pradesh,2023-05-31,35.7,24.8,0.0,0.0
Pilibhit,Uttar Pradesh,2023-06-01,36.9,23.0,0.0,0.0
Pilibhit,Uttar Pradesh,2023-06-02,36.8,23.7,0.0,0.0
Pilibhit,Uttar Pradesh,2023-06-03,36.2,24.8,0.0,0.0
Pilibhit,Uttar Pradesh,2023-06-04,38.7,24.0,0.0,0.0
Pilibhit,Uttar Pradesh,2023-06-05,35.1,25.9,0.0,0.0
Pilibhit,Uttar Pradesh,2023-06-06,37.2,23.8,0.0,0.0
Pilibhit,Uttar Pradesh,2023-06-07,39.4,25.3,0.0,0.0
Pilibhit,Uttar Pradesh,2023-06-08,40.0,26.4,0.0,0.0
Pilibhit,Uttar Pradesh,2023-06-09,40.2,25.3,0.0,0.0
Pilibhit,Uttar Pradesh,2023-06-10,40.9,26.2,0.0,0.0
Pilibhit,Uttar Pradesh,2023-06-11,39.5,29.0,0.0,0.0
Pilibhit,Uttar Pradesh,2023-06-12,40.2,29.6,0.0,0.0
Pilibhit,Uttar Pradesh,2023-06-13,42.3,29.5,0.0,0.0
Pilibhit,Uttar Pradesh,2023-06-14,40.4,31.9,0.0,0.0
Pilibhit,Uttar Pradesh,2023-06-15,40.1,29.9,0.0,0.0
Pilibhit,Uttar Pradesh,2023-06-16,39.6,29.0,0.0,0.0
Pilibhit,Uttar Pradesh,2023-06-17,40.3,30.7,0.3,0.3
Pilibhit,Uttar Pradesh,2023-06-18,39.7,29.8,0.0,0.0
Pilibhit,Uttar Pradesh,2023-06-19,39.8,25.9,0.5,0.5
Pilibhit,Uttar Pradesh,2023-06-20,36.7,25.9,20.1,20.1
Pilibhit,Uttar Pradesh,2023-06-21,33.5,26.0,3.1,3.1
Pilibhit,Uttar Pradesh,2023-06-22,34.8,28.1,0.0,0.0
Pilibhit,Uttar Pradesh,2023-06-23,33.8,27.1,4.2,4.2
Pilibhit,Uttar Pradesh,2023-06-24,33.5,25.5,20.9,20.9
Pilibhit,Uttar Pradesh,2023-06-25,31.7,26.1,22.8,22.8
Pilibhit,Uttar Pradesh,2023-06-26,32.8,24.9,18.6,18.6
Pilibhit,Uttar Pradesh,2023-06-27,34.3,26.3,0.0,0.0
Pilibhit,Uttar Pradesh,2023-06-28,33.3,25.0,5.9,5.9
Pilibhit,Uttar Pradesh,2023-06-29,32.0,26.8,7.1,7.1
Pilibhit,Uttar Pradesh,2023-06-30,30.6,26.1,6.7,6.7
Pilibhit,Uttar Pradesh,2023-07-01,28.9,25.0,41.4,41.4
Pilibhit,Uttar Pradesh,2023-07-02,31.4,25.0,16.5,16.5
Pilibhit,Uttar Pradesh,2023-07-03,34.2,26.0,0.3,0.3
Pilibhit,Uttar Pradesh,2023-07-04,32.9,26.1,1.3,1.3
Pilibhit,Uttar Pradesh,2023-07-05,31.5,24.5,7.8,7.8
Pilibhit,Uttar Pradesh,2023-07-06,30.8,24.6,34.5,34.5
Pilibhit,Uttar Pradesh,2023-07-07,31.7,26.4,19.7,19.7
Pilibhit,Uttar Pradesh,2023-07-08,32.8,25.8,31.0,31.0
Pilibhit,Uttar Pradesh,2023-07-09,31.7,25.4,25.9,25.9
Pilibhit,Uttar Pradesh,2023-07-10,32.8,25.9,5.4,5.4
Pilibhit,Uttar Pradesh,2023-07-11,31.6,25.3,18.6,18.6
Pilibhit,Uttar Pradesh,2023-07-12,30.8,25.2,17.6,17.6
Pilibhit,Uttar Pradesh,2023-07-13,31.1,25.3,34.5,34.5
Pilibhit,Uttar Pradesh,2023-07-14,33.0,25.2,3.6,3.6
Pilibhit,Uttar Pradesh,2023-07-15,30.7,25.4,12.6,12.6
Pilibhit,Uttar Pradesh,2023-07-16,33.3,25.1,12.6,12.6
Pilibhit,Uttar Pradesh,2023-07-17,33.1,26.1,10.5,10.5
Pilibhit,Uttar Pradesh,2023-07-18,30.2,26.3,11.7,11.7
Pilibhit,Uttar Pradesh,2023-07-19,33.3,26.4,0.3,0.3
Pilibhit,Uttar Pradesh,2023-07-20,35.2,26.4,0.0,0.0
Pilibhit,Uttar Pradesh,2023-07-21,34.5,28.3,0.2,0.2
Pilibhit,Uttar Pradesh,2023-07-22,33.5,27.9,0.0,0.0
Pilibhit,Uttar Pradesh,2023-07-23,33.5,28.4,0.5,0.5
Pilibhit,Uttar Pradesh,2023-07-24,33.6,27.1,7.8,7.8
Pilibhit,Uttar Pradesh,2023-07-25,32.2,25.4,21.0,21.0
Pilibhit,Uttar Pradesh,2023-07-26,31.7,25.0,11.9,11.9
Pilibhit,Uttar Pradesh,2023-07-27,32.9,26.2,2.8,2.8
Pilibhit,Uttar Pradesh,2023-07-28,32.2,25.9,13.0,13.0
Pilibhit,Uttar Pradesh,2023-07-29,32.3,25.6,6.5,6.5
Pilibhit,Uttar Pradesh,2023-07-30,32.7,25.6,0.5,0.5
Pilibhit,Uttar Pradesh,2023-07-31,33.0,24.9,7.7,7.7
Pilibhit,Uttar Pradesh,2023-08-01,34.1,25.8,1.5,1.5
Pilibhit,Uttar Pradesh,2023-08-02,32.1,26.8,29.4,29.4
Pilibhit,Uttar Pradesh,2023-08-03,33.4,26.3,2.3,2.3
Pilibhit,Uttar Pradesh,2023-08-04,32.2,25.9,8.8,8.8
Pilibhit,Uttar Pradesh,2023-08-05,32.8,26.6,8.6,8.6
Pilibhit,Uttar Pradesh,2023-08-06,32.2,25.2,16.6,16.6
Pilibhit,Uttar Pradesh,2023-08-07,32.4,25.7,2.9,2.9
Pilibhit,Uttar Pradesh,2023-08-08,33.4,24.9,7.9,7.9
Pilibhit,Uttar Pradesh,2023-08-09,31.7,24.7,11.4,11.4
Pilibhit,Uttar Pradesh,2023-08-10,31.2,25.3,18.3,18.3
Pilibhit,Uttar Pradesh,2023-08-11,33.1,25.7,5.0,5.0
Pilibhit,Uttar Pradesh,2023-08-12,33.1,26.7,0.0,0.0
Pilibhit,Uttar Pradesh,2023-08-13,30.9,25.4,23.5,23.5
Pilibhit,Uttar Pradesh,2023-08-14,29.2,24.9,18.2,18.2
Pilibhit,Uttar Pradesh,2023-08-15,32.7,24.1,0.0,0.0
Pilibhit,Uttar Pradesh,2023-08-16,33.2,25.5,0.6,0.6
Pilibhit,Uttar Pradesh,2023-08-17,33.6,26.4,1.0,1.0
Pilibhit,Uttar Pradesh,2023-08-18,33.7,26.2,2.7,2.7
Pilibhit,Uttar Pradesh,2023-08-19,33.4,26.1,2.6,2.6
Pilibhit,Uttar Pradesh,2023-08-20,33.5,27.6,0.3,0.3
Pilibhit,Uttar Pradesh,2023-08-21,33.2,26.7,5.4,5.4
Pilibhit,Uttar Pradesh,2023-08-22,28.9,25.7,70.4,70.4
Pilibhit,Uttar Pradesh,2023-08-23,27.2,24.8,69.5,69.5
Pilibhit,Uttar Pradesh,2023-08-24,29.9,24.9,4.6,4.6
Pilibhit,Uttar Pradesh,2023-08-25,33.2,24.1,3.6,3.6
Pilibhit,Uttar Pradesh,2023-08-26,33.3,25.1,0.5,0.5
Pilibhit,Uttar Pradesh,2023-08-27,32.9,26.1,0.1,0.1
Pilibhit,Uttar Pradesh,2023-08-28,32.4,25.0,2.6,2.6
Pilibhit,Uttar Pradesh,2023-08-29,32.9,23.5,0.5,0.5
Pilibhit,Uttar Pradesh,2023-08-30,33.6,25.0,0.0,0.0
Pilibhit,Uttar Pradesh,2023-08-31,33.9,25.1,0.0,0.0
Pilibhit,Uttar Pradesh,2023-09-01,34.5,25.8,0.1,0.1
Pilibhit,Uttar Pradesh,2023-09-02,34.5,26.0,0.0,0.0
Pilibhit,Uttar Pradesh,2023-09-03,34.1,25.9,0.0,0.0
Pilibhit,Uttar Pradesh,2023-09-04,34.6,26.0,2.6,2.6
Pilibhit,Uttar Pradesh,2023-09-05,32.7,25.7,7.0,7.0
Pilibhit,Uttar Pradesh,2023-09-06,32.4,25.3,2.5,2.5
Pilibhit,Uttar Pradesh,2023-09-07,34.3,27.2,0.0,0.0
Pilibhit,Uttar Pradesh,2023-09-08,32.3,27.1,2.0,2.0
Pilibhit,Uttar Pradesh,2023-09-09,29.5,25.6,28.4,28.4
Pilibhit,Uttar Pradesh,2023-09-10,27.7,24.6,29.1,29.1
Pilibhit,Uttar Pradesh,2023-09-11,29.0,24.4,26.7,26.7
Pilibhit,Uttar Pradesh,2023-09-12,32.5,23.6,0.0,0.0
Pilibhit,Uttar Pradesh,2023-09-13,33.4,25.4,0.3,0.3
Pilibhit,Uttar Pradesh,2023-09-14,33.6,26.3,0.8,0.8
Pilibhit,Uttar Pradesh,2023-09-15,31.4,26.1,0.7,0.7
Pilibhit,Uttar Pradesh,2023-09-16,31.8,25.0,7.9,7.9
Pilibhit,Uttar Pradesh,2023-09-17,31.3,25.4,3.7,3.7
Pilibhit,Uttar Pradesh,2023-09-18,31.9,24.5,2.0,2.0
Pilibhit,Uttar Pradesh,2023-09-19,32.7,25.3,0.4,0.4
Pilibhit,Uttar Pradesh,2023-09-20,31.6,25.7,3.5,3.5
Pilibhit,Uttar Pradesh,2023-09-21,30.6,24.3,2.8,2.8
Pilibhit,Uttar Pradesh,2023-09-22,29.5,24.0,17.5,17.5
Pilibhit,Uttar Pradesh,2023-09-23,30.6,23.4,2.4,2.4
Pilibhit,Uttar Pradesh,2023-09-24,31.6,24.1,0.0,0.0
Pilibhit,Uttar Pradesh,2023-09-25,30.8,23.9,0.7,0.7
Pilibhit,Uttar Pradesh,2023-09-26,31.4,23.9,0.0,0.0
Pilibhit,Uttar Pradesh,2023-09-27,32.6,23.6,0.0,0.0
Pilibhit,Uttar Pradesh,2023-09-28,32.4,22.1,0.0,0.0
Pilibhit,Uttar Pradesh,2023-09-29,32.7,21.8,0.0,0.0
Pilibhit,Uttar Pradesh,2023-09-30,33.9,22.9,0.1,0.1
Pilibhit,Uttar Pradesh,2023-10-01,32.0,24.0,0.1,0.1
Pilibhit,Uttar Pradesh,2023-10-02,32.7,25.1,0.0,0.0
Pilibhit,Uttar Pradesh,2023-10-03,31.6,23.1,0.8,0.8
Pilibhit,Uttar Pradesh,2023-10-04,31.7,22.8,0.0,0.0
Pilibhit,Uttar Pradesh,2023-10-05,32.0,22.9,0.0,0.0
Pilibhit,Uttar Pradesh,2023-10-06,32.6,22.0,0.0,0.0
Pilibhit,Uttar Pradesh,2023-10-07,32.4,21.1,0.0,0.0
Pilibhit,Uttar Pradesh,2023-10-08,33.0,22.6,0.0,0.0
Pilibhit,Uttar Pradesh,2023-10-09,33.4,23.6,0.0,0.0
Pilibhit,Uttar Pradesh,2023-10-10,33.2,21.6,0.0,0.0
Pilibhit,Uttar Pradesh,2023-10-11,32.8,20.2,0.0,0.0
Pilibhit,Uttar Pradesh,2023-10-12,31.1,17.9,0.0,0.0
Pilibhit,Uttar Pradesh,2023-10-13,31.7,19.0,0.0,0.0
Pilibhit,Uttar Pradesh,2023-10-14,32.3,19.2,0.0,0.0
Pilibhit,Uttar Pradesh,2023-10-15,32.7,20.3,0.0,0.0
Pilibhit,Uttar Pradesh,2023-10-16,31.1,19.1,11.6,11.6
Pilibhit,Uttar Pradesh,2023-10-17,28.8,17.8,0.3,0.3
Pilibhit,Uttar Pradesh,2023-10-18,29.4,17.9,0.0,0.0
Pilibhit,Uttar Pradesh,2023-10-19,28.3,17.0,0.0,0.0
Pilibhit,Uttar Pradesh,2023-10-20,29.1,15.5,0.0,0.0
Pilibhit,Uttar Pradesh,2023-10-21,28.7,16.1,0.0,0.0
Pilibhit,Uttar Pradesh,2023-10-22,29.2,15.4,0.0,0.0
Pilibhit,Uttar Pradesh,2023-10-23,29.3,15.5,0.0,0.0
Pilibhit,Uttar Pradesh,2023-10-24,29.6,16.5,0.0,0.0
Pilibhit,Uttar Pradesh,2023-10-25,29.8,16.5,0.0,0.0
Pilibhit,Uttar Pradesh,2023-10-26,29.6,17.3,0.0,0.0
Pilibhit,Uttar Pradesh,2023-10-27,29.1,16.5,0.0,0.0
Pilibhit,Uttar Pradesh,2023-10-28,29.3,15.8,0.0,0.0
Pilibhit,Uttar Pradesh,2023-10-29,29.0,15.5,0.0,0.0
Pilibhit,Uttar Pradesh,2023-10-30,29.1,16.8,0.0,0.0
Pilibhit,Uttar Pradesh,2023-10-31,29.3,16.9,0.0,0.0
Pilibhit,Uttar Pradesh,2023-11-01,30.3,16.8,0.0,0.0
Pilibhit,Uttar Pradesh,2023-11-02,29.5,16.9,0.0,0.0
Pilibhit,Uttar Pradesh,2023-11-03,28.2,15.0,0.0,0.0
Pilibhit,Uttar Pradesh,2023-11-04,28.7,16.1,0.0,0.0
Pilibhit,Uttar Pradesh,2023-11-05,28.6,14.7,0.0,0.0
Pilibhit,Uttar Pradesh,2023-11-06,27.9,14.9,0.0,0.0
Pilibhit,Uttar Pradesh,2023-11-07,28.1,14.5,0.0,0.0
Pilibhit,Uttar Pradesh,2023-11-08,27.9,14.4,0.0,0.0
Pilibhit,Uttar Pradesh,2023-11-09,29.1,15.9,0.0,0.0
Pilibhit,Uttar Pradesh,2023-11-10,28.1,15.3,6.6,6.6
Pilibhit,Uttar Pradesh,2023-11-11,25.8,16.8,0.7,0.7
Pilibhit,Uttar Pradesh,2023-11-12,25.8,14.9,0.0,0.0
Pilibhit,Uttar Pradesh,2023-11-13,26.0,14.5,0.0,0.0
Pilibhit,Uttar Pradesh,2023-11-14,25.7,15.0,0.0,0.0
Pilibhit,Uttar Pradesh,2023-11-15,26.3,13.4,0.0,0.0
Pilibhit,Uttar Pradesh,2023-11-16,26.5,13.2,0.0,0.0
Pilibhit,Uttar Pradesh,2023-11-17,27.7,14.0,0.0,0.0
Pilibhit,Uttar Pradesh,2023-11-18,26.9,13.9,0.0,0.0
Pilibhit,Uttar Pradesh,2023-11-19,26.1,14.0,0.0,0.0
Pilibhit,Uttar Pradesh,2023-11-20,25.8,13.5,0.0,0.0
Pilibhit,Uttar Pradesh,2023-11-21,25.9,13.8,0.0,0.0
Pilibhit,Uttar Pradesh,2023-11-22,23.2,12.8,0.0,0.0
Pilibhit,Uttar Pradesh,2023-11-23,23.5,11.7,0.0,0.0
Pilibhit,Uttar Pradesh,2023-11-24,24.5,10.9,0.0,0.0
Pilibhit,Uttar Pradesh,2023-11-25,25.4,12.0,0.0,0.0
Pilibhit,Uttar Pradesh,2023-11-26,25.3,11.9,0.0,0.0
Pilibhit,Uttar Pradesh,2023-11-27,22.1,15.4,0.0,0.0
Pilibhit,Uttar Pradesh,2023-11-28,25.7,14.6,0.8,0.8
Pilibhit,Uttar Pradesh,2023-11-29,25.2,13.1,0.0,0.0
Pilibhit,Uttar Pradesh,2023-11-30,25.6,13.1,0.0,0.0
Pilibhit,Uttar Pradesh,2023-12-01,25.5,14.1,0.0,0.0
Pilibhit,Uttar Pradesh,2023-12-02,25.7,12.9,0.0,0.0
Pilibhit,Uttar Pradesh,2023-12-03,26.9,13.1,0.0,0.0
Pilibhit,Uttar Pradesh,2023-12-04,23.8,14.9,0.9,0.9
Pilibhit,Uttar Pradesh,2023-12-05,24.9,12.2,0.0,0.0
Pilibhit,Uttar Pradesh,2023-12-06,25.5,11.7,0.0,0.0
Pilibhit,Uttar Pradesh,2023-12-07,24.9,11.6,0.0,0.0
Pilibhit,Uttar Pradesh,2023-12-08,24.4,10.0,0.0,0.0
Pilibhit,Uttar Pradesh,2023-12-09,22.9,11.4,0.0,0.0
Pilibhit,Uttar Pradesh,2023-12-10,21.4,10.4,0.0,0.0
Pilibhit,Uttar Pradesh,2023-12-11,20.6,8.6,0.0,0.0
Pilibhit,Uttar Pradesh,2023-12-12,21.5,8.9,0.0,0.0
Pilibhit,Uttar Pradesh,2023-12-13,22.6,8.3,0.0,0.0
Pilibhit,Uttar Pradesh,2023-12-14,21.4,9.3,0.0,0.0
Pilibhit,Uttar Pradesh,2023-12-15,20.9,7.0,0.0,0.0
Pilibhit,Uttar Pradesh,2023-12-16,21.1,7.2,0.0,0.0
Pilibhit,Uttar Pradesh,2023-12-17,21.5,6.2,0.0,0.0
Pilibhit,Uttar Pradesh,2023-12-18,21.4,9.4,0.0,0.0
Pilibhit,Uttar Pradesh,2023-12-19,19.9,7.7,0.0,0.0
Pilibhit,Uttar Pradesh,2023-12-20,19.8,7.9,0.0,0.0
Pilibhit,Uttar Pradesh,2023-12-21,22.1,9.1,0.0,0.0
Pilibhit,Uttar Pradesh,2023-12-22,22.7,7.4,0.0,0.0
Pilibhit,Uttar Pradesh,2023-12-23,23.4,9.7,0.0,0.0
Pilibhit,Uttar Pradesh,2023-12-24,24.3,9.5,0.0,0.0
Pilibhit,Uttar Pradesh,2023-12-25,22.4,9.1,0.0,0.0
Pilibhit,Uttar Pradesh,2023-12-26,22.6,8.6,0.0,0.0
Pilibhit,Uttar Pradesh,2023-12-27,23.1,8.4,0.0,0.0
Pilibhit,Uttar Pradesh,2023-12-28,22.7,9.2,0.0,0.0
Pilibhit,Uttar Pradesh,2023-12-29,21.6,8.7,0.0,0.0
Pilibhit,Uttar Pradesh,2023-12-30,20.6,8.5,0.0,0.0
Pilibhit,Uttar Pradesh,2023-12-31,18.8,8.6,0.0,0.0
Pilibhit,Uttar Pradesh,2024-01-01,17.6,7.4,0.0,0.0
Pilibhit,Uttar Pradesh,2024-01-02,16.0,6.4,0.0,0.0
Pilibhit,Uttar Pradesh,2024-01-03,18.4,5.1,0.0,0.0
Pilibhit,Uttar Pradesh,2024-01-04,20.1,7.4,0.0,0.0
Pilibhit,Uttar Pradesh,2024-01-05,19.7,8.0,0.0,0.0
Pilibhit,Uttar Pradesh,2024-01-06,20.0,9.8,0.0,0.0
Pilibhit,Uttar Pradesh,2024-01-07,19.9,9.4,0.0,0.0
Pilibhit,Uttar Pradesh,2024-01-08,19.7,8.7,0.0,0.0
Pilibhit,Uttar Pradesh,2024-01-09,18.0,7.8,2.8,2.8
Pilibhit,Uttar Pradesh,2024-01-10,19.0,7.4,0.0,0.0
Pilibhit,Uttar Pradesh,2024-01-11,15.3,6.0,0.0,0.0
Pilibhit,Uttar Pradesh,2024-01-12,14.2,4.8,0.0,0.0
Pilibhit,Uttar Pradesh,2024-01-13,16.8,4.6,0.0,0.0
Pilibhit,Uttar Pradesh,2024-01-14,18.1,5.5,0.0,0.0
Pilibhit,Uttar Pradesh,2024-01-15,18.4,5.3,0.0,0.0
Pilibhit,Uttar Pradesh,2024-01-16,18.1,4.5,0.0,0.0
Pilibhit,Uttar Pradesh,2024-01-17,19.5,5.8,0.0,0.0
Pilibhit,Uttar Pradesh,2024-01-18,18.0,6.3,0.0,0.0
Pilibhit,Uttar Pradesh,2024-01-19,16.2,5.8,0.1,0.1
Pilibhit,Uttar Pradesh,2024-01-20,16.7,6.4,0.0,0.0
Pilibhit,Uttar Pradesh,2024-01-21,18.1,5.5,0.0,0.0
Pilibhit,Uttar Pradesh,2024-01-22,16.0,4.7,0.0,0.0
Pilibhit,Uttar Pradesh,2024-01-23,17.5,4.0,0.0,0.0
Pilibhit,Uttar Pradesh,2024-01-24,18.2,3.8,0.0,0.0
Pilibhit,Uttar Pradesh,2024-01-25,18.2,4.9,0.0,0.0
Pilibhit,Uttar Pradesh,2024-01-26,18.5,4.6,0.0,0.0
Pilibhit,Uttar Pradesh,2024-01-27,19.4,5.6,0.0,0.0
Pilibhit,Uttar Pradesh,2024-01-28,18.9,6.9,0.0,0.0
Pilibhit,Uttar Pradesh,2024-01-29,20.1,6.7,0.0,0.0
Pilibhit,Uttar Pradesh,2024-01-30,20.9,7.7,0.0,0.0
Pilibhit,Uttar Pradesh,2024-01-31,21.6,7.3,0.4,0.4
Pilibhit,Uttar Pradesh,2024-02-01,16.7,10.0,14.4,14.4
Pilibhit,Uttar Pradesh,2024-02-02,19.8,8.0,0.0,0.0
Pilibhit,Uttar Pradesh,2024-02-03,21.4,8.4,0.0,0.0
Pilibhit,Uttar Pradesh,2024-02-04,20.8,13.0,1.6,1.6
Pilibhit,Uttar Pradesh,2024-02-05,20.5,12.0,1.1,1.1
Pilibhit,Uttar Pradesh,2024-02-06,19.4,10.0,0.0,0.0
Pilibhit,Uttar Pradesh,2024-02-07,19.8,7.7,0.0,0.0
Pilibhit,Uttar Pradesh,2024-02-08,19.3,9.2,0.0,0.0
Pilibhit,Uttar Pradesh,2024-02-09,18.7,6.7,0.0,0.0
Pilibhit,Uttar Pradesh,2024-02-10,20.7,7.4,0.0,0.0
Pilibhit,Uttar Pradesh,2024-02-11,22.7,7.4,0.0,0.0
Pilibhit,Uttar Pradesh,2024-02-12,22.5,8.4,0.0,0.0
Pilibhit,Uttar Pradesh,2024-02-13,23.4,10.1,0.0,0.0
Pilibhit,Uttar Pradesh,2024-02-14,24.7,12.0,0.0,0.0
Pilibhit,Uttar Pradesh,2024-02-15,24.1,9.5,0.0,0.0
Pilibhit,Uttar Pradesh,2024-02-16,24.2,9.5,0.0,0.0
Pilibhit,Uttar Pradesh,2024-02-17,24.2,9.9,0.0,0.0
Pilibhit,Uttar Pradesh,2024-02-18,25.2,9.8,0.0,0.0
Pilibhit,Uttar Pradesh,2024-02-19,26.6,13.0,0.0,0.0
Pilibhit,Uttar Pradesh,2024-02-20,25.9,14.9,0.3,0.3
Pilibhit,Uttar Pradesh,2024-02-21,26.4,13.5,0.5,0.5
Pilibhit,Uttar Pradesh,2024-02-22,24.5,10.1,0.0,0.0
Pilibhit,Uttar Pradesh,2024-02-23,23.5,9.1,0.0,0.0
Pilibhit,Uttar Pradesh,2024-02-24,23.2,7.4,0.0,0.0
Pilibhit,Uttar Pradesh,2024-02-25,24.6,8.1,0.0,0.0
Pilibhit,Uttar Pradesh,2024-02-26,25.0,10.1,0.0,0.0
Pilibhit,Uttar Pradesh,2024-02-27,26.6,10.6,0.3,0.3
Pilibhit,Uttar Pradesh,2024-02-28,25.7,11.4,0.0,0.0
Pilibhit,Uttar Pradesh,2024-02-29,26.8,12.6,0.0,0.0
Pilibhit,Uttar Pradesh,2024-03-01,27.8,11.5,0.0,0.0
Pilibhit,Uttar Pradesh,2024-03-02,22.2,17.0,2.9,2.9
Pilibhit,Uttar Pradesh,2024-03-03,22.0,15.7,32.4,32.4
Pilibhit,Uttar Pradesh,2024-03-04,22.6,14.4,11.2,11.2
Pilibhit,Uttar Pradesh,2024-03-05,22.9,11.0,0.0,0.0
Pilibhit,Uttar Pradesh,2024-03-06,22.5,10.8,0.0,0.0
Pilibhit,Uttar Pradesh,2024-03-07,24.9,11.3,0.0,0.0
Pilibhit,Uttar Pradesh,2024-03-08,26.0,12.3,0.0,0.0
Pilibhit,Uttar Pradesh,2024-03-09,25.7,12.3,0.0,0.0
Pilibhit,Uttar Pradesh,2024-03-10,26.1,12.4,0.0,0.0
Pilibhit,Uttar Pradesh,2024-03-11,28.0,13.9,0.0,0.0
Pilibhit,Uttar Pradesh,2024-03-12,30.6,14.2,0.0,0.0
Pilibhit,Uttar Pradesh,2024-03-13,30.2,15.3,0.0,0.0
Pilibhit,Uttar Pradesh,2024-03-14,30.3,14.9,0.0,0.0
Pilibhit,Uttar Pradesh,2024-03-15,29.6,15.6,0.0,0.0
Pilibhit,Uttar Pradesh,2024-03-16,29.6,13.4,0.0,0.0
Pilibhit,Uttar Pradesh,2024-03-17,30.0,13.4,0.0,0.0
Pilibhit,Uttar Pradesh,2024-03-18,29.6,14.0,0.0,0.0
Pilibhit,Uttar Pradesh,2024-03-19,30.2,13.2,0.0,0.0
Pilibhit,Uttar Pradesh,2024-03-20,30.8,14.6,0.0,0.0
Pilibhit,Uttar Pradesh,2024-03-21,28.0,16.1,0.0,0.0
Pilibhit,Uttar Pradesh,2024-03-22,30.2,15.6,0.0,0.0
Pilibhit,Uttar Pradesh,2024-03-23,32.4,16.5,0.0,0.0
Pilibhit,Uttar Pradesh,2024-03-24,31.9,16.1,0.0,0.0
Pilibhit,Uttar Pradesh,2024-03-25,33.0,16.5,0.0,0.0
Pilibhit,Uttar Pradesh,2024-03-26,32.1,17.8,0.0,0.0
Pilibhit,Uttar Pradesh,2024-03-27,33.8,18.5,0.0,0.0
Pilibhit,Uttar Pradesh,2024-03-28,34.4,19.1,0.0,0.0
Pilibhit,Uttar Pradesh,2024-03-29,34.3,21.0,0.0,0.0
Pilibhit,Uttar Pradesh,2024-03-30,36.3,21.7,0.7,0.7
Pilibhit,Uttar Pradesh,2024-03-31,35.7,19.3,0.0,0.0
Pilibhit,Uttar Pradesh,2024-04-01,33.2,20.8,0.0,0.0
Pilibhit,Uttar Pradesh,2024-04-02,33.8,19.3,0.0,0.0
Pilibhit,Uttar Pradesh,2024-04-03,35.9,19.3,0.0,0.0
Pilibhit,Uttar Pradesh,2024-04-04,36.3,20.8,0.0,0.0
Pilibhit,Uttar Pradesh,2024-04-05,36.3,20.7,0.0,0.0
Pilibhit,Uttar Pradesh,2024-04-06,35.7,21.0,0.0,0.0
Pilibhit,Uttar Pradesh,2024-04-07,34.2,17.9,0.0,0.0
Pilibhit,Uttar Pradesh,2024-04-08,35.4,15.7,0.0,0.0
Pilibhit,Uttar Pradesh,2024-04-09,35.2,16.8,0.0,0.0
Pilibhit,Uttar Pradesh,2024-04-10,36.3,18.0,0.0,0.0
Pilibhit,Uttar Pradesh,2024-04-11,36.8,17.1,0.0,0.0
Pilibhit,Uttar Pradesh,2024-04-12,37.4,18.4,0.0,0.0
Pilibhit,Uttar Pradesh,2024-04-13,36.9,19.9,0.0,0.0
Pilibhit,Uttar Pradesh,2024-04-14,35.8,21.7,0.0,0.0
Pilibhit,Uttar Pradesh,2024-04-15,36.6,22.3,0.0,0.0
Pilibhit,Uttar Pradesh,2024-04-16,37.0,25.2,0.0,0.0
Pilibhit,Uttar Pradesh,2024-04-17,36.9,23.5,0.0,0.0
Pilibhit,Uttar Pradesh,2024-04-18,37.8,25.3,0.0,0.0
Pilibhit,Uttar Pradesh,2024-04-19,39.3,27.7,0.0,0.0
Pilibhit,Uttar Pradesh,2024-04-20,38.9,24.7,0.0,0.0
Pilibhit,Uttar Pradesh,2024-04-21,37.7,24.1,0.0,0.0
Pilibhit,Uttar Pradesh,2024-04-22,38.2,24.2,0.0,0.0
Pilibhit,Uttar Pradesh,2024-04-23,37.7,22.1,0.0,0.0
Pilibhit,Uttar Pradesh,2024-04-24,37.9,22.3,0.0,0.0
Pilibhit,Uttar Pradesh,2024-04-25,39.2,22.8,0.0,0.0
Pilibhit,Uttar Pradesh,2024-04-26,41.0,23.6,0.0,0.0
Pilibhit,Uttar Pradesh,2024-04-27,38.7,26.5,0.0,0.0
Pilibhit,Uttar Pradesh,2024-04-28,39.1,23.0,0.0,0.0
Pilibhit,Uttar Pradesh,2024-04-29,40.4,23.3,0.0,0.0
Pilibhit,Uttar Pradesh,2024-04-30,39.4,24.7,0.0,0.0
Pilibhit,Uttar Pradesh,2024-05-01,37.0,21.5,0.0,0.0
Pilibhit,Uttar Pradesh,2024-05-02,36.8,21.8,0.0,0.0
Pilibhit,Uttar Pradesh,2024-05-03,39.0,22.2,0.0,0.0
Pilibhit,Uttar Pradesh,2024-05-04,40.2,25.4,0.0,0.0
Pilibhit,Uttar Pradesh,2024-05-05,41.5,22.6,0.0,0.0
Pilibhit,Uttar Pradesh,2024-05-06,40.5,25.2,0.0,0.0
Pilibhit,Uttar Pradesh,2024-05-07,36.0,25.4,0.2,0.2
Pilibhit,Uttar Pradesh,2024-05-08,34.7,25.7,0.0,0.0
Pilibhit,Uttar Pradesh,2024-05-09,34.7,25.0,0.5,0.5
Pilibhit,Uttar Pradesh,2024-05-10,35.7,25.4,0.0,0.0
Pilibhit,Uttar Pradesh,2024-05-11,32.8,24.3,13.3,13.3
Pilibhit,Uttar Pradesh,2024-05-12,33.1,24.3,2.4,2.4
Pilibhit,Uttar Pradesh,2024-05-13,37.4,25.2,0.0,0.0
Pilibhit,Uttar Pradesh,2024-05-14,40.2,22.9,0.0,0.0
Pilibhit,Uttar Pradesh,2024-05-15,40.9,22.5,0.0,0.0
Pilibhit,Uttar Pradesh,2024-05-16,40.8,22.8,0.0,0.0
Pilibhit,Uttar Pradesh,2024-05-17,41.4,23.2,0.0,0.0
Pilibhit,Uttar Pradesh,2024-05-18,42.3,23.7,0.0,0.0
Pilibhit,Uttar Pradesh,2024-05-19,39.7,25.4,0.0,0.0
Pilibhit,Uttar Pradesh,2024-05-20,39.4,27.4,0.3,0.3
Pilibhit,Uttar Pradesh,2024-05-21,38.6,27.3,0.0,0.0
Pilibhit,Uttar Pradesh,2024-05-22,37.6,27.2,0.6,0.6
Pilibhit,Uttar Pradesh,2024-05-23,37.9,27.8,0.0,0.0
Pilibhit,Uttar Pradesh,2024-05-24,39.0,27.6,0.0,0.0
Pilibhit,Uttar Pradesh,2024-05-25,39.5,28.6,0.0,0.0
Pilibhit,Uttar Pradesh,2024-05-26,42.3,28.6,0.0,0.0
Pilibhit,Uttar Pradesh,2024-05-27,43.6,29.8,0.0,0.0
Pilibhit,Uttar Pradesh,2024-05-28,44.4,28.6,0.0,0.0
Pilibhit,Uttar Pradesh,2024-05-29,44.1,27.0,0.0,0.0
Pilibhit,Uttar Pradesh,2024-05-30,44.0,31.1,0.2,0.2
Pilibhit,Uttar Pradesh,2024-05-31,44.1,27.9,0.0,0.0
Pilibhit,Uttar Pradesh,2024-06-01,42.9,27.7,0.1,0.1
Pilibhit,Uttar Pradesh,2024-06-02,40.9,30.2,0.0,0.0
Pilibhit,Uttar Pradesh,2024-06-03,41.1,27.2,0.1,0.1
Pilibhit,Uttar Pradesh,2024-06-04,39.4,28.2,1.2,1.2
Pilibhit,Uttar Pradesh,2024-06-05,39.5,28.1,0.3,0.3
Pilibhit,Uttar Pradesh,2024-06-06,39.8,27.7,0.0,0.0
Pilibhit,Uttar Pradesh,2024-06-07,40.9,26.1,0.0,0.0
Pilibhit,Uttar Pradesh,2024-06-08,42.0,26.4,0.0,0.0
Pilibhit,Uttar Pradesh,2024-06-09,42.2,28.8,0.0,0.0
Pilibhit,Uttar Pradesh,2024-06-10,43.1,25.0,0.0,0.0
Pilibhit,Uttar Pradesh,2024-06-11,43.5,29.9,0.0,0.0
Pilibhit,Uttar Pradesh,2024-06-12,43.7,26.3,0.0,0.0
Pilibhit,Uttar Pradesh,2024-06-13,44.5,26.6,0.0,0.0
Pilibhit,Uttar Pradesh,2024-06-14,44.0,27.0,0.0,0.0
Pilibhit,Uttar Pradesh,2024-06-15,43.9,29.9,0.0,0.0
Pilibhit,Uttar Pradesh,2024-06-16,45.2,28.6,0.0,0.0
Pilibhit,Uttar Pradesh,2024-06-17,44.9,29.7,0.0,0.0
Pilibhit,Uttar Pradesh,2024-06-18,45.0,29.8,0.0,0.0
Pilibhit,Uttar Pradesh,2024-06-19,43.9,31.0,0.0,0.0
Pilibhit,Uttar Pradesh,2024-06-20,37.3,27.1,0.0,0.0
Pilibhit,Uttar Pradesh,2024-06-21,38.0,25.7,3.2,3.2
Pilibhit,Uttar Pradesh,2024-06-22,36.1,26.1,3.6,3.6
Pilibhit,Uttar Pradesh,2024-06-23,36.9,25.8,15.9,15.9
Pilibhit,Uttar Pradesh,2024-06-24,35.7,26.4,7.3,7.3
Pilibhit,Uttar Pradesh,2024-06-25,34.2,27.1,4.7,4.7
Pilibhit,Uttar Pradesh,2024-06-26,32.8,25.9,4.7,4.7
Pilibhit,Uttar Pradesh,2024-06-27,33.7,26.4,2.4,2.4
Pilibhit,Uttar Pradesh,2024-06-28,32.8,26.4,3.9,3.9
Pilibhit,Uttar Pradesh,2024-06-29,32.0,26.5,18.8,18.8
Pilibhit,Uttar Pradesh,2024-06-30,33.2,25.5,16.8,16.8
Pilibhit,Uttar Pradesh,2024-07-01,32.5,25.4,14.5,14.5
Pilibhit,Uttar Pradesh,2024-07-02,31.0,25.7,9.0,9.0
Pilibhit,Uttar Pradesh,2024-07-03,28.6,25.7,15.2,15.2
Pilibhit,Uttar Pradesh,2024-07-04,31.7,25.7,15.7,15.7
Pilibhit,Uttar Pradesh,2024-07-05,27.7,25.6,44.0,44.0
Pilibhit,Uttar Pradesh,2024-07-06,27.7,25.2,54.7,54.7
Pilibhit,Uttar Pradesh,2024-07-07,27.3,24.8,86.6,86.6
Pilibhit,Uttar Pradesh,2024-07-08,30.3,24.3,44.7,44.7
Pilibhit,Uttar Pradesh,2024-07-09,34.3,25.0,0.0,0.0
Pilibhit,Uttar Pradesh,2024-07-10,34.3,25.9,5.3,5.3
Pilibhit,Uttar Pradesh,2024-07-11,33.3,25.3,12.6,12.6
Pilibhit,Uttar Pradesh,2024-07-12,32.1,25.3,1.5,1.5
Pilibhit,Uttar Pradesh,2024-07-13,32.8,25.0,19.9,19.9
Pilibhit,Uttar Pradesh,2024-07-14,33.3,25.5,2.9,2.9
Pilibhit,Uttar Pradesh,2024-07-15,33.0,25.6,12.4,12.4
Pilibhit,Uttar Pradesh,2024-07-16,33.9,26.7,2.5,2.5
Pilibhit,Uttar Pradesh,2024-07-17,33.5,26.1,1.0,1.0
Pilibhit,Uttar Pradesh,2024-07-18,34.0,26.5,1.0,1.0
Pilibhit,Uttar Pradesh,2024-07-19,31.3,26.0,19.2,19.2
Pilibhit,Uttar Pradesh,2024-07-20,35.0,26.0,0.8,0.8
Pilibhit,Uttar Pradesh,2024-07-21,32.7,26.5,7.2,7.2
Pilibhit,Uttar Pradesh,2024-07-22,32.5,27.7,5.0,5.0
Pilibhit,Uttar Pradesh,2024-07-23,32.8,26.3,5.4,5.4
Pilibhit,Uttar Pradesh,2024-07-24,33.1,26.4,8.4,8.4
Pilibhit,Uttar Pradesh,2024-07-25,32.5,26.8,9.5,9.5
Pilibhit,Uttar Pradesh,2024-07-26,32.9,26.7,4.9,4.9
Pilibhit,Uttar Pradesh,2024-07-27,33.8,27.3,2.7,2.7
Pilibhit,Uttar Pradesh,2024-07-28,34.0,29.0,0.0,0.0
Pilibhit,Uttar Pradesh,2024-07-29,33.9,27.5,6.2,6.2
Pilibhit,Uttar Pradesh,2024-07-30,34.9,27.4,3.9,3.9
Pilibhit,Uttar Pradesh,2024-07-31,31.1,26.2,22.5,22.5
Pilibhit,Uttar Pradesh,2024-08-01,32.8,25.4,3.3,3.3
Pilibhit,Uttar Pradesh,2024-08-02,31.6,26.0,11.3,11.3
Pilibhit,Uttar Pradesh,2024-08-03,29.4,26.8,1.1,1.1
Pilibhit,Uttar Pradesh,2024-08-04,33.1,26.8,0.0,0.0
Pilibhit,Uttar Pradesh,2024-08-05,32.2,26.6,1.3,1.3
Pilibhit,Uttar Pradesh,2024-08-06,31.2,25.6,25.8,25.8
Pilibhit,Uttar Pradesh,2024-08-07,29.8,25.1,31.4,31.4
Pilibhit,Uttar Pradesh,2024-08-08,31.3,24.8,14.1,14.1
Pilibhit,Uttar Pradesh,2024-08-09,30.2,25.6,20.3,20.3
Pilibhit,Uttar Pradesh,2024-08-10,30.1,24.8,5.4,5.4
Pilibhit,Uttar Pradesh,2024-08-11,30.6,25.4,6.9,6.9
Pilibhit,Uttar Pradesh,2024-08-12,30.7,25.1,5.2,5.2
Pilibhit,Uttar Pradesh,2024-08-13,31.0,25.5,14.7,14.7
Pilibhit,Uttar Pradesh,2024-08-14,31.1,25.7,10.5,10.5
Pilibhit,Uttar Pradesh,2024-08-15,33.2,26.1,3.7,3.7
Pilibhit,Uttar Pradesh,2024-08-16,32.8,25.4,11.5,11.5
Pilibhit,Uttar Pradesh,2024-08-17,33.2,26.1,11.6,11.6
Pilibhit,Uttar Pradesh,2024-08-18,30.3,25.6,5.2,5.2
Pilibhit,Uttar Pradesh,2024-08-19,30.7,25.5,5.6,5.6
Pilibhit,Uttar Pradesh,2024-08-20,30.2,25.3,16.9,16.9
Pilibhit,Uttar Pradesh,2024-08-21,29.2,24.7,2.5,2.5
Pilibhit,Uttar Pradesh,2024-08-22,29.8,24.6,2.1,2.1
Pilibhit,Uttar Pradesh,2024-08-23,30.4,25.0,2.9,2.9
Pilibhit,Uttar Pradesh,2024-08-24,32.3,25.4,0.4,0.4
Pilibhit,Uttar Pradesh,2024-08-25,32.6,26.0,0.7,0.7
Pilibhit,Uttar Pradesh,2024-08-26,31.8,26.5,5.3,5.3
Pilibhit,Uttar Pradesh,2024-08-27,31.7,25.9,1.1,1.1
Pilibhit,Uttar Pradesh,2024-08-28,31.8,25.4,8.0,8.0
Pilibhit,Uttar Pradesh,2024-08-29,32.0,24.9,4.3,4.3
Pilibhit,Uttar Pradesh,2024-08-30,32.4,25.5,2.5,2.5
Pilibhit,Uttar Pradesh,2024-08-31,34.0,26.1,0.0,0.0
Pilibhit,Uttar Pradesh,2024-09-01,30.8,25.5,16.7,16.7
Pilibhit,Uttar Pradesh,2024-09-02,30.5,25.4,0.0,0.0
Pilibhit,Uttar Pradesh,2024-09-03,32.8,25.8,2.0,2.0
Pilibhit,Uttar Pradesh,2024-09-04,30.0,25.1,5.4,5.4
Pilibhit,Uttar Pradesh,2024-09-05,31.3,25.3,3.6,3.6
Pilibhit,Uttar Pradesh,2024-09-06,30.8,24.9,8.8,8.8
Pilibhit,Uttar Pradesh,2024-09-07,32.1,24.7,3.5,3.5
Pilibhit,Uttar Pradesh,2024-09-08,32.9,25.2,0.2,0.2
Pilibhit,Uttar Pradesh,2024-09-09,32.8,25.8,11.4,11.4
Pilibhit,Uttar Pradesh,2024-09-10,31.5,25.5,4.2,4.2
Pilibhit,Uttar Pradesh,2024-09-11,32.4,26.3,12.4,12.4
Pilibhit,Uttar Pradesh,2024-09-12,27.0,25.1,62.4,62.4
Pilibhit,Uttar Pradesh,2024-09-13,27.0,23.5,33.9,33.9
Pilibhit,Uttar Pradesh,2024-09-14,29.2,23.3,0.4,0.4
Pilibhit,Uttar Pradesh,2024-09-15,30.7,23.5,0.1,0.1
Pilibhit,Uttar Pradesh,2024-09-16,30.9,23.3,0.0,0.0
Pilibhit,Uttar Pradesh,2024-09-17,30.0,25.6,8.5,8.5
Pilibhit,Uttar Pradesh,2024-09-18,30.5,25.2,2.9,2.9
Pilibhit,Uttar Pradesh,2024-09-19,32.2,24.7,0.0,0.0
Pilibhit,Uttar Pradesh,2024-09-20,31.8,24.3,0.0,0.0
Pilibhit,Uttar Pradesh,2024-09-21,32.6,25.7,0.0,0.0
Pilibhit,Uttar Pradesh,2024-09-22,33.4,25.5,0.1,0.1
Pilibhit,Uttar Pradesh,2024-09-23,34.2,25.6,0.0,0.0
Pilibhit,Uttar Pradesh,2024-09-24,34.1,25.5,1.4,1.4
Pilibhit,Uttar Pradesh,2024-09-25,30.9,24.8,12.1,12.1
Pilibhit,Uttar Pradesh,2024-09-26,31.1,24.6,16.9,16.9
Pilibhit,Uttar Pradesh,2024-09-27,27.6,23.6,18.0,18.0
Pilibhit,Uttar Pradesh,2024-09-28,28.3,22.8,1.4,1.4
Pilibhit,Uttar Pradesh,2024-09-29,30.1,23.7,0.7,0.7
Pilibhit,Uttar Pradesh,2024-09-30,31.3,23.5,0.0,0.0
Pilibhit,Uttar Pradesh,2024-10-01,31.2,23.4,0.0,0.0
Pilibhit,Uttar Pradesh,2024-10-02,32.3,22.6,0.0,0.0
Pilibhit,Uttar Pradesh,2024-10-03,32.5,22.8,0.0,0.0
Pilibhit,Uttar Pradesh,2024-10-04,31.5,23.6,0.5,0.5
Pilibhit,Uttar Pradesh,2024-10-05,31.9,23.4,0.4,0.4
Pilibhit,Uttar Pradesh,2024-10-06,30.8,23.7,0.1,0.1
Pilibhit,Uttar Pradesh,2024-10-07,30.3,23.1,0.9,0.9
Pilibhit,Uttar Pradesh,2024-10-08,30.5,23.4,0.3,0.3
Pilibhit,Uttar Pradesh,2024-10-09,31.4,22.4,0.1,0.1
Pilibhit,Uttar Pradesh,2024-10-10,31.2,21.0,0.0,0.0
Pilibhit,Uttar Pradesh,2024-10-11,30.8,20.2,0.0,0.0
Pilibhit,Uttar Pradesh,2024-10-12,30.1,19.0,0.0,0.0
Pilibhit,Uttar Pradesh,2024-10-13,30.4,18.3,0.0,0.0
Pilibhit,Uttar Pradesh,2024-10-14,29.7,20.5,0.0,0.0
Pilibhit,Uttar Pradesh,2024-10-15,30.8,19.2,0.0,0.0
Pilibhit,Uttar Pradesh,2024-10-16,30.8,19.5,0.0,0.0
Pilibhit,Uttar Pradesh,2024-10-17,30.9,21.6,0.0,0.0
Pilibhit,Uttar Pradesh,2024-10-18,30.7,20.1,0.0,0.0
Pilibhit,Uttar Pradesh,2024-10-19,31.2,20.0,0.0,0.0
Pilibhit,Uttar Pradesh,2024-10-20,31.2,21.3,0.0,0.0
Pilibhit,Uttar Pradesh,2024-10-21,30.3,21.7,0.0,0.0
Pilibhit,Uttar Pradesh,2024-10-22,30.7,20.8,0.0,0.0
Pilibhit,Uttar Pradesh,2024-10-23,31.5,18.7,0.0,0.0
Pilibhit,Uttar Pradesh,2024-10-24,31.7,19.6,0.0,0.0
Pilibhit,Uttar Pradesh,2024-10-25,30.9,21.2,0.0,0.0
Pilibhit,Uttar Pradesh,2024-10-26,30.0,21.9,0.1,0.1
Pilibhit,Uttar Pradesh,2024-10-27,30.3,21.8,0.0,0.0
Pilibhit,Uttar Pradesh,2024-10-28,30.6,21.5,0.0,0.0
Pilibhit,Uttar Pradesh,2024-10-29,31.5,21.5,0.0,0.0
Pilibhit,Uttar Pradesh,2024-10-30,31.8,20.0,0.0,0.0
Pilibhit,Uttar Pradesh,2024-10-31,30.6,20.0,0.0,0.0
Pilibhit,Uttar Pradesh,2024-11-01,29.8,18.9,0.0,0.0
Pilibhit,Uttar Pradesh,2024-11-02,29.2,17.7,0.0,0.0
Pilibhit,Uttar Pradesh,2024-11-03,29.8,18.5,0.0,0.0
Pilibhit,Uttar Pradesh,2024-11-04,29.3,19.1,0.5,0.5
Pilibhit,Uttar Pradesh,2024-11-05,28.1,19.7,0.6,0.6
Pilibhit,Uttar Pradesh,2024-11-06,29.4,19.6,0.0,0.0
Pilibhit,Uttar Pradesh,2024-11-07,28.5,18.5,0.0,0.0
Pilibhit,Uttar Pradesh,2024-11-08,28.6,18.8,0.0,0.0
Pilibhit,Uttar Pradesh,2024-11-09,28.2,19.2,0.3,0.3
Pilibhit,Uttar Pradesh,2024-11-10,28.6,18.6,0.0,0.0
Pilibhit,Uttar Pradesh,2024-11-11,28.9,19.0,0.0,0.0
Pilibhit,Uttar Pradesh,2024-11-12,28.2,18.1,0.0,0.0
Pilibhit,Uttar Pradesh,2024-11-13,27.7,17.2,0.0,0.0
Pilibhit,Uttar Pradesh,2024-11-14,26.7,16.1,0.0,0.0
Pilibhit,Uttar Pradesh,2024-11-15,26.8,15.9,0.0,0.0
Pilibhit,Uttar Pradesh,2024-11-16,25.9,14.1,0.0,0.0
Pilibhit,Uttar Pradesh,2024-11-17,27.0,14.8,0.0,0.0
Pilibhit,Uttar Pradesh,2024-11-18,24.9,14.5,0.0,0.0
Pilibhit,Uttar Pradesh,2024-11-19,23.4,12.8,0.0,0.0
Pilibhit,Uttar Pradesh,2024-11-20,24.1,12.4,0.0,0.0
Pilibhit,Uttar Pradesh,2024-11-21,24.3,12.7,0.0,0.0
Pilibhit,Uttar Pradesh,2024-11-22,24.3,13.1,0.0,0.0
Pilibhit,Uttar Pradesh,2024-11-23,24.6,12.5,0.0,0.0
Pilibhit,Uttar Pradesh,2024-11-24,25.3,12.3,0.0,0.0
Pilibhit,Uttar Pradesh,2024-11-25,24.7,12.5,0.0,0.0
Pilibhit,Uttar Pradesh,2024-11-26,23.4,12.8,0.0,0.0
Pilibhit,Uttar Pradesh,2024-11-27,23.3,11.4,0.0,0.0
Pilibhit,Uttar Pradesh,2024-11-28,23.6,10.6,0.0,0.0
Pilibhit,Uttar Pradesh,2024-11-29,24.0,11.0,0.0,0.0
Pilibhit,Uttar Pradesh,2024-11-30,23.6,10.3,0.0,0.0
Pilibhit,Uttar Pradesh,2024-12-01,23.3,10.7,0.0,0.0
Pilibhit,Uttar Pradesh,2024-12-02,23.2,11.4,0.0,0.0
Pilibhit,Uttar Pradesh,2024-12-03,23.1,11.2,0.0,0.0
Pilibhit,Uttar Pradesh,2024-12-04,23.8,12.2,0.0,0.0
Pilibhit,Uttar Pradesh,2024-12-05,21.9,11.5,0.0,0.0
Pilibhit,Uttar Pradesh,2024-12-06,21.1,9.2,0.0,0.0
Pilibhit,Uttar Pradesh,2024-12-07,20.7,6.7,0.0,0.0
Pilibhit,Uttar Pradesh,2024-12-08,21.0,7.6,0.0,0.0
Pilibhit,Uttar Pradesh,2024-12-09,20.7,11.0,0.7,0.7
Pilibhit,Uttar Pradesh,2024-12-10,19.8,8.6,0.0,0.0
Pilibhit,Uttar Pradesh,2024-12-11,17.6,7.1,0.0,0.0
Pilibhit,Uttar Pradesh,2024-12-12,20.3,7.0,0.0,0.0
Pilibhit,Uttar Pradesh,2024-12-13,19.0,7.0,0.0,0.0
Pilibhit,Uttar Pradesh,2024-12-14,17.0,5.7,0.0,0.0
Pilibhit,Uttar Pradesh,2024-12-15,20.0,6.4,0.0,0.0
Pilibhit,Uttar Pradesh,2024-12-16,22.2,7.1,0.0,0.0
Pilibhit,Uttar Pradesh,2024-12-17,22.3,7.3,0.0,0.0
Pilibhit,Uttar Pradesh,2024-12-18,21.8,8.0,0.0,0.0
Pilibhit,Uttar Pradesh,2024-12-19,21.4,7.4,0.0,0.0
Pilibhit,Uttar Pradesh,2024-12-20,22.1,7.3,0.0,0.0
Pilibhit,Uttar Pradesh,2024-12-21,22.3,6.3,0.0,0.0
Pilibhit,Uttar Pradesh,2024-12-22,20.8,6.5,0.0,0.0
Pilibhit,Uttar Pradesh,2024-12-23,21.2,6.7,0.0,0.0
Pilibhit,Uttar Pradesh,2024-12-24,20.8,11.0,0.1,0.1
Pilibhit,Uttar Pradesh,2024-12-25,22.0,8.9,0.0,0.0
Pilibhit,Uttar Pradesh,2024-12-26,23.0,8.4,0.0,0.0
Pilibhit,Uttar Pradesh,2024-12-27,22.8,9.3,0.0,0.0
Pilibhit,Uttar Pradesh,2024-12-28,21.4,14.3,1.9,1.9
Pilibhit,Uttar Pradesh,2024-12-29,22.2,12.4,0.0,0.0
Pilibhit,Uttar Pradesh,2024-12-30,18.9,10.2,0.0,0.0
Pilibhit,Uttar Pradesh,2024-12-31,16.8,8.7,0.0,0.0
